{
    "collision_depths": [],
    "collision": false,
    "joint_limit_violation": false,
    "self_collision": false,
    "physical_violations": false,
    "config_smoothness": -2.4039619195938333,
    "eff_smoothness": -2.2695158393700865,
    "eff_position_path_length": 2.232571459141437,
    "eff_orientation_path_length": 102.90361216221866,
    "physical_success": true,
    "time": 5.799889802932739,
    "num_steps": 51,
    "trajectory_w": [
        [
            -3.6755564212799072,
            -1.774283766746521,
            0.3528379797935486,
            0.0,
            0.0,
            0.0,
            0.0,
            0.0,
            0.0,
            0.0
        ],
        [
            -3.651160478591919,
            -1.7697798013687134,
            0.3537265658378601,
            0.00014829635620117188,
            0.017405986785888672,
            -0.0021104812622070312,
            0.009783267974853516,
            -0.001920938491821289,
            0.007218837738037109,
            -0.0007617473602294922
        ],
        [
            -3.6262640953063965,
            -1.7616817951202393,
            0.3545162081718445,
            -0.0005266666412353516,
            0.03528952598571777,
            -0.00382232666015625,
            0.01952815055847168,
            -0.004307746887207031,
            0.014219999313354492,
            -0.0021855831146240234
        ],
        [
            -3.601062536239624,
            -1.7576576471328735,
            0.35518425703048706,
            -0.0012683868408203125,
            0.053297996520996094,
            -0.005438804626464844,
            0.029321908950805664,
            -0.0067217350006103516,
            0.021469593048095703,
            -0.0041429996490478516
        ],
        [
            -3.575359582901001,
            -1.7499467134475708,
            0.35578054189682007,
            -0.00176239013671875,
            0.07098817825317383,
            -0.007220029830932617,
            0.03910636901855469,
            -0.009053945541381836,
            0.028816938400268555,
            -0.006365060806274414
        ],
        [
            -3.549818277359009,
            -1.7433817386627197,
            0.3562871813774109,
            -0.0024704933166503906,
            0.08881855010986328,
            -0.009260177612304688,
            0.04916501045227051,
            -0.011453628540039062,
            0.03630852699279785,
            -0.008610248565673828
        ],
        [
            -3.5242161750793457,
            -1.736976146697998,
            0.3567928671836853,
            -0.003249645233154297,
            0.10657525062561035,
            -0.011401891708374023,
            0.05920076370239258,
            -0.013886451721191406,
            0.043845415115356445,
            -0.010659217834472656
        ],
        [
            -3.4984796047210693,
            -1.7306294441223145,
            0.3573548197746277,
            -0.004047870635986328,
            0.12443923950195312,
            -0.013438940048217773,
            0.06917977333068848,
            -0.016466379165649414,
            0.051305532455444336,
            -0.012626171112060547
        ],
        [
            -3.472691059112549,
            -1.7238692045211792,
            0.35779231786727905,
            -0.0048770904541015625,
            0.14231562614440918,
            -0.01538538932800293,
            0.0791172981262207,
            -0.01901721954345703,
            0.058718204498291016,
            -0.014622926712036133
        ],
        [
            -3.446803569793701,
            -1.7171344757080078,
            0.3582705855369568,
            -0.005793094635009766,
            0.16017460823059082,
            -0.017374277114868164,
            0.08901453018188477,
            -0.021431684494018555,
            0.06615877151489258,
            -0.016730070114135742
        ],
        [
            -3.421299695968628,
            -1.7107352018356323,
            0.3588971495628357,
            -0.006684780120849609,
            0.17798638343811035,
            -0.019369125366210938,
            0.09891128540039062,
            -0.023886680603027344,
            0.07363104820251465,
            -0.018795013427734375
        ],
        [
            -3.3955392837524414,
            -1.7042672634124756,
            0.3593906760215759,
            -0.007477283477783203,
            0.1959209442138672,
            -0.0214235782623291,
            0.1088712215423584,
            -0.02629566192626953,
            0.08105683326721191,
            -0.020760059356689453
        ],
        [
            -3.3694846630096436,
            -1.6977653503417969,
            0.3598629832267761,
            -0.008260011672973633,
            0.21377015113830566,
            -0.023496150970458984,
            0.11870718002319336,
            -0.028679847717285156,
            0.08850407600402832,
            -0.022632122039794922
        ],
        [
            -3.343456506729126,
            -1.6912333965301514,
            0.3602980971336365,
            -0.009066104888916016,
            0.23160314559936523,
            -0.02556324005126953,
            0.12851858139038086,
            -0.031217336654663086,
            0.09593319892883301,
            -0.024561405181884766
        ],
        [
            -3.3174214363098145,
            -1.6846791505813599,
            0.3607465624809265,
            -0.00984811782836914,
            0.24954700469970703,
            -0.027630329132080078,
            0.13833355903625488,
            -0.03367352485656738,
            0.10335755348205566,
            -0.026480674743652344
        ],
        [
            -3.291486978530884,
            -1.6781725883483887,
            0.3612918257713318,
            -0.010634183883666992,
            0.2673344612121582,
            -0.029574155807495117,
            0.14825057983398438,
            -0.03610396385192871,
            0.11072635650634766,
            -0.028431415557861328
        ],
        [
            -3.2655584812164307,
            -1.6718602180480957,
            0.3617855906486511,
            -0.011526107788085938,
            0.28516316413879395,
            -0.03165173530578613,
            0.15812444686889648,
            -0.03840827941894531,
            0.11818695068359375,
            -0.030398130416870117
        ],
        [
            -3.2397539615631104,
            -1.6653847694396973,
            0.36232656240463257,
            -0.012321949005126953,
            0.3029031753540039,
            -0.03366374969482422,
            0.1680295467376709,
            -0.0406491756439209,
            0.12571024894714355,
            -0.032352447509765625
        ],
        [
            -3.2137715816497803,
            -1.6587005853652954,
            0.3628625273704529,
            -0.01307988166809082,
            0.3207433223724365,
            -0.03570866584777832,
            0.1778872013092041,
            -0.042977333068847656,
            0.13317608833312988,
            -0.034307003021240234
        ],
        [
            -3.187819719314575,
            -1.6517821550369263,
            0.3633221983909607,
            -0.013986587524414062,
            0.3385429382324219,
            -0.037775516510009766,
            0.18773698806762695,
            -0.045363664627075195,
            0.14059829711914062,
            -0.0362546443939209
        ],
        [
            -3.162285804748535,
            -1.6450536251068115,
            0.36381596326828003,
            -0.014742851257324219,
            0.3563716411590576,
            -0.03978323936462402,
            0.19751930236816406,
            -0.0477747917175293,
            0.14797377586364746,
            -0.03831362724304199
        ],
        [
            -3.1366052627563477,
            -1.6380882263183594,
            0.36419838666915894,
            -0.015636682510375977,
            0.3742256164550781,
