{
    "collision_depths": [],
    "collision": false,
    "joint_limit_violation": false,
    "self_collision": false,
    "physical_violations": false,
    "config_smoothness": -2.7574279593213054,
    "eff_smoothness": -2.8816798739721614,
    "eff_position_path_length": 2.171898489287929,
    "eff_orientation_path_length": 147.71925464538475,
    "physical_success": true,
    "time": 5.705899953842163,
    "num_steps": 51,
    "trajectory_w": [
        [
            -10.715400695800781,
            -1.916989803314209,
            -2.439924955368042,
            0.0,
            0.0,
            0.0,
            0.0,
            0.0,
            0.0,
            0.0
        ],
        [
            -10.732772827148438,
            -1.937163233757019,
            -2.4404261112213135,
            -0.0009331703186035156,
            0.010889768600463867,
            -0.00010228157043457031,
            0.009540796279907227,
            0.006492137908935547,
            0.022290468215942383,
            0.0299837589263916
        ],
        [
            -10.755176544189453,
            -1.961051106452942,
            -2.441471815109253,
            -0.002358675003051758,
            0.02073955535888672,
            0.00034689903259277344,
            0.018803119659423828,
            0.011847496032714844,
            0.04383444786071777,
            0.05731916427612305
        ],
        [
            -10.768683433532715,
            -1.9772448539733887,
            -2.4424941539764404,
            -0.004224061965942383,
            0.0309903621673584,
            0.0007596015930175781,
            0.028126001358032227,
            0.016814708709716797,
            0.06498932838439941,
            0.08339524269104004
        ],
        [
            -10.787687301635742,
            -1.9973878860473633,
            -2.4435369968414307,
            -0.0060901641845703125,
            0.041162729263305664,
            0.0007350444793701172,
            0.03736686706542969,
            0.021829605102539062,
            0.08631753921508789,
            0.10941553115844727
        ],
        [
            -10.804213523864746,
            -2.0177412033081055,
            -2.4450907707214355,
            -0.008008480072021484,
            0.05105757713317871,
            0.0005047321319580078,
            0.04670572280883789,
            0.027008771896362305,
            0.10818314552307129,
            0.13578009605407715
        ],
        [
            -10.821061134338379,
            -2.037935972213745,
            -2.446533679962158,
            -0.010051488876342773,
            0.06100583076477051,
            0.0002875328063964844,
            0.056038618087768555,
            0.03208804130554199,
            0.12991929054260254,
            0.162001371383667
        ],
        [
            -10.8377103805542,
            -2.0575263500213623,
            -2.447949171066284,
            -0.012139558792114258,
            0.07091832160949707,
            0.00023484230041503906,
            0.06538963317871094,
            0.03714394569396973,
            0.15143275260925293,
            0.18825721740722656
        ],
        [
            -10.854534149169922,
            -2.076981782913208,
            -2.449270248413086,
            -0.014343023300170898,
            0.08101439476013184,
            0.0002613067626953125,
            0.0747072696685791,
            0.04218268394470215,
            0.17287826538085938,
            0.21437597274780273
        ],
        [
            -10.87137508392334,
            -2.096237897872925,
            -2.4504740238189697,
            -0.016432523727416992,
            0.09104704856872559,
            0.00019288063049316406,
            0.0840911865234375,
            0.04719901084899902,
            0.1942760944366455,
            0.24056124687194824
        ],
        [
            -10.887853622436523,
            -2.1154959201812744,
            -2.451685667037964,
            -0.018533706665039062,
            0.10109782218933105,
            0.0001494884490966797,
            0.09345483779907227,
            0.052453041076660156,
            0.21573925018310547,
            0.2668335437774658
        ],
        [
            -10.904570579528809,
            -2.1347098350524902,
            -2.453031063079834,
            -0.020502805709838867,
            0.1112051010131836,
            0.000125885009765625,
            0.10277104377746582,
            0.05753278732299805,
            0.2373216152191162,
            0.2932443618774414
        ],
        [
            -10.921820640563965,
            -2.1542139053344727,
            -2.454284191131592,
            -0.022515058517456055,
            0.12141537666320801,
            0.00010752677917480469,
            0.11211538314819336,
            0.06255435943603516,
            0.25885510444641113,
            0.31943726539611816
        ],
        [
            -10.938984870910645,
            -2.173506736755371,
            -2.4555418491363525,
            -0.02448415756225586,
            0.13158750534057617,
            0.00010967254638671875,
            0.12137007713317871,
            0.06760525703430176,
            0.2803630828857422,
            0.34583210945129395
        ],
        [
            -10.956399917602539,
            -2.1929025650024414,
            -2.456758737564087,
            -0.026526451110839844,
            0.14188003540039062,
            0.0002193450927734375,
            0.13066363334655762,
            0.07256293296813965,
            0.3016786575317383,
            0.37212300300598145
        ],
        [
            -10.973794937133789,
            -2.2122888565063477,
            -2.457990884780884,
            -0.028412580490112305,
            0.15210843086242676,
            0.0002524852752685547,
            0.1399219036102295,
            0.07753753662109375,
            0.3230762481689453,
            0.3983941078186035
        ],
        [
            -10.991008758544922,
            -2.2316582202911377,
            -2.4590866565704346,
            -0.030411958694458008,
            0.1622920036315918,
            0.00019502639770507812,
            0.1492471694946289,
            0.08271288871765137,
            0.34457898139953613,
            0.42479443550109863
        ],
        [
            -11.008200645446777,
            -2.2511327266693115,
            -2.460200309753418,
            -0.03236961364746094,
            0.1724252700805664,
            9.703636169433594e-05,
            0.15854787826538086,
            0.0878746509552002,
            0.36606860160827637,
            0.4510974884033203
        ],
        [
            -11.02573013305664,
            -2.2707369327545166,
            -2.4613184928894043,
            -0.03439474105834961,
            0.18265891075134277,
            -2.0503997802734375e-05,
            0.1678938865661621,
            0.09302902221679688,
            0.3875415325164795,
            0.4773261547088623
        ],
        [
            -11.043220520019531,
            -2.2903175354003906,
            -2.462446689605713,
            -0.03646039962768555,
            0.19293999671936035,
            -6.866455078125e-05,
            0.17714858055114746,
            0.09814333915710449,
            0.40903139114379883,
            0.5036895275115967
        ],
        [
            -11.060603141784668,
            -2.309791326522827,
            -2.4634969234466553,
            -0.03843355178833008,
            0.20323967933654785,
            -8.296966552734375e-05,
            0.18627619743347168,
            0.10312414169311523,
            0.43031835556030273,
            0.5298798084259033
        ],
        [
            -11.078112602233887,
            -2.3296425342559814,
            -2.4647011756896973,
            -0.04049038887023926,
            0.21349310874938965,
            -0.0001304149627685547,
            0.19544315338134766,
