{
    "collision_depths": [],
    "collision": false,
    "joint_limit_violation": false,
    "self_collision": false,
    "physical_violations": false,
    "config_smoothness": -2.5008847590740286,
    "eff_smoothness": -2.3049396853847623,
    "eff_position_path_length": 2.382702322134158,
    "eff_orientation_path_length": 193.63238350268412,
    "physical_success": true,
    "time": 5.764597415924072,
    "num_steps": 51,
    "trajectory_w": [
        [
            -7.361571311950684,
            -7.427155494689941,
            -0.6923149824142456,
            0.0,
            0.0,
            0.0,
            0.0,
            0.0,
            0.0,
            0.0
        ],
        [
            -7.340664863586426,
            -7.450052261352539,
            -0.692578911781311,
            -0.003872394561767578,
            0.02002859115600586,
            -0.023493289947509766,
            0.003021717071533203,
            -0.029726028442382812,
            -0.014580726623535156,
            -0.0033686161041259766
        ],
        [
            -7.318764686584473,
            -7.470117092132568,
            -0.6946519613265991,
            -0.009524345397949219,
            0.04125785827636719,
            -0.04833054542541504,
            0.0052068233489990234,
            -0.06127524375915527,
            -0.03024911880493164,
            -0.007462501525878906
        ],
        [
            -7.298521518707275,
            -7.493073463439941,
            -0.6975642442703247,
            -0.015614032745361328,
            0.0625908374786377,
            -0.07340288162231445,
            0.007348775863647461,
            -0.09312105178833008,
            -0.04513239860534668,
            -0.0119476318359375
        ],
        [
            -7.277095317840576,
            -7.513112545013428,
            -0.7003637552261353,
            -0.021291732788085938,
            0.08353304862976074,
            -0.09824895858764648,
            0.00957179069519043,
            -0.12439894676208496,
            -0.05951070785522461,
            -0.016742229461669922
        ],
        [
            -7.257244110107422,
            -7.5343217849731445,
            -0.7030156850814819,
            -0.027176380157470703,
            0.10435771942138672,
            -0.12367916107177734,
            0.011953353881835938,
            -0.1562211513519287,
            -0.07418155670166016,
            -0.022031545639038086
        ],
        [
            -7.237362861633301,
            -7.555478096008301,
            -0.7056578397750854,
            -0.0330808162689209,
            0.12516498565673828,
            -0.14873576164245605,
            0.01434016227722168,
            -0.1879112720489502,
            -0.08867025375366211,
            -0.027102231979370117
        ],
        [
            -7.2171196937561035,
            -7.576234817504883,
            -0.7083181142807007,
            -0.03898000717163086,
            0.14606308937072754,
            -0.17391228675842285,
            0.016628026962280273,
            -0.2197277545928955,
            -0.1034097671508789,
            -0.03221917152404785
        ],
        [
            -7.196340560913086,
            -7.596882343292236,
            -0.7109576463699341,
            -0.044765472412109375,
            0.16710877418518066,
            -0.19903111457824707,
            0.01905059814453125,
            -0.25146007537841797,
            -0.11824202537536621,
            -0.03733658790588379
        ],
        [
            -7.175321578979492,
            -7.617505073547363,
            -0.7136377096176147,
            -0.05066227912902832,
            0.1879563331604004,
            -0.2238450050354004,
            0.02142620086669922,
            -0.28287816047668457,
            -0.13290774822235107,
            -0.04238581657409668
        ],
        [
            -7.155041694641113,
            -7.638235569000244,
            -0.7162832021713257,
            -0.05652308464050293,
            0.20885515213012695,
            -0.2485337257385254,
            0.023789405822753906,
            -0.31427836418151855,
            -0.14758944511413574,
            -0.047423362731933594
        ],
        [
            -7.134338855743408,
            -7.659463882446289,
            -0.7188931703567505,
            -0.06229972839355469,
            0.22964739799499512,
            -0.2732410430908203,
            0.026163578033447266,
            -0.34585094451904297,
            -0.16223347187042236,
            -0.0525050163269043
        ],
        [
            -7.113492965698242,
            -7.680683612823486,
            -0.7215572595596313,
            -0.06798171997070312,
            0.25045275688171387,
            -0.29796695709228516,
            0.028420209884643555,
            -0.3772592544555664,
            -0.17678463459014893,
            -0.05756211280822754
        ],
        [
            -7.092505931854248,
            -7.7017083168029785,
            -0.7242032289505005,
            -0.0737009048461914,
            0.2713167667388916,
            -0.3226504325866699,
            0.030669212341308594,
            -0.4088456630706787,
            -0.19151544570922852,
            -0.06262350082397461
        ],
        [
            -7.071170806884766,
            -7.722907066345215,
            -0.7266644239425659,
            -0.0793600082397461,
            0.2923769950866699,
            -0.347369909286499,
            0.0328526496887207,
            -0.44023966789245605,
            -0.20623600482940674,
            -0.06749534606933594
        ],
        [
            -7.050054550170898,
            -7.744447231292725,
            -0.7292157411575317,
            -0.0850064754486084,
            0.31322169303894043,
            -0.37205958366394043,
            0.03513526916503906,
            -0.4715437889099121,
            -0.22082674503326416,
            -0.0726172924041748
        ],
        [
            -7.029335021972656,
            -7.766111850738525,
            -0.7317601442337036,
            -0.09085488319396973,
            0.33394861221313477,
            -0.39695119857788086,
            0.03733181953430176,
            -0.502788782119751,
            -0.23522889614105225,
            -0.07761192321777344
        ],
        [
            -7.008549690246582,
            -7.7878828048706055,
            -0.7342725992202759,
            -0.09660911560058594,
            0.35463690757751465,
            -0.42159342765808105,
            0.03964710235595703,
            -0.5340592861175537,
            -0.24970662593841553,
            -0.08248472213745117
        ],
        [
            -6.987321376800537,
            -7.809430122375488,
            -0.7366667985916138,
            -0.1023859977722168,
            0.3754081726074219,
            -0.44632625579833984,
            0.041854143142700195,
            -0.5651266574859619,
            -0.26423871517181396,
            -0.08749842643737793
        ],
        [
            -6.965688228607178,
            -7.830776214599609,
            -0.7392431497573853,
            -0.10808396339416504,
            0.39626646041870117,
            -0.4710578918457031,
            0.04406619071960449,
            -0.5963091850280762,
            -0.278728723526001,
            -0.0924372673034668
        ],
        [
            -6.943914890289307,
            -7.85177755355835,
            -0.7418233156204224,
            -0.11389303207397461,
            0.41715526580810547,
            -0.4957447052001953,
            0.046292781829833984,
            -0.627504825592041,
            -0.2932840585708618,
            -0.09743928909301758
        ],
        [
            -6.921748638153076,
            -7.872812271118164,
            -0.7443989515304565,
            -0.11968827247619629,
            0.4380309581756592,
            -0.520388126373291,
            0.048474788665771484,
