{
    "collision_depths": [],
    "collision": false,
    "joint_limit_violation": false,
    "self_collision": false,
    "physical_violations": false,
    "config_smoothness": -2.4026841355399213,
    "eff_smoothness": -1.6627150813201745,
    "eff_position_path_length": 2.3797773344238102,
    "eff_orientation_path_length": 204.80826188082068,
    "physical_success": true,
    "time": 6.071660757064819,
    "num_steps": 51,
    "trajectory_w": [
        [
            -6.122864246368408,
            -6.906620502471924,
            -1.212049961090088,
            0.0,
            0.0,
            0.0,
            0.0,
            0.0,
            0.0,
            0.0
        ],
        [
            -6.1187896728515625,
            -6.932516098022461,
            -1.216691017150879,
            0.051142215728759766,
            -0.01731562614440918,
            0.003432035446166992,
            -0.008015871047973633,
            0.002344369888305664,
            -0.010770797729492188,
            -0.0019881725311279297
        ],
        [
            -6.114088535308838,
            -6.961153984069824,
            -1.2218835353851318,
            0.10220026969909668,
            -0.03317594528198242,
            0.009943485260009766,
            -0.01583242416381836,
            0.003926753997802734,
            -0.022566556930541992,
            -0.0049936771392822266
        ],
        [
            -6.1070356369018555,
            -6.984402656555176,
            -1.2274794578552246,
            0.15222668647766113,
            -0.0487515926361084,
            0.017399311065673828,
            -0.023726701736450195,
            0.005160808563232422,
            -0.0337066650390625,
            -0.008430242538452148
        ],
        [
            -6.099330425262451,
            -7.010577201843262,
            -1.2331907749176025,
            0.20165300369262695,
            -0.06499266624450684,
            0.024225711822509766,
            -0.03191232681274414,
            0.006600618362426758,
            -0.04450845718383789,
            -0.01201629638671875
        ],
        [
            -6.092381954193115,
            -7.036932468414307,
            -1.238631248474121,
            0.2522907257080078,
            -0.08155703544616699,
            0.03070545196533203,
            -0.03998541831970215,
            0.008209228515625,
            -0.05541181564331055,
            -0.015930891036987305
        ],
        [
            -6.085820198059082,
            -7.062891960144043,
            -1.2440893650054932,
            0.3025660514831543,
            -0.09779834747314453,
            0.03710055351257324,
            -0.04772186279296875,
            0.009354352951049805,
            -0.06629204750061035,
            -0.019688844680786133
        ],
        [
            -6.080051422119141,
            -7.087835788726807,
            -1.2498116493225098,
            0.3532226085662842,
            -0.11430811882019043,
            0.043483734130859375,
            -0.055365800857543945,
            0.010769367218017578,
            -0.07755017280578613,
            -0.023367643356323242
        ],
        [
            -6.073936939239502,
            -7.112074375152588,
            -1.2556865215301514,
            0.4035029411315918,
            -0.13077425956726074,
            0.04988288879394531,
            -0.06302165985107422,
            0.012281656265258789,
            -0.0887899398803711,
            -0.027213335037231445
        ],
        [
            -6.067940711975098,
            -7.1365509033203125,
            -1.261446237564087,
            0.4534718990325928,
            -0.14704418182373047,
            0.05649733543395996,
            -0.07093572616577148,
            0.01368260383605957,
            -0.09991097450256348,
            -0.030948638916015625
        ],
        [
            -6.062096118927002,
            -7.161332607269287,
            -1.2672243118286133,
            0.5036489963531494,
            -0.16335511207580566,
            0.06308722496032715,
            -0.07895731925964355,
            0.015071630477905273,
            -0.11075687408447266,
            -0.0347294807434082
        ],
        [
            -6.055720806121826,
            -7.186585903167725,
            -1.2729671001434326,
            0.5537357330322266,
            -0.17972612380981445,
            0.06993770599365234,
            -0.0867910385131836,
            0.01655888557434082,
            -0.12181615829467773,
            -0.038393259048461914
        ],
        [
            -6.048910140991211,
            -7.212531089782715,
            -1.2786974906921387,
            0.6034891605377197,
            -0.19572019577026367,
            0.07664656639099121,
            -0.09455204010009766,
            0.01779913902282715,
            -0.13288426399230957,
            -0.042256832122802734
        ],
        [
            -6.042794227600098,
            -7.237824440002441,
            -1.284416913986206,
            0.6538054943084717,
            -0.21181678771972656,
            0.08321428298950195,
            -0.10245370864868164,
            0.01917099952697754,
            -0.1440027952194214,
            -0.04589128494262695
        ],
        [
            -6.036693096160889,
            -7.262930393218994,
            -1.2904291152954102,
            0.7038414478302002,
            -0.2281177043914795,
            0.08994865417480469,
            -0.11017489433288574,
            0.02064800262451172,
            -0.1553136110305786,
            -0.04966425895690918
        ],
        [
            -6.030181407928467,
            -7.28823184967041,
            -1.2960400581359863,
            0.7537107467651367,
            -0.2443382740020752,
            0.0966646671295166,
            -0.1179506778717041,
            0.022191762924194336,
            -0.16639232635498047,
            -0.05342745780944824
        ],
        [
            -6.023805141448975,
            -7.313509464263916,
            -1.3015577793121338,
            0.803870439529419,
            -0.2606266736984253,
            0.10348749160766602,
            -0.1259322166442871,
            0.02373671531677246,
            -0.17741525173187256,
            -0.057298898696899414
        ],
        [
            -6.017448902130127,
            -7.338738918304443,
            -1.307215690612793,
            0.8538107872009277,
            -0.276991605758667,
            0.11009001731872559,
            -0.1338353157043457,
            0.025383710861206055,
            -0.1885054111480713,
            -0.061013221740722656
        ],
        [
            -6.010887622833252,
            -7.364319324493408,
            -1.3128283023834229,
            0.9034154415130615,
            -0.29314565658569336,
            0.11690473556518555,
            -0.14147448539733887,
            0.026942729949951172,
            -0.19960522651672363,
            -0.06479191780090332
        ],
        [
            -6.003910064697266,
            -7.390336513519287,
            -1.3185255527496338,
            0.9532911777496338,
            -0.30926787853240967,
            0.12365293502807617,
            -0.14932608604431152,
            0.028403043746948242,
            -0.2105412483215332,
            -0.06856536865234375
        ],
        [
            -5.996912002563477,
            -7.416015625,
            -1.3244714736938477,
            1.0029571056365967,
            -0.3252570629119873,
            0.13033413887023926,
            -0.1571488380432129,
            0.02985072135925293,
            -0.2217472791671753,
            -0.07218122482299805
        ],
        [
            -5.9897637367248535,
            -7.441495895385742,
            -1.3304009437561035,
            1.0525524616241455,
            -0.3413658142089844,
            0.13700151443481445,
            -0.1650857925415039,
            0.031496524810791016,
