{
    "collision_depths": [
        0.010685904668549915
    ],
    "collision": true,
    "joint_limit_violation": false,
    "self_collision": false,
    "physical_violations": true,
    "config_smoothness": -2.6240983222440653,
    "eff_smoothness": -2.5340425779060736,
    "eff_position_path_length": 2.1909383750067724,
    "eff_orientation_path_length": 194.2910279895408,
    "physical_success": false,
    "time": 6.245220422744751,
    "num_steps": 51,
    "trajectory_w": [
        [
            -7.948707580566406,
            -9.5711030960083,
            0.17510025203227997,
            0.0,
            0.0,
            0.0,
            -2.384185791015625e-07,
            0.0,
            0.0,
            0.0
        ],
        [
            -7.896541118621826,
            -9.562453269958496,
            0.17258398234844208,
            0.002225637435913086,
            0.022024869918823242,
            0.0238649845123291,
            0.0009396076202392578,
            0.027614593505859375,
            -0.018060684204101562,
            0.014188289642333984
        ],
        [
            -7.868514060974121,
            -9.552323341369629,
            0.17015258967876434,
            0.004463672637939453,
            0.043421268463134766,
            0.04923295974731445,
            0.002827167510986328,
            0.0547027587890625,
            -0.03594779968261719,
            0.026348114013671875
        ],
        [
            -7.847050189971924,
            -9.544234275817871,
            0.16773979365825653,
            0.006651639938354492,
            0.06474685668945312,
            0.07433748245239258,
            0.005166053771972656,
            0.0811002254486084,
            -0.052634477615356445,
            0.03762674331665039
        ],
        [
            -7.825191020965576,
            -9.534693717956543,
            0.1652466505765915,
            0.008727073669433594,
            0.08593153953552246,
            0.09860706329345703,
            0.007412910461425781,
            0.10728907585144043,
            -0.0689852237701416,
            0.04904580116271973
        ],
        [
            -7.8045973777771,
            -9.524371147155762,
            0.16270653903484344,
            0.010450363159179688,
            0.1073613166809082,
            0.12299108505249023,
            0.009718179702758789,
            0.13414216041564941,
            -0.08559107780456543,
            0.060631513595581055
        ],
        [
            -7.783881664276123,
            -9.514249801635742,
            0.16019122302532196,
            0.012163877487182617,
            0.12883925437927246,
            0.1471872329711914,
            0.012124776840209961,
            0.1608126163482666,
            -0.10224223136901855,
            0.07212042808532715
        ],
        [
            -7.7635040283203125,
            -9.504538536071777,
            0.15780465304851532,
            0.013975858688354492,
            0.15035200119018555,
            0.17156457901000977,
            0.01451730728149414,
            0.18773746490478516,
            -0.1191779375076294,
            0.08372664451599121
        ],
        [
            -7.742575168609619,
            -9.495218276977539,
            0.1554383486509323,
            0.015728473663330078,
            0.1718587875366211,
            0.19586968421936035,
            0.017020225524902344,
            0.21466660499572754,
            -0.1360992193222046,
            0.09534358978271484
        ],
        [
            -7.720587730407715,
            -9.48629379272461,
            0.15310613811016083,
            0.017325401306152344,
            0.19337868690490723,
            0.22002410888671875,
            0.01947760581970215,
            0.24140620231628418,
            -0.15291476249694824,
            0.10691213607788086
        ],
        [
            -7.698129653930664,
            -9.477356910705566,
            0.15077035129070282,
            0.01898193359375,
            0.21472620964050293,
            0.24423432350158691,
            0.021905899047851562,
            0.26816725730895996,
            -0.16956698894500732,
            0.11838054656982422
        ],
        [
            -7.675231456756592,
            -9.468330383300781,
            0.14836160838603973,
            0.02066636085510254,
            0.23615455627441406,
            0.2683267593383789,
            0.0243990421295166,
            0.2950108051300049,
            -0.1863090991973877,
            0.12981057167053223
        ],
        [
            -7.651333332061768,
            -9.45942497253418,
            0.14600078761577606,
            0.0224764347076416,
            0.25761914253234863,
            0.2921743392944336,
            0.026854991912841797,
            0.3217456340789795,
            -0.2030189037322998,
            0.14113998413085938
        ],
        [
            -7.6279497146606445,
            -9.45075511932373,
            0.14354483783245087,
            0.024212360382080078,
            0.279022216796875,
            0.31622314453125,
            0.029427051544189453,
            0.3485238552093506,
            -0.21975338459014893,
            0.15256404876708984
        ],
        [
            -7.604422092437744,
            -9.442315101623535,
            0.14116422832012177,
            0.02603769302368164,
            0.3003268241882324,
            0.3402523994445801,
            0.032053232192993164,
            0.37509942054748535,
            -0.23654794692993164,
            0.1639559268951416
        ],
        [
            -7.580867290496826,
            -9.433855056762695,
            0.13883273303508759,
            0.027799367904663086,
            0.32175278663635254,
            0.36421751976013184,
            0.034529685974121094,
            0.40180373191833496,
            -0.25334179401397705,
            0.17528390884399414
        ],
        [
            -7.5568695068359375,
            -9.42529296875,
            0.13643018901348114,
            0.029572248458862305,
            0.3430519104003906,
            0.38827013969421387,
            0.03696155548095703,
            0.42855358123779297,
            -0.2700049877166748,
            0.18663907051086426
        ],
        [
            -7.5331268310546875,
            -9.4168062210083,
            0.13391701877117157,
            0.03125739097595215,
            0.36429905891418457,
            0.4121119976043701,
            0.03948402404785156,
            0.45543718338012695,
            -0.2866603136062622,
            0.1980299949645996
        ],
        [
            -7.508969783782959,
            -9.408169746398926,
            0.13145701587200165,
            0.03289628028869629,
            0.38561367988586426,
            0.4359164237976074,
            0.04198932647705078,
            0.48204708099365234,
            -0.30336761474609375,
            0.2093367576599121
        ],
        [
            -7.484801292419434,
            -9.399531364440918,
            0.12895171344280243,
            0.0346980094909668,
            0.4069037437438965,
            0.4598381519317627,
            0.04443550109863281,
            0.5089173316955566,
            -0.3200981616973877,
            0.22072243690490723
        ],
        [
            -7.460727691650391,
            -9.391043663024902,
            0.12644235789775848,
            0.03657841682434082,
            0.42816901206970215,
            0.483612060546875,
            0.0467681884765625,
            0.5353901386260986,
            -0.33677732944488525,
            0.23191046714782715
        ],
        [
            -7.4366679191589355,
            -9.382043838500977,
            0.12384621798992157,
            0.03838849067687988,
            0.4495563507080078,
            0.5075738430023193,
            0.04904484748840332,
            0.5619890689849854,
            -0.35355091094970703,
