{
    "collision_depths": [],
    "collision": false,
    "joint_limit_violation": false,
    "self_collision": false,
    "physical_violations": false,
    "config_smoothness": -2.386736507080358,
    "eff_smoothness": -2.126792890079944,
    "eff_position_path_length": 2.2610866557276044,
    "eff_orientation_path_length": 142.03300831758747,
    "physical_success": true,
    "time": 5.749669313430786,
    "num_steps": 51,
    "trajectory_w": [
        [
            -6.513479709625244,
            -7.161707878112793,
            2.435100555419922,
            0.0,
            0.0,
            0.0,
            0.0,
            0.0,
            0.0,
            0.0
        ],
        [
            -6.532513618469238,
            -7.1459197998046875,
            2.42893648147583,
            -0.004216670989990234,
            0.02259349822998047,
            -0.0036127567291259766,
            0.009111404418945312,
            -0.0008683204650878906,
            0.004400968551635742,
            -0.025553226470947266
        ],
        [
            -6.553370475769043,
            -7.130422115325928,
            2.4219367504119873,
            -0.008622169494628906,
            0.04465746879577637,
            -0.006185054779052734,
            0.02047252655029297,
            -0.001535654067993164,
            0.008296489715576172,
            -0.05484771728515625
        ],
        [
            -6.572690963745117,
            -7.112310409545898,
            2.4149439334869385,
            -0.012726545333862305,
            0.06679034233093262,
            -0.008580923080444336,
            0.03139376640319824,
            -0.0022237300872802734,
            0.01242375373840332,
            -0.08498215675354004
        ],
        [
            -6.594093322753906,
            -7.094459533691406,
            2.408417224884033,
            -0.016366243362426758,
            0.08857440948486328,
            -0.01133584976196289,
            0.04194211959838867,
            -0.0032248497009277344,
            0.0166778564453125,
            -0.11408281326293945
        ],
        [
            -6.613544464111328,
            -7.0780720710754395,
            2.4018142223358154,
            -0.020214319229125977,
            0.11065030097961426,
            -0.014176130294799805,
            0.05300164222717285,
            -0.004154205322265625,
            0.021062135696411133,
            -0.14334607124328613
        ],
        [
            -6.633220672607422,
            -7.061352252960205,
            2.394969940185547,
            -0.024500370025634766,
            0.13293075561523438,
            -0.017031192779541016,
            0.06412196159362793,
            -0.005007266998291016,
            0.025461912155151367,
            -0.17268919944763184
        ],
        [
            -6.653291702270508,
            -7.044477939605713,
            2.387906312942505,
            -0.028786659240722656,
            0.15517139434814453,
            -0.019965410232543945,
            0.07513928413391113,
            -0.005786418914794922,
            0.029912710189819336,
            -0.20223069190979004
        ],
        [
            -6.6740217208862305,
            -7.026971340179443,
            2.380872964859009,
            -0.03288149833679199,
            0.17750120162963867,
            -0.022941112518310547,
            0.08603215217590332,
            -0.006687641143798828,
            0.03447675704956055,
            -0.23180389404296875
        ],
        [
            -6.695028781890869,
            -7.009030818939209,
            2.3738906383514404,
            -0.037044525146484375,
            0.19966602325439453,
            -0.02570176124572754,
            0.09700441360473633,
            -0.007559537887573242,
            0.039098262786865234,
            -0.26119303703308105
        ],
        [
            -6.715688705444336,
            -6.991090774536133,
            2.3668766021728516,
            -0.04132509231567383,
            0.2217881679534912,
            -0.028548240661621094,
            0.10809087753295898,
            -0.00835871696472168,
            0.04375100135803223,
            -0.29053235054016113
        ],
        [
            -6.736605644226074,
            -6.973118305206299,
            2.359821081161499,
            -0.0455780029296875,
            0.24400734901428223,
            -0.03151082992553711,
            0.11929821968078613,
            -0.009152650833129883,
            0.04839491844177246,
            -0.3198719024658203
        ],
        [
            -6.7578511238098145,
            -6.954763412475586,
            2.352842092514038,
            -0.04969954490661621,
            0.2662193775177002,
            -0.03454852104187012,
            0.13040924072265625,
            -0.010043144226074219,
            0.052996158599853516,
            -0.3490641117095947
        ],
        [
            -6.779294967651367,
            -6.935628414154053,
            2.3456623554229736,
            -0.05392622947692871,
            0.28827524185180664,
            -0.03758096694946289,
            0.14142608642578125,
            -0.010913848876953125,
            0.057482242584228516,
            -0.3782346248626709
        ],
        [
            -6.800713539123535,
            -6.9162068367004395,
            2.3385353088378906,
            -0.05804896354675293,
            0.31041455268859863,
            -0.040486812591552734,
            0.15237665176391602,
            -0.011861801147460938,
            0.06190896034240723,
            -0.40758323669433594
        ],
        [
            -6.821883201599121,
            -6.896662712097168,
            2.331355571746826,
            -0.062291860580444336,
            0.33238792419433594,
            -0.04347729682922363,
            0.1633307933807373,
            -0.012688875198364258,
            0.06633710861206055,
            -0.4367380142211914
        ],
        [
            -6.842682838439941,
            -6.8772196769714355,
            2.324193000793457,
            -0.06659746170043945,
            0.3544578552246094,
            -0.046365976333618164,
            0.1743607521057129,
            -0.01331019401550293,
            0.07090067863464355,
            -0.4660177230834961
        ],
        [
            -6.863869667053223,
            -6.858024597167969,
            2.3169665336608887,
            -0.07079482078552246,
            0.376420259475708,
            -0.04932570457458496,
            0.18562006950378418,
            -0.014028787612915039,
            0.07548308372497559,
            -0.49501514434814453
        ],
        [
            -6.885171890258789,
            -6.839127540588379,
            2.309906244277954,
            -0.07495832443237305,
            0.39852261543273926,
            -0.0523219108581543,
            0.19684934616088867,
            -0.014777660369873047,
            0.08008146286010742,
            -0.5237574577331543
        ],
        [
            -6.906472206115723,
            -6.820619583129883,
            2.3027830123901367,
            -0.07917499542236328,
            0.42064833641052246,
            -0.05528569221496582,
            0.20793914794921875,
            -0.015588760375976562,
            0.08458757400512695,
            -0.5526189804077148
        ],
        [
            -6.927483081817627,
            -6.802538871765137,
            2.295644760131836,
            -0.08346104621887207,
            0.44283390045166016,
            -0.05833888053894043,
            0.21903276443481445,
            -0.016558408737182617,
            0.08906245231628418,
            -0.5816352367401123
        ],
        [
            -6.9487762451171875,
            -6.784783840179443,
            2.2885773181915283,
            -0.0876305103302002,
            0.46491026878356934,
            -0.06131887435913086,
            0.23001766204833984,
