{
    "collision_depths": [
        0.03674191496031644,
        0.038205482954557064,
        0.01346012358596098,
        0.07488327080378065,
        0.07379889937248016,
        0.01687186911856871,
        0.018425871396799885,
        0.02616244454689172,
        0.01889024513574693,
        0.020481035386085176,
        0.020069852839195275,
        0.022817281119125035,
        0.015217917513236354,
        0.018817556521489753,
        0.0034409897695106204,
        0.04367834527032371,
        0.01748897371959291,
        0.06311978576051756,
        0.017623456796376166,
        0.026749020296904347,
        0.07439360724940075,
        0.09686662375351499,
        0.12713390589787202,
        0.03311965183900289,
        0.04374714294887423,
        0.08403063589397461,
        0.15361807249145096,
        0.14020836860486757,
        0.14592719691078848,
        0.03883363441892247,
        0.003259898944414073,
        0.012131725762826416,
        0.04579998490214597,
        0.020417682836584627,
        0.01974868567816038,
        0.00029897987578013954,
        0.11562289339469059
    ],
    "collision": true,
    "joint_limit_violation": true,
    "self_collision": true,
    "physical_violations": true,
    "config_smoothness": -3.6259401688607604,
    "eff_smoothness": -5.12068000524791,
    "eff_position_path_length": 122.20782438899676,
    "eff_orientation_path_length": 6506.560068375382,
    "physical_success": false,
    "time": 5.714568138122559,
    "num_steps": 51,
    "trajectory_w": [
        [
            -10.763200759887695,
            -8.962141990661621,
            -2.790836811065674,
            0.0,
            0.0,
            0.0,
            0.0,
            0.0,
            0.0,
            0.0
        ],
        [
            -12.453234672546387,
            -10.581396102905273,
            -2.824087142944336,
            -2.260591506958008,
            1.3664562702178955,
            0.7145459651947021,
            1.6949694156646729,
            2.0611116886138916,
            -1.345424771308899,
            1.1862666606903076
        ],
        [
            -12.532500267028809,
            -12.953441619873047,
            -2.906318187713623,
            -4.237766265869141,
            2.368462324142456,
            1.3355772495269775,
            3.188359498977661,
            3.8635284900665283,
            -2.491847276687622,
            2.1997439861297607
        ],
        [
            -13.8655424118042,
            -14.748811721801758,
            -3.067943572998047,
            -5.8342766761779785,
            2.937732458114624,
            1.8816182613372803,
            4.4376935958862305,
            5.344799041748047,
            -3.4025938510894775,
            2.9846527576446533
        ],
        [
            -13.95238208770752,
            -16.985671997070312,
            -3.308337688446045,
            -7.1292314529418945,
            3.265728235244751,
            2.4316298961639404,
            5.520837783813477,
            6.618152618408203,
            -4.129631996154785,
            3.5946638584136963
        ],
        [
            -15.115090370178223,
            -16.254030227661133,
            -4.60013484954834,
            -4.408816337585449,
            3.466562509536743,
            4.224074363708496,
            4.077432632446289,
            6.09080696105957,
            -2.0812628269195557,
            2.0698182582855225
        ],
        [
            -14.83212661743164,
            -14.740503311157227,
            -3.9050681591033936,
            -3.8636412620544434,
            4.397527694702148,
            4.923996925354004,
            -0.06647777557373047,
            5.709261894226074,
            -1.8326915502548218,
            0.882697343826294
        ],
        [
            -12.270566940307617,
            -12.976984024047852,
            -3.109215497970581,
            -7.318292617797852,
            4.68929386138916,
            3.049182176589966,
            -1.7754161357879639,
            5.817081451416016,
            -4.415999412536621,
            0.6918811798095703
        ],
        [
            -8.967101097106934,
            -10.455954551696777,
            -4.725955009460449,
            -8.384867668151855,
            3.7029430866241455,
            -0.44522571563720703,
            0.8601641654968262,
            5.137449264526367,
            -4.51857852935791,
            -0.041980743408203125
        ],
        [
            -7.530703067779541,
            -5.4925456047058105,
            -4.4277024269104,
            -8.528119087219238,
            5.309086799621582,
            -2.380373239517212,
            2.563236951828003,
            4.73123836517334,
            -4.1993536949157715,
            -0.5079607963562012
        ],
        [
            -9.541156768798828,
            -2.7300214767456055,
            -0.8762233257293701,
            -9.762933731079102,
            5.934192657470703,
            -3.8631021976470947,
            3.735776662826538,
            2.662226915359497,
            -2.7126832008361816,
            2.3569204807281494
        ],
        [
            -13.564916610717773,
            -2.5268056392669678,
            1.9523701667785645,
            -9.864028930664062,
            4.736478805541992,
            -4.365793228149414,
            4.611106872558594,
            1.5386898517608643,
            1.1653063297271729,
            5.60845947265625
        ],
        [
            -16.623706817626953,
            -3.7002904415130615,
            2.4247918128967285,
            -7.978271484375,
            1.839257001876831,
            -4.257546901702881,
            5.148641586303711,
            2.8246142864227295,
            2.3772242069244385,
            5.938397407531738
        ],
        [
            -18.372589111328125,
            -5.071230888366699,
            1.6934771537780762,
            -4.344176292419434,
            0.7592027187347412,
            -2.9048819541931152,
            5.669940948486328,
            4.4162750244140625,
            -2.361114025115967,
            4.924395561218262
        ],
        [
            -19.4254150390625,
            -5.9422101974487305,
            0.5483086109161377,
            -0.6855447292327881,
            1.0403378009796143,
            0.7837710380554199,
            6.693793296813965,
            4.942255020141602,
            -4.509845733642578,
            4.985289573669434
        ],
        [
            -20.36707305908203,
            -6.1142449378967285,
            -0.8830454349517822,
            -1.0054569244384766,
            -0.24028432369232178,
            2.849053144454956,
            6.3188066482543945,
            3.4145920276641846,
            -4.726390838623047,
            5.103727340698242
        ],
        [
            -20.82146453857422,
            -6.014035701751709,
            -1.166797399520874,
            -3.9177746772766113,
            0.30202341079711914,
            1.2508437633514404,
            4.996713638305664,
            1.783844232559204,
            -4.5665130615234375,
            4.835580825805664
        ],
        [
            -20.288715362548828,
            -6.172642230987549,
            -0.92061448097229,
            -5.392345428466797,
            0.9524266719818115,
            2.0223758220672607,
            2.5644962787628174,
            2.495755434036255,
            -4.90010929107666,
            5.811785697937012
        ],
        [
            -19.06892967224121,
            -6.467037677764893,
            -0.915416955947876,
            -5.361366271972656,
            3.012420892715454,
            4.416694641113281,
            -0.7595356702804565,
            4.691450119018555,
            -2.450131893157959,
            7.147804260253906
        ],
        [
            -18.309284210205078,
            -6.061530590057373,
            -1.8256371021270752,
