{
    "collision_depths": [
        0.03246858329365066,
        0.02246856839988904,
        0.02760883598601238,
        0.012123900130666311,
        0.0065190785601669105,
        0.01942169507923915
    ],
    "collision": true,
    "joint_limit_violation": true,
    "self_collision": true,
    "physical_violations": true,
    "config_smoothness": -4.567167835333115,
    "eff_smoothness": -8.279705698258399,
    "eff_position_path_length": 123.6767365997104,
    "eff_orientation_path_length": 6407.486092318689,
    "physical_success": false,
    "time": 5.520113468170166,
    "num_steps": 51,
    "trajectory_w": [
        [
            -11.326449394226074,
            -6.482901096343994,
            -2.265101671218872,
            0.0,
            0.0,
            0.0,
            0.0,
            0.0,
            0.0,
            0.0
        ],
        [
            -9.137741088867188,
            -2.963071823120117,
            -0.16078472137451172,
            -0.9028851985931396,
            0.7004997730255127,
            1.4255287647247314,
            -1.5815699100494385,
            1.2126963138580322,
            -0.3812985420227051,
            -0.36460328102111816
        ],
        [
            -7.2786359786987305,
            -1.2046517133712769,
            1.745685338973999,
            -1.7861871719360352,
            1.1422381401062012,
            2.630971670150757,
            -2.991936683654785,
            2.391357660293579,
            -0.8599785566329956,
            -0.6627070903778076
        ],
        [
            -6.1429290771484375,
            1.6205930709838867,
            3.36018443107605,
            -2.648852825164795,
            1.2195079326629639,
            3.5644290447235107,
            -4.201272964477539,
            3.524639844894409,
            -1.446022391319275,
            -0.8605413436889648
        ],
        [
            -5.307778358459473,
            2.6000587940216064,
            4.714768409729004,
            -3.491964340209961,
            1.0223314762115479,
            4.330964088439941,
            -5.290602684020996,
            4.631932258605957,
            -2.044973611831665,
            -0.9493288993835449
        ],
        [
            -8.164395332336426,
            1.75771164894104,
            1.7905328273773193,
            -3.9958529472351074,
            -1.3710598945617676,
            4.327914237976074,
            -5.272839069366455,
            5.817486763000488,
            -0.8806480169296265,
            1.8426878452301025
        ],
        [
            -10.655515670776367,
            0.9613661766052246,
            -0.26276683807373047,
            -5.122572898864746,
            -0.8720738887786865,
            4.994153022766113,
            -4.160066604614258,
            6.762024879455566,
            -2.6615381240844727,
            5.476130485534668
        ],
        [
            -11.087469100952148,
            0.2601360082626343,
            -0.6780834197998047,
            -5.77312707901001,
            1.5816528797149658,
            3.1000659465789795,
            -2.536134719848633,
            6.107436180114746,
            -3.5568809509277344,
            6.42945671081543
        ],
        [
            -9.12104606628418,
            -0.15266478061676025,
            -1.8491716384887695,
            -2.180101156234741,
            0.36362171173095703,
            -0.11553812026977539,
            -2.6540729999542236,
            3.698791742324829,
            -1.5831351280212402,
            4.682401657104492
        ],
        [
            -7.395240783691406,
            0.10200828313827515,
            -2.336789131164551,
            -0.47199249267578125,
            -0.9780923128128052,
            -0.16225695610046387,
            -2.6682589054107666,
            2.574385404586792,
            -0.7634823322296143,
            0.8493728637695312
        ],
        [
            -8.681093215942383,
            0.30789345502853394,
            0.015839576721191406,
            -4.233806610107422,
            -1.3096835613250732,
            1.179652452468872,
            -1.6845563650131226,
            2.4733293056488037,
            -2.328031301498413,
            -1.2936632633209229
        ],
        [
            -13.435782432556152,
            -1.095866322517395,
            3.352365255355835,
            -8.066071510314941,
            -1.1863473653793335,
            1.5149571895599365,
            1.6810920238494873,
            0.8481183052062988,
            -0.45373106002807617,
            -0.3934328556060791
        ],
        [
            -18.403284072875977,
            -3.6949381828308105,
            4.007576942443848,
            -6.30007266998291,
            1.681053876876831,
            0.7500395774841309,
            1.3893659114837646,
            -0.5254738330841064,
            -1.0864444971084595,
            1.9185049533843994
        ],
        [
            -19.14265251159668,
            -5.201720237731934,
            3.6851375102996826,
            -3.1020355224609375,
            1.2061023712158203,
            0.23615074157714844,
            -0.8796650171279907,
            -2.140450954437256,
            -0.18742573261260986,
            3.4155819416046143
        ],
        [
            -14.59765338897705,
            -4.904435634613037,
            3.124920606613159,
            -0.8186516761779785,
            -3.225942611694336,
            2.7006280422210693,
            -1.5710618495941162,
            -1.9026286602020264,
            0.5296056270599365,
            2.9198014736175537
        ],
        [
            -7.722565650939941,
            -3.6849732398986816,
            1.9757230281829834,
            -1.6515343189239502,
            -4.084721565246582,
            5.464794158935547,
            -3.4293084144592285,
            1.8103692531585693,
            -1.3532421588897705,
            0.15226292610168457
        ],
        [
            -4.422081470489502,
            -1.4248632192611694,
            2.3832948207855225,
            -5.474264144897461,
            0.9728679656982422,
            6.4057464599609375,
            -3.0684378147125244,
            5.1026105880737305,
            -2.861323356628418,
            -1.8094089031219482
        ],
        [
            -5.658573627471924,
            1.8762798309326172,
            3.318681478500366,
            -7.482550621032715,
            3.3731558322906494,
            5.475241661071777,
            -0.8538343906402588,
            8.348301887512207,
            -2.0102391242980957,
            -1.5089712142944336
        ],
        [
            -8.745552062988281,
            4.865187644958496,
            1.6526365280151367,
            -6.240428924560547,
            0.23093390464782715,
            2.942171335220337,
            0.6647181510925293,
            9.71289348602295,
            -3.4907138347625732,
            0.18501853942871094
        ],
        [
            -10.984724998474121,
            5.749291896820068,
            -1.5639605522155762,
            -1.788124442100525,
            -0.8152518272399902,
            0.3745605945587158,
            0.27253103256225586,
            6.547215461730957,
            -4.0632805824279785,
            1.3587439060211182
        ],
        [
            -12.050505638122559,
            5.202733039855957,
            -4.844182968139648,
            2.3338639736175537,
            0.9369187355041504,
            -0.43732190132141113,
            -1.7901346683502197,
            2.660100221633911,
            -3.432029962539673,
            2.3281033039093018
        ],
        [
            -12.523956298828125,
            4.511962413787842,
            -3.73459529876709,
            1.6774122714996338,
            1.5582354068756104,
            1.1767833232879639,
            -2.5795578956604004,
            1.9753248691558838,
