{
    "collision_depths": [
        0.06232726705625479,
        0.024510889670654772,
        0.016724825569329714,
        0.027059095484210753,
        0.0069398928026854585,
        0.002676609837890571,
        0.027577512004753883,
        0.04922116197973692,
        0.08257679964622457,
        0.00915159424074329,
        0.008674355961942486,
        0.01725110314409805,
        0.02022942704773345,
        0.0391863969608411,
        0.04788293866382997,
        0.019610257405149517,
        0.07236913575708237,
        0.1977007518930743
    ],
    "collision": true,
    "joint_limit_violation": true,
    "self_collision": true,
    "physical_violations": true,
    "config_smoothness": -3.5243623220365725,
    "eff_smoothness": -4.377609573960542,
    "eff_position_path_length": 141.37562015600827,
    "eff_orientation_path_length": 6309.577040558004,
    "physical_success": false,
    "time": 5.526227951049805,
    "num_steps": 51,
    "trajectory_w": [
        [
            -9.474478721618652,
            -9.336901664733887,
            0.17461851239204407,
            0.0,
            0.0,
            0.0,
            0.0,
            0.0,
            0.0,
            0.0
        ],
        [
            -10.915103912353516,
            -10.86558723449707,
            0.9786300659179688,
            -0.3501560688018799,
            -0.1552588939666748,
            0.1047220230102539,
            -1.2068419456481934,
            1.2445733547210693,
            -0.2873903512954712,
            0.002058744430541992
        ],
        [
            -10.972311973571777,
            -12.97024154663086,
            1.6388535499572754,
            -0.6755313873291016,
            -0.4428062438964844,
            0.1211538314819336,
            -2.2781527042388916,
            2.342407464981079,
            -0.7096991539001465,
            0.07161927223205566
        ],
        [
            -12.250813484191895,
            -13.761920928955078,
            2.1023688316345215,
            -1.0144875049591064,
            -0.8830591440200806,
            0.0795738697052002,
            -3.154214382171631,
            3.2260754108428955,
            -1.2682744264602661,
            0.2452380657196045
        ],
        [
            -12.214618682861328,
            -15.193385124206543,
            2.42431640625,
            -1.4157863855361938,
            -1.3965866565704346,
            0.0760643482208252,
            -3.880481243133545,
            3.932603120803833,
            -1.8586320877075195,
            0.5181028842926025
        ],
        [
            -11.249975204467773,
            -13.248523712158203,
            1.925149917602539,
            -3.249173164367676,
            -1.391955852508545,
            2.806177854537964,
            -2.9858415126800537,
            2.834566831588745,
            -0.41599154472351074,
            2.5632383823394775
        ],
        [
            -10.702186584472656,
            -11.616189002990723,
            3.640109062194824,
            -3.0020365715026855,
            -1.3910565376281738,
            5.832243919372559,
            -2.5837180614471436,
            3.8767545223236084,
            1.4713151454925537,
            4.142843246459961
        ],
        [
            -11.786625862121582,
            -11.985235214233398,
            4.715804100036621,
            -0.8110315799713135,
            0.6683433055877686,
            6.038142204284668,
            -4.3431477546691895,
            5.899264335632324,
            0.027239561080932617,
            2.985731363296509
        ],
        [
            -13.799824714660645,
            -13.606180191040039,
            4.848735809326172,
            -0.8472068309783936,
            2.5863802433013916,
            5.483725547790527,
            -4.771537780761719,
            6.318719863891602,
            -1.4318900108337402,
            0.34065985679626465
        ],
        [
            -14.581114768981934,
            -13.630653381347656,
            2.4612550735473633,
            -3.633239507675171,
            3.036879301071167,
            5.163294792175293,
            -3.851402759552002,
            6.1761932373046875,
            -1.4238873720169067,
            -2.2989232540130615
        ],
        [
            -13.027896881103516,
            -10.633689880371094,
            0.8939101696014404,
            -5.22109317779541,
            0.6079280376434326,
            4.568626403808594,
            -3.005506992340088,
            5.518624305725098,
            -1.7999204397201538,
            -2.0397257804870605
        ],
        [
            -10.38619613647461,
            -5.9874773025512695,
            1.6852617263793945,
            -4.547216415405273,
            -0.009222269058227539,
            5.695168495178223,
            -2.0144362449645996,
            3.9850575923919678,
            -1.5336781740188599,
            0.22368788719177246
        ],
        [
            -8.523538589477539,
            -3.0927016735076904,
            1.2779812812805176,
            -2.534921407699585,
            2.0919153690338135,
            6.320096015930176,
            -3.1904571056365967,
            3.230226755142212,
            1.6739568710327148,
            0.525846004486084
        ],
        [
            -8.342059135437012,
            -3.115701675415039,
            1.1058168411254883,
            -1.122272253036499,
            1.0565752983093262,
            4.9361371994018555,
            -1.5548820495605469,
            1.3956167697906494,
            2.095923662185669,
            -0.749457597732544
        ],
        [
            -9.160614967346191,
            -6.254201889038086,
            2.389066696166992,
            -2.5316786766052246,
            -1.4055070877075195,
            3.911888360977173,
            1.6150710582733154,
            -0.4593837261199951,
            -0.11425697803497314,
            -0.5403625965118408
        ],
        [
            -10.104232788085938,
            -10.644811630249023,
            4.247293472290039,
            -5.090000152587891,
            -1.7974423170089722,
            3.4361350536346436,
            2.483711004257202,
            -0.6773366928100586,
            -0.5945096015930176,
            0.5854732990264893
        ],
        [
            -10.474562644958496,
            -12.430933952331543,
            3.850396156311035,
            -8.008378028869629,
            0.6549503803253174,
            1.8388721942901611,
            -0.045839786529541016,
            0.7454941272735596,
            0.24162769317626953,
            0.7915139198303223
        ],
        [
            -10.871407508850098,
            -10.95501708984375,
            1.7132906913757324,
            -8.310014724731445,
            2.2369821071624756,
            1.0683629512786865,
            -3.3762152194976807,
            3.0644147396087646,
            -1.2760599851608276,
            2.8125030994415283
        ],
        [
            -11.99802303314209,
            -7.391191005706787,
            1.6887922286987305,
            -5.484133243560791,
            1.340712070465088,
            4.759939193725586,
            -5.335273265838623,
            5.221787452697754,
            -1.4585329294204712,
            5.816956520080566
        ],
        [
            -13.538409233093262,
            -4.58760404586792,
            1.8590888977050781,
            -1.904923915863037,
            1.0466923713684082,
            7.346153259277344,
            -6.842564582824707,
            6.970738410949707,
            -2.197460174560547,
            7.232840538024902
        ],
        [
            -13.482392311096191,
            -3.710576057434082,
            2.065234661102295,
            -0.6897311210632324,
            -1.4378052949905396,
            6.253811836242676,
            -5.317770004272461,
            6.941856384277344,
