{
    "collision_depths": [
        0.014393878260642817,
        0.004416428304525819,
        0.002310986597328027,
        0.030157795899641824,
        0.013348842275110677,
        0.0211838284371081,
        0.025958848649565727,
        0.013225663902015242,
        0.010856521196397712,
        0.025268417856060408,
        0.00039037381761151014,
        0.01103456163243476,
        0.008220422049679793,
        0.027709206412761984,
        0.020370573235667218,
        0.008565826182449124,
        0.01856582618244239,
        0.027724986214137166,
        0.017724986214138157,
        0.002232683053267538,
        0.01554920022812899,
        0.006590804034506667,
        0.15311782157690682,
        0.16311782157690596,
        0.017392548253660683,
        0.000968843343328768,
        0.010968843343327775,
        0.00785666685239442,
        0.02038940909944005,
        0.010388430107104434,
        0.010063832564689179,
        0.029807172459575336,
        0.08361723158066049,
        0.1056293056802174,
        0.10226674117705246,
        0.12951225570145258,
        0.1330793777117851,
        0.015174992623724874,
        0.04932381309152352,
        0.0851069865537977,
        0.1415321314484622,
        0.09594504611299769,
        0.06969191496494866
    ],
    "collision": true,
    "joint_limit_violation": true,
    "self_collision": true,
    "physical_violations": true,
    "config_smoothness": -4.47598694662113,
    "eff_smoothness": -5.056584761498542,
    "eff_position_path_length": 133.43071383253638,
    "eff_orientation_path_length": 6311.597857516802,
    "physical_success": false,
    "time": 5.726788282394409,
    "num_steps": 51,
    "trajectory_w": [
        [
            -7.361571311950684,
            -7.427155494689941,
            -0.6923149824142456,
            0.0,
            0.0,
            0.0,
            0.0,
            0.0,
            0.0,
            0.0
        ],
        [
            -12.049400329589844,
            -7.832199573516846,
            0.5409811735153198,
            -0.4556910991668701,
            0.5664272308349609,
            0.7779605388641357,
            0.4950249195098877,
            1.669203519821167,
            -0.8665221929550171,
            0.8211028575897217
        ],
        [
            -15.106285095214844,
            -8.39604663848877,
            1.657267451286316,
            -0.9455137252807617,
            1.1718788146972656,
            1.2281177043914795,
            0.9851541519165039,
            3.274629831314087,
            -1.759739637374878,
            1.6468865871429443
        ],
        [
            -19.488195419311523,
            -9.334288597106934,
            2.6011152267456055,
            -1.5399842262268066,
            1.8411848545074463,
            1.2364041805267334,
            1.4361979961395264,
            4.826516151428223,
            -2.7080538272857666,
            2.4910476207733154
        ],
        [
            -21.87821388244629,
            -10.062714576721191,
            3.3958311080932617,
            -2.2817776203155518,
            2.547950506210327,
            0.9019253253936768,
            1.7886312007904053,
            6.395742416381836,
            -3.696756362915039,
            3.3698365688323975
        ],
        [
            -21.183626174926758,
            -10.131050109863281,
            2.208585739135742,
            -5.752370357513428,
            3.1136667728424072,
            -3.342583656311035,
            -1.377519130706787,
            9.151786804199219,
            -4.034280776977539,
            5.243176460266113
        ],
        [
            -20.062210083007812,
            -9.933252334594727,
            1.9128130674362183,
            -6.41636848449707,
            4.123851776123047,
            -4.28447151184082,
            -4.0104570388793945,
            9.733495712280273,
            -1.617181420326233,
            6.27482795715332
        ],
        [
            -18.888412475585938,
            -9.795883178710938,
            1.4129031896591187,
            -5.288219928741455,
            5.069062232971191,
            -1.5221606492996216,
            -2.4469892978668213,
            7.7458343505859375,
            -1.8763892650604248,
            5.539137840270996
        ],
        [
            -17.68562126159668,
            -10.055319786071777,
            -0.519145131111145,
            -4.615610599517822,
            5.957061767578125,
            -0.25695061683654785,
            -1.155519962310791,
            5.957986831665039,
            -4.13507080078125,
            4.599656105041504
        ],
        [
            -16.298786163330078,
            -10.498756408691406,
            -1.9393211603164673,
            -4.475358009338379,
            5.531562805175781,
            -1.1935116052627563,
            -1.9722615480422974,
            4.8873395919799805,
            -4.0884108543396,
            5.17626953125
        ],
        [
            -15.199349403381348,
            -10.500801086425781,
            -1.2102919816970825,
            -4.593779563903809,
            4.173173904418945,
            -0.2624847888946533,
            -2.268235683441162,
            5.058966636657715,
            -3.7569727897644043,
            5.231029510498047
        ],
        [
            -14.406656265258789,
            -10.386072158813477,
            0.9472302198410034,
            -4.584771633148193,
            1.639246940612793,
            2.017738103866577,
            -2.154620409011841,
            6.284948348999023,
            -2.3859848976135254,
            2.861600160598755
        ],
        [
            -13.291449546813965,
            -11.019546508789062,
            1.2652581930160522,
            -4.1199445724487305,
            -0.27601850032806396,
            3.7474253177642822,
            -1.14102303981781,
            5.551445007324219,
            -0.9795589447021484,
            -0.7496182918548584
        ],
        [
            -11.008687973022461,
            -12.270220756530762,
            0.4485968351364136,
            -3.369121551513672,
            0.7388401031494141,
            4.883227348327637,
            -0.12475705146789551,
            3.196598768234253,
            -1.2963824272155762,
            -0.6721792221069336
        ],
        [
            -7.430006980895996,
            -12.41915512084961,
            1.3196996450424194,
            -1.9843218326568604,
            0.03117990493774414,
            4.394944190979004,
            2.3299496173858643,
            0.003365039825439453,
            0.001252889633178711,
            2.443716287612915
        ],
        [
            -4.030274868011475,
            -10.391798973083496,
            3.595102310180664,
            -1.8216893672943115,
            -0.8861583471298218,
            2.5875089168548584,
            4.9582014083862305,
            -0.38229990005493164,
            1.8769221305847168,
            4.602238655090332
        ],
        [
            -3.136343240737915,
            -7.94645881652832,
            4.79472541809082,
            -5.2751874923706055,
            -0.5337386131286621,
            3.0239388942718506,
            4.690590858459473,
            3.0128538608551025,
            0.8461728096008301,
            3.4761712551116943
        ],
        [
            -6.137941360473633,
            -8.579038619995117,
            6.375679969787598,
            -9.978198051452637,
            2.5750768184661865,
            5.015490531921387,
            0.5799720287322998,
            7.732831954956055,
            -0.17200958728790283,
            0.8444550037384033
        ],
        [
            -10.054483413696289,
            -10.973670959472656,
            5.48526668548584,
            -10.989119529724121,
            2.195647954940796,
            7.248867988586426,
            -1.2723108530044556,
