{
    "collision_depths": [
        0.048989450941859164,
        0.03898847194952387,
        0.03406053837426566,
        0.06331345485058396,
        0.017788615991024895,
        0.045334204439441986,
        0.019057795217388988,
        0.022843371705193245,
        0.06915365645119484,
        0.04832053596024173,
        0.07238898534783646,
        0.04858498542993127,
        0.02258033203327506,
        0.021315427569637096,
        0.05100839183320055,
        0.007865154524619479,
        0.08224222652346937,
        0.15728984526551096,
        0.027928751832251297,
        0.11464946224252541,
        0.008158102146306755,
        0.062419039127229514,
        0.01828043852628318,
        0.08055569400440002,
        0.07030304374975785,
        0.024073705825223127,
        0.04267834885986386,
        1.8165482397895494e-05,
        0.051311932019997473,
        0.0652308334833567,
        0.0648337029758062,
        0.05152232056347709,
        0.01541286650734551,
        0.04900653878927951,
        0.07259961240787628,
        0.002276127342189608,
        0.08985747610102142,
        0.007455323898723748,
        0.0844296322288618,
        0.05601398701721162,
        0.06534333649132455,
        0.06039178237043058,
        0.039319512927033555,
        0.09788050016996284,
        0.01828921437679958,
        0.07188660669786665,
        0.017130212458560216,
        0.03332259138528934,
        0.0474057868741935,
        0.04015090471396771,
        0.2315350145252433,
        0.11928659669283873,
        0.14340529254652945,
        0.26033306889614877,
        0.14125576629340938,
        0.01995136262088757,
        0.2748303667800776,
        0.04120378748246146,
        0.030990237632631132,
        0.027704966535006634,
        0.04091494482457097,
        0.18561212083413192,
        0.16209768244996461,
        0.1616459994429415,
        0.18088149014205515,
        0.19295803476126938,
        0.2640683807185906,
        0.26272609993639884,
        0.3120038876317495,
        0.3318118757841215,
        0.06064322114110009,
        0.29349933479938245,
        0.29658773440054204
    ],
    "collision": true,
    "joint_limit_violation": true,
    "self_collision": true,
    "physical_violations": true,
    "config_smoothness": -3.841225089210637,
    "eff_smoothness": -4.892836162452619,
    "eff_position_path_length": 156.65133532643407,
    "eff_orientation_path_length": 6012.853752481077,
    "physical_success": false,
    "time": 5.690409183502197,
    "num_steps": 51,
    "trajectory_w": [
        [
            -6.122864246368408,
            -6.906620502471924,
            -1.212049961090088,
            0.0,
            0.0,
            0.0,
            0.0,
            0.0,
            0.0,
            0.0
        ],
        [
            -6.879364490509033,
            -6.654579162597656,
            -1.2882721424102783,
            -2.2451016902923584,
            0.3529958724975586,
            0.14614653587341309,
            0.4308912754058838,
            0.3543221950531006,
            -0.7575702667236328,
            -0.07738661766052246
        ],
        [
            -7.308416843414307,
            -5.28436803817749,
            -1.4093568325042725,
            -4.31955623626709,
            0.6480906009674072,
            0.1995537281036377,
            0.8786695003509521,
            0.8241391181945801,
            -1.6162021160125732,
            -0.1945939064025879
        ],
        [
            -8.73562240600586,
            -4.9601874351501465,
            -1.591609001159668,
            -6.207745552062988,
            0.8938436508178711,
            0.16060876846313477,
            1.341747760772705,
            1.4596588611602783,
            -2.615619421005249,
            -0.36483025550842285
        ],
        [
            -9.534638404846191,
            -3.1890313625335693,
            -1.8002562522888184,
            -8.020236015319824,
            1.097475528717041,
            0.08996367454528809,
            1.8158409595489502,
            2.2263524532318115,
            -3.6814098358154297,
            -0.5637900829315186
        ],
        [
            -9.06128215789795,
            -0.8968619108200073,
            -2.1580069065093994,
            -9.690067291259766,
            0.47631406784057617,
            0.6544334888458252,
            2.546675443649292,
            4.112845420837402,
            -2.94242000579834,
            -0.23339319229125977
        ],
        [
            -6.420841693878174,
            0.43132707476615906,
            -1.9493682384490967,
            -9.608102798461914,
            0.7922425270080566,
            1.0971338748931885,
            2.995840311050415,
            4.037589073181152,
            0.5200295448303223,
            1.5604979991912842
        ],
        [
            -2.5001609325408936,
            -1.5673725605010986,
            -1.5353028774261475,
            -6.831656455993652,
            1.5687110424041748,
            -1.6192470788955688,
            1.1609773635864258,
            2.7060182094573975,
            0.804070234298706,
            2.7928578853607178
        ],
        [
            -1.4485585689544678,
            -6.214746475219727,
            -0.1629173755645752,
            -3.7858426570892334,
            -0.5049781799316406,
            -4.554493427276611,
            0.49810791015625,
            0.9917948246002197,
            -1.3533525466918945,
            1.8997905254364014
        ],
        [
            -3.8298308849334717,
            -10.401086807250977,
            1.516315221786499,
            -4.192630767822266,
            -1.917517900466919,
            -3.859163999557495,
            1.3284986019134521,
            -0.6346721649169922,
            -4.916215419769287,
            0.762366771697998
        ],
        [
            -5.983339786529541,
            -13.292284965515137,
            1.1320898532867432,
            -6.306578636169434,
            -2.0413928031921387,
            -2.313514471054077,
            2.5639021396636963,
            -1.9262014627456665,
            -6.255034446716309,
            -0.3268437385559082
        ],
        [
            -5.264793395996094,
            -13.832681655883789,
            -0.5478198528289795,
            -6.363259315490723,
            -2.490607738494873,
            -1.7599725723266602,
            1.2603564262390137,
            -2.6315042972564697,
            -3.8758182525634766,
            -0.3914315700531006
        ],
        [
            -2.726433038711548,
            -12.012574195861816,
            0.009341955184936523,
            -5.033013343811035,
            -1.3701168298721313,
            0.15293550491333008,
            -0.398592472076416,
            0.31116437911987305,
            0.4958934783935547,
            0.8726813793182373
        ],
        [
            -1.3453761339187622,
            -8.901655197143555,
            0.9362647533416748,
            -4.5744853019714355,
            -1.5767698287963867,
            3.921536684036255,
            0.2526211738586426,
            4.00822639465332,
            -1.0082591772079468,
            1.4169318675994873
        ],
        [
            -2.208089590072632,
            -6.466135501861572,
            1.4054162502288818,
            -4.879885673522949,
            -1.5764930248260498,
            5.794939041137695,
            2.6358249187469482,
            3.7001054286956787,
            -1.5115536451339722,
            0.5722751617431641
        ],
        [
            -5.141690254211426,
            -6.205152988433838,
            0.9227774143218994,
            -2.8305723667144775,
            -2.417093515396118,
            3.9172379970550537,
            1.7869479656219482,
            2.0394127368927,
            -0.835890531539917,
            2.126925230026245
        ],
        [
            -9.309134483337402,
