{
    "collision_depths": [
        0.010685904668549915,
        0.31108572090436376
    ],
    "collision": true,
    "joint_limit_violation": true,
    "self_collision": true,
    "physical_violations": true,
    "config_smoothness": -3.539078353171618,
    "eff_smoothness": -4.131754622058826,
    "eff_position_path_length": 149.92198503510897,
    "eff_orientation_path_length": 6220.800792130381,
    "physical_success": false,
    "time": 5.408213376998901,
    "num_steps": 51,
    "trajectory_w": [
        [
            -7.948707580566406,
            -9.5711030960083,
            0.17510025203227997,
            0.0,
            0.0,
            0.0,
            -2.384185791015625e-07,
            0.0,
            0.0,
            0.0
        ],
        [
            -9.500798225402832,
            -7.1678361892700195,
            0.8958293795585632,
            -1.059199571609497,
            0.29465365409851074,
            0.7389092445373535,
            -0.9727069139480591,
            -0.3183588981628418,
            0.42061567306518555,
            -0.1342923641204834
        ],
        [
            -11.028570175170898,
            -6.175112247467041,
            1.4799391031265259,
            -2.0281941890716553,
            0.43218088150024414,
            1.4117629528045654,
            -1.7266604900360107,
            -0.5401663780212402,
            0.7228105068206787,
            -0.2688002586364746
        ],
        [
            -10.671356201171875,
            -4.129114627838135,
            1.874289631843567,
            -2.8962655067443848,
            0.34047460556030273,
            2.013319730758667,
            -2.1786954402923584,
            -0.6095499992370605,
            0.8272573947906494,
            -0.42382144927978516
        ],
        [
            -11.072152137756348,
            -3.5963551998138428,
            2.119199514389038,
            -3.7161262035369873,
            0.06675195693969727,
            2.5727245807647705,
            -2.409008741378784,
            -0.5320532321929932,
            0.7386176586151123,
            -0.6270387172698975
        ],
        [
            -10.706886291503906,
            -7.847693920135498,
            0.6713528037071228,
            -4.918521881103516,
            -1.124834656715393,
            2.5814363956451416,
            -1.1132622957229614,
            1.9585826396942139,
            -2.263902187347412,
            -2.12532377243042
        ],
        [
            -10.73933219909668,
            -14.074047088623047,
            0.4642137885093689,
            -6.095171928405762,
            2.537475347518921,
            2.4700543880462646,
            -2.615340232849121,
            3.337026834487915,
            -3.1368069648742676,
            -2.175006866455078
        ],
        [
            -11.514708518981934,
            -17.924314498901367,
            1.9107600450515747,
            -5.220980644226074,
            0.6506125926971436,
            3.33844256401062,
            -3.091397523880005,
            7.363516807556152,
            -4.792749404907227,
            -0.20852136611938477
        ],
        [
            -12.210359573364258,
            -17.939268112182617,
            3.793226957321167,
            -2.2434167861938477,
            0.828916072845459,
            4.746148109436035,
            -1.5239325761795044,
            9.408935546875,
            -4.812983512878418,
            1.65816330909729
        ],
        [
            -11.715641975402832,
            -15.592229843139648,
            3.7077744007110596,
            -2.120969295501709,
            2.1414201259613037,
            4.686546325683594,
            0.30174899101257324,
            6.506374359130859,
            -3.961587429046631,
            0.6941947937011719
        ],
        [
            -10.452338218688965,
            -14.228107452392578,
            3.781458616256714,
            -4.9986572265625,
            1.4179768562316895,
            1.4830162525177002,
            -2.884399890899658,
            3.396179437637329,
            -2.9027140140533447,
            0.3353893756866455
        ],
        [
            -9.005578994750977,
            -15.487195014953613,
            4.818946838378906,
            -6.863111972808838,
            0.6287095546722412,
            -1.4571952819824219,
            -5.224420547485352,
            4.596724510192871,
            -3.347233772277832,
            -0.49994397163391113
        ],
        [
            -6.790560245513916,
            -16.592344284057617,
            6.526817321777344,
            -7.020997047424316,
            2.3211777210235596,
            0.02136087417602539,
            -3.848206043243408,
            4.257785797119141,
            -0.2702312469482422,
            -0.08223867416381836
        ],
        [
            -4.055586338043213,
            -16.379962921142578,
            7.183797836303711,
            -8.338517189025879,
            2.291032075881958,
            2.6899983882904053,
            0.17844343185424805,
            0.6279740333557129,
            2.249596357345581,
            0.8189623355865479
        ],
        [
            -2.7752914428710938,
            -16.050189971923828,
            5.461835861206055,
            -8.033636093139648,
            0.8578393459320068,
            1.8943893909454346,
            1.3018159866333008,
            -1.451682686805725,
            0.5800518989562988,
            2.717015027999878
        ],
        [
            -4.0509796142578125,
            -15.706123352050781,
            2.597923994064331,
            -5.528470993041992,
            0.7251625061035156,
            -1.7057437896728516,
            0.39515137672424316,
            -1.540353775024414,
            -2.5214951038360596,
            5.702005386352539
        ],
        [
            -7.887348175048828,
            -13.718343734741211,
            1.3943768739700317,
            -2.001311779022217,
            1.024216651916504,
            -3.3624699115753174,
            0.6673412322998047,
            -1.8500646352767944,
            -2.1283841133117676,
            5.476346015930176
        ],
        [
            -12.887782096862793,
            -10.065326690673828,
            0.9289528727531433,
            -0.8944835662841797,
            0.1389772891998291,
            -1.8484972715377808,
            2.6941311359405518,
            -0.86753249168396,
            -1.4444646835327148,
            2.345477819442749
        ],
        [
            -16.92859649658203,
            -6.607212543487549,
            1.3567143678665161,
            -4.353122234344482,
            0.42067956924438477,
            1.0609676837921143,
            2.5624911785125732,
            3.0912187099456787,
            -2.531562566757202,
            -0.281144380569458
        ],
        [
            -19.03656005859375,
            -4.662275791168213,
            2.5020344257354736,
            -7.287041664123535,
            0.8199965953826904,
            4.23056697845459,
            1.6330854892730713,
            6.838421821594238,
            -2.4283792972564697,
            -0.25484204292297363
        ],
        [
            -18.604595184326172,
            -4.142685890197754,
            1.8965598344802856,
            -5.734063148498535,
            0.945331335067749,
            5.926057815551758,
            -1.3103647232055664,
            8.845906257629395,
            -3.1543750762939453,
            1.7209079265594482
        ],
        [
            -15.51038932800293,
            -4.90201473236084,
            0.6920339465141296,
            -2.4507715702056885,
            -0.6216671466827393,
            4.6942901611328125,
            -2.313145160675049,
            6.754524230957031,
            -3.121601104736328,
            3.193013906478882
        ],
        [
            -10.589052200317383,
