{
    "collision_depths": [],
    "collision": false,
    "joint_limit_violation": false,
    "self_collision": false,
    "physical_violations": false,
    "config_smoothness": -5.680714408288914,
    "eff_smoothness": -5.695424316739015,
    "eff_position_path_length": 41.647865563572566,
    "eff_orientation_path_length": 1647.3436127313716,
    "physical_success": true,
    "time": 2.2418572902679443,
    "num_steps": 51,
    "trajectory_w": [
        [
            -3.5891942977905273,
            -5.035084247589111,
            0.17808234691619873,
            0.0,
            0.0,
            0.0,
            0.0,
            0.0,
            0.0,
            0.0
        ],
        [
            -2.4843804836273193,
            -4.75084924697876,
            0.10936629772186279,
            -0.012785673141479492,
            1.0135061740875244,
            -0.15241599082946777,
            0.3586728572845459,
            -0.16529321670532227,
            0.0114593505859375,
            -0.12772345542907715
        ],
        [
            -3.364790439605713,
            -4.9452972412109375,
            0.13072478771209717,
            -0.020317554473876953,
            0.20036864280700684,
            -0.037989139556884766,
            0.08492183685302734,
            -0.0531010627746582,
            -0.0032587051391601562,
            0.015358924865722656
        ],
        [
            -3.3958792686462402,
            -4.97938346862793,
            0.13814795017242432,
            -0.023179292678833008,
            0.18243193626403809,
            -0.029708385467529297,
            0.06103372573852539,
            -0.04456043243408203,
            -0.0026111602783203125,
            0.008806467056274414
        ],
        [
            -3.409203052520752,
            -5.01765775680542,
            0.1561952829360962,
            -0.030817270278930664,
            0.20418000221252441,
            -0.01815509796142578,
            0.03614687919616699,
            -0.03928184509277344,
            -0.0032663345336914062,
            -0.022376537322998047
        ],
        [
            -2.8843796253204346,
            -4.871524333953857,
            0.13012158870697021,
            -0.024651288986206055,
            0.6336686611175537,
            -0.09866070747375488,
            0.1985769271850586,
            -0.09328937530517578,
            0.0065076351165771484,
            -0.08124828338623047
        ],
        [
            -3.389340400695801,
            -5.031448841094971,
            0.15888559818267822,
            -0.02238917350769043,
            0.20970678329467773,
            -0.02797842025756836,
            0.022836685180664062,
            -0.031255245208740234,
            -0.002732992172241211,
            -0.01999521255493164
        ],
        [
            -3.0430984497070312,
            -4.853548049926758,
            0.11839044094085693,
            -0.0189056396484375,
            0.5069897174835205,
            -0.06443524360656738,
            0.1876823902130127,
            -0.0946195125579834,
            -0.010603904724121094,
            -0.029443979263305664
        ],
        [
            -3.398282051086426,
            -5.000769138336182,
            0.1451166868209839,
            -0.025185823440551758,
            0.1896510124206543,
            -0.0232088565826416,
            0.0459139347076416,
            -0.04039812088012695,
            -0.002864837646484375,
            -0.005217790603637695
        ],
        [
            -3.160353422164917,
            -4.879032611846924,
            0.11837518215179443,
            -0.007556915283203125,
            0.3894674777984619,
            -0.060443878173828125,
            0.1383814811706543,
            -0.07762432098388672,
            -0.007933378219604492,
            0.008470535278320312
        ],
        [
            -3.095184087753296,
            -4.938490390777588,
            0.14538371562957764,
            -0.023670196533203125,
            0.4455232620239258,
            -0.09089112281799316,
            0.10858511924743652,
            -0.05631518363952637,
            0.0099029541015625,
            -0.038585662841796875
        ],
        [
            -3.32541823387146,
            -4.92527961730957,
            0.12707245349884033,
            -0.0298159122467041,
            0.2499079704284668,
            -0.027813434600830078,
            0.10987424850463867,
            -0.07129383087158203,
            -0.00616002082824707,
            -0.0017681121826171875
        ],
        [
            -2.454266309738159,
            -4.7442545890808105,
            0.10813009738922119,
            -0.011787176132202148,
            1.0400664806365967,
            -0.156264066696167,
            0.36842870712280273,
            -0.17070245742797852,
            0.012015819549560547,
            -0.13300490379333496
        ],
        [
            -3.3931045532226562,
            -4.958896636962891,
            0.1335698366165161,
            -0.02225351333618164,
            0.17888641357421875,
            -0.03350210189819336,
            0.0753934383392334,
            -0.049929141998291016,
            -0.0032324790954589844,
            0.014942407608032227
        ],
        [
            -2.5624778270721436,
            -4.767673969268799,
            0.11271536350250244,
            -0.015161275863647461,
            0.9428253173828125,
            -0.14247918128967285,
            0.3324122428894043,
            -0.15064740180969238,
            0.010074615478515625,
            -0.11424970626831055
        ],
        [
            -3.252957582473755,
            -5.001054286956787,
            0.15828096866607666,
            -0.029894351959228516,
            0.31555891036987305,
            -0.0509946346282959,
            0.06267547607421875,
            -0.04027128219604492,
            0.002190113067626953,
            -0.04491114616394043
        ],
        [
            -2.587831735610962,
            -4.773262023925781,
            0.11357629299163818,
            -0.015796422958374023,
            0.9201488494873047,
            -0.13961434364318848,
            0.3240339756011963,
            -0.14628386497497559,
            0.009630441665649414,
            -0.10986924171447754
        ],
        [
            -3.400250196456909,
            -5.008901119232178,
            0.14763295650482178,
            -0.02557373046875,
            0.1913909912109375,
            -0.02129054069519043,
            0.039522409439086914,
            -0.03868746757507324,
            -0.003009796142578125,
            -0.010425090789794922
        ],
        [
            -3.3924472332000732,
            -4.986138820648193,
            0.1420654058456421,
            -0.020599842071533203,
            0.18831706047058105,
            -0.031209230422973633,
            0.05282711982727051,
            -0.03904104232788086,
            -0.0016448497772216797,
            0.0013799667358398438
        ],
        [
            -3.3982651233673096,
            -4.9611430168151855,
            0.13432633876800537,
            -0.023531198501586914,
            0.1762373447418213,
            -0.03229999542236328,
            0.07459115982055664,
            -0.05009341239929199,
            -0.0033483505249023438,
            0.014713525772094727
        ],
        [
            -3.0555455684661865,
            -4.904930114746094,
            0.14321434497833252,
            -0.016991138458251953,
            0.4853858947753906,
            -0.10247635841369629,
            0.12859392166137695,
            -0.06199955940246582,
            0.01030731201171875,
            -0.027384042739868164
        ],
        [
            -2.459887981414795,
            -4.7452073097229,
            0.10836589336395264,
            -0.012029647827148438,
            1.035510540008545,
            -0.15552163124084473,
