{
    "collision_depths": [],
    "collision": false,
    "joint_limit_violation": false,
    "self_collision": false,
    "physical_violations": false,
    "config_smoothness": -7.585146937127674,
    "eff_smoothness": -7.827331365236711,
    "eff_position_path_length": 28.05434793312815,
    "eff_orientation_path_length": 1177.7814883238907,
    "physical_success": true,
    "time": 1.8993160724639893,
    "num_steps": 51,
    "trajectory_w": [
        [
            -11.539751052856445,
            -7.401907920837402,
            -2.443962335586548,
            0.0,
            0.0,
            0.0,
            0.0,
            0.0,
            0.0,
            0.0
        ],
        [
            -11.96572208404541,
            -7.799450874328613,
            -2.475686550140381,
            -0.03747677803039551,
            0.534581184387207,
            -0.08977365493774414,
            0.24222493171691895,
            -0.002068042755126953,
            0.0195465087890625,
            -0.014335155487060547
        ],
        [
            -11.976776123046875,
            -7.811705589294434,
            -2.47514009475708,
            -0.037146568298339844,
            0.5526208877563477,
            -0.09617829322814941,
            0.24773693084716797,
            -0.0001087188720703125,
            0.022511005401611328,
            -0.016109704971313477
        ],
        [
            -12.272926330566406,
            -8.012859344482422,
            -2.4939217567443848,
            -0.04116010665893555,
            0.8805274963378906,
            -0.12793993949890137,
            0.34393739700317383,
            -0.014493942260742188,
            0.061646461486816406,
            -0.05624580383300781
        ],
        [
            -12.096631050109863,
            -7.831882953643799,
            -2.491353750228882,
            -0.027813434600830078,
            0.6399586200714111,
            -0.09978747367858887,
            0.22270774841308594,
            0.007907629013061523,
            0.048029184341430664,
            -0.0392146110534668
        ],
        [
            -11.855267524719238,
            -7.60978889465332,
            -2.502286911010742,
            -0.03235936164855957,
            0.31402063369750977,
            -0.005643367767333984,
            0.11863136291503906,
            -0.018393278121948242,
            0.0023102760314941406,
            -0.004569292068481445
        ],
        [
            -12.124659538269043,
            -7.844417095184326,
            -2.4935946464538574,
            -0.031893253326416016,
            0.6654143333435059,
            -0.09298205375671387,
            0.23640656471252441,
            0.0013470649719238281,
            0.046972036361694336,
            -0.041802167892456055
        ],
        [
            -12.218430519104004,
            -7.965635776519775,
            -2.4917516708374023,
            -0.04091835021972656,
            0.8141224384307861,
            -0.11882662773132324,
            0.3197000026702881,
            -0.011098861694335938,
            0.05409073829650879,
            -0.04913735389709473
        ],
        [
            -12.252381324768066,
            -7.9949493408203125,
            -2.493410348892212,
            -0.040479421615600586,
            0.8555576801300049,
            -0.12558293342590332,
            0.33406996726989746,
            -0.012346267700195312,
            0.059404611587524414,
            -0.05364823341369629
        ],
        [
            -11.743578910827637,
            -7.5586419105529785,
            -2.489687919616699,
            -0.03663969039916992,
            0.2038276195526123,
            -0.021058320999145508,
            0.10310745239257812,
            -0.014734983444213867,
            -0.0038423538208007812,
            0.01619100570678711
        ],
        [
            -12.064842224121094,
            -7.874857425689697,
            -2.482030153274536,
            -0.041754961013793945,
            0.6527509689331055,
            -0.1059255599975586,
            0.2821543216705322,
            -0.00420379638671875,
            0.033011674880981445,
            -0.027756929397583008
        ],
        [
            -12.000638961791992,
            -7.711241245269775,
            -2.49765944480896,
            -0.03649711608886719,
            0.48216819763183594,
            -0.05082201957702637,
            0.16457629203796387,
            0.001684427261352539,
            0.027332544326782227,
            -0.032808780670166016
        ],
        [
            -12.23125171661377,
            -7.980044841766357,
            -2.4926722049713135,
            -0.041434526443481445,
            0.8324778079986572,
            -0.12266159057617188,
            0.3275032043457031,
            -0.011674642562866211,
            0.056240081787109375,
            -0.05099034309387207
        ],
        [
            -12.21510124206543,
            -7.9595866203308105,
            -2.491989850997925,
            -0.03986787796020508,
            0.8077738285064697,
            -0.1192159652709961,
            0.3148212432861328,
            -0.008826494216918945,
            0.054732561111450195,
            -0.04939699172973633
        ],
        [
            -11.727716445922852,
            -7.540069103240967,
            -2.48542857170105,
            -0.0335688591003418,
            0.18363308906555176,
            -0.02489614486694336,
            0.09004354476928711,
            -0.01020359992980957,
            -0.0034837722778320312,
            0.01781487464904785
        ],
        [
            -12.16068172454834,
            -7.895299434661865,
            -2.4926505088806152,
            -0.03296637535095215,
            0.7293705940246582,
            -0.10939455032348633,
            0.2700839042663574,
            0.0002465248107910156,
            0.0519261360168457,
            -0.04437112808227539
        ],
        [
            -12.175633430480957,
            -7.945605754852295,
            -2.4896225929260254,
            -0.043479204177856445,
            0.77298903465271,
            -0.11451172828674316,
            0.31432580947875977,
            -0.011569738388061523,
            0.04710531234741211,
            -0.043106794357299805
        ],
        [
            -12.247967720031738,
            -7.991988658905029,
            -2.4934322834014893,
            -0.04078197479248047,
            0.8508541584014893,
            -0.12517213821411133,
            0.33257055282592773,
            -0.011909246444702148,
            0.058812856674194336,
            -0.05323314666748047
        ],
        [
            -11.747852325439453,
            -7.504708766937256,
            -2.472727060317993,
            -0.024082422256469727,
            0.21984100341796875,
            -0.020040512084960938,
            0.05537819862365723,
            0.007347822189331055,
            0.004708528518676758,
            -0.013375282287597656
        ],
        [
            -11.714661598205566,
            -7.540505409240723,
            -2.4830048084259033,
            -0.03217363357543945,
            0.1796879768371582,
            -0.028082847595214844,
            0.09301567077636719,
            -0.007971048355102539,
            -0.0026493072509765625,
            0.016881704330444336
        ],
        [
            -12.159008979797363,
            -7.879228115081787,
            -2.492405891418457,
            -0.03521084785461426,
            0.7123851776123047,
            -0.09730935096740723,
            0.2631363868713379,
            -0.0041828155517578125,
            0.04752159118652344,
            -0.04427695274353027
        ],
        [
            -11.738200187683105,
            -7.530675888061523,
            -2.4866085052490234,
            -0.03665757179260254,
            0.18463468551635742,
            -0.015298843383789062,
            0.08463358879089355,
