{
    "collision_depths": [],
    "collision": false,
    "joint_limit_violation": false,
    "self_collision": false,
    "physical_violations": false,
    "config_smoothness": -6.1907635119570035,
    "eff_smoothness": -6.214026618584662,
    "eff_position_path_length": 34.87081635485026,
    "eff_orientation_path_length": 2237.1829390987327,
    "physical_success": true,
    "time": 1.7638168334960938,
    "num_steps": 51,
    "trajectory_w": [
        [
            -10.715400695800781,
            -1.916989803314209,
            -2.439924955368042,
            0.0,
            0.0,
            0.0,
            0.0,
            0.0,
            0.0,
            0.0
        ],
        [
            -11.520551681518555,
            -2.7788827419281006,
            -2.5215489864349365,
            0.026197195053100586,
            0.5490200519561768,
            0.029967308044433594,
            0.2740211486816406,
            0.11888456344604492,
            0.9366745948791504,
            0.921619176864624
        ],
        [
            -10.946207046508789,
            -2.0577142238616943,
            -2.4263112545013428,
            0.010958433151245117,
            0.19484853744506836,
            0.043616533279418945,
            0.0653221607208252,
            0.03468656539916992,
            0.282484769821167,
            0.2134265899658203
        ],
        [
            -11.578506469726562,
            -2.845670700073242,
            -2.528578519821167,
            0.026789188385009766,
            0.5797040462493896,
            0.02938985824584961,
            0.291719913482666,
            0.1235055923461914,
            0.9854297637939453,
            0.9678385257720947
        ],
        [
            -11.163515090942383,
            -2.330714225769043,
            -2.4649007320404053,
            0.01886725425720215,
            0.33440661430358887,
            0.043282508850097656,
            0.14657068252563477,
            0.07335734367370605,
            0.5425562858581543,
            0.5137262344360352
        ],
        [
            -10.914372444152832,
            -2.0209097862243652,
            -2.4231643676757812,
            0.01159358024597168,
            0.17371129989624023,
            0.042746543884277344,
            0.05393791198730469,
            0.028339624404907227,
            0.24888229370117188,
            0.1749277114868164
        ],
        [
            -11.392075538635254,
            -2.6273884773254395,
            -2.5049068927764893,
            0.02570509910583496,
            0.4764692783355713,
            0.03337860107421875,
            0.23202228546142578,
            0.10635256767272949,
            0.8150568008422852,
            0.8031289577484131
        ],
        [
            -10.90793228149414,
            -2.014308452606201,
            -2.4227726459503174,
            0.011763572692871094,
            0.16956424713134766,
            0.042608022689819336,
            0.05193734169006348,
            0.026989221572875977,
            0.24268412590026855,
            0.16770243644714355
        ],
        [
            -11.07606315612793,
            -2.216977834701538,
            -2.4471681118011475,
            0.012668371200561523,
            0.2794973850250244,
            0.04419970512390137,
            0.11275267601013184,
            0.0589299201965332,
            0.4332621097564697,
            0.3892688751220703
        ],
        [
            -11.585775375366211,
            -2.8539395332336426,
            -2.5293376445770264,
            0.026697397232055664,
            0.5837366580963135,
            0.029195070266723633,
            0.29378724098205566,
            0.12410902976989746,
            0.991588830947876,
            0.9734952449798584
        ],
        [
            -11.009468078613281,
            -2.1324446201324463,
            -2.435091257095337,
            0.010606765747070312,
            0.2360222339630127,
            0.04426264762878418,
            0.08789825439453125,
            0.04671049118041992,
            0.3527510166168213,
            0.2948489189147949
        ],
        [
            -11.617155075073242,
            -2.890106678009033,
            -2.5331804752349854,
            0.026938199996948242,
            0.599801778793335,
            0.029154539108276367,
            0.30297279357910156,
            0.126295804977417,
            1.0165691375732422,
            0.9969236850738525
        ],
        [
            -11.545784950256348,
            -2.8078482151031494,
            -2.5246057510375977,
            0.026622533798217773,
            0.5623550415039062,
            0.02973318099975586,
            0.2818284034729004,
            0.12091445922851562,
            0.958167552947998,
            0.9421718120574951
        ],
        [
            -11.611780166625977,
            -2.8843705654144287,
            -2.5326576232910156,
            0.02694535255432129,
            0.5971462726593018,
            0.029247045516967773,
            0.3015732765197754,
            0.1259322166442871,
            1.0125086307525635,
            0.993004560470581
        ],
        [
            -10.92271614074707,
            -2.0310544967651367,
            -2.4239375591278076,
            0.011402130126953125,
            0.17946910858154297,
            0.04311251640319824,
            0.057149648666381836,
            0.030032873153686523,
            0.25789499282836914,
            0.1851820945739746
        ],
        [
            -11.082718849182129,
            -2.226945638656616,
            -2.448745012283325,
            0.013347387313842773,
            0.28317880630493164,
            0.04444694519042969,
            0.11582636833190918,
            0.05970573425292969,
            0.4409599304199219,
            0.3986079692840576
        ],
        [
            -11.092865943908691,
            -2.2392537593841553,
            -2.450878381729126,
            0.013567209243774414,
            0.29032444953918457,
            0.04446148872375488,
            0.1195683479309082,
            0.06163191795349121,
            0.45406293869018555,
            0.41341543197631836
        ],
        [
            -10.955892562866211,
            -2.070099353790283,
            -2.427588701248169,
            0.010711908340454102,
            0.20123577117919922,
            0.0444941520690918,
            0.06941890716552734,
            0.0367581844329834,
            0.2928962707519531,
            0.22610068321228027
        ],
        [
            -10.917571067810059,
            -2.0247089862823486,
            -2.4234731197357178,
            0.011682748794555664,
            0.17586302757263184,
            0.042737722396850586,
            0.05506467819213867,
            0.028645992279052734,
            0.2522852420806885,
            0.17886090278625488
        ],
        [
            -11.62775993347168,
            -2.9022834300994873,
            -2.534517288208008,
            0.027058839797973633,
            0.604985237121582,
            0.02909255027770996,
            0.30618906021118164,
            0.12713241577148438,
            1.0247089862823486,
            1.0044138431549072
        ],
        [
            -11.208476066589355,
            -2.39101243019104,
            -2.473795175552368,
            0.021894454956054688,
            0.36231040954589844,
            0.04175162315368652,
            0.1640934944152832,
            0.08045268058776855,
            0.5995025634765625,
            0.5768351554870605
        ],
        [
            -11.439146041870117,
            -2.6832942962646484,
            -2.51117205619812,
            0.025970458984375,
            0.503284215927124,
            0.03190469741821289,
            0.2477562427520752,
            0.11145806312561035,
            0.861656904220581,
            0.8494367599487305
        ],
        [
