{
    "collision_depths": [],
    "collision": false,
    "joint_limit_violation": false,
    "self_collision": false,
    "physical_violations": false,
    "config_smoothness": -6.798376994042481,
    "eff_smoothness": -6.918641816719031,
    "eff_position_path_length": 22.12280714212841,
    "eff_orientation_path_length": 879.1326806225632,
    "physical_success": true,
    "time": 1.9069063663482666,
    "num_steps": 51,
    "trajectory_w": [
        [
            -7.361571311950684,
            -7.427155494689941,
            -0.6923149824142456,
            0.0,
            0.0,
            0.0,
            0.0,
            0.0,
            0.0,
            0.0
        ],
        [
            -6.884003639221191,
            -7.836584091186523,
            -0.7498394250869751,
            -0.025119543075561523,
            0.49157071113586426,
            -0.07877349853515625,
            0.16492772102355957,
            0.04139089584350586,
            0.06895041465759277,
            -0.05226945877075195
        ],
        [
            -6.905766010284424,
            -7.786661624908447,
            -0.7415488958358765,
            -0.01258087158203125,
            0.4657917022705078,
            -0.08298897743225098,
            0.1531965732574463,
            0.04273271560668945,
            0.06360030174255371,
            -0.0364377498626709
        ],
        [
            -6.974771022796631,
            -7.739485740661621,
            -0.7053078413009644,
            -0.03424382209777832,
            0.3518044948577881,
            -0.03494000434875488,
            0.15813922882080078,
            0.017271041870117188,
            0.027768611907958984,
            -0.01286005973815918
        ],
        [
            -7.03702974319458,
            -7.623697757720947,
            -0.735028862953186,
            -0.015862464904785156,
            0.2714576721191406,
            -0.03728914260864258,
            0.09694123268127441,
            0.027665138244628906,
            0.0191037654876709,
            -0.009665489196777344
        ],
        [
            -7.084353923797607,
            -7.602419376373291,
            -0.7157803773880005,
            -0.022736549377441406,
            0.2306079864501953,
            -0.03430509567260742,
            0.09971809387207031,
            0.018404006958007812,
            0.0113525390625,
            0.002942800521850586
        ],
        [
            -6.864680767059326,
            -7.7808027267456055,
            -0.7127257585525513,
            -0.01929926872253418,
            0.46697187423706055,
            -0.05698537826538086,
            0.19503045082092285,
            0.024810791015625,
            0.05147242546081543,
            -0.011172771453857422
        ],
        [
            -6.6347432136535645,
            -7.987985134124756,
            -0.7446695566177368,
            -0.030209064483642578,
            0.7155570983886719,
            -0.10075545310974121,
            0.29532384872436523,
            0.0458681583404541,
            0.11203360557556152,
            -0.05823469161987305
        ],
        [
            -7.069619178771973,
            -7.637965202331543,
            -0.7309616804122925,
            -0.008238792419433594,
            0.3041951656341553,
            -0.04874396324157715,
            0.08243322372436523,
            0.029252052307128906,
            0.028673410415649414,
            -0.022678375244140625
        ],
        [
            -7.13262939453125,
            -7.638279438018799,
            -0.7042921781539917,
            -0.039576053619384766,
            0.23258686065673828,
            -0.01935863494873047,
            0.09514498710632324,
            0.0027446746826171875,
            0.011112451553344727,
            0.002410411834716797
        ],
        [
            -7.001466751098633,
            -7.8045268058776855,
            -0.7389260530471802,
            -0.03107452392578125,
            0.3945891857147217,
            -0.05568957328796387,
            0.11612606048583984,
            0.03328204154968262,
            0.04672646522521973,
            -0.047666311264038086
        ],
        [
            -6.612130165100098,
            -8.075691223144531,
            -0.7277101278305054,
            -0.031740427017211914,
            0.7519006729125977,
            -0.06820940971374512,
            0.2995007038116455,
            0.0174100399017334,
            0.1148221492767334,
            -0.060283660888671875
        ],
        [
            -7.172912120819092,
            -7.690476417541504,
            -0.7181750535964966,
            -0.023829221725463867,
            0.2588236331939697,
            -0.026923418045043945,
            0.05167222023010254,
            0.027726173400878906,
            0.01649618148803711,
            -0.029299259185791016
        ],
        [
            -6.993345260620117,
            -7.680909633636475,
            -0.7097688913345337,
            -0.026046276092529297,
            0.32831549644470215,
            -0.03172183036804199,
            0.14591026306152344,
            0.013036489486694336,
            0.02437615394592285,
            -0.004732608795166016
        ],
        [
            -6.993401050567627,
            -7.70225191116333,
            -0.7143784761428833,
            -0.029490947723388672,
            0.336442232131958,
            -0.02117753028869629,
            0.1436758041381836,
            0.002960205078125,
            0.025323152542114258,
            -0.0064084529876708984
        ],
        [
            -7.0951032638549805,
            -7.620420932769775,
            -0.7226709127426147,
            -0.030350685119628906,
            0.2239227294921875,
            -0.018210887908935547,
            0.09755301475524902,
            0.005956172943115234,
            0.009474515914916992,
            0.0015187263488769531
        ],
        [
            -7.077178001403809,
            -7.630039215087891,
            -0.730800986289978,
            -0.01948380470275879,
            0.22216582298278809,
            -0.03801274299621582,
            0.08859372138977051,
            0.03233647346496582,
            0.010381460189819336,
            -0.004110097885131836
        ],
        [
            -7.121328830718994,
            -7.716679096221924,
            -0.7265056371688843,
            -0.02256321907043457,
            0.28473925590515137,
            -0.041015625,
            0.06335186958312988,
            0.03602147102355957,
            0.023478269577026367,
            -0.0354764461517334
        ],
        [
            -7.008069038391113,
            -7.781058311462402,
            -0.7405959367752075,
            -0.02695488929748535,
            0.38927149772644043,
            -0.06061506271362305,
            0.11045241355895996,
            0.03513622283935547,
            0.047212839126586914,
            -0.04551410675048828
        ],
        [
            -7.181390285491943,
            -7.683669090270996,
            -0.7187527418136597,
            -0.023528337478637695,
            0.2446441650390625,
            -0.02702641487121582,
            0.04714202880859375,
            0.029801368713378906,
            0.014092206954956055,
            -0.028658151626586914
        ],
        [
            -7.177262783050537,
            -7.690267562866211,
            -0.7152935266494751,
            -0.024920940399169922,
            0.25932931900024414,
            -0.02915191650390625,
            0.05368494987487793,
            0.02774786949157715,
            0.016401290893554688,
            -0.02758169174194336
        ],
        [
            -7.116710662841797,
            -7.625825881958008,
            -0.7127789258956909,
            -0.03579258918762207,
            0.23172712326049805,
            -0.015061378479003906,
            0.09555745124816895,
            -0.00039386749267578125,
