{
    "collision_depths": [],
    "collision": false,
    "joint_limit_violation": false,
    "self_collision": false,
    "physical_violations": false,
    "config_smoothness": -7.137575771929217,
    "eff_smoothness": -7.423319080520968,
    "eff_position_path_length": 20.931597983686107,
    "eff_orientation_path_length": 604.7261417205849,
    "physical_success": true,
    "time": 1.1568059921264648,
    "num_steps": 51,
    "trajectory_w": [
        [
            -5.695475101470947,
            -5.965328216552734,
            -1.5702157020568848,
            0.0,
            0.0,
            0.0,
            0.0,
            0.0,
            0.0,
            0.0
        ],
        [
            -5.715938091278076,
            -6.934850692749023,
            -1.5875403881072998,
            0.009406089782714844,
            0.5565998554229736,
            0.15218210220336914,
            0.12165021896362305,
            0.09426259994506836,
            -0.0502161979675293,
            0.04321694374084473
        ],
        [
            -5.700250625610352,
            -6.3769941329956055,
            -1.572847604751587,
            0.017453432083129883,
            0.23773717880249023,
            0.06351113319396973,
            0.04476809501647949,
            0.06887674331665039,
            -0.05191159248352051,
            0.041562795639038086
        ],
        [
            -5.788727760314941,
            -6.3607988357543945,
            -1.6078951358795166,
            -0.00331878662109375,
            0.2186741828918457,
            0.07596015930175781,
            -0.0026373863220214844,
            0.06418824195861816,
            -0.04435372352600098,
            0.012314081192016602
        ],
        [
            -5.774777412414551,
            -6.655923843383789,
            -1.6450960636138916,
            -0.005911111831665039,
            0.36392927169799805,
            0.10970258712768555,
            0.05926203727722168,
            0.08390450477600098,
            -0.049935340881347656,
            0.021099090576171875
        ],
        [
            -5.702008247375488,
            -6.873068809509277,
            -1.578470230102539,
            0.012117862701416016,
            0.5215694904327393,
            0.1462535858154297,
            0.11722397804260254,
            0.08706879615783691,
            -0.05256819725036621,
            0.04720330238342285
        ],
        [
            -5.714559555053711,
            -6.364333152770996,
            -1.5652382373809814,
            0.0075473785400390625,
            0.24106287956237793,
            0.06813597679138184,
            0.03792119026184082,
            0.06055450439453125,
            -0.05045437812805176,
            0.03981304168701172
        ],
        [
            -5.775791645050049,
            -6.354389190673828,
            -1.606978178024292,
            0.00716090202331543,
            0.22058486938476562,
            0.06751799583435059,
            -0.0028371810913085938,
            0.07199978828430176,
            -0.043579816818237305,
            0.012054920196533203
        ],
        [
            -5.728341579437256,
            -6.984371185302734,
            -1.6154134273529053,
            0.006532907485961914,
            0.5797333717346191,
            0.14819908142089844,
            0.1226956844329834,
            0.11513805389404297,
            -0.04871201515197754,
            0.032392263412475586
        ],
        [
            -5.728658199310303,
            -6.367403030395508,
            -1.587611198425293,
            -0.006034374237060547,
            0.20363092422485352,
            0.08114480972290039,
            0.04796099662780762,
            0.03784799575805664,
            -0.05509805679321289,
            0.051069021224975586
        ],
        [
            -5.775522708892822,
            -6.360128879547119,
            -1.614586591720581,
            0.006677150726318359,
            0.2122659683227539,
            0.06988120079040527,
            0.00044846534729003906,
            0.06934928894042969,
            -0.04375290870666504,
            0.012786149978637695
        ],
        [
            -5.70445442199707,
            -6.372338771820068,
            -1.5839858055114746,
            0.009967803955078125,
            0.21257805824279785,
            0.0711205005645752,
            0.05156993865966797,
            0.05402421951293945,
            -0.054987192153930664,
            0.0521693229675293
        ],
        [
            -5.7937822341918945,
            -6.495433807373047,
            -1.6284072399139404,
            -0.012677669525146484,
            0.2733180522918701,
            0.09736204147338867,
            0.021524906158447266,
            0.06618595123291016,
            -0.046564340591430664,
            0.014832019805908203
        ],
        [
            -5.775391101837158,
            -6.363832950592041,
            -1.6163113117218018,
            0.006790637969970703,
            0.2125566005706787,
            0.07018780708312988,
            0.0006220340728759766,
            0.06888532638549805,
            -0.04385089874267578,
            0.013419389724731445
        ],
        [
            -5.685455322265625,
            -6.753301620483398,
            -1.5745255947113037,
            0.017557382583618164,
            0.45494890213012695,
            0.12828660011291504,
            0.10221290588378906,
            0.08211469650268555,
            -0.054818153381347656,
            0.051395416259765625
        ],
        [
            -5.787789344787598,
            -6.471195220947266,
            -1.6308112144470215,
            -0.012934446334838867,
            0.2539091110229492,
            0.09647178649902344,
            0.023444414138793945,
            0.05851411819458008,
            -0.04798245429992676,
            0.018662691116333008
        ],
        [
            -5.752334117889404,
            -6.383945941925049,
            -1.6019411087036133,
            -0.017726421356201172,
            0.20516633987426758,
            0.09033489227294922,
            0.043109893798828125,
            0.029550552368164062,
            -0.05505943298339844,
            0.047838687896728516
        ],
        [
            -5.740839958190918,
            -6.89466667175293,
            -1.6362156867980957,
            0.004625558853149414,
            0.5218687057495117,
            0.13101744651794434,
            0.10121536254882812,
            0.11898612976074219,
            -0.048874855041503906,
            0.025029897689819336
        ],
        [
            -5.782549858093262,
            -6.3939008712768555,
            -1.6120505332946777,
            0.0037581920623779297,
            0.23894429206848145,
            0.07189512252807617,
            -0.0007250308990478516,
            0.07590889930725098,
            -0.044220924377441406,
            0.010730743408203125
        ],
        [
            -5.690760612487793,
            -6.406368255615234,
            -1.5800423622131348,
            0.019057273864746094,
            0.24378013610839844,
            0.06952524185180664,
            0.054836273193359375,
            0.0668027400970459,
            -0.054811716079711914,
            0.04998946189880371
        ],
        [
            -5.741077423095703,
            -6.3710174560546875,
            -1.5911462306976318,
            -0.012888669967651367,
            0.20371246337890625,
            0.08497452735900879,
            0.04542398452758789,
            0.033464908599853516,
            -0.05506181716918945,
            0.04937624931335449
        ],
        [
            -5.791377544403076,
            -6.456919193267822,
            -1.6234142780303955,
            -0.0031707286834716797,
            0.26114892959594727,
            0.08355259895324707,
            0.008451700210571289,
            0.07563924789428711,
