{
    "collision_depths": [
        0.05079997666746479,
        0.03037260880400111,
        0.01918265419813095,
        0.01474406269128324,
        0.024286037048172286,
        0.2527449920384995,
        0.022988642575082305,
        0.01834997219060471,
        0.03931968449343222,
        0.0702731485918252,
        0.06620207175703101
    ],
    "collision": true,
    "joint_limit_violation": true,
    "self_collision": true,
    "physical_violations": true,
    "config_smoothness": -3.888316551864321,
    "eff_smoothness": -4.129096198376842,
    "eff_position_path_length": 825.7889388810526,
    "eff_orientation_path_length": 5855.770898045959,
    "physical_success": false,
    "time": 0.20280051231384277,
    "num_steps": 51,
    "trajectory_w": [
        [
            -2.825594425201416,
            -2.4196321964263916,
            -0.3425517976284027,
            0.0,
            0.0,
            0.0,
            0.0,
            0.0,
            0.0,
            0.0
        ],
        [
            -7.71451997756958,
            -11.672078132629395,
            -0.8210903406143188,
            0.2708160877227783,
            1.4191310405731201,
            -5.460718631744385,
            -3.4462430477142334,
            2.38779616355896,
            -1.8960117101669312,
            3.0289905071258545
        ],
        [
            5.151322364807129,
            -6.504398345947266,
            3.390737295150757,
            -9.122906684875488,
            4.598669052124023,
            -3.250889301300049,
            -3.247061014175415,
            -3.316887855529785,
            1.6691157817840576,
            0.4041469097137451
        ],
        [
            -1.7765744924545288,
            -15.927366256713867,
            3.199341058731079,
            0.5900635719299316,
            0.8239974975585938,
            2.682058572769165,
            -0.2302234172821045,
            -4.1467766761779785,
            -2.355393171310425,
            0.8831841945648193
        ],
        [
            -12.711145401000977,
            -9.632068634033203,
            6.113133907318115,
            4.68796443939209,
            1.6353428363800049,
            3.2015678882598877,
            3.898847818374634,
            1.4248807430267334,
            -2.706658124923706,
            3.1742632389068604
        ],
        [
            -8.31474781036377,
            -11.117566108703613,
            6.1698479652404785,
            -0.5768272876739502,
            -3.383598804473877,
            -0.08255910873413086,
            2.039022207260132,
            -1.1519063711166382,
            -0.7993050813674927,
            6.381682395935059
        ],
        [
            -10.042092323303223,
            -12.57060432434082,
            -0.598441481590271,
            -1.6267523765563965,
            2.345957040786743,
            -0.39271998405456543,
            -0.8254061937332153,
            -3.6467247009277344,
            3.4401586055755615,
            -1.1991856098175049
        ],
        [
            -21.812307357788086,
            -12.87742805480957,
            1.5471621751785278,
            2.819472551345825,
            1.5737125873565674,
            1.3053796291351318,
            1.4503443241119385,
            2.3381831645965576,
            2.9943411350250244,
            3.774876832962036
        ],
        [
            2.0772857666015625,
            -9.269314765930176,
            -0.19353613257408142,
            -6.504715919494629,
            2.5861823558807373,
            0.47825074195861816,
            2.0770509243011475,
            1.3623144626617432,
            1.66627836227417,
            -3.2689104080200195
        ],
        [
            7.342949867248535,
            -4.081993579864502,
            -2.5982818603515625,
            -2.6879618167877197,
            4.223285675048828,
            -0.21355009078979492,
            2.5814530849456787,
            -0.7800405025482178,
            -0.5742653608322144,
            -6.729984283447266
        ],
        [
            2.3708062171936035,
            -9.650078773498535,
            0.2183016836643219,
            -1.3112412691116333,
            -0.3634796142578125,
            2.3814857006073,
            -0.6756138801574707,
            -4.39064884185791,
            -0.8714463710784912,
            14.486207008361816
        ],
        [
            0.8870598077774048,
            -9.590238571166992,
            -2.3096835613250732,
            -2.0001025199890137,
            -1.1596695184707642,
            6.105355262756348,
            1.1788749694824219,
            -2.2117083072662354,
            -1.6269540786743164,
            -6.4505615234375
        ],
        [
            7.45603609085083,
            4.99445915222168,
            -0.2648333013057709,
            6.937989234924316,
            3.8693959712982178,
            -6.548091888427734,
            -2.086714267730713,
            -1.1267385482788086,
            -0.5696523189544678,
            2.4755423069000244
        ],
        [
            -10.939545631408691,
            3.886242389678955,
            1.503501534461975,
            -6.3775835037231445,
            1.9433033466339111,
            0.058191537857055664,
            -1.9391365051269531,
            3.5518605709075928,
            -0.2425227165222168,
            1.4514081478118896
        ],
        [
            -3.7160820960998535,
            15.528570175170898,
            -0.5226324796676636,
            -1.2676632404327393,
            -0.10433626174926758,
            -2.185019016265869,
            -0.5150563716888428,
            -1.8909258842468262,
            -3.1033473014831543,
            -2.276756525039673
        ],
        [
            -23.274993896484375,
            -19.062658309936523,
            3.7913622856140137,
            1.0991442203521729,
            -0.20731139183044434,
            0.9763014316558838,
            -3.469916820526123,
            -0.1344892978668213,
            -0.529996395111084,
            2.2502028942108154
        ],
        [
            -17.628040313720703,
            1.7527254819869995,
            -4.527576923370361,
            0.16460704803466797,
            1.6288886070251465,
            1.1223771572113037,
            -1.953871488571167,
            4.17067813873291,
            0.6099810600280762,
            -0.7935256958007812
        ],
        [
            -12.389081001281738,
            6.351339817047119,
            1.2795401811599731,
            1.1378147602081299,
            1.6080238819122314,
            1.5313336849212646,
            0.515268087387085,
            -3.5293948650360107,
            1.0287387371063232,
            -3.749725818634033
        ],
        [
            0.08785092085599899,
            2.870149850845337,
            -4.8643388748168945,
            2.0391581058502197,
            0.1033468246459961,
            -0.4915890693664551,
            0.0066683292388916016,
            -0.8486495018005371,
            0.14265775680541992,
            -1.5484344959259033
        ],
        [
            -9.635132789611816,
            -4.068078517913818,
            0.6608654260635376,
            -10.529374122619629,
            0.6850864887237549,
            3.6883881092071533,
            -5.668407917022705,
            2.4739906787872314,
            -0.4091447591781616,
            -2.010110855102539
        ],
        [
            -0.2502795457839966,
            0.0806630477309227,
            -1.7684955596923828,
            -5.437376022338867,
            1.6104812622070312,
            1.121403455734253,
            2.6420600414276123,
            5.443042755126953,
            2.77516770362854,
            2.517143964767456
        ],
        [
            6.091673374176025,
            -15.920431137084961,
            3.136620283126831,
            1.657172441482544,
