{
    "collision_depths": [
        0.0012405433713638747,
        0.0673897774905876,
        0.07051181758521116,
        0.02446361652553759,
        0.09271086901309822,
        0.10165710146123529,
        0.0009059804372822992,
        0.0077943626489534925,
        0.009143405981051393,
        0.021368143682038408,
        0.031368143682037955,
        0.022383770985824555,
        0.03238377098581035,
        0.016553446145853894,
        0.012211876221379167,
        0.02130362052400983,
        0.031303620524009125,
        0.022060866848380715,
        0.03206086684838035,
        0.02701941477096138,
        0.03701941477096088,
        0.016228709537491972,
        0.012499978878461594,
        0.03740531880832224,
        0.003720755938778412,
        0.027405318808325075,
        0.019566533919796715,
        0.18563134806981446,
        0.06162139012420664,
        0.028644788773535074,
        0.05663176482968271,
        0.03231445961381622,
        0.06629307844342303,
        0.019393331721869415,
        0.03481873858336486,
        0.03404842916289551,
        0.07193429447477687,
        0.11838577910542455,
        0.05747239666201149,
        0.0012601459628068079,
        0.05170064111605458,
        0.024857366543031726,
        0.0017526366115963516,
        0.03089318219570725,
        0.019151707907557505,
        0.2080575711636024,
        0.19005510166727735,
        0.08716605736252953,
        0.10414436336578486,
        0.055324650235815585,
        0.055665467431368625,
        0.04931021222865836,
        0.030489564076255967,
        0.026214889424253998,
        0.010610112022698912,
        0.013501563798309694,
        0.3526602469581068,
        0.0047991119318906384,
        0.004710381905991136,
        0.07668339498655984,
        0.026369647232657393,
        0.3397363261558408,
        0.01501635578232479,
        0.007836205076172574,
        0.01568423871220602,
        0.0026890587939983833,
        0.012092505341377003
    ],
    "collision": true,
    "joint_limit_violation": true,
    "self_collision": true,
    "physical_violations": true,
    "config_smoothness": -3.2513222224469853,
    "eff_smoothness": -4.339084041818741,
    "eff_position_path_length": 758.4157354833928,
    "eff_orientation_path_length": 5944.766894157158,
    "physical_success": false,
    "time": 0.18909692764282227,
    "num_steps": 51,
    "trajectory_w": [
        [
            -7.792447566986084,
            -6.571203708648682,
            -1.9179720878601074,
            0.0,
            0.0,
            0.0,
            0.0,
            0.0,
            0.0,
            0.0
        ],
        [
            -4.899561882019043,
            -11.875923156738281,
            -0.5280196666717529,
            2.2089149951934814,
            0.8674955368041992,
            0.6080451011657715,
            -4.40552282333374,
            1.9339354038238525,
            1.8401150703430176,
            6.206259727478027
        ],
        [
            -9.498291015625,
            0.14509879052639008,
            3.7603650093078613,
            -1.7649579048156738,
            0.8849637508392334,
            0.18886923789978027,
            -2.8852899074554443,
            2.7044284343719482,
            -0.45258545875549316,
            1.626222848892212
        ],
        [
            -5.006023406982422,
            -19.62204933166504,
            0.1841585636138916,
            -1.049769401550293,
            4.212305068969727,
            2.1778972148895264,
            -4.996208190917969,
            5.485480308532715,
            -1.2819973230361938,
            2.672166109085083
        ],
        [
            3.384871244430542,
            -5.519515037536621,
            2.808764934539795,
            6.150996208190918,
            0.18565845489501953,
            4.412269592285156,
            -7.673407554626465,
            4.543407440185547,
            -0.0036258697509765625,
            0.6005995273590088
        ],
        [
            -3.21437668800354,
            -11.815849304199219,
            -6.622225761413574,
            -0.4238460063934326,
            0.6198797225952148,
            -5.406377792358398,
            -1.7016000747680664,
            1.5702159404754639,
            -0.7246509790420532,
            0.45047926902770996
        ],
        [
            -15.496207237243652,
            -1.2846386432647705,
            -0.35695576667785645,
            -0.19617223739624023,
            -3.027470827102661,
            0.9372804164886475,
            2.724313974380493,
            -0.21579408645629883,
            -1.653289794921875,
            -3.809338331222534
        ],
        [
            -6.188033580780029,
            -22.383872985839844,
            -4.847294330596924,
            2.270838975906372,
            -1.278548240661621,
            3.580040216445923,
            4.416897773742676,
            1.6114490032196045,
            -3.5409202575683594,
            -4.192382335662842
        ],
        [
            -4.729626655578613,
            -8.26725959777832,
            2.792942523956299,
            -8.180244445800781,
            1.430753231048584,
            -2.3709163665771484,
            -0.04311394691467285,
            -0.18267011642456055,
            1.3425004482269287,
            4.172883987426758
        ],
        [
            -15.531476020812988,
            -2.877565383911133,
            4.1725382804870605,
            0.3567676544189453,
            5.043668746948242,
            -5.071567535400391,
            -0.4877805709838867,
            -1.21842360496521,
            0.2819795608520508,
            -1.3198002576828003
        ],
        [
            -7.590134143829346,
            -8.724902153015137,
            -1.5200321674346924,
            -2.0447511672973633,
            -4.941161155700684,
            -2.72206711769104,
            -2.496932029724121,
            -0.4005005359649658,
            1.287651538848877,
            -7.8805999755859375
        ],
        [
            4.080540657043457,
            -8.713296890258789,
            -2.9213619232177734,
            -5.167726516723633,
            1.4446525573730469,
            7.5135650634765625,
            4.350648880004883,
            3.3319036960601807,
            0.906177282333374,
            -2.464308261871338
        ],
        [
            -0.7264822125434875,
            -5.667999267578125,
            -5.255141735076904,
            -6.406055450439453,
            1.6339757442474365,
            -6.836117744445801,
            0.6030879020690918,
            4.082257270812988,
            0.5387434959411621,
            4.43967342376709
        ],
        [
            -16.390655517578125,
            -1.7194719314575195,
            -3.407680034637451,
            -9.236586570739746,
            -5.267797470092773,
            3.180462121963501,
            -4.796875953674316,
            4.630251884460449,
            -3.578603744506836,
            4.196497917175293
        ],
        [
            0.35119563341140747,
            -15.816171646118164,
            -4.33627462387085,
            1.4435532093048096,
            1.5597124099731445,
            -4.327498912811279,
            -1.9893357753753662,
            0.6389832496643066,
            -2.816089630126953,
            2.7789700031280518
        ],
        [
            -6.566126823425293,
            -5.661355972290039,
            -1.6358625888824463,
            -0.25762152671813965,
            0.3653683662414551,
            -3.4817185401916504,
            -8.255704879760742,
            -1.122124195098877,
            -0.346293568611145,
            -5.608407020568848
        ],
        [
            6.407216548919678,
            -13.13728141784668,
            -0.7844021320343018,
            -2.0439603328704834,
            0.023993492126464844,
            4.985443115234375,
