{
    "collision_depths": [
        0.21910072061723784,
        0.2291007206172382,
        0.09392475611053447,
        0.08392475611053431,
        0.10185731741045169,
        0.0918573174104522,
        0.02719069508885746,
        0.037190695088857986,
        0.039529370587478484,
        0.029529370587478218,
        0.00656876343541762,
        0.008889804299521686,
        0.1908846467085645,
        0.016370432354549002,
        0.020702666594923935,
        0.06209974007502118,
        0.036470349482376915,
        0.017340218650581617,
        0.020281304228821562,
        0.15929864202028474,
        0.16929864202028513,
        0.21544953864674568,
        0.121506573332129
    ],
    "collision": true,
    "joint_limit_violation": true,
    "self_collision": true,
    "physical_violations": true,
    "config_smoothness": -4.08535486999585,
    "eff_smoothness": -5.418876603092454,
    "eff_position_path_length": 694.1535932512855,
    "eff_orientation_path_length": 6001.006674038735,
    "physical_success": false,
    "time": 0.48626279830932617,
    "num_steps": 51,
    "trajectory_w": [
        [
            -3.2619571685791016,
            -2.212993860244751,
            -0.3434448838233948,
            0.0,
            0.0,
            0.0,
            0.0,
            0.0,
            0.0,
            0.0
        ],
        [
            -2.5078842639923096,
            6.21364688873291,
            -0.41358810663223267,
            -0.4270915985107422,
            2.0160348415374756,
            -4.105891227722168,
            -0.693170428276062,
            6.889423370361328,
            -4.977075576782227,
            4.640305519104004
        ],
        [
            -6.939064025878906,
            7.711997985839844,
            4.7220964431762695,
            4.364106178283691,
            -0.03079390525817871,
            3.1813910007476807,
            0.3213942050933838,
            -1.7146494388580322,
            1.4014205932617188,
            -8.143156051635742
        ],
        [
            -12.08263111114502,
            -0.39913615584373474,
            -1.1756699085235596,
            -5.5618791580200195,
            -1.163704752922058,
            7.153286933898926,
            -0.46435070037841797,
            2.768874406814575,
            0.14526867866516113,
            -6.896742820739746
        ],
        [
            -1.017575740814209,
            -10.219985008239746,
            0.16492003202438354,
            0.4703176021575928,
            0.10694003105163574,
            -0.0355076789855957,
            0.40245771408081055,
            5.784635543823242,
            -0.10975778102874756,
            0.9783313274383545
        ],
        [
            -18.959272384643555,
            -29.843358993530273,
            -5.404596328735352,
            -6.6569390296936035,
            0.7655775547027588,
            -5.3879594802856445,
            -1.7881014347076416,
            4.664200782775879,
            -2.2377731800079346,
            8.489415168762207
        ],
        [
            -10.316091537475586,
            3.142427682876587,
            -1.1213014125823975,
            0.8214561939239502,
            3.3300135135650635,
            -5.727309226989746,
            -0.698278546333313,
            0.49498820304870605,
            -0.5872271060943604,
            9.99691390991211
        ],
        [
            -7.346147060394287,
            -11.138118743896484,
            4.1878862380981445,
            -5.899724006652832,
            3.988149881362915,
            -5.8388671875,
            -3.5335066318511963,
            0.890636682510376,
            -0.39843761920928955,
            2.9161250591278076
        ],
        [
            -9.853663444519043,
            2.507493257522583,
            -1.8029546737670898,
            -6.726480484008789,
            3.1708080768585205,
            5.531170845031738,
            2.3140060901641846,
            1.432307481765747,
            5.929224967956543,
            2.1229135990142822
        ],
        [
            -8.631348609924316,
            6.745853424072266,
            1.293954610824585,
            -4.463970184326172,
            1.047520399093628,
            5.315739631652832,
            -1.2064098119735718,
            1.9928667545318604,
            -3.4871323108673096,
            -3.8617544174194336
        ],
        [
            1.4027915000915527,
            -2.1954312324523926,
            9.640357971191406,
            -7.727536201477051,
            0.6462650299072266,
            2.61323618888855,
            -3.761676788330078,
            2.9614322185516357,
            -6.126110076904297,
            -0.35798192024230957
        ],
        [
            13.358927726745605,
            -4.51458215713501,
            -3.7097511291503906,
            -1.9146783351898193,
            0.14876699447631836,
            -2.4197769165039062,
            3.005418539047241,
            5.422426223754883,
            -0.9528757333755493,
            8.15960693359375
        ],
        [
            4.020373344421387,
            3.3019065856933594,
            6.152501106262207,
            -3.8280625343322754,
            0.3784217834472656,
            0.17192983627319336,
            -1.5254998207092285,
            0.24697470664978027,
            -1.387024164199829,
            2.93361496925354
        ],
        [
            12.06867790222168,
            10.603850364685059,
            -1.4822959899902344,
            1.0708534717559814,
            -7.9985246658325195,
            8.700699806213379,
            0.997689962387085,
            1.4456565380096436,
            3.0392725467681885,
            -0.8599166870117188
        ],
        [
            -12.791297912597656,
            -6.020903587341309,
            1.6604945659637451,
            -10.88654613494873,
            1.0862102508544922,
            5.127683639526367,
            -1.5256913900375366,
            -2.954960823059082,
            2.5335023403167725,
            -1.2549959421157837
        ],
        [
            -11.430511474609375,
            -2.2055857181549072,
            2.3951499462127686,
            0.8329775333404541,
            -1.4693472385406494,
            1.145186185836792,
            0.2453155517578125,
            7.391175270080566,
            -3.291032314300537,
            -4.599078178405762
        ],
        [
            0.18458224833011627,
            8.868483543395996,
            -1.5388717651367188,
            -12.29688835144043,
            -5.8684234619140625,
            -1.164186954498291,
            3.3601386547088623,
            -5.681915283203125,
            0.1873302459716797,
            -6.298874378204346
        ],
        [
            -1.2556555271148682,
            -3.7134342193603516,
            2.405113935470581,
            0.6379690170288086,
            4.973965644836426,
            -1.0501353740692139,
            -3.3880209922790527,
            -4.07100772857666,
            -2.809666156768799,
            2.780200719833374
        ],
        [
            -4.222080230712891,
            -0.19401054084300995,
            0.5750963091850281,
            0.9599425792694092,
            5.33498477935791,
            -2.1162261962890625,
            -0.14677691459655762,
            3.0060441493988037,
            -1.7754462957382202,
            -2.8618171215057373
        ],
        [
            -3.454305648803711,
            -11.618453979492188,
            1.6002781391143799,
            -0.7322263717651367,
            -0.2665318250656128,
            -8.556395530700684,
            -3.786789894104004,
            -2.7226574420928955,
            -2.8440358638763428,
            7.76255989074707
        ],
        [
            -6.456315994262695,
            -10.133994102478027,
            2.3731229305267334,
            -4.3117265701293945,
