{
    "collision_depths": [
        0.2611152736865447,
        0.25111527368654263,
        0.12557223568373058,
        0.11868404745728889,
        0.23167668709350556,
        0.25679697493480685,
        0.10624880865719614,
        0.17703829192529016,
        0.01589280789696709,
        0.16196504972736692,
        0.22296164746329586,
        0.19188664890871548,
        0.2762048923829665,
        0.28309308060941113,
        0.012119338127954522,
        0.0021193381279523455,
        0.024283032620405952,
        0.03428303262040636,
        0.022421769908888323,
        0.012421769908886224,
        0.025333147285579033,
        0.03533314728557857,
        0.042827203140658014,
        0.05282720314065821,
        0.03907938151726059,
        0.02855145435426326,
        0.10989053872553414,
        0.07049683223191512,
        0.035077036340444456,
        0.07159927663099228,
        0.015384685572249394,
        0.011018353043004522,
        0.0237355116647613,
        0.037431063723089894,
        0.07260502426394419,
        0.03533521446883091,
        0.06001545949882569,
        0.021858793779889654,
        0.03450534260409413,
        0.0004942251777713206,
        0.007727013667251304,
        0.0002378176700753185,
        0.20842951125842019,
        0.19842951125842218,
        0.027424035442539255,
        0.017424035442540807,
        0.03263725666898389,
        0.02263725666898545,
        0.006746602013073363,
        0.004888250640053804,
        0.001995499910086175,
        0.05216286067994139,
        0.011857227924228048,
        0.12849968596799044,
        0.13503947657382936,
        0.15818383824243507,
        0.06804724950623546,
        0.04924136691166832,
        0.30907541314484976,
        0.2534235877461148,
        0.05226385039780288,
        0.21556104747400892,
        0.144433642138721,
        0.11394693266454804,
        0.07177746779483224,
        0.016767952369822044,
        0.01172608791109251,
        0.014505384996056726,
        0.003989419408956763
    ],
    "collision": true,
    "joint_limit_violation": true,
    "self_collision": true,
    "physical_violations": true,
    "config_smoothness": -3.35343547297199,
    "eff_smoothness": -3.8898207588300733,
    "eff_position_path_length": 763.2428517084816,
    "eff_orientation_path_length": 5797.221179199782,
    "physical_success": false,
    "time": 0.4368155002593994,
    "num_steps": 51,
    "trajectory_w": [
        [
            -4.86311149597168,
            -1.7732142210006714,
            0.1753333956003189,
            0.0,
            0.0,
            0.0,
            0.0,
            0.0,
            0.0,
            0.0
        ],
        [
            4.802279949188232,
            2.7727856636047363,
            -1.3244439363479614,
            4.909695625305176,
            1.6374425888061523,
            9.43492603302002,
            1.874518632888794,
            -2.143801689147949,
            -4.506331443786621,
            5.189798355102539
        ],
        [
            -4.3760151863098145,
            2.3884313106536865,
            0.8828233480453491,
            5.868838310241699,
            2.997093915939331,
            -1.8157198429107666,
            -8.867671966552734,
            -0.21292567253112793,
            -0.04700970649719238,
            -4.459247589111328
        ],
        [
            -5.329516410827637,
            -16.53152847290039,
            0.5359989404678345,
            -1.826840877532959,
            4.6176347732543945,
            3.102795362472534,
            -2.93582820892334,
            -1.104656457901001,
            2.0136306285858154,
            -0.26781320571899414
        ],
        [
            -3.223180055618286,
            -0.6232393980026245,
            -5.294031620025635,
            -1.012636423110962,
            0.699927806854248,
            -4.982593059539795,
            -2.600166082382202,
            2.2518651485443115,
            -0.40841686725616455,
            2.7417123317718506
        ],
        [
            -2.411059617996216,
            1.868891954421997,
            -0.667648196220398,
            0.7811992168426514,
            -1.6636863946914673,
            -1.9333077669143677,
            1.3908898830413818,
            1.5263769626617432,
            -1.4339756965637207,
            2.091414213180542
        ],
        [
            -11.55348014831543,
            -4.904717445373535,
            -2.382530450820923,
            -3.23787784576416,
            -4.136789321899414,
            -1.5870214700698853,
            3.7059519290924072,
            -3.495694398880005,
            -1.2877801656723022,
            -4.643182754516602
        ],
        [
            -2.3438072204589844,
            -5.627880573272705,
            -0.1613064855337143,
            -6.165488243103027,
            3.298570394515991,
            5.312094688415527,
            -1.764681339263916,
            4.656721115112305,
            0.23865056037902832,
            6.242310523986816
        ],
        [
            -11.26121711730957,
            6.289029598236084,
            3.7821171283721924,
            -0.9416768550872803,
            4.345087051391602,
            0.1240684986114502,
            -3.838726282119751,
            7.717557907104492,
            -0.3256744146347046,
            -0.9924197196960449
        ],
        [
            12.39428424835205,
            -4.708714485168457,
            0.37932288646698,
            -2.324934720993042,
            6.68326473236084,
            4.8169145584106445,
            1.410031795501709,
            1.9314415454864502,
            6.310919761657715,
            6.307621002197266
        ],
        [
            -7.956897258758545,
            1.7083733081817627,
            3.0263726711273193,
            2.6847856044769287,
            -4.240819931030273,
            1.1134731769561768,
            -3.5875961780548096,
            -0.45192599296569824,
            -0.5197658538818359,
            -5.943688869476318
        ],
        [
            -18.985044479370117,
            -4.0106096267700195,
            1.1180115938186646,
            -4.416552543640137,
            1.046621561050415,
            5.550657272338867,
            -0.23174548149108887,
            3.834696054458618,
            -1.86245858669281,
            6.321436882019043
        ],
        [
            19.117704391479492,
            -8.728123664855957,
            -9.96009349822998,
            4.757632255554199,
            -4.111557960510254,
            6.645641326904297,
            0.8160393238067627,
            1.0908229351043701,
            -7.525774002075195,
            2.3096868991851807
        ],
        [
            -8.70983600616455,
            1.1543335914611816,
            2.919827699661255,
            5.931116104125977,
            2.5045740604400635,
            1.4178617000579834,
            -3.870762825012207,
            2.626380205154419,
            2.3986098766326904,
            2.8691623210906982
        ],
        [
            -6.328127861022949,
            4.383368968963623,
            -9.116222381591797,
            -1.1057910919189453,
            1.1502907276153564,
            -1.6456594467163086,
            -0.3293757438659668,
            -2.540351390838623,
            -0.24475836753845215,
            0.7327244281768799
        ],
        [
            -6.260900974273682,
            6.555918216705322,
            1.3258038759231567,
            0.43492937088012695,
            2.8417398929595947,
            -6.726686477661133,
            -6.691190719604492,
            -9.287384033203125,
            -1.13003671169281,
            -3.713369369506836
        ],
        [
            -20.754741668701172,
            1.6412897109985352,
            -3.5581252574920654,
            -1.7696881294250488,
            -0.1820821762084961,
