{
    "collision_depths": [
        0.010685904668549915,
        0.09139537844132455,
        0.10139451233356978,
        0.0372396003291039,
        0.006842347108783144,
        0.1790440756462093,
        0.0034403639113224165,
        0.008944446010187727,
        0.09741784279583224,
        0.09745065400844084,
        0.21697894938519766,
        0.16371436137391526,
        0.1721645451047579,
        0.21394437341096353,
        0.1930596788945356,
        0.08821304927047727,
        0.16833498897730242,
        0.21706543092777209,
        0.21984921702908503,
        0.26037249575081306,
        0.23380554350596047,
        0.1183737938335062,
        0.11581454004461199,
        0.06666564356631256,
        0.0756516389160211,
        0.05084581609954364,
        0.0018970284660918023,
        0.02958996683579789,
        0.010725433069226705,
        0.02736025148721266,
        0.11780198571927603,
        0.054259357710506544,
        0.076449845596744,
        0.11799460567860479,
        0.03110179364624071,
        0.03585276450236626,
        0.05695444434000513,
        0.0011817636702276576,
        0.055004256049128813,
        0.06907906760775233,
        0.029155166871162843,
        0.014489989869527679,
        0.05859858271147657,
        0.07226390188428854,
        0.058674798515322,
        0.06825922393660631,
        0.011473717759291402,
        0.036228557460075896,
        0.0064169673538215675,
        0.027631701154633485,
        0.008346235278592289,
        0.01822397954183482,
        0.00952792069772114,
        0.013201191025538055,
        0.028844092340418813,
        0.012712894900768183,
        0.027436396482304358,
        0.04741214299153207,
        0.009887664797697367,
        0.2470946335393835,
        0.02376701167504962,
        0.23709463353954585
    ],
    "collision": true,
    "joint_limit_violation": true,
    "self_collision": true,
    "physical_violations": true,
    "config_smoothness": -3.8115111107089557,
    "eff_smoothness": -4.374329050017424,
    "eff_position_path_length": 741.6158716681882,
    "eff_orientation_path_length": 6855.387823067873,
    "physical_success": false,
    "time": 0.18210482597351074,
    "num_steps": 51,
    "trajectory_w": [
        [
            -7.948707580566406,
            -9.5711030960083,
            0.17510025203227997,
            0.0,
            0.0,
            0.0,
            -2.384185791015625e-07,
            0.0,
            0.0,
            0.0
        ],
        [
            0.5301021337509155,
            -4.648135185241699,
            -0.13928921520709991,
            -2.171353816986084,
            1.0054545402526855,
            -0.47095370292663574,
            -2.8733341693878174,
            2.569171667098999,
            2.2373416423797607,
            7.354466438293457
        ],
        [
            -6.516020774841309,
            -10.38220500946045,
            1.4732743501663208,
            -1.6052918434143066,
            1.239630937576294,
            -2.040525436401367,
            2.774982213973999,
            -8.458588600158691,
            0.6794981956481934,
            6.075933456420898
        ],
        [
            -3.128364324569702,
            -20.42169761657715,
            -0.8513665795326233,
            9.36641788482666,
            2.6744964122772217,
            2.5537288188934326,
            1.797656774520874,
            6.260363578796387,
            2.480844259262085,
            4.512016296386719
        ],
        [
            -6.781359672546387,
            -13.532512664794922,
            0.35149163007736206,
            -2.825317859649658,
            -0.427024245262146,
            4.310232162475586,
            4.595409393310547,
            2.5510661602020264,
            -3.1516432762145996,
            3.8752248287200928
        ],
        [
            -18.202760696411133,
            7.062254428863525,
            3.8988850116729736,
            0.5754454135894775,
            -0.4648549556732178,
            1.2247517108917236,
            3.1136324405670166,
            6.800632476806641,
            -3.016950845718384,
            4.722784042358398
        ],
        [
            6.8078460693359375,
            -4.043654441833496,
            11.050965309143066,
            -4.418266296386719,
            -2.412940740585327,
            -6.525382995605469,
            -0.7366536855697632,
            3.1969897747039795,
            -1.1194584369659424,
            4.734715461730957
        ],
        [
            -13.403802871704102,
            -15.809488296508789,
            5.64566707611084,
            -1.231358528137207,
            -2.5207748413085938,
            7.32273006439209,
            5.395954132080078,
            2.651992082595825,
            4.403592109680176,
            1.238107442855835
        ],
        [
            -22.620973587036133,
            -16.510257720947266,
            -0.3506506085395813,
            -8.409036636352539,
            6.09207820892334,
            4.720233917236328,
            -4.3617119789123535,
            3.4061009883880615,
            -5.2444658279418945,
            -3.0072712898254395
        ],
        [
            -9.525909423828125,
            -17.17397117614746,
            -1.9611245393753052,
            -1.0221211910247803,
            1.3148696422576904,
            0.9881417751312256,
            2.2233660221099854,
            1.4242541790008545,
            -0.08261275291442871,
            -1.9032728672027588
        ],
        [
            -10.909300804138184,
            -26.964691162109375,
            -1.109776496887207,
            -3.4818623065948486,
            2.4797232151031494,
            -5.225362300872803,
            -5.67356014251709,
            -1.5551985502243042,
            -2.949896812438965,
            -1.777908444404602
        ],
        [
            -14.151063919067383,
            -26.46599578857422,
            1.9375282526016235,
            -4.38362979888916,
            1.2916181087493896,
            -0.8091228008270264,
            -2.1569910049438477,
            0.46616435050964355,
            -1.979640007019043,
            4.9405517578125
        ],
        [
            -3.2145426273345947,
            -23.739336013793945,
            -1.7886781692504883,
            -5.3303399085998535,
            4.902705192565918,
            4.792258262634277,
            5.041735649108887,
            -1.3717145919799805,
            -3.2542381286621094,
            -1.632276177406311
        ],
        [
            -6.54128360748291,
            -4.66995096206665,
            2.0907022953033447,
            -0.6913652420043945,
            -0.22976064682006836,
            4.195408821105957,
            6.61256217956543,
            3.6521003246307373,
            -2.6283302307128906,
            2.5905444622039795
        ],
        [
            -2.991201639175415,
            -14.687646865844727,
            2.311506986618042,
            -5.448219299316406,
            -1.7994402647018433,
            1.4450929164886475,
            4.336648941040039,
            -4.728302001953125,
            -0.9292044639587402,
            4.297756195068359
        ],
        [
            -10.329704284667969,
            2.077819585800171,
            3.638861894607544,
            -0.36596012115478516,
            -4.6325364112854,
            4.696111679077148,
            3.45406174659729,
            -0.13336467742919922,
            3.190286874771118,
            4.6969099044799805
        ],
        [
            1.0582810640335083,
            -11.696770668029785,
            1.6555711030960083,
            -7.200227737426758,
            -1.9979147911071777,
            -3.4000909328460693,
            0.9232068061828613,
            -1.646789312362671,
            -1.5647709369659424,
            2.1525886058807373
        ],
        [
