{
    "collision_depths": [
        0.03246858329365066,
        0.02246856839988904,
        0.08372807909646243,
        0.029486485245285528,
        0.01683887467925388,
        0.045535351812300305,
        0.05178287238159598,
        0.07767104210262069,
        0.032988066058066826,
        0.05033607754983781,
        0.006193575600517377,
        0.10256154251567912,
        0.11375855475300575
    ],
    "collision": true,
    "joint_limit_violation": false,
    "self_collision": true,
    "physical_violations": true,
    "config_smoothness": -5.371897697926962,
    "eff_smoothness": -9.565638066207573,
    "eff_position_path_length": 95.69121716903801,
    "eff_orientation_path_length": 5908.56836080723,
    "physical_success": false,
    "time": 5.280187606811523,
    "num_steps": 51,
    "trajectory_w": [
        [
            -11.326449394226074,
            -6.482901096343994,
            -2.265101671218872,
            0.0,
            0.0,
            0.0,
            0.0,
            0.0,
            0.0,
            0.0
        ],
        [
            -9.137735366821289,
            -2.9630491733551025,
            -0.16077947616577148,
            -0.90289306640625,
            0.7005033493041992,
            1.4255311489105225,
            -1.5815715789794922,
            1.2126953601837158,
            -0.3812919855117798,
            -0.36460328102111816
        ],
        [
            -7.6921820640563965,
            -1.701358437538147,
            0.8764910697937012,
            -1.7861918210983276,
            1.1422429084777832,
            2.6309750080108643,
            -2.569999933242798,
            2.3913557529449463,
            -0.8599653244018555,
            -0.6626994609832764
        ],
        [
            -8.41067886352539,
            -1.1031379699707031,
            0.8764910697937012,
            -2.6488494873046875,
            1.2195093631744385,
            3.1415927410125732,
            -2.569999933242798,
            3.1415927410125732,
            -1.4460105895996094,
            -0.8605239391326904
        ],
        [
            -8.399051666259766,
            -1.112818956375122,
            0.8764910697937012,
            -3.1415927410125732,
            1.022315502166748,
            3.1415927410125732,
            -2.569999933242798,
            3.1415927410125732,
            -2.0449607372283936,
            -0.9493052959442139
        ],
        [
            -9.6719388961792,
            -0.0530129037797451,
            0.8764910697937012,
            -3.1415927410125732,
            -1.3710520267486572,
            3.1415927410125732,
            -2.569999933242798,
            3.1415927410125732,
            -0.8806660175323486,
            1.8426687717437744
        ],
        [
            -10.751566886901855,
            0.8458849787712097,
            -0.2627696990966797,
            -3.1415927410125732,
            -0.8720583915710449,
            3.1415927410125732,
            -2.569999933242798,
            3.1415927410125732,
            -2.0899999141693115,
            3.1415927410125732
        ],
        [
            -11.087425231933594,
            0.2601674497127533,
            -0.6780576705932617,
            -3.1415927410125732,
            1.5816388130187988,
            3.1000311374664307,
            -2.5361251831054688,
            3.1415927410125732,
            -2.0899999141693115,
            3.1415927410125732
        ],
        [
            -9.297605514526367,
            -0.36468279361724854,
            -1.8491907119750977,
            -2.180086612701416,
            0.3636205196380615,
            -0.11556601524353027,
            -2.569999933242798,
            3.1415927410125732,
            -1.5831303596496582,
            3.1415927410125732
        ],
        [
            -8.403583526611328,
            -1.1090457439422607,
            -2.336815357208252,
            -0.4720025062561035,
            -0.9780974388122559,
            -0.16227102279663086,
            -2.569999933242798,
            2.5744054317474365,
            -0.7634848356246948,
            0.8493890762329102
        ],
        [
            -9.264217376708984,
            -0.3924816846847534,
            0.015822410583496094,
            -3.1415927410125732,
            -1.3096680641174316,
            1.179645299911499,
            -1.6845588684082031,
            2.473346471786499,
            -2.0899999141693115,
            -1.2936757802963257
        ],
        [
            -13.435812950134277,
            -1.095884919166565,
            0.8764910697937012,
            -3.1415927410125732,
            -1.1863280534744263,
            1.5149433612823486,
            1.6811058521270752,
            0.8481326103210449,
            -0.45370209217071533,
            -0.3934292793273926
        ],
        [
            -17.46385955810547,
            -4.477108478546143,
            0.8764910697937012,
            -3.1415927410125732,
            1.6810479164123535,
            0.7500412464141846,
            1.3893911838531494,
            -0.5254690647125244,
            -1.0864390134811401,
            1.9185192584991455
        ],
        [
            -18.507488250732422,
            -5.730565547943115,
            0.8764910697937012,
            -3.1020283699035645,
            1.2061097621917725,
            0.2361435890197754,
            -0.8796654939651489,
            -2.1404314041137695,
            -0.18743586540222168,
            3.1415927410125732
        ],
        [
            -14.597662925720215,
            -4.9044575691223145,
            0.8764910697937012,
            -0.8186595439910889,
            -2.240000009536743,
            2.7006399631500244,
            -1.5710623264312744,
            -1.90263831615448,
            0.5296194553375244,
            2.9197933673858643
        ],
        [
            -7.722578525543213,
            -3.6850051879882812,
            0.8764910697937012,
            -1.651527762413025,
            -2.240000009536743,
            3.1415927410125732,
            -2.569999933242798,
            1.8103463649749756,
            -1.3532592058181763,
            0.15227317810058594
        ],
        [
            -5.8968377113342285,
            -3.196162223815918,
            0.8764910697937012,
            -3.1415927410125732,
            0.9728717803955078,
            3.1415927410125732,
            -2.569999933242798,
            3.1415927410125732,
            -2.0899999141693115,
            -1.8093764781951904
        ],
        [
            -8.250394821166992,
            -1.2365902662277222,
            0.8764910697937012,
            -3.1415927410125732,
            2.240000009536743,
            3.1415927410125732,
            -0.8538402318954468,
            3.1415927410125732,
            -2.0102391242980957,
            -1.5089704990386963
        ],
        [
            -11.54327392578125,
            1.5050607919692993,
            0.8764910697937012,
            -3.1415927410125732,
            0.23091936111450195,
            2.9421885013580322,
            0.6646912097930908,
            3.1415927410125732,
            -2.0899999141693115,
            0.18503308296203613
        ],
        [
            -12.098329544067383,
            1.9671995639801025,
            -1.5639369487762451,
            -1.7881065607070923,
            -0.8152530193328857,
            0.3745400905609131,
            0.2725105285644531,
            3.1415927410125732,
            -2.0899999141693115,
            1.3587357997894287
        ],
        [
            -12.098329544067383,
            1.9671995639801025,
            -4.844169616699219,
            2.3338468074798584,
            0.9369170665740967,
            -0.43732786178588867,
            -1.7901277542114258,
            2.6600944995880127,
            -2.0899999141693115,
            2.328122854232788
        ],
        [
            -12.098329544067383,
