{
    "collision_depths": [
        0.062326135583677604,
        0.04922021301547198,
        0.020276193624299332,
        0.039110157505678866,
        0.0479883709499537,
        0.019620170441198983,
        0.008616041986249602,
        0.01736455411654835,
        0.0008575857237230009,
        0.013050645692059562,
        0.003780993052033008,
        0.029245949586427927,
        0.012579886635913204,
        0.014277921084189314,
        0.028534068250130353,
        0.013864111687908128,
        0.020952840478414808,
        0.018104997274261785,
        0.030668470333792164,
        0.028857196017647222,
        0.04304149973265555,
        0.016852579504830763,
        0.008002421648104661,
        0.06948638740408401,
        0.07236913575742887,
        0.15967295005797552,
        0.13173039577255105,
        0.17690856651934037,
        0.015234205457946053,
        0.015194501918750564,
        0.015082004844217034,
        0.005482993079100639,
        0.010895309814857994,
        0.2567658620481994,
        0.1848677890229279
    ],
    "collision": true,
    "joint_limit_violation": false,
    "self_collision": true,
    "physical_violations": true,
    "config_smoothness": -3.9398700766024426,
    "eff_smoothness": -4.7902943258973,
    "eff_position_path_length": 122.24608762930134,
    "eff_orientation_path_length": 6301.433621938074,
    "physical_success": false,
    "time": 6.109332084655762,
    "num_steps": 51,
    "trajectory_w": [
        [
            -9.474478721618652,
            -9.336901664733887,
            0.17461851239204407,
            0.0,
            0.0,
            0.0,
            0.0,
            0.0,
            0.0,
            0.0
        ],
        [
            -10.91510009765625,
            -10.86556339263916,
            0.9786326885223389,
            -0.3501558303833008,
            -0.15525555610656738,
            0.1047208309173584,
            -1.2068380117416382,
            1.2445805072784424,
            -0.28738534450531006,
            0.0020647048950195312
        ],
        [
            -10.972297668457031,
            -12.970267295837402,
            1.6388540267944336,
            -0.6755311489105225,
            -0.4428063631057739,
            0.12115120887756348,
            -2.2781474590301514,
            2.342417001724243,
            -0.7096971273422241,
            0.07162737846374512
        ],
        [
            -12.25082015991211,
            -13.761920928955078,
            2.1023693084716797,
            -1.0144879817962646,
            -0.8830651044845581,
            0.07957077026367188,
            -2.569999933242798,
            3.1415927410125732,
            -1.2682762145996094,
            0.24524974822998047
        ],
        [
            -12.214674949645996,
            -15.193368911743164,
            2.424323558807373,
            -1.415787935256958,
            -1.3965978622436523,
            0.07605910301208496,
            -2.569999933242798,
            3.1415927410125732,
            -1.858636498451233,
            0.5181200504302979
        ],
        [
            -11.249996185302734,
            -13.2484769821167,
            1.9251484870910645,
            -3.1415927410125732,
            -1.3919403553009033,
            2.806175470352173,
            -2.569999933242798,
            2.8345787525177,
            -0.41598641872406006,
            2.563232660293579
        ],
        [
            -10.702199935913086,
            -11.616142272949219,
            3.316211223602295,
            -3.002037286758423,
            -1.3910670280456543,
            3.1415927410125732,
            -2.569999933242798,
            3.1415927410125732,
            1.4712939262390137,
            3.1415927410125732
        ],
        [
            -11.78664493560791,
            -11.985233306884766,
            3.316211223602295,
            -0.8110525608062744,
            0.6683521270751953,
            3.1415927410125732,
            -2.569999933242798,
            3.1415927410125732,
            0.027230262756347656,
            2.985722780227661
        ],
        [
            -13.799825668334961,
            -13.606196403503418,
            3.316211223602295,
            -0.8471801280975342,
            2.240000009536743,
            3.1415927410125732,
            -2.569999933242798,
            3.1415927410125732,
            -1.4318480491638184,
            0.34067630767822266
        ],
        [
            -14.581099510192871,
            -13.630636215209961,
            2.4612832069396973,
            -3.1415927410125732,
            2.240000009536743,
            3.1415927410125732,
            -2.569999933242798,
            3.1415927410125732,
            -1.423895239830017,
            -2.298875331878662
        ],
        [
            -13.027868270874023,
            -10.633695602416992,
            0.8939290046691895,
            -3.1415927410125732,
            0.6079401969909668,
            3.1415927410125732,
            -2.569999933242798,
            3.1415927410125732,
            -1.7999311685562134,
            -2.0396952629089355
        ],
        [
            -10.386201858520508,
            -5.9874773025512695,
            1.6852564811706543,
            -3.1415927410125732,
            -0.009210586547851562,
            3.1415927410125732,
            -2.014439582824707,
            3.1415927410125732,
            -1.5337032079696655,
            0.2237098217010498
        ],
        [
            -8.523492813110352,
            -3.0926897525787354,
            1.2779650688171387,
            -2.5349180698394775,
            2.091902494430542,
            3.1415927410125732,
            -2.569999933242798,
            3.1415927410125732,
            1.673966407775879,
            0.5258543491363525
        ],
        [
            -8.34203052520752,
            -3.1156725883483887,
            1.1058306694030762,
            -1.1223042011260986,
            1.056567907333374,
            3.1415927410125732,
            -1.5548750162124634,
            1.3956272602081299,
            2.0899999141693115,
            -0.7494604587554932
        ],
        [
            -9.160510063171387,
            -6.254173278808594,
            2.3890719413757324,
            -2.5316829681396484,
            -1.405511736869812,
            3.1415927410125732,
            1.6150634288787842,
            -0.4593822956085205,
            -0.11424517631530762,
            -0.540372371673584
        ],
        [
            -10.103997230529785,
            -10.644807815551758,
            3.316211223602295,
            -3.1415927410125732,
            -1.797447681427002,
            3.1415927410125732,
            2.4837119579315186,
            -0.6773209571838379,
            -0.5945014953613281,
            0.5854611396789551
        ],
        [
            -10.474481582641602,
            -12.43093490600586,
            3.316211223602295,
            -3.1415927410125732,
            0.6549575328826904,
            1.8388559818267822,
            -0.04583883285522461,
            0.7455048561096191,
            0.24161958694458008,
            0.79152512550354
        ],
        [
            -10.871404647827148,
            -10.954989433288574,
            1.7132887840270996,
            -3.1415927410125732,
            2.2369749546051025,
            1.0683567523956299,
            -2.569999933242798,
            3.0643999576568604,
            -1.27606201171875,
            2.8125240802764893
        ],
        [
            -11.998003959655762,
            -7.391162395477295,
            1.688774585723877,
            -3.1415927410125732,
            1.3407196998596191,
            3.1415927410125732,
            -2.569999933242798,
            3.1415927410125732,
            -1.458530306816101,
            3.1415927410125732
        ],
        [
            -13.538415908813477,
            -4.587607383728027,
