{
    "collision_depths": [
        0.044284415297091706,
        0.05428441529709084,
        0.05677820492437151,
        0.046778204924361626,
        0.06796599965076995,
        0.20473371446251584,
        0.19473371446251642,
        0.003785753949278304,
        0.045207880969812854,
        0.017884731497706995,
        0.12993287881096238,
        0.10795216379854386,
        0.014311786331460798,
        0.07505600008052016,
        0.03047438582437877,
        0.04609057160281753,
        0.15501121604625342,
        0.14158533926095168,
        0.0764039311570217,
        0.10514282538988695,
        0.14765995331718573,
        0.013133005949098359,
        0.013155204598675998,
        0.12125651866219439,
        0.021159368743530055,
        0.024705036922313003,
        0.007187602005381851,
        0.04235883552615447,
        0.0323578565338201,
        0.0402304656640919,
        0.05022996220043908,
        0.03827083252663993,
        0.048270378492724135,
        0.00594983832963718,
        0.0001008682656647831
    ],
    "collision": true,
    "joint_limit_violation": false,
    "self_collision": true,
    "physical_violations": true,
    "config_smoothness": -4.452796068086789,
    "eff_smoothness": -5.737213022581112,
    "eff_position_path_length": 107.79907968435201,
    "eff_orientation_path_length": 5681.27142377354,
    "physical_success": false,
    "time": 5.346341371536255,
    "num_steps": 51,
    "trajectory_w": [
        [
            -7.361571311950684,
            -7.427155494689941,
            -0.6923149824142456,
            0.0,
            0.0,
            0.0,
            0.0,
            0.0,
            0.0,
            0.0
        ],
        [
            -12.04936408996582,
            -7.832202911376953,
            0.5409730672836304,
            -0.4556846618652344,
            0.5664246082305908,
            0.7779600620269775,
            0.4950230121612549,
            1.6692116260528564,
            -0.8665152788162231,
            0.8210968971252441
        ],
        [
            -15.106261253356934,
            -8.396086692810059,
            1.6572521924972534,
            -0.9455087184906006,
            1.1718823909759521,
            1.2281157970428467,
            0.9851515293121338,
            3.1415927410125732,
            -1.7597291469573975,
            1.646878957748413
        ],
        [
            -15.810118675231934,
            -8.215852737426758,
            2.449277877807617,
            -1.5399872064590454,
            1.841195821762085,
            1.2363998889923096,
            1.436187982559204,
            3.1415927410125732,
            -2.0899999141693115,
            2.4910409450531006
        ],
        [
            -15.810118675231934,
            -8.215852737426758,
            2.449277877807617,
            -2.281790018081665,
            2.240000009536743,
            0.9019176959991455,
            1.7886221408843994,
            3.1415927410125732,
            -2.0899999141693115,
            3.1415927410125732
        ],
        [
            -15.810118675231934,
            -8.215852737426758,
            2.2085957527160645,
            -3.1415927410125732,
            2.240000009536743,
            -3.1415927410125732,
            -1.3775180578231812,
            3.1415927410125732,
            -2.0899999141693115,
            3.1415927410125732
        ],
        [
            -15.810118675231934,
            -8.215852737426758,
            1.9128354787826538,
            -3.1415927410125732,
            2.240000009536743,
            -3.1415927410125732,
            -2.569999933242798,
            3.1415927410125732,
            -1.6171919107437134,
            3.1415927410125732
        ],
        [
            -15.810118675231934,
            -8.215852737426758,
            1.4129661321640015,
            -3.1415927410125732,
            2.240000009536743,
            -1.5221737623214722,
            -2.446964979171753,
            3.1415927410125732,
            -1.8763866424560547,
            3.1415927410125732
        ],
        [
            -15.810118675231934,
            -8.215852737426758,
            -0.5191181898117065,
            -3.1415927410125732,
            2.240000009536743,
            -0.25694823265075684,
            -1.1555086374282837,
            3.1415927410125732,
            -2.0899999141693115,
            3.1415927410125732
        ],
        [
            -14.977875709533691,
            -8.905978202819824,
            -1.9393447637557983,
            -3.1415927410125732,
            2.240000009536743,
            -1.1934988498687744,
            -1.9722590446472168,
            3.1415927410125732,
            -2.0899999141693115,
            3.1415927410125732
        ],
        [
            -14.325432777404785,
            -9.447007179260254,
            -1.2103365659713745,
            -3.1415927410125732,
            2.240000009536743,
            -0.262500524520874,
            -2.2682173252105713,
            3.1415927410125732,
            -2.0899999141693115,
            3.1415927410125732
        ],
        [
            -13.912150382995605,
            -9.789715766906738,
            0.9472478628158569,
            -3.1415927410125732,
            1.6392478942871094,
            2.017732858657837,
            -2.1546106338500977,
            3.1415927410125732,
            -2.0899999141693115,
            2.8615782260894775
        ],
        [
            -12.940056800842285,
            -10.595809936523438,
            1.2652558088302612,
            -3.1415927410125732,
            -0.2760276794433594,
            3.1415927410125732,
            -1.1410356760025024,
            3.1415927410125732,
            -0.97955322265625,
            -0.749626874923706
        ],
        [
            -10.972901344299316,
            -12.227045059204102,
            0.4485992193222046,
            -3.1415927410125732,
            0.7388575077056885,
            3.1415927410125732,
            -0.12476444244384766,
            3.1415927410125732,
            -1.2963873147964478,
            -0.6721863746643066
        ],
        [
            -7.429988384246826,
            -12.41921615600586,
            1.319686770439148,
            -1.984322190284729,
            0.031183958053588867,
            3.1415927410125732,
            2.32995867729187,
            0.003363370895385742,
            0.001260519027709961,
            2.443709135055542
        ],
        [
            -4.030331134796143,
            -10.392342567443848,
            2.449277877807617,
            -1.8216989040374756,
            -0.8861532211303711,
            2.587437868118286,
            2.569999933242798,
            -0.382343053817749,
            1.8769276142120361,
            3.1415927410125732
        ],
        [
            -3.136650562286377,
            -7.947273254394531,
            2.449277877807617,
            -3.1415927410125732,
            -0.5336614847183228,
            3.0233876705169678,
            2.569999933242798,
            3.012695074081421,
            0.8461616039276123,
            3.1415927410125732
        ],
        [
            -6.138037204742432,
            -8.579292297363281,
            2.449277877807617,
            -3.1415927410125732,
            2.240000009536743,
            3.1415927410125732,
            0.5799293518066406,
            3.1415927410125732,
            -0.17203104496002197,
            0.8444321155548096
        ],
        [
            -10.054512977600098,
            -10.973694801330566,
            2.449277877807617,
            -3.1415927410125732,
            2.1956331729888916,
            3.1415927410125732,
            -1.272365689277649,
            3.1415927410125732,
            -2.0899999141693115,
            1.2267487049102783
        ],
        [
            -10.581111907958984,
            -12.55193042755127,
            2.449277877807617,
