{
    "collision_depths": [
        0.010685904668549915,
        0.3111254037871584
    ],
    "collision": true,
    "joint_limit_violation": false,
    "self_collision": true,
    "physical_violations": true,
    "config_smoothness": -4.049699799626134,
    "eff_smoothness": -5.06723763228582,
    "eff_position_path_length": 127.23544674580866,
    "eff_orientation_path_length": 6084.139697079802,
    "physical_success": false,
    "time": 5.853136301040649,
    "num_steps": 51,
    "trajectory_w": [
        [
            -7.948707580566406,
            -9.5711030960083,
            0.17510025203227997,
            0.0,
            0.0,
            0.0,
            -2.384185791015625e-07,
            0.0,
            0.0,
            0.0
        ],
        [
            -9.500833511352539,
            -7.167819976806641,
            0.8958248496055603,
            -1.059185266494751,
            0.29465270042419434,
            0.7389099597930908,
            -0.972714900970459,
            -0.31836700439453125,
            0.42061591148376465,
            -0.13429045677185059
        ],
        [
            -11.028620719909668,
            -6.175085544586182,
            1.4799286127090454,
            -2.028177499771118,
            0.4321858882904053,
            1.4117662906646729,
            -1.7266666889190674,
            -0.5401773452758789,
            0.7228124141693115,
            -0.2688009738922119
        ],
        [
            -10.671403884887695,
            -4.129098892211914,
            1.8742762804031372,
            -2.896251678466797,
            0.3404848575592041,
            2.0133249759674072,
            -2.1786980628967285,
            -0.6095595359802246,
            0.8272542953491211,
            -0.42382240295410156
        ],
        [
            -10.99772834777832,
            -4.017341136932373,
            2.119191884994507,
            -3.1415927410125732,
            0.0667581558227539,
            2.5727293491363525,
            -2.4090049266815186,
            -0.5320637226104736,
            0.7386138439178467,
            -0.6270356178283691
        ],
        [
            -10.706889152526855,
            -7.847685813903809,
            0.6713535189628601,
            -3.1415927410125732,
            -1.1248372793197632,
            2.5814435482025146,
            -1.1132510900497437,
            1.9585907459259033,
            -2.0899999141693115,
            -2.1253435611724854
        ],
        [
            -10.739282608032227,
            -14.074082374572754,
            0.464199960231781,
            -3.1415927410125732,
            2.240000009536743,
            2.470062494277954,
            -2.569999933242798,
            3.1415927410125732,
            -2.0899999141693115,
            -2.175015926361084
        ],
        [
            -11.794211387634277,
            -16.344589233398438,
            1.9107266664505005,
            -3.1415927410125732,
            0.6506128311157227,
            3.1415927410125732,
            -2.569999933242798,
            3.1415927410125732,
            -2.0899999141693115,
            -0.20855069160461426
        ],
        [
            -12.471372604370117,
            -16.464387893676758,
            3.316693067550659,
            -2.2434139251708984,
            0.8288800716400146,
            3.1415927410125732,
            -1.5239394903182983,
            3.1415927410125732,
            -2.0899999141693115,
            1.6581289768218994
        ],
        [
            -11.715713500976562,
            -15.592205047607422,
            3.316693067550659,
            -2.1209716796875,
            2.1414177417755127,
            3.1415927410125732,
            0.3017690181732178,
            3.1415927410125732,
            -2.0899999141693115,
            0.6941912174224854
        ],
        [
            -10.452372550964355,
            -14.228143692016602,
            3.316693067550659,
            -3.1415927410125732,
            1.4179785251617432,
            1.4830286502838135,
            -2.569999933242798,
            3.1415927410125732,
            -2.0899999141693115,
            0.33541107177734375
        ],
        [
            -9.005555152893066,
            -15.48726749420166,
            3.316693067550659,
            -3.1415927410125732,
            0.628687858581543,
            -1.4571701288223267,
            -2.569999933242798,
            3.1415927410125732,
            -2.0899999141693115,
            -0.49994802474975586
        ],
        [
            -6.984875202178955,
            -15.493760108947754,
            3.316693067550659,
            -3.1415927410125732,
            2.240000009536743,
            0.02138662338256836,
            -2.569999933242798,
            3.1415927410125732,
            -0.2702265977859497,
            -0.0822763442993164
        ],
        [
            -4.2964277267456055,
            -15.01814079284668,
            3.316693067550659,
            -3.1415927410125732,
            2.240000009536743,
            2.689985513687134,
            0.17843055725097656,
            0.6279423236846924,
            2.0899999141693115,
            0.8189644813537598
        ],
        [
            -2.9984664916992188,
            -14.7885160446167,
            3.316693067550659,
            -3.1415927410125732,
            0.85784912109375,
            1.8943769931793213,
            1.3017950057983398,
            -1.451663613319397,
            0.5800714492797852,
            2.7170307636260986
        ],
        [
            -4.17646598815918,
            -14.996918678283691,
            2.5979368686676025,
            -3.1415927410125732,
            0.7251608371734619,
            -1.7057615518569946,
            0.3951587677001953,
            -1.5403494834899902,
            -2.0899999141693115,
            3.1415927410125732
        ],
        [
            -7.887360095977783,
            -13.718354225158691,
            1.3943740129470825,
            -2.0012974739074707,
            1.0242207050323486,
            -3.1415927410125732,
            0.6673357486724854,
            -1.8500827550888062,
            -2.0899999141693115,
            3.1415927410125732
        ],
        [
            -12.887755393981934,
            -10.065332412719727,
            0.9289540648460388,
            -0.8944964408874512,
            0.13898229598999023,
            -1.848517894744873,
            2.569999933242798,
            -0.8675434589385986,
            -1.4444550275802612,
            2.345472574234009
        ],
        [
            -14.637914657592773,
            -6.201990127563477,
            1.3567034006118774,
            -3.1415927410125732,
            0.42067718505859375,
            1.060945749282837,
            2.5624945163726807,
            3.091216802597046,
            -2.0899999141693115,
            -0.2811470031738281
        ],
        [
            -14.902203559875488,
            -4.708089828491211,
            2.50207781791687,
            -3.1415927410125732,
            0.8199911117553711,
            3.1415927410125732,
            1.6330735683441162,
            3.1415927410125732,
            -2.0899999141693115,
            -0.25480079650878906
        ],
        [
            -14.902203559875488,
            -4.708089828491211,
            1.8965884447097778,
            -3.1415927410125732,
            0.9453375339508057,
            3.1415927410125732,
            -1.3103424310684204,
            3.1415927410125732,
            -2.0899999141693115,
            1.7209999561309814
        ],
        [
            -14.887392044067383,
            -4.791810512542725,
            0.6920406222343445,
            -2.4507410526275635,
            -0.6216588020324707,
            3.1415927410125732,
            -2.3131320476531982,
            3.1415927410125732,
            -2.0899999141693115,
            3.1415927410125732
        ],
        [
