{
    "goal-reach": {
        "collision_depths": [
            [],
            [],
            [],
            [],
            [],
            [],
            [],
            [],
            [
                0.010685904668549915
            ],
            [],
            []
        ],
        "collision": [
            false,
            false,
            false,
            false,
            false,
            false,
            false,
            false,
            true,
            false,
            false
        ],
        "joint_limit_violation": [
            false,
            false,
            false,
            false,
            false,
            false,
            false,
            false,
            false,
            false,
            false
        ],
        "self_collision": [
            false,
            false,
            false,
            false,
            false,
            false,
            false,
            false,
            false,
            false,
            false
        ],
        "physical_violations": [
            false,
            false,
            false,
            false,
            false,
            false,
            false,
            false,
            true,
            false,
            false
        ],
        "config_smoothness": [
            -3.894566884487337,
            -2.4907857227908656,
            -2.663083175889257,
            -2.7574279593213054,
            -2.5008847590740286,
            -3.865994740172587,
            -2.4026841355399213,
            -2.610738523751842,
            -2.6240983222440653,
            -2.386736507080358,
            -2.4039619195938333
        ],
        "eff_smoothness": [
            -3.782090028482303,
            -1.6782394991209886,
            -2.65936828633232,
            -2.8816798739721614,
            -2.3049396853847623,
            -3.7047750592878,
            -1.6627150813201745,
            -2.3687053551546216,
            -2.5340425779060736,
            -2.126792890079944,
            -2.2695158393700865
        ],
        "eff_position_path_length": [
            2.080179161216502,
            2.7829137107868664,
            2.1604604905775546,
            2.171898489287929,
            2.382702322134158,
            2.7087027060864406,
            2.3797773344238102,
            3.0198364572834,
            2.1909383750067724,
            2.2610866557276044,
            2.232571459141437
        ],
        "eff_orientation_path_length": [
            194.04583299383188,
            196.85086673082589,
            95.95411782997165,
            147.71925464538475,
            193.63238350268412,
            188.96167002638114,
            204.80826188082068,
            109.59850915017547,
            194.2910279895408,
            142.03300831758747,
            102.90361216221866
        ],
        "physical_success": [
            true,
            true,
            true,
            true,
            true,
            true,
            true,
            true,
            false,
            true,
            true
        ],
        "time": [
            6.055145263671875,
            5.730490684509277,
            5.821593284606934,
            5.705899953842163,
            5.764597415924072,
            5.272966146469116,
            6.071660757064819,
            5.554490804672241,
            6.245220422744751,
            5.749669313430786,
            5.799889802932739
        ],
        "num_steps": [
            51,
            51,
            51,
            51,
            51,
            51,
            51,
            51,
            51,
            51,
            51
        ]
    }
}