{
    "collision_depths": [
        0.015838219369907897,
        0.07105943261161428,
        0.1900959949081368,
        0.10851487919648171,
        0.18526722433398676,
        0.20137119432952272,
        0.20232866180426182,
        0.04723496473590317,
        0.0472299297212712,
        0.0593825946077937,
        0.010703614363421425,
        0.03767910129131369,
        0.02120535035706439,
        0.057883241170862965,
        0.025564840007907597,
        0.011451672086449167,
        0.010620851628917655,
        0.021953010261080364,
        0.01724610118803867,
        0.0028671631775807524,
        0.017369164026714234,
        0.011851015412639792,
        0.20177085607506534,
        0.18999623398131962,
        0.08723474553608618,
        0.09935462581471667,
        0.27778813093356386,
        0.04699899094075672,
        0.010056373140056649,
        0.025569131557513596,
        0.10765637885363712,
        0.06985820114009032,
        0.05314576191809164,
        0.06968994852327313,
        0.11087498405955092,
        0.06325316864202972,
        0.11005401873183138,
        0.10700677471596566,
        0.13633838914107546,
        0.17640737597431924,
        0.15911738631039019,
        0.07450009800727064,
        0.16712882219982889,
        0.05250748242741907,
        0.007845474603825725,
        0.014950221325250434,
        0.07772333834129719,
        0.044778856991349134,
        0.09892844796294242,
        0.012144446065622969,
        0.012359719427005101,
        0.0041959480080153684,
        0.05259365028551841,
        0.005671961950989874,
        0.042486041048848164,
        0.04406726221321654,
        0.016677035709556476,
        0.003620434226281825,
        0.022834643516362635,
        0.011117453447083103,
        0.02801522787231188,
        0.07887596428337057,
        0.10090854814517437,
        0.09102096566290824,
        0.0003224587781551638,
        0.00760067519395882,
        0.1726439465800592,
        0.1593821657674408,
        0.16920830060619674,
        0.08110008673352818,
        0.1492372224266812,
        0.20249424540651031,
        0.027315266116289757,
        0.07270999191868563,
        0.09493909744763279,
        0.15763662471128934
    ],
    "collision": true,
    "joint_limit_violation": true,
    "self_collision": true,
    "physical_violations": true,
    "config_smoothness": -3.3730960946405446,
    "eff_smoothness": -4.053546757111375,
    "eff_position_path_length": 743.0175096279962,
    "eff_orientation_path_length": 6530.58036160849,
    "physical_success": false,
    "time": 0.33888697624206543,
    "num_steps": 51,
    "trajectory_w": [
        [
            -9.474478721618652,
            -9.336901664733887,
            0.17461851239204407,
            0.0,
            0.0,
            0.0,
            0.0,
            0.0,
            0.0,
            0.0
        ],
        [
            -19.500102996826172,
            -2.9868462085723877,
            6.802063941955566,
            -3.6665005683898926,
            -1.2781901359558105,
            -1.8335437774658203,
            4.306509017944336,
            -5.093965530395508,
            1.5993578433990479,
            -1.6487390995025635
        ],
        [
            -17.020353317260742,
            -9.686317443847656,
            -1.5111935138702393,
            -1.451550841331482,
            4.398211479187012,
            1.3338377475738525,
            -3.128878116607666,
            -3.6192259788513184,
            -1.9456087350845337,
            1.14084792137146
        ],
        [
            0.2527496814727783,
            -19.18126106262207,
            2.9029664993286133,
            -6.846656799316406,
            0.667696475982666,
            -0.43527746200561523,
            2.7068026065826416,
            -0.40297865867614746,
            -0.8450347185134888,
            2.166548490524292
        ],
        [
            -14.875572204589844,
            -13.677316665649414,
            0.7005128860473633,
            7.997440338134766,
            -1.7040205001831055,
            6.500990867614746,
            -2.3586692810058594,
            -2.5014500617980957,
            -1.5739905834197998,
            6.051417350769043
        ],
        [
            -18.89192771911621,
            -13.87090015411377,
            4.490406036376953,
            -2.7979087829589844,
            0.5977346897125244,
            0.6848602294921875,
            -8.761760711669922,
            8.530425071716309,
            1.226191520690918,
            -6.154596328735352
        ],
        [
            -12.313444137573242,
            -15.656508445739746,
            0.0088978111743927,
            0.1802525520324707,
            0.42284440994262695,
            3.4795658588409424,
            -2.3953588008880615,
            2.8318231105804443,
            5.147994041442871,
            -0.06626534461975098
        ],
        [
            -10.797794342041016,
            -7.333714485168457,
            4.996512413024902,
            -5.980313301086426,
            5.92540168762207,
            -0.07647371292114258,
            -5.0258588790893555,
            1.0927798748016357,
            1.6857013702392578,
            0.21889185905456543
        ],
        [
            -15.138741493225098,
            -7.36614990234375,
            -2.2284934520721436,
            5.703310966491699,
            -1.3667232990264893,
            -1.8782562017440796,
            -4.988619327545166,
            1.1387550830841064,
            -0.45418477058410645,
            -6.116164207458496
        ],
        [
            3.3819432258605957,
            -12.973301887512207,
            -4.281984329223633,
            0.8749935626983643,
            -2.1746885776519775,
            6.643720626831055,
            1.7282140254974365,
            2.039238214492798,
            -0.6895143985748291,
            -0.5740349292755127
        ],
        [
            1.2869654893875122,
            -15.58910846710205,
            6.442268371582031,
            -7.572365760803223,
            0.42572593688964844,
            -4.991619110107422,
            2.7580606937408447,
            3.096458673477173,
            0.003215789794921875,
            -0.4873628616333008
        ],
        [
            -17.672388076782227,
            -18.205656051635742,
            -4.6493120193481445,
            -5.854437828063965,
            0.6517274379730225,
            0.8951900005340576,
            -12.910606384277344,
            4.252650260925293,
            -1.7224972248077393,
            0.9193251132965088
        ],
        [
            -11.070120811462402,
            -5.11863899230957,
            -9.576813697814941,
            5.350332260131836,
            1.005742073059082,
            -3.390407085418701,
            -2.020723342895508,
            -1.316375732421875,
            1.6884400844573975,
            -4.887405872344971
        ],
        [
            -10.612152099609375,
            -12.335290908813477,
            3.6020584106445312,
            -4.205913066864014,
            -0.7683041095733643,
            1.3190653324127197,
            2.5185115337371826,
            1.4323499202728271,
            0.13137030601501465,
            2.771476984024048
        ],
        [
            -3.8159854412078857,
            -15.207550048828125,
            4.039968013763428,
            -4.678396224975586,
            2.7401301860809326,
            -3.265904426574707,
            3.3306076526641846,
            -0.27486443519592285,
            -0.06571626663208008,
            -0.8030624389648438
        ],
        [
            -24.10637855529785,
            -12.06578254699707,
            3.9785313606262207,
            3.375684976577759,
            -4.321622848510742,
            3.831251859664917,
            -4.62363338470459,
            11.594478607177734,
