{
    "collision_depths": [
        0.04552266238895652,
        0.03705093923679854,
        0.03641539633589264,
        0.010526804570566501,
        0.017531962438771906,
        0.06259312843937354,
        0.03615379355448802,
        0.009138659849057876,
        0.10571637231812475,
        0.11571715188022043,
        0.019029718155037602,
        0.06730686718823824,
        0.02959576143769273,
        0.08918252371343045,
        0.026774785370875756,
        0.036775513208961455,
        0.0007905080489408764,
        0.010791224991578457,
        0.016603371481630734,
        0.06678757825744794,
        0.11806232731712696,
        0.17247797829637962,
        0.16097710260706474,
        0.0010496770905205942,
        0.014212435727623868,
        0.011592675397784219,
        0.04565219111241919,
        0.010168602660780063,
        0.03347713997212587
    ],
    "collision": true,
    "joint_limit_violation": true,
    "self_collision": true,
    "physical_violations": true,
    "config_smoothness": -3.7352378493072567,
    "eff_smoothness": -5.041976007787621,
    "eff_position_path_length": 648.5406026661681,
    "eff_orientation_path_length": 6362.636744325332,
    "physical_success": false,
    "time": 0.34427905082702637,
    "num_steps": 51,
    "trajectory_w": [
        [
            -10.715400695800781,
            -1.916989803314209,
            -2.439924955368042,
            0.0,
            0.0,
            0.0,
            0.0,
            0.0,
            0.0,
            0.0
        ],
        [
            -15.738865852355957,
            -1.4473451375961304,
            -0.7977924346923828,
            0.45948266983032227,
            5.531682968139648,
            -2.0498180389404297,
            -0.948440432548523,
            0.5858874320983887,
            0.5999295711517334,
            -1.4643065929412842
        ],
        [
            -1.7011405229568481,
            -14.255827903747559,
            -4.066747665405273,
            -4.882420063018799,
            0.37940406799316406,
            -0.2407829761505127,
            -1.211987853050232,
            0.20656824111938477,
            -3.4249181747436523,
            -1.430551290512085
        ],
        [
            -5.714257717132568,
            -9.404526710510254,
            -6.070478439331055,
            -13.228890419006348,
            4.257157325744629,
            -1.790755033493042,
            0.8706667423248291,
            3.8655283451080322,
            2.2274391651153564,
            -0.028728246688842773
        ],
        [
            -1.1007907390594482,
            -1.8544765710830688,
            -1.3137741088867188,
            -1.0802299976348877,
            3.399728536605835,
            -1.5457991361618042,
            -5.067173957824707,
            7.196338653564453,
            0.9372134208679199,
            4.639830589294434
        ],
        [
            -19.694881439208984,
            18.2399845123291,
            2.542764902114868,
            -0.2121131420135498,
            0.0022628307342529297,
            6.758406639099121,
            -2.107499837875366,
            7.10322380065918,
            -4.52429723739624,
            1.8539001941680908
        ],
        [
            -7.4733171463012695,
            2.218492031097412,
            0.467806339263916,
            -7.102817535400391,
            1.2903761863708496,
            12.68626880645752,
            -6.854804992675781,
            1.0591514110565186,
            1.1169888973236084,
            7.25113582611084
        ],
        [
            -15.33486270904541,
            -0.700718343257904,
            -1.5816771984100342,
            -3.6653895378112793,
            -0.9137798547744751,
            -2.221898078918457,
            -0.547433614730835,
            1.5415713787078857,
            -1.702564001083374,
            2.4448435306549072
        ],
        [
            -11.431205749511719,
            8.39190673828125,
            -1.9909553527832031,
            3.2716424465179443,
            0.0011606216430664062,
            -3.4856491088867188,
            -6.932257652282715,
            0.2917923927307129,
            3.3465349674224854,
            3.4874141216278076
        ],
        [
            -20.43797492980957,
            -2.820770025253296,
            -1.2332878112792969,
            -5.358781814575195,
            3.5061304569244385,
            -4.917206764221191,
            4.363705635070801,
            2.4832470417022705,
            1.9034249782562256,
            4.089200019836426
        ],
        [
            -13.326922416687012,
            -0.4380638599395752,
            -5.513421058654785,
            3.3906214237213135,
            -2.245720148086548,
            5.894359588623047,
            -0.17268729209899902,
            1.9593074321746826,
            1.2049062252044678,
            -5.855271339416504
        ],
        [
            -17.64463996887207,
            -4.208536624908447,
            7.2512712478637695,
            -4.690464973449707,
            3.0640904903411865,
            2.537050485610962,
            -3.0797111988067627,
            8.808688163757324,
            4.8759613037109375,
            1.8666417598724365
        ],
        [
            -16.021047592163086,
            -8.784929275512695,
            0.0627593994140625,
            2.124058485031128,
            -1.4113351106643677,
            1.1075494289398193,
            -8.420722961425781,
            1.8090579509735107,
            3.444042444229126,
            3.9527337551116943
        ],
        [
            -15.807974815368652,
            2.6888928413391113,
            3.5118601322174072,
            -2.3016715049743652,
            0.8433005809783936,
            4.128687858581543,
            -0.3139629364013672,
            2.441718339920044,
            6.264825820922852,
            4.689184188842773
        ],
        [
            -21.461517333984375,
            -1.2908201217651367,
            -3.552140474319458,
            -1.1229441165924072,
            2.690901041030884,
            3.069208860397339,
            0.2411365509033203,
            2.206611394882202,
            -4.537144184112549,
            -2.1064062118530273
        ],
        [
            2.050211191177368,
            0.4717109501361847,
            -3.9604477882385254,
            -2.6467390060424805,
            -1.289628028869629,
            8.275128364562988,
            1.9712111949920654,
            4.926967620849609,
            -1.7815725803375244,
            5.418012619018555
        ],
        [
            -19.069210052490234,
            10.552324295043945,
            -5.468975067138672,
            -8.98083782196045,
            2.4718611240386963,
            5.974658012390137,
            0.4826850891113281,
            12.112541198730469,
            -1.5825073719024658,
            3.1389291286468506
        ],
        [
            -0.35916808247566223,
            -0.7753795385360718,
            -0.5981388092041016,
            1.865607500076294,
            1.9000704288482666,
            -2.52939772605896,
            -7.172370910644531,
            0.29973888397216797,
            1.5029816627502441,
            2.216212511062622
        ],
        [
            -17.66016387939453,
            4.594820499420166,
            3.183903932571411,
            3.549619436264038,
            2.083279848098755,
            -1.425275444984436,
            -7.921163558959961,
            2.2525460720062256,
            -1.9186956882476807,
            -0.7309417724609375
        ],
        [
            -21.98121452331543,
            -11.425737380981445,
            -1.9844584465026855,
            4.099488258361816,
            2.2556474208831787,
            2.1956913471221924,
            3.0897982120513916,
            5.840645790100098,
            7.206235885620117,
