{
    "collision_depths": [
        0.029920462280996332,
        0.012823362650642323,
        0.021472467579962906,
        0.021656959570505518,
        0.009879246500191367,
        0.014722499871286689,
        0.036355578894937034,
        0.007546493341760122,
        0.1736792225733334,
        0.19371626935664,
        0.10442361977132532,
        0.21518385768732265,
        0.002262323285689361,
        0.020887366813431348,
        0.015770950785003762,
        0.041642833157206134
    ],
    "collision": true,
    "joint_limit_violation": true,
    "self_collision": true,
    "physical_violations": true,
    "config_smoothness": -3.521831057950301,
    "eff_smoothness": -4.034838699814143,
    "eff_position_path_length": 712.0218940976755,
    "eff_orientation_path_length": 6085.42647795928,
    "physical_success": false,
    "time": 0.3264765739440918,
    "num_steps": 51,
    "trajectory_w": [
        [
            -6.122864246368408,
            -6.906620502471924,
            -1.212049961090088,
            0.0,
            0.0,
            0.0,
            0.0,
            0.0,
            0.0,
            0.0
        ],
        [
            -6.196314811706543,
            -13.284220695495605,
            -1.6337127685546875,
            -0.08535504341125488,
            -0.005230903625488281,
            0.41706156730651855,
            -8.498979568481445,
            4.459264755249023,
            -2.7220897674560547,
            3.573723077774048
        ],
        [
            -3.5699820518493652,
            -17.97693634033203,
            0.8266150951385498,
            -0.09685158729553223,
            -1.5418589115142822,
            2.7158701419830322,
            3.5106446743011475,
            8.975339889526367,
            0.9661118984222412,
            -2.048424243927002
        ],
        [
            7.274593353271484,
            -13.960017204284668,
            1.0867760181427002,
            -0.3300197124481201,
            0.09509491920471191,
            -3.632841110229492,
            2.0264737606048584,
            -3.0780889987945557,
            2.178870916366577,
            -5.074666976928711
        ],
        [
            -0.8128499388694763,
            5.145634651184082,
            3.3069348335266113,
            -0.6121566295623779,
            0.19629669189453125,
            3.6276023387908936,
            3.840404748916626,
            -0.4779050350189209,
            0.5125794410705566,
            1.2916080951690674
        ],
        [
            -27.82288932800293,
            -9.527892112731934,
            0.2058732509613037,
            -3.706996202468872,
            0.18470215797424316,
            0.6327528953552246,
            6.001418113708496,
            3.4874889850616455,
            -1.6586202383041382,
            0.06645703315734863
        ],
        [
            -14.236742973327637,
            -5.1892266273498535,
            0.9593703746795654,
            1.6085302829742432,
            3.1208860874176025,
            -5.116116523742676,
            -6.415813446044922,
            4.379860877990723,
            3.121976137161255,
            5.748445510864258
        ],
        [
            -11.433874130249023,
            -11.292341232299805,
            1.3072092533111572,
            2.3567183017730713,
            -1.9894767999649048,
            6.518709182739258,
            -3.215573310852051,
            -1.8652251958847046,
            1.0899930000305176,
            -0.877866268157959
        ],
        [
            -20.150177001953125,
            -11.32198715209961,
            0.33125948905944824,
            -3.62941312789917,
            0.7138502597808838,
            2.1270039081573486,
            -4.09261417388916,
            6.9643049240112305,
            0.9616901874542236,
            -2.8182132244110107
        ],
        [
            0.6001343131065369,
            -18.13541030883789,
            2.971118450164795,
            -9.97582721710205,
            -1.1498693227767944,
            -1.101886510848999,
            3.108074903488159,
            -1.2288689613342285,
            -3.308156967163086,
            3.5774595737457275
        ],
        [
            0.4436534345149994,
            -8.970316886901855,
            5.042667865753174,
            0.5467586517333984,
            -2.359229326248169,
            1.2194416522979736,
            4.705371856689453,
            -4.878239631652832,
            1.3078947067260742,
            -6.221956253051758
        ],
        [
            -9.079155921936035,
            -13.701767921447754,
            -0.5346536636352539,
            -6.398447036743164,
            -4.657358169555664,
            4.33283805847168,
            0.08345746994018555,
            -8.268543243408203,
            -5.497574806213379,
            -0.9742131233215332
        ],
        [
            -0.7395266890525818,
            0.9719818234443665,
            -4.579095840454102,
            -0.8061473369598389,
            0.22995662689208984,
            2.766619920730591,
            0.6539750099182129,
            0.3366837501525879,
            0.874976634979248,
            2.03899884223938
        ],
        [
            -10.281493186950684,
            -1.0395935773849487,
            -1.2729623317718506,
            -2.3559730052948,
            0.7608411312103271,
            -0.7221708297729492,
            2.953263521194458,
            -0.23961281776428223,
            1.1143734455108643,
            6.0892534255981445
        ],
        [
            -9.488448143005371,
            -4.664389133453369,
            -1.8958280086517334,
            -1.2275310754776,
            -2.035893678665161,
            3.2315356731414795,
            -0.41083359718322754,
            2.6957943439483643,
            3.2895753383636475,
            4.760843276977539
        ],
        [
            -8.177783966064453,
            -12.093385696411133,
            5.342901706695557,
            1.1306140422821045,
            5.586818695068359,
            3.329632520675659,
            -0.10799241065979004,
            2.1061646938323975,
            -0.39466726779937744,
            4.552568435668945
        ],
        [
            -8.484898567199707,
            -11.582817077636719,
            2.3264544010162354,
            -5.489853858947754,
            1.1123747825622559,
            -1.076718807220459,
            0.9665200710296631,
            -2.6690187454223633,
            -1.7929166555404663,
            -0.08044195175170898
        ],
        [
            -8.13344955444336,
            -26.310672760009766,
            -0.11818385124206543,
            -0.5969316959381104,
            2.3618505001068115,
            -2.426692485809326,
            1.2455363273620605,
            -0.3004722595214844,
            -1.8635454177856445,
            0.3774757385253906
        ],
        [
            -18.472822189331055,
            -4.469657897949219,
            0.052225351333618164,
            -1.920134425163269,
            3.6094229221343994,
            -1.2256004810333252,
            -7.407351493835449,
            5.510190963745117,
            0.5924639701843262,
            4.113213539123535
        ],
        [
            -15.43482780456543,
            -11.900490760803223,
            1.3536221981048584,
            -2.5263843536376953,
            5.192261695861816,
            -6.978693962097168,
            -1.0057307481765747,
            -2.3940930366516113,
            0.019889354705810547,
            6.85929012298584
        ],
        [
            -10.387470245361328,
            -19.17654800415039,
            -3.3360462188720703,
            -8.953720092773438,
            2.393549680709839,
            6.711499214172363,
            -3.2830545902252197,
            1.4354960918426514,
            -1.028541088104248,
            -3.3274643421173096
        ],
