{
    "collision_depths": [
        0.010685904668549915,
        0.10938850343279533,
        0.1943255573435661,
        0.16207956052581723,
        0.16537201834522713,
        0.145576211755983,
        0.03390827992479902,
        0.03062606098000841,
        0.04254058994566254,
        0.043706833843819196,
        0.018000015972005855,
        0.14327716157064713,
        0.16536040913323571,
        0.01593448224652012,
        0.14123126058983151,
        0.16033418834824914,
        0.11928380584753966,
        0.23498512474387462,
        0.03778403312958617,
        0.10613953559622964,
        0.06165796354389068,
        0.034926021566473196,
        0.14684289820397295,
        0.025421903245709174,
        0.040035356381442844,
        0.01577883332715152,
        0.05144954661366285,
        0.05497748779086363,
        0.0362446215078658,
        0.005813240839862732,
        0.094077028546391,
        0.044428157902252075,
        0.06636377815510444,
        0.0449896304406722,
        0.31746724039289276,
        0.06732747881695063,
        0.05946399605300775,
        0.04878989987671321,
        0.22018107735465095,
        0.2996050827625442,
        0.008508473753085846,
        0.00836708721062189,
        0.007712171618965263,
        0.004213612030839774,
        0.004213625128571602,
        0.01701862257454701,
        0.027331057716754932,
        0.027331099505066465
    ],
    "collision": true,
    "joint_limit_violation": true,
    "self_collision": true,
    "physical_violations": true,
    "config_smoothness": -3.841640605580866,
    "eff_smoothness": -4.404593619987141,
    "eff_position_path_length": 776.1602802549526,
    "eff_orientation_path_length": 6594.708328216581,
    "physical_success": false,
    "time": 0.41461944580078125,
    "num_steps": 51,
    "trajectory_w": [
        [
            -7.948707580566406,
            -9.5711030960083,
            0.17510025203227997,
            0.0,
            0.0,
            0.0,
            -2.384185791015625e-07,
            0.0,
            0.0,
            0.0
        ],
        [
            -0.22409836947917938,
            -3.825024127960205,
            0.25256556272506714,
            -2.3712451457977295,
            1.417759656906128,
            -0.26006102561950684,
            -2.9032204151153564,
            3.0962955951690674,
            2.300147771835327,
            6.807767868041992
        ],
        [
            -5.588634490966797,
            -9.13634204864502,
            1.6978002786636353,
            -2.6273646354675293,
            1.8480966091156006,
            -2.575308322906494,
            2.681657075881958,
            -8.134337425231934,
            0.3830575942993164,
            5.8269147872924805
        ],
        [
            -5.178116798400879,
            -21.498302459716797,
            -0.5495937466621399,
            8.803096771240234,
            3.2491390705108643,
            3.135542154312134,
            1.1468737125396729,
            6.102611541748047,
            2.2063863277435303,
            4.463779449462891
        ],
        [
            -7.968853950500488,
            -13.22376537322998,
            0.4603251814842224,
            -3.8330931663513184,
            0.0006070137023925781,
            4.191057205200195,
            4.4835920333862305,
            2.9754536151885986,
            -3.2282941341400146,
            3.2661311626434326
        ],
        [
            -20.393512725830078,
            7.401877403259277,
            4.263023376464844,
            -0.17026042938232422,
            -0.2613201141357422,
            1.9897730350494385,
            2.1647145748138428,
            7.237736701965332,
            -3.2378315925598145,
            3.798358201980591
        ],
        [
            6.246678829193115,
            -4.586423397064209,
            11.069226264953613,
            -4.830544948577881,
            -1.864187240600586,
            -6.232333183288574,
            -1.1213281154632568,
            3.7108395099639893,
            -1.303621530532837,
            3.9184296131134033
        ],
        [
            -15.092082977294922,
            -15.02658748626709,
            7.118474960327148,
            -2.377559185028076,
            -1.88899564743042,
            6.827651023864746,
            5.017156600952148,
            2.0188863277435303,
            4.529756546020508,
            0.8202733993530273
        ],
        [
            -26.311567306518555,
            -19.529726028442383,
            -0.03332097828388214,
            -10.031454086303711,
            6.463207244873047,
            3.8173749446868896,
            -5.021160125732422,
            5.458883285522461,
            -5.902665138244629,
            -3.357853651046753
        ],
        [
            -10.836462020874023,
            -16.552309036254883,
            -2.0224218368530273,
            -1.8832588195800781,
            1.8666598796844482,
            1.0317857265472412,
            2.0996482372283936,
            1.6455323696136475,
            -0.18396294116973877,
            -2.1525495052337646
        ],
        [
            -11.244807243347168,
            -29.106586456298828,
            -1.5623027086257935,
            -4.257259368896484,
            3.337562322616577,
            -5.664200782775879,
            -6.006377220153809,
            -0.13767337799072266,
            -3.411726474761963,
            -1.4521071910858154
        ],
        [
            -14.063899993896484,
            -26.86991310119629,
            1.4123364686965942,
            -4.913177490234375,
            2.1895148754119873,
            -1.3288004398345947,
            -2.572880506515503,
            1.4686553478240967,
            -2.2030394077301025,
            4.770804405212402
        ],
        [
            -4.902246475219727,
            -24.3927001953125,
            -1.7542955875396729,
            -7.953010559082031,
            5.37624454498291,
            4.320605278015137,
            4.961181640625,
            -0.09743690490722656,
            -3.642427444458008,
            -2.221423625946045
        ],
        [
            -7.93884801864624,
            -4.319801330566406,
            2.30110764503479,
            -1.8040416240692139,
            0.07532024383544922,
            4.358283996582031,
            6.136089324951172,
            3.5813210010528564,
            -2.6592259407043457,
            1.6812670230865479
        ],
        [
            -2.531050443649292,
            -14.022836685180664,
            2.57865309715271,
            -6.501455783843994,
            -1.11259126663208,
            1.1034443378448486,
            4.227015495300293,
            -4.630364418029785,
            -1.3708562850952148,
            3.9204413890838623
        ],
        [
            -10.966947555541992,
            4.523952007293701,
            4.890685081481934,
            -0.9687747955322266,
            -4.278180122375488,
            5.047885894775391,
            3.1555755138397217,
            -0.820401668548584,
            3.1586010456085205,
            3.9665544033050537
        ],
        [
            1.161380410194397,
            -11.488423347473145,
            1.603366494178772,
            -8.120623588562012,
            -1.3899309635162354,
            -3.6475746631622314,
            1.0993759632110596,
            -1.145164966583252,
            -2.053567409515381,
            1.8735005855560303
        ],
        [
            -0.5281802415847778,
            10.923907279968262,
            2.050889253616333,
            -3.707268476486206,
            -0.5557231903076172,
            6.751035690307617,
            -0.287060022354126,
            1.0591113567352295,
            0.03482174873352051,
            4.266726493835449
        ],
        [
            -6.699691295623779,
            -3.339580535888672,
            0.15924637019634247,
