{
    "collision_depths": [
        0.01655670112158648,
        0.06147007857969233,
        0.30499791211051086,
        0.004119047229879031,
        0.28799001799716495,
        0.27798999604301006,
        0.1711722082250036,
        0.06192674605022363,
        0.039476604951641216,
        0.0029836215840423888,
        0.08365292774175818,
        0.014853233523497628,
        0.05401474049377435,
        0.007578900472490487,
        0.00932822012969631,
        0.00640523664737272,
        0.02527921767936036,
        0.0490267466050483,
        0.01535309899450818,
        0.028645382213461672,
        0.032105548976391125,
        0.03242985124468352,
        0.08072545067270769,
        0.0005955219406822377,
        0.030377256727497186,
        0.01301882945684721,
        0.02296432611972355,
        0.0035715982077177974,
        0.02915069880631784,
        0.021894281133353215,
        0.0720822843261477,
        0.062082265943207565,
        0.06088291818512535,
        0.050882896231014614,
        0.02721907071817081,
        0.009805220867325921,
        0.02695919714155495,
        0.005484525436742695,
        0.09207293401918491,
        0.03786431775491997,
        0.00823834834845243,
        0.02760113936443634,
        0.043501560526447616,
        0.028913631137915986,
        0.0033747192426294187,
        0.02507286931208193,
        0.015808357478345282,
        0.002340207905690761,
        0.006961163405004527,
        0.012108285290188132,
        0.03477925570069734,
        0.030698495553438888,
        0.02900933160881903,
        0.03094141912850197,
        0.03222490974947424,
        0.05158411671775609,
        0.016526186026466372,
        0.06776117859133854,
        0.07776147365999152,
        0.030241787665266202,
        0.02024178772537994,
        0.08352720741142587,
        0.014233214583963174,
        0.0796130682620014,
        0.12740708425943187,
        0.0030551124581535702,
        0.012106368662405897,
        0.03181889591687403,
        0.035029704294420656,
        0.034419252130680394,
        0.30092310273834777,
        0.0038374584389617005
    ],
    "collision": true,
    "joint_limit_violation": true,
    "self_collision": true,
    "physical_violations": true,
    "config_smoothness": -3.20547409585707,
    "eff_smoothness": -4.497205727262021,
    "eff_position_path_length": 128.86727706114806,
    "eff_orientation_path_length": 6150.663098432598,
    "physical_success": false,
    "time": 20.254603624343872,
    "num_steps": 51,
    "trajectory_w": [
        [
            -10.763200759887695,
            -8.962141990661621,
            -2.790836811065674,
            0.0,
            0.0,
            0.0,
            0.0,
            0.0,
            0.0,
            0.0
        ],
        [
            -9.783499717712402,
            -10.281803131103516,
            -2.5051040649414062,
            -1.6222244501113892,
            0.696270227432251,
            -0.41722893714904785,
            0.8125708103179932,
            0.5233380794525146,
            -1.042305827140808,
            -0.21653389930725098
        ],
        [
            -8.20930004119873,
            -12.453397750854492,
            -2.3167197704315186,
            -3.1022565364837646,
            1.2490668296813965,
            -0.7405180931091309,
            1.570328950881958,
            1.0459930896759033,
            -2.0111968517303467,
            -0.3209996223449707
        ],
        [
            -8.995776176452637,
            -13.950021743774414,
            -2.262026786804199,
            -4.353057861328125,
            1.6246299743652344,
            -0.9237725734710693,
            2.2576749324798584,
            1.5548498630523682,
            -2.862100124359131,
            -0.3014216423034668
        ],
        [
            -8.66059398651123,
            -15.860140800476074,
            -2.3073606491088867,
            -5.378628730773926,
            1.9080069065093994,
            -0.9819915294647217,
            2.8858234882354736,
            2.0380966663360596,
            -3.5710744857788086,
            -0.22347760200500488
        ],
        [
            -11.170948028564453,
            -14.865594863891602,
            -2.992785930633545,
            -1.968448281288147,
            2.889134168624878,
            0.8931210041046143,
            2.0522944927215576,
            1.9023993015289307,
            -0.6600325107574463,
            -0.5030694007873535
        ],
        [
            -12.664271354675293,
            -12.777260780334473,
            -1.7710788249969482,
            0.3658304214477539,
            4.3131818771362305,
            2.1009013652801514,
            -0.9899466037750244,
            1.921332597732544,
            1.1091339588165283,
            -1.3750197887420654
        ],
        [
            -11.40259075164795,
            -10.577025413513184,
            -0.8936865329742432,
            -2.485677719116211,
            4.141813278198242,
            1.2393162250518799,
            -2.805863380432129,
            2.336893320083618,
            -1.9978272914886475,
            -1.9415318965911865
        ],
        [
            -7.887762069702148,
            -8.067038536071777,
            -2.1111719608306885,
            -3.5494046211242676,
            1.3701884746551514,
            -2.6481752395629883,
            -1.6365423202514648,
            1.6942360401153564,
            -3.1271867752075195,
            -3.2351794242858887
        ],
        [
            -5.559550762176514,
            -5.341845512390137,
            -1.7514073848724365,
            -2.3207485675811768,
            1.5787301063537598,
            -4.388385772705078,
            -1.1604067087173462,
            1.389880895614624,
            -2.468352794647217,
            -4.459434509277344
        ],
        [
            -6.031528472900391,
            -2.892875909805298,
            0.4130423069000244,
            -4.029411315917969,
            1.043116569519043,
            -5.338955879211426,
            1.3622288703918457,
            -2.303217649459839,
            -2.3982386589050293,
            -3.00140643119812
        ],
        [
            -8.5704984664917,
            -1.079485297203064,
            1.7924895286560059,
            -4.764269828796387,
            -0.12572789192199707,
            -7.830142974853516,
            3.6361358165740967,
            -4.467675685882568,
            0.7736537456512451,
            -0.544640302658081
        ],
        [
            -11.923873901367188,
            -0.9598793387413025,
            2.613640308380127,
            -4.017106056213379,
            -2.6720428466796875,
            -10.188186645507812,
            4.761308670043945,
            -3.8840670585632324,
            2.7964365482330322,
            0.29328322410583496
        ],
        [
            -15.064827919006348,
            -2.85615873336792,
            3.503261089324951,
            -1.9766453504562378,
            -3.6151862144470215,
            -8.076034545898438,
            4.8639020919799805,
            -2.1584420204162598,
            -0.9691176414489746,
            0.9257147312164307
        ],
        [
            -17.319398880004883,
            -5.458343029022217,
            3.308988094329834,
            1.0974767208099365,
            -3.297791004180908,
            -2.9468743801116943,
            5.507345199584961,
            -1.7739149332046509,
            -2.328392267227173,
            3.3123438358306885
        ],
        [
            -18.60363006591797,
            -7.20791482925415,
            1.7437663078308105,
            0.4629027843475342,
            -5.345310688018799,
            0.8005952835083008,
            5.904696464538574,
            -4.203944206237793,
            -1.934553623199463,
            5.6873979568481445
        ],
        [
            -18.81160545349121,
