{
    "collision_depths": [
        0.3675666822380839,
        0.07840463108961761,
        0.002276821278339552,
        0.07086653399757215,
        0.060866533997612805,
        0.026777472164919852,
        0.027710755528046454,
        0.03820260527448576,
        0.06342615128951679,
        0.01704591756091153,
        0.026767277279286725,
        0.053663600729971006,
        0.02691345289678678,
        0.13636096959141447,
        0.05160470183620782,
        0.08098066614183397,
        0.14677079430232307,
        0.11723799035247572,
        0.04848652698405098,
        0.14032191789174214,
        0.06748640924675298,
        0.17647723018376274,
        0.15420013526669704,
        0.09449556887471174,
        0.017160046457009404,
        0.0009936032393686848,
        0.052471180968912054,
        0.02578214871653789,
        0.23660890180304067,
        0.013993311369024597,
        0.016313499199357054,
        0.01629167922195651,
        0.013993311369024597,
        0.19615279470595148,
        0.20615279470595152,
        0.008589000208191786,
        0.08861928676346077,
        0.1321552203600626,
        0.07068853759972177,
        0.16946032774983627
    ],
    "collision": true,
    "joint_limit_violation": true,
    "self_collision": true,
    "physical_violations": true,
    "config_smoothness": -4.280297575428904,
    "eff_smoothness": -5.956362755051807,
    "eff_position_path_length": 128.41420712941766,
    "eff_orientation_path_length": 6103.580717904631,
    "physical_success": false,
    "time": 18.00327491760254,
    "num_steps": 51,
    "trajectory_w": [
        [
            -3.5891942977905273,
            -5.035084247589111,
            0.17808234691619873,
            0.0,
            0.0,
            0.0,
            0.0,
            0.0,
            0.0,
            0.0
        ],
        [
            -4.672528266906738,
            -7.516329288482666,
            0.5846847295761108,
            -0.43791890144348145,
            -0.5355238914489746,
            -1.263467788696289,
            1.0140759944915771,
            -0.6515045166015625,
            -0.211403489112854,
            -1.2414088249206543
        ],
        [
            -4.654692649841309,
            -10.250226974487305,
            0.9599205255508423,
            -0.6586024761199951,
            -0.8702380657196045,
            -2.441723108291626,
            1.6916916370391846,
            -1.0584752559661865,
            -0.32046031951904297,
            -2.4191842079162598
        ],
        [
            -6.308222770690918,
            -11.672584533691406,
            1.2911192178726196,
            -0.5902917385101318,
            -0.9005290269851685,
            -3.4613089561462402,
            1.9110748767852783,
            -1.1233901977539062,
            -0.2641472816467285,
            -3.5093302726745605
        ],
        [
            -6.760822296142578,
            -13.476773262023926,
            1.5841118097305298,
            -0.3075852394104004,
            -0.7078108787536621,
            -4.295803070068359,
            1.809973955154419,
            -0.9197409152984619,
            -0.037132978439331055,
            -4.533506393432617
        ],
        [
            -7.902840614318848,
            -9.08773422241211,
            1.2216445207595825,
            2.206707239151001,
            1.1630985736846924,
            -1.2291220426559448,
            -0.0934910774230957,
            1.8877670764923096,
            3.211656332015991,
            -4.709903717041016
        ],
        [
            -9.66711139678955,
            -4.257416725158691,
            0.8179908990859985,
            3.8459055423736572,
            3.4404494762420654,
            1.3973538875579834,
            1.3430652618408203,
            1.0677917003631592,
            4.358219146728516,
            -4.083698749542236
        ],
        [
            -11.073307991027832,
            -1.1771286725997925,
            1.178442120552063,
            4.005433082580566,
            4.085058212280273,
            1.1600606441497803,
            1.7708375453948975,
            -1.4817876815795898,
            3.193418264389038,
            -3.456766128540039
        ],
        [
            -10.434325218200684,
            -1.375022053718567,
            1.118155598640442,
            0.9901401996612549,
            1.919205904006958,
            -1.6290632486343384,
            2.0012686252593994,
            -1.909719467163086,
            1.6402599811553955,
            -1.2563987970352173
        ],
        [
            -4.673917770385742,
            -3.984187602996826,
            1.5739504098892212,
            -3.1459853649139404,
            -0.5924891233444214,
            -2.8300516605377197,
            1.7658007144927979,
            -0.2426438331604004,
            0.24239730834960938,
            1.090270757675171
        ],
        [
            1.241426706314087,
            -7.223172664642334,
            1.849166989326477,
            -3.1143367290496826,
            -0.9696482419967651,
            -2.3291187286376953,
            0.778249979019165,
            -0.5083775520324707,
            0.6463308334350586,
            1.255953073501587
        ],
        [
            4.868595600128174,
            -9.249353408813477,
            1.0876437425613403,
            -0.33722758293151855,
            3.9203107357025146,
            -2.7584071159362793,
            1.963611364364624,
            -2.4765567779541016,
            2.1139700412750244,
            3.035796880722046
        ],
        [
            5.640182971954346,
            -10.05194091796875,
            0.8640938997268677,
            -0.8371622562408447,
            4.536640167236328,
            -4.4941325187683105,
            4.336612701416016,
            -3.5917019844055176,
            1.4484965801239014,
            5.849377632141113
        ],
        [
            3.7210888862609863,
            -10.479659080505371,
            1.2845631837844849,
            -4.413432598114014,
            1.7120716571807861,
            -3.8309683799743652,
            4.658280372619629,
            -2.5798439979553223,
            -0.3181140422821045,
            5.123435974121094
        ],
        [
            0.9489248394966125,
            -11.22799301147461,
            1.496491551399231,
            -5.853089332580566,
            0.08843111991882324,
            0.6362500190734863,
            0.10515093803405762,
            0.01998591423034668,
            -1.3043326139450073,
            0.7497105598449707
        ],
        [
            -0.012827864848077297,
            -11.976240158081055,
            0.7996307611465454,
            -3.9765377044677734,
            -0.5502010583877563,
            3.236704111099243,
            -2.794306516647339,
            3.027296781539917,
            -1.6881983280181885,
            -2.658073902130127
        ],
        [
            0.4228156507015228,
            -11.904923439025879,
            -0.9347013235092163,
            -0.05914306640625,
            0.5914435386657715,
            0.6322510242462158,
            -0.7199430465698242,
            1.0569522380828857,
            -2.632406234741211,
            -2.4688656330108643
        ],
        [
            0.9839711785316467,
            -12.007619857788086,
            0.8151499032974243,
            3.0544779300689697,
            0.39180493354797363,
            -3.306209087371826,
            0.5709471702575684,
            -3.2191789150238037,
            -0.39164304733276367,
            -2.634429931640625
        ],
        [
            1.0848326683044434,
            -12.746506690979004,
            3.5232224464416504,
            4.386196136474609,
            -0.9536570310592651,
            -4.325974464416504,
            -0.10635614395141602,
            -4.703109264373779,
            2.748243570327759,
