{
    "collision_depths": [
        0.014400980212848257,
        0.010349375748420691,
        0.015240415395063713,
        0.0150438405194597,
        0.0006721145499635878,
        0.019625800917422703,
        0.09069198300572824,
        0.018721965678068955,
        0.09956035527829035,
        0.07149205959314701,
        0.14185294264713263,
        0.06126709876233692,
        0.06129547120453752,
        0.08184628292113805,
        0.08185644053024822,
        0.04230111877695403,
        0.10565142396031033,
        0.07139317600609357,
        0.040265607383975846,
        0.07996962000629257,
        0.053922415487971435,
        0.09327526492915605,
        0.32330842689960027,
        0.0588744080126984,
        0.029421875368484014,
        0.11361496922587756,
        0.1029967777583583,
        0.10300076530792453,
        0.056147920142394885,
        0.14470034457443756,
        0.29917003895592487,
        0.015811510357502945,
        0.01718094597434571,
        0.024855377990999426,
        0.0002333345797608488,
        0.012693283358348895,
        0.012004284946718548,
        0.01027084936000756,
        0.004645139335850264,
        0.016991128462558274,
        0.01944757754888047,
        0.019726158627116942,
        0.01454629207729241,
        0.004100376190201115
    ],
    "collision": true,
    "joint_limit_violation": true,
    "self_collision": true,
    "physical_violations": true,
    "config_smoothness": -4.956380541877088,
    "eff_smoothness": -5.595392040820673,
    "eff_position_path_length": 127.86971125713943,
    "eff_orientation_path_length": 6304.139865010116,
    "physical_success": false,
    "time": 12.855167388916016,
    "num_steps": 51,
    "trajectory_w": [
        [
            -7.53201150894165,
            -7.169240951538086,
            -0.8655534386634827,
            0.0,
            0.0,
            0.0,
            0.0,
            0.0,
            0.0,
            0.0
        ],
        [
            -7.698606967926025,
            -6.747857093811035,
            -1.337202548980713,
            0.8413794040679932,
            0.8503913879394531,
            -2.9581987857818604,
            0.9331719875335693,
            -0.23707127571105957,
            0.27068448066711426,
            0.5684785842895508
        ],
        [
            -6.526706695556641,
            -6.959626197814941,
            -1.7639164924621582,
            1.7360246181488037,
            1.689631462097168,
            -5.711129188537598,
            1.8000943660736084,
            -0.39395761489868164,
            0.7339372634887695,
            1.1171410083770752
        ],
        [
            -6.845165252685547,
            -7.406923770904541,
            -2.156243085861206,
            2.6596925258636475,
            2.504516839981079,
            -8.1525297164917,
            2.582595109939575,
            -0.4585905075073242,
            1.3864796161651611,
            1.59688401222229
        ],
        [
            -5.873119831085205,
            -7.72035551071167,
            -2.561676502227783,
            3.53013014793396,
            3.2639100551605225,
            -10.254794120788574,
            3.3026883602142334,
            -0.4759519100189209,
            2.0701825618743896,
            1.968353033065796
        ],
        [
            -8.591432571411133,
            -3.9299261569976807,
            -3.922039747238159,
            1.3620374202728271,
            1.6400375366210938,
            -4.21699333190918,
            3.3110644817352295,
            -0.7015655040740967,
            0.019892454147338867,
            -0.17339730262756348
        ],
        [
            -11.007467269897461,
            -0.8002976179122925,
            -3.71393084526062,
            -1.2642077207565308,
            -1.599100112915039,
            3.4626147747039795,
            2.2025740146636963,
            -1.7071009874343872,
            -0.03928709030151367,
            -1.1404008865356445
        ],
        [
            -12.444613456726074,
            -0.056610241532325745,
            -0.020160019397735596,
            -0.8837954998016357,
            -0.7184709310531616,
            5.307925224304199,
            -1.9696722030639648,
            -1.3763405084609985,
            1.932466745376587,
            -1.271557331085205
        ],
        [
            -12.99008846282959,
            -0.665873110294342,
            3.718867778778076,
            0.4770073890686035,
            -2.8105010986328125,
            4.0447282791137695,
            -3.2971677780151367,
            0.17025423049926758,
            1.2811133861541748,
            -1.5818108320236206
        ],
        [
            -12.815877914428711,
            -0.96016925573349,
            3.871650218963623,
            2.730637311935425,
            -3.4656574726104736,
            2.989697217941284,
            -3.330585479736328,
            2.3349435329437256,
            1.8063688278198242,
            -1.8005882501602173
        ],
        [
            -11.499859809875488,
            -0.4520051181316376,
            2.6402032375335693,
            3.569227457046509,
            -2.4719982147216797,
            3.0558884143829346,
            -0.4166445732116699,
            1.719848871231079,
            2.319183111190796,
            -2.864957332611084
        ],
        [
            -8.624008178710938,
            -0.36635851860046387,
            1.618285894393921,
            3.5615737438201904,
            -2.4911811351776123,
            3.5301754474639893,
            1.6069848537445068,
            0.06188321113586426,
            0.29518675804138184,
            -3.7118325233459473
        ],
        [
            -4.7884111404418945,
            -1.6021058559417725,
            1.157059907913208,
            3.3549540042877197,
            -3.78883695602417,
            4.163653373718262,
            1.3781051635742188,
            -1.0182340145111084,
            -1.038338303565979,
            -2.6980953216552734
        ],
        [
            -2.331836700439453,
            -2.7116851806640625,
            -0.0345035195350647,
            2.718074083328247,
            -0.7507538795471191,
            3.373605966567993,
            2.497748613357544,
            -2.8193960189819336,
            -0.20017695426940918,
            -0.8924257755279541
        ],
        [
            -2.765561580657959,
            -2.6884469985961914,
            -0.7017841935157776,
            1.6256825923919678,
            0.23206877708435059,
            0.7745876312255859,
            3.431548833847046,
            -4.269289016723633,
            0.35840892791748047,
            -0.592041015625
        ],
        [
            -6.094448089599609,
            -1.9801814556121826,
            -0.1897483468055725,
            0.6051025390625,
            -3.0604686737060547,
            0.46211695671081543,
            1.9509365558624268,
            -4.920821189880371,
            -0.56662917137146,
            -0.8928205966949463
        ],
        [
            -10.454948425292969,
            -2.3184030055999756,
            1.1495931148529053,
            0.4015476703643799,
            -3.4859962463378906,
            2.688606023788452,
            1.6434504985809326,
            -4.737640380859375,
            0.8771951198577881,
            0.7628791332244873
        ],
        [
            -13.335958480834961,
            -3.730700731277466,
            2.4849483966827393,
            2.8625519275665283,
            -3.390777111053467,
            3.484217405319214,
            1.9984424114227295,
            -2.962157964706421,
            1.4567382335662842,
            2.0870635509490967
        ],
        [
            -14.400294303894043,
            -4.651143550872803,
            1.840346097946167,
            4.458580017089844,
            -3.1020047664642334,
            1.3970978260040283,
