{
    "collision_depths": [
        0.3858047050669643,
        0.21986332896371377,
        0.22331781955994262,
        0.3504731981904784,
        0.23129360672568497,
        0.12382785176283198,
        0.1549548379560704,
        0.15746094764355334,
        0.017891951858532026,
        0.017605596246665398,
        0.023146517768122533,
        0.015149129631835035,
        0.005149114845364183,
        0.12126604168969281,
        0.0352155788293048,
        0.023266432725133998,
        0.0027639188076124025,
        0.011065473320909344,
        0.04042139200942116,
        0.013200907893691289,
        0.03480094628742142,
        0.0562181339440742,
        0.017224272021260183,
        0.030826568684262937,
        0.05598029595044717,
        0.03158023987663387,
        0.0605036362472363,
        0.01645099780241362,
        0.05124545725504684,
        0.008683933137053186,
        0.008818645411890277,
        0.03560826919491407,
        0.020417682836762707,
        0.009980759511719802,
        0.013622029401500499,
        0.01832141221213948,
        0.007038661617385927,
        0.03930669853204036,
        0.02849299949524342,
        0.036013897245230964,
        0.0349323626814352,
        0.07393784124301282,
        0.03368269447620038
    ],
    "collision": true,
    "joint_limit_violation": true,
    "self_collision": true,
    "physical_violations": true,
    "config_smoothness": -3.7804797499626126,
    "eff_smoothness": -3.738819592011961,
    "eff_position_path_length": 136.80923779748343,
    "eff_orientation_path_length": 5985.2439647986275,
    "physical_success": false,
    "time": 18.3367178440094,
    "num_steps": 51,
    "trajectory_w": [
        [
            -11.539751052856445,
            -7.401907920837402,
            -2.443962335586548,
            0.0,
            0.0,
            0.0,
            0.0,
            0.0,
            0.0,
            0.0
        ],
        [
            -12.711406707763672,
            -8.376768112182617,
            -1.9573290348052979,
            -0.6437718868255615,
            -0.8642157316207886,
            -1.9865405559539795,
            1.0487632751464844,
            0.032822608947753906,
            -0.9360052347183228,
            0.5151820182800293
        ],
        [
            -13.164100646972656,
            -9.29492473602295,
            -1.5043864250183105,
            -1.2185672521591187,
            -1.7302048206329346,
            -3.741722583770752,
            1.9288341999053955,
            0.19710183143615723,
            -1.7754247188568115,
            0.9520671367645264
        ],
        [
            -15.678864479064941,
            -9.784562110900879,
            -1.098684310913086,
            -1.7173703908920288,
            -2.5894789695739746,
            -5.113065242767334,
            2.554795980453491,
            0.5633630752563477,
            -2.5127062797546387,
            1.2595360279083252
        ],
        [
            -16.625707626342773,
            -10.462000846862793,
            -0.7362174987792969,
            -2.1710574626922607,
            -3.432455062866211,
            -6.09349250793457,
            2.9555823802948,
            1.114650011062622,
            -3.1961236000061035,
            1.4536798000335693
        ],
        [
            -16.10554313659668,
            -12.397385597229004,
            -1.6079292297363281,
            -2.057952642440796,
            -3.1574580669403076,
            0.3799412250518799,
            0.4507303237915039,
            4.042514801025391,
            -3.1845953464508057,
            0.9081408977508545
        ],
        [
            -14.664027214050293,
            -14.78853702545166,
            -3.8540005683898926,
            -1.185823917388916,
            0.7248518466949463,
            5.092146873474121,
            -0.2833278179168701,
            3.5016167163848877,
            -1.0990484952926636,
            3.4620492458343506
        ],
        [
            -13.111750602722168,
            -15.457478523254395,
            -4.705405235290527,
            -0.8367786407470703,
            4.467070579528809,
            4.283369064331055,
            0.29434752464294434,
            -0.4240539073944092,
            1.432055950164795,
            5.321188926696777
        ],
        [
            -11.364728927612305,
            -12.799117088317871,
            -0.7414546012878418,
            -2.893521785736084,
            0.7929704189300537,
            -1.2699891328811646,
            0.353924036026001,
            -1.037870168685913,
            1.049856424331665,
            3.687518358230591
        ],
        [
            -9.605114936828613,
            -8.083598136901855,
            2.65918231010437,
            -3.489610433578491,
            -5.287154197692871,
            -4.248577117919922,
            2.1538398265838623,
            -1.0775890350341797,
            -0.49186813831329346,
            2.949159860610962
        ],
        [
            -7.707429885864258,
            -3.8834049701690674,
            1.9866368770599365,
            -3.9717471599578857,
            -2.0257153511047363,
            -1.4536247253417969,
            3.1368157863616943,
            -1.9713915586471558,
            -2.194173574447632,
            1.9185206890106201
        ],
        [
            -7.123798370361328,
            -1.641339898109436,
            0.5377254486083984,
            -2.5659708976745605,
            -0.33608102798461914,
            2.7153713703155518,
            2.0701048374176025,
            -2.512873649597168,
            -2.118131160736084,
            -1.4292041063308716
        ],
        [
            -7.11724853515625,
            -2.4722533226013184,
            -0.2440943717956543,
            0.28884339332580566,
            -2.0596375465393066,
            3.92925763130188,
            -1.106323003768921,
            -1.7225018739700317,
            -0.3292304277420044,
            -2.394470453262329
        ],
        [
            -7.555191516876221,
            -4.8969035148620605,
            -1.7527430057525635,
            3.9980709552764893,
            1.0057063102722168,
            4.134164810180664,
            -3.0411553382873535,
            1.7445876598358154,
            0.22263407707214355,
            -1.3389383554458618
        ],
        [
            -7.870955944061279,
            -6.489117622375488,
            -2.7169954776763916,
            6.896117210388184,
            4.598799705505371,
            2.880645990371704,
            -3.8461198806762695,
            5.380252838134766,
            -1.1866462230682373,
            -3.8001370429992676
        ],
        [
            -7.404610633850098,
            -4.563867092132568,
            -2.4585185050964355,
            5.596314430236816,
            1.2937071323394775,
            -0.10280990600585938,
            -2.654963970184326,
            5.681339263916016,
            -2.502613067626953,
            -6.663778305053711
        ],
        [
            -7.540072441101074,
            -1.2349214553833008,
            -1.0353379249572754,
            1.3908774852752686,
            -0.9702436923980713,
            0.31493377685546875,
            -2.5515570640563965,
            5.166614532470703,
            0.548043966293335,
            -6.359765529632568
        ],
        [
            -8.411846160888672,
            1.4207725524902344,
            0.19137144088745117,
            -1.7144660949707031,
            -1.8123704195022583,
            3.6156041622161865,
            -0.17856478691101074,
            3.900881052017212,
            0.6813020706176758,
            -3.488126754760742
        ],
        [
            -9.291314125061035,
            2.8973286151885986,
            0.16211700439453125,
            -2.1402640342712402,
            -4.847360610961914,
            5.339519500732422,
