{
    "collision_depths": [
        0.010685904668549915,
        0.12852411816898746,
        0.1934663027894887,
        0.3726620571083271,
        0.23007905679815682,
        0.055710014185934284,
        0.05177366294032037,
        0.059718062561604994,
        0.005073665905462444,
        0.059195304189740734,
        0.011678722562001418
    ],
    "collision": true,
    "joint_limit_violation": true,
    "self_collision": true,
    "physical_violations": true,
    "config_smoothness": -3.2161291038284783,
    "eff_smoothness": -4.260110046968323,
    "eff_position_path_length": 166.93956927607377,
    "eff_orientation_path_length": 5852.4712089505665,
    "physical_success": false,
    "time": 12.727317571640015,
    "num_steps": 51,
    "trajectory_w": [
        [
            -7.948707580566406,
            -9.5711030960083,
            0.17510025203227997,
            0.0,
            0.0,
            0.0,
            -2.384185791015625e-07,
            0.0,
            0.0,
            0.0
        ],
        [
            -9.206003189086914,
            -7.7636613845825195,
            0.5899030566215515,
            -0.408571720123291,
            0.424349308013916,
            0.18253016471862793,
            0.5541591644287109,
            -0.7214493751525879,
            0.6168403625488281,
            -0.9220371246337891
        ],
        [
            -10.44556713104248,
            -7.0466179847717285,
            0.909596860408783,
            -0.7726337909698486,
            0.7117879390716553,
            0.44774746894836426,
            1.0933945178985596,
            -1.3775818347930908,
            1.115764856338501,
            -1.7270671129226685
        ],
        [
            -9.714211463928223,
            -5.253659725189209,
            1.0889469385147095,
            -1.0995793342590332,
            0.8002405166625977,
            0.8389759063720703,
            1.6267149448394775,
            -1.9412081241607666,
            1.4050319194793701,
            -2.39639949798584
        ],
        [
            -9.679049491882324,
            -4.9024481773376465,
            1.1497246026992798,
            -1.4180042743682861,
            0.7247700691223145,
            1.3468492031097412,
            2.1576902866363525,
            -2.4277515411376953,
            1.4933011531829834,
            -2.9928877353668213
        ],
        [
            -7.279547691345215,
            -8.514368057250977,
            -0.15714414417743683,
            -1.2035884857177734,
            -0.6564459800720215,
            3.5979535579681396,
            2.2995150089263916,
            -1.916575312614441,
            -0.8090106248855591,
            -3.3416709899902344
        ],
        [
            -4.313276290893555,
            -13.53818130493164,
            0.061015769839286804,
            2.088308095932007,
            1.6847028732299805,
            4.4647674560546875,
            1.8925116062164307,
            -2.127284049987793,
            0.373077392578125,
            -2.8016514778137207
        ],
        [
            -1.7330899238586426,
            -15.845224380493164,
            0.9420298933982849,
            4.306632041931152,
            -0.0045392513275146484,
            3.049330949783325,
            0.44623589515686035,
            0.7965292930603027,
            -1.1677005290985107,
            -1.0137972831726074
        ],
        [
            -0.788540780544281,
            -14.5226411819458,
            1.7024184465408325,
            4.441741943359375,
            1.143554925918579,
            1.0885016918182373,
            2.055584669113159,
            4.255830764770508,
            -1.9646689891815186,
            0.40218043327331543
        ],
        [
            -2.579744577407837,
            -11.627254486083984,
            1.481939435005188,
            1.9951283931732178,
            2.8483164310455322,
            1.7754347324371338,
            3.0003316402435303,
            3.0641586780548096,
            -1.2012219429016113,
            -0.10843706130981445
        ],
        [
            -6.113832950592041,
            -11.331189155578613,
            2.237175703048706,
            -2.0737152099609375,
            0.2669515609741211,
            1.310093641281128,
            -0.4689137935638428,
            0.2812769412994385,
            -0.563373327255249,
            -1.282752513885498
        ],
        [
            -7.9727630615234375,
            -14.278848648071289,
            3.3236844539642334,
            -3.4278645515441895,
            -3.1398274898529053,
            -1.8432241678237915,
            -3.5629093647003174,
            1.6200506687164307,
            -1.3956754207611084,
            -2.7223331928253174
        ],
        [
            -8.6004638671875,
            -16.340970993041992,
            3.671293020248413,
            -1.9603183269500732,
            -0.38658857345581055,
            -2.7311930656433105,
            -1.7780961990356445,
            2.3735764026641846,
            1.084580898284912,
            -3.675144672393799
        ],
        [
            -8.291465759277344,
            -16.801477432250977,
            3.962653398513794,
            -1.091954231262207,
            2.013270616531372,
            -0.279498815536499,
            3.325761079788208,
            -1.012470006942749,
            3.4346115589141846,
            -3.776972770690918
        ],
        [
            -7.687738418579102,
            -16.705774307250977,
            3.630319356918335,
            -0.7292444705963135,
            -0.39081525802612305,
            0.4473555088043213,
            4.669118881225586,
            -4.274034023284912,
            2.498936414718628,
            -1.1134932041168213
        ],
        [
            -7.605078220367432,
            -15.45030403137207,
            2.481659173965454,
            -0.18620514869689941,
            -2.92221736907959,
            -2.1972432136535645,
            3.4307305812835693,
            -5.756549835205078,
            0.19534993171691895,
            3.442992925643921
        ],
        [
            -9.064029693603516,
            -12.26613998413086,
            2.092848062515259,
            0.44446420669555664,
            -2.323404312133789,
            -5.184765338897705,
            3.0530221462249756,
            -5.417804718017578,
            -0.3385782241821289,
            4.191638946533203
        ],
        [
            -11.101753234863281,
            -7.8365864753723145,
            1.1161915063858032,
            0.04113173484802246,
            -1.4158551692962646,
            -5.0791473388671875,
            3.6966540813446045,
            -3.9688222408294678,
            0.2403244972229004,
            2.06538462638855
        ],
        [
            -11.43461799621582,
            -4.1283063888549805,
            -0.45371729135513306,
            -1.9781858921051025,
            2.0650646686553955,
            -1.8680508136749268,
            2.9217917919158936,
            -0.3737828731536865,
            -1.1574676036834717,
            -0.4348733425140381
        ],
        [
            -10.008642196655273,
            -2.496387004852295,
            -1.579641342163086,
            -3.128446578979492,
            3.4573781490325928,
            1.8819916248321533,
            2.4571969509124756,
            3.2011964321136475,
            -0.6469959020614624,
            -1.013012409210205
        ],
        [
            -8.26811408996582,
            -2.1955299377441406,
            -2.683589220046997,
            -1.4793537855148315,
            3.9349563121795654,
            3.8812334537506104,
            0.15272259712219238,
            4.675956726074219,
            -0.44989442825317383,
            -0.18968868255615234
        ],
        [
            -6.637954235076904,
            -3.2323098182678223,
            -2.303969383239746,
