{
    "collision_depths": [],
    "collision": false,
    "joint_limit_violation": false,
    "self_collision": false,
    "physical_violations": false,
    "config_smoothness": -5.721644437051968,
    "eff_smoothness": -5.741816675727445,
    "eff_position_path_length": 33.916482048209055,
    "eff_orientation_path_length": 1148.2099479281608,
    "physical_success": true,
    "time": 0.9701893329620361,
    "num_steps": 51,
    "trajectory_w": [
        [
            -10.763200759887695,
            -8.962141990661621,
            -2.790836811065674,
            0.0,
            0.0,
            0.0,
            0.0,
            0.0,
            0.0,
            0.0
        ],
        [
            -11.192642211914062,
            -9.162393569946289,
            -2.785125255584717,
            0.022635221481323242,
            0.21635127067565918,
            0.054796695709228516,
            0.09670686721801758,
            0.05050182342529297,
            0.04610395431518555,
            0.07467269897460938
        ],
        [
            -11.962167739868164,
            -9.415487289428711,
            -2.7291173934936523,
            -0.013966560363769531,
            0.6154966354370117,
            0.11375093460083008,
            0.27638721466064453,
            0.14113974571228027,
            0.15671086311340332,
            0.20327234268188477
        ],
        [
            -11.215522766113281,
            -9.110487937927246,
            -2.735316038131714,
            -0.013590574264526367,
            0.2355811595916748,
            0.033718109130859375,
            0.1164090633392334,
            0.06925344467163086,
            0.04848289489746094,
            0.06573867797851562
        ],
        [
            -11.1517333984375,
            -9.141368865966797,
            -2.783627986907959,
            0.02738356590270996,
            0.20227742195129395,
            0.05364847183227539,
            0.08701205253601074,
            0.044618844985961914,
            0.0441591739654541,
            0.07001185417175293
        ],
        [
            -11.417784690856934,
            -9.184657096862793,
            -2.7291524410247803,
            -0.015950441360473633,
            0.33017802238464355,
            0.05284929275512695,
            0.15996456146240234,
            0.09036588668823242,
            0.0747687816619873,
            0.0997765064239502
        ],
        [
            -12.062300682067871,
            -9.454312324523926,
            -2.724416971206665,
            -0.017116069793701172,
            0.6627931594848633,
            0.12213134765625,
            0.29706263542175293,
            0.15183258056640625,
            0.170684814453125,
            0.21968293190002441
        ],
        [
            -11.417296409606934,
            -9.251997947692871,
            -2.7770516872406006,
            0.01921820640563965,
            0.3415708541870117,
            0.07216453552246094,
            0.15233659744262695,
            0.07694292068481445,
            0.07847976684570312,
            0.11311531066894531
        ],
        [
            -10.876550674438477,
            -8.99691390991211,
            -2.77044939994812,
            0.036035776138305664,
            0.04959988594055176,
            0.024102210998535156,
            0.016147136688232422,
            0.016295194625854492,
            0.0035398006439208984,
            0.018696069717407227
        ],
        [
            -11.228484153747559,
            -9.12796401977539,
            -2.7437691688537598,
            -0.018512964248657227,
            0.2265164852142334,
            0.033799171447753906,
            0.12238788604736328,
            0.06732583045959473,
            0.04485130310058594,
            0.06526994705200195
        ],
        [
            -11.46512508392334,
            -9.258612632751465,
            -2.7759337425231934,
            0.01653599739074707,
            0.36529541015625,
            0.07616353034973145,
            0.16830992698669434,
            0.08009505271911621,
            0.08356428146362305,
            0.12165713310241699
        ],
        [
            -11.3463773727417,
            -9.163208961486816,
            -2.7295215129852295,
            -0.012958049774169922,
            0.2955644130706787,
            0.044867753982543945,
            0.14200425148010254,
            0.0844430923461914,
            0.0660853385925293,
            0.08755326271057129
        ],
        [
            -11.314532279968262,
            -9.146361351013184,
            -2.7322611808776855,
            -0.01571178436279297,
            0.28206348419189453,
            0.04307961463928223,
            0.1357102394104004,
            0.0797119140625,
            0.06207680702209473,
            0.08254742622375488
        ],
        [
            -11.140710830688477,
            -9.082541465759277,
            -2.740043878555298,
            -0.017571449279785156,
            0.19657039642333984,
            0.0283658504486084,
            0.1000511646270752,
            0.059888601303100586,
            0.03701329231262207,
            0.05227208137512207
        ],
        [
            -11.23818588256836,
            -9.119166374206543,
            -2.7358479499816895,
            -0.01659679412841797,
            0.24628162384033203,
            0.03627586364746094,
            0.12058067321777344,
            0.07126641273498535,
            0.05182957649230957,
            0.06956839561462402
        ],
        [
            -11.51804256439209,
            -9.231762886047363,
            -2.7260539531707764,
            -0.016602277755737305,
            0.38382935523986816,
            0.06410098075866699,
            0.1797196865081787,
            0.10220456123352051,
            0.09062647819519043,
            0.1177511215209961
        ],
        [
            -11.15968132019043,
            -9.143463134765625,
            -2.78200101852417,
            0.02861618995666504,
            0.20886540412902832,
            0.05407547950744629,
            0.08872747421264648,
            0.046173810958862305,
            0.04589247703552246,
            0.07149410247802734
        ],
        [
            -11.459988594055176,
            -9.219985961914062,
            -2.7337424755096436,
            -0.009441614151000977,
            0.36063385009765625,
            0.0613398551940918,
            0.15782880783081055,
            0.09607839584350586,
            0.08794331550598145,
            0.11151885986328125
        ],
        [
            -11.794340133666992,
            -9.352794647216797,
            -2.734489917755127,
            -0.007066011428833008,
            0.5324056148529053,
            0.09968805313110352,
            0.24366235733032227,
            0.12327432632446289,
            0.1313340663909912,
            0.1736612319946289
        ],
        [
            -11.629551887512207,
            -9.310620307922363,
            -2.7651755809783936,
            0.006296873092651367,
            0.4519789218902588,
            0.08880424499511719,
            0.20651817321777344,
            0.09894371032714844,
            0.10844898223876953,
            0.14980626106262207
        ],
        [
            -11.973864555358887,
            -9.419682502746582,
            -2.7281603813171387,
            -0.014014720916748047,
            0.6210401058197021,
            0.11503839492797852,
            0.27865076065063477,
            0.14262723922729492,
            0.15827727317810059,
            0.20505762100219727
        ],
        [
            -11.24599838256836,
            -9.122047424316406,
            -2.7345850467681885,
            -0.014729499816894531,
            0.24974560737609863,
            0.03646039962768555,
            0.1219170093536377,
            0.07245969772338867,
            0.052744150161743164,
            0.07069873809814453
