{
    "collision_depths": [],
    "collision": false,
    "joint_limit_violation": false,
    "self_collision": false,
    "physical_violations": false,
    "config_smoothness": -5.513604200194729,
    "eff_smoothness": -5.577294717730105,
    "eff_position_path_length": 36.05596196552668,
    "eff_orientation_path_length": 1227.6801895682108,
    "physical_success": true,
    "time": 0.27623963356018066,
    "num_steps": 51,
    "trajectory_w": [
        [
            -7.53201150894165,
            -7.169240951538086,
            -0.8655534386634827,
            0.0,
            0.0,
            0.0,
            0.0,
            0.0,
            0.0,
            0.0
        ],
        [
            -7.293308734893799,
            -7.453725337982178,
            -0.8365452885627747,
            0.018633127212524414,
            0.17073774337768555,
            -0.028683900833129883,
            0.07750320434570312,
            -0.013643503189086914,
            0.029166460037231445,
            -0.03468489646911621
        ],
        [
            -7.0380167961120605,
            -7.717280864715576,
            -0.8655245900154114,
            -0.001852273941040039,
            0.3858203887939453,
            -0.08283877372741699,
            0.1643071174621582,
            -0.05217289924621582,
            0.09365344047546387,
            -0.04952883720397949
        ],
        [
            -7.36083984375,
            -7.4138264656066895,
            -0.8419721722602844,
            -0.0023136138916015625,
            0.16536879539489746,
            -0.03218412399291992,
            0.07968807220458984,
            -0.022554397583007812,
            0.035019636154174805,
            -0.019695758819580078
        ],
        [
            -7.490707874298096,
            -7.240191459655762,
            -0.8558540940284729,
            0.013311386108398438,
            0.03658294677734375,
            -0.00034117698669433594,
            0.014024972915649414,
            -0.0006594657897949219,
            0.003991842269897461,
            -0.002950906753540039
        ],
        [
            -7.340869426727295,
            -7.408930778503418,
            -0.858847439289093,
            -0.010846376419067383,
            0.172393798828125,
            -0.03969407081604004,
            0.08044171333312988,
            -0.025828838348388672,
            0.0420072078704834,
            -0.017968177795410156
        ],
        [
            -6.970746040344238,
            -7.845175266265869,
            -0.8225513100624084,
            0.004472017288208008,
            0.45841145515441895,
            -0.07960963249206543,
            0.20526432991027832,
            -0.05922102928161621,
            0.1022341251373291,
            -0.05690789222717285
        ],
        [
            -7.192946434020996,
            -7.562367916107178,
            -0.8358362317085266,
            0.0025055408477783203,
            0.24957776069641113,
            -0.0540924072265625,
            0.126664400100708,
            -0.028252601623535156,
            0.04968976974487305,
            -0.048995018005371094
        ],
        [
            -6.890169143676758,
            -7.91522216796875,
            -0.8352139592170715,
            -0.0005891323089599609,
            0.4990541934967041,
            -0.109039306640625,
            0.2485806941986084,
            -0.06966948509216309,
            0.11201095581054688,
            -0.06597495079040527
        ],
        [
            -7.142977237701416,
            -7.626374244689941,
            -0.8474066853523254,
            0.012376785278320312,
            0.3204810619354248,
            -0.05793190002441406,
            0.126692533493042,
            -0.04908919334411621,
            0.0771174430847168,
            -0.03584885597229004
        ],
        [
            -6.735400676727295,
            -8.106924057006836,
            -0.8314250111579895,
            -0.0018053054809570312,
            0.6452677249908447,
            -0.11981368064880371,
            0.2943990230560303,
            -0.09201884269714355,
            0.14830398559570312,
            -0.06973910331726074
        ],
        [
            -7.493216037750244,
            -7.223474502563477,
            -0.8589268326759338,
            0.00514531135559082,
            0.029912471771240234,
            -0.003177642822265625,
            0.012926578521728516,
            -0.0010676383972167969,
            0.0059986114501953125,
            -0.0019960403442382812
        ],
        [
            -6.739724636077881,
            -8.097639083862305,
            -0.8343318104743958,
            -0.002003192901611328,
            0.6402618885040283,
            -0.11972641944885254,
            0.2916717529296875,
            -0.0906517505645752,
            0.14750337600708008,
            -0.06961965560913086
        ],
        [
            -7.154216289520264,
            -7.625881671905518,
            -0.8295930027961731,
            -0.0001766681671142578,
            0.29095911979675293,
            -0.06598687171936035,
            0.15557217597961426,
            -0.03810882568359375,
            0.060837507247924805,
            -0.04940915107727051
        ],
        [
            -6.92414665222168,
            -7.889305591583252,
            -0.8272133469581604,
            -0.0003886222839355469,
            0.47597289085388184,
            -0.10164618492126465,
            0.23986029624938965,
            -0.06615567207336426,
            0.10570359230041504,
            -0.0635521411895752
        ],
        [
            -7.457221031188965,
            -7.241916656494141,
            -0.8644576668739319,
            -0.013770818710327148,
            0.05480599403381348,
            -0.016754865646362305,
            0.02884507179260254,
            -0.010793447494506836,
            0.017464637756347656,
            -0.0058023929595947266
        ],
        [
            -6.880825042724609,
            -7.957850456237793,
            -0.8204589486122131,
            -0.0005741119384765625,
            0.537949800491333,
            -0.09383320808410645,
            0.2435767650604248,
            -0.07491755485534668,
            0.12171292304992676,
            -0.060199737548828125
        ],
        [
            -7.207202911376953,
            -7.5522356033325195,
            -0.8337076306343079,
            0.006471157073974609,
            0.24087905883789062,
            -0.04840588569641113,
            0.11830401420593262,
            -0.026145219802856445,
            0.04693794250488281,
            -0.04691886901855469
        ],
        [
            -7.025352478027344,
            -7.736020088195801,
            -0.859253466129303,
            0.007063150405883789,
            0.40193939208984375,
            -0.08055901527404785,
            0.1651444435119629,
            -0.05708670616149902,
            0.0960536003112793,
            -0.04783964157104492
        ],
        [
            -7.094529628753662,
            -7.708169460296631,
            -0.8362336754798889,
            0.0021092891693115234,
            0.3679192066192627,
            -0.07665133476257324,
            0.17264080047607422,
            -0.0608372688293457,
            0.08584928512573242,
            -0.0419614315032959
        ],
        [
            -6.73292350769043,
            -8.10172176361084,
            -0.8372231125831604,
            -0.002391815185546875,
            0.6436164379119873,
            -0.12161445617675781,
            0.2930424213409424,
            -0.09043312072753906,
            0.14861345291137695,
            -0.07086563110351562
        ],
        [
            -7.197242736816406,
            -7.575323581695557,
            -0.8371196389198303,
            -0.0036802291870117188,
            0.2587165832519531,
            -0.06666421890258789,
            0.14520859718322754,
