{
    "collision_depths": [],
    "collision": false,
    "joint_limit_violation": false,
    "self_collision": false,
    "physical_violations": false,
    "config_smoothness": -5.501720867253263,
    "eff_smoothness": -5.509603953790119,
    "eff_position_path_length": 33.89927428037738,
    "eff_orientation_path_length": 1594.1262201549932,
    "physical_success": true,
    "time": 0.558518648147583,
    "num_steps": 51,
    "trajectory_w": [
        [
            -3.7177274227142334,
            -2.8740124702453613,
            0.6980756521224976,
            0.0,
            0.0,
            0.0,
            0.0,
            0.0,
            0.0,
            0.0
        ],
        [
            -2.938732624053955,
            -2.1396920680999756,
            0.8227981328964233,
            0.010249614715576172,
            0.2667057514190674,
            0.014779090881347656,
            0.22647881507873535,
            0.018561601638793945,
            0.6493113040924072,
            -0.2541036605834961
        ],
        [
            -2.6675236225128174,
            -1.8979219198226929,
            0.8784490823745728,
            0.010541915893554688,
            0.36506009101867676,
            0.005448341369628906,
            0.3034675121307373,
            0.03119039535522461,
            0.8841812610626221,
            -0.34511399269104004
        ],
        [
            -3.0759572982788086,
            -2.2790212631225586,
            0.8003355264663696,
            0.013118505477905273,
            0.21997356414794922,
            0.023654699325561523,
            0.18439078330993652,
            0.01651167869567871,
            0.5217571258544922,
            -0.19501829147338867
        ],
        [
            -3.234013795852661,
            -2.4667444229125977,
            0.7741783857345581,
            0.003128528594970703,
            0.1560826301574707,
            0.025002479553222656,
            0.14308953285217285,
            0.02430248260498047,
            0.3728165626525879,
            -0.13674426078796387
        ],
        [
            -3.075671911239624,
            -2.280869483947754,
            0.7999321222305298,
            0.012637853622436523,
            0.2212386131286621,
            0.02297234535217285,
            0.18406295776367188,
            0.015744686126708984,
            0.5224192142486572,
            -0.19553899765014648
        ],
        [
            -2.661532402038574,
            -1.8928461074829102,
            0.8795250654220581,
            0.010228157043457031,
            0.3673839569091797,
            0.004826545715332031,
            0.30509161949157715,
            0.03132033348083496,
            0.8896291255950928,
            -0.34746718406677246
        ],
        [
            -3.630342721939087,
            -2.808241605758667,
            0.7071596384048462,
            -0.008558034896850586,
            0.021525144577026367,
            0.0038461685180664062,
            0.023653745651245117,
            -0.0019745826721191406,
            0.05287003517150879,
            -0.020290613174438477
        ],
        [
            -2.991440534591675,
            -2.189842939376831,
            0.8124946355819702,
            0.010496377944946289,
            0.24687528610229492,
            0.01737046241760254,
            0.21436476707458496,
            0.018984079360961914,
            0.6040821075439453,
            -0.23916077613830566
        ],
        [
            -2.6459476947784424,
            -1.8799554109573364,
            0.8830424547195435,
            0.010625600814819336,
            0.37259697914123535,
            0.004498481750488281,
            0.3092186450958252,
            0.03215527534484863,
            0.9022090435028076,
            -0.3522024154663086
        ],
        [
            -2.9930737018585205,
            -2.1904380321502686,
            0.8125463724136353,
            0.010888338088989258,
            0.24628901481628418,
            0.01783895492553711,
            0.21371912956237793,
            0.01880168914794922,
            0.6021618843078613,
            -0.23770594596862793
        ],
        [
            -3.4507601261138916,
            -2.683506727218628,
            0.7222515344619751,
            -0.01890420913696289,
            0.07777619361877441,
            0.012630224227905273,
            0.06398439407348633,
            0.007668495178222656,
            0.17670059204101562,
            -0.05473160743713379
        ],
        [
            -3.5876028537750244,
            -2.7069756984710693,
            0.7275232076644897,
            0.029976606369018555,
            0.045145511627197266,
            0.019811153411865234,
            0.055925846099853516,
            -0.0023641586303710938,
            0.1382737159729004,
            -0.04853200912475586
        ],
        [
            -2.712480068206787,
            -1.9371206760406494,
            0.8683995008468628,
            0.010646581649780273,
            0.34897351264953613,
            0.007124185562133789,
            0.2909064292907715,
            0.029247045516967773,
            0.8454103469848633,
            -0.3298773765563965
        ],
        [
            -2.7468135356903076,
            -1.9678070545196533,
            0.8609026670455933,
            0.010368585586547852,
            0.3366415500640869,
            0.008290529251098633,
            0.2812371253967285,
            0.02764725685119629,
            0.8157422542572021,
            -0.31837916374206543
        ],
        [
            -3.2056732177734375,
            -2.4053540229797363,
            0.7767239809036255,
            -0.0012841224670410156,
            0.1750020980834961,
            0.01632070541381836,
            0.15145468711853027,
            0.006981849670410156,
            0.4260389804840088,
            -0.1565110683441162
        ],
        [
            -3.094754934310913,
            -2.3029513359069824,
            0.7909866571426392,
            0.0146331787109375,
            0.21358656883239746,
            0.019046783447265625,
            0.17989277839660645,
            0.01607203483581543,
            0.5100171566009521,
            -0.19999957084655762
        ],
        [
            -3.500633955001831,
            -2.6008896827697754,
            0.7383421659469604,
            0.021152496337890625,
            0.07986855506896973,
            0.011259078979492188,
            0.08402657508850098,
            -0.014046192169189453,
            0.22547435760498047,
            -0.09011006355285645
        ],
        [
            -2.6480343341827393,
            -1.881218671798706,
            0.8826435804367065,
            0.010634899139404297,
            0.37202000617980957,
            0.004461765289306641,
            0.308823823928833,
            0.032140493392944336,
            0.9007725715637207,
            -0.35182905197143555
        ],
        [
            -3.0699222087860107,
            -2.2643446922302246,
            0.7947202920913696,
            0.00872182846069336,
            0.2219862937927246,
            0.011214256286621094,
            0.18407034873962402,
            0.006474494934082031,
            0.540062427520752,
            -0.21140599250793457
        ],
        [
            -3.608222246170044,
            -2.7375009059906006,
            0.7220643758773804,
            0.02758479118347168,
            0.03783416748046875,
            0.020383596420288086,
            0.047562599182128906,
            -7.033348083496094e-05,
            0.11623144149780273,
            -0.0373382568359375
        ],
        [
            -3.133401870727539,
            -2.3150339126586914,
            0.7822424173355103,
            0.00810384750366211,
            0.1988816261291504,
            0.007491350173950195,
            0.17000699043273926,
            0.002264261245727539,
