{
    "collision_depths": [],
    "collision": false,
    "joint_limit_violation": false,
    "self_collision": false,
    "physical_violations": false,
    "config_smoothness": -5.723454598181318,
    "eff_smoothness": -5.787331750472396,
    "eff_position_path_length": 31.143935697476355,
    "eff_orientation_path_length": 1305.005203511184,
    "physical_success": true,
    "time": 0.2982218265533447,
    "num_steps": 51,
    "trajectory_w": [
        [
            -2.825594425201416,
            -2.4196321964263916,
            -0.3425517976284027,
            0.0,
            0.0,
            0.0,
            0.0,
            0.0,
            0.0,
            0.0
        ],
        [
            -2.241455078125,
            -2.6379940509796143,
            -0.35534438490867615,
            -0.00012540817260742188,
            0.29509544372558594,
            -0.12555527687072754,
            0.15365052223205566,
            -0.10484743118286133,
            0.09779477119445801,
            -0.16055870056152344
        ],
        [
            -1.7871835231781006,
            -2.7934823036193848,
            -0.3529735505580902,
            0.015289545059204102,
            0.5377528667449951,
            -0.22534847259521484,
            0.2993173599243164,
            -0.2097454071044922,
            0.17284774780273438,
            -0.28087568283081055
        ],
        [
            -1.8973826169967651,
            -2.761101007461548,
            -0.3503609597682953,
            0.01311039924621582,
            0.47853541374206543,
            -0.1994647979736328,
            0.26572346687316895,
            -0.1810750961303711,
            0.1534285545349121,
            -0.2527313232421875
        ],
        [
            -2.2025249004364014,
            -2.654453754425049,
            -0.3537321984767914,
            0.0015096664428710938,
            0.3159914016723633,
            -0.13231539726257324,
            0.16597533226013184,
            -0.11243820190429688,
            0.10395073890686035,
            -0.17087697982788086
        ],
        [
            -2.763737678527832,
            -2.449228048324585,
            -0.3421038091182709,
            0.00433039665222168,
            0.03020930290222168,
            -0.011681079864501953,
            0.018021583557128906,
            -0.009584188461303711,
            0.007988452911376953,
            -0.015056610107421875
        ],
        [
            -1.8114749193191528,
            -2.7860164642333984,
            -0.352421373128891,
            0.01467132568359375,
            0.5244338512420654,
            -0.21984457969665527,
            0.2919504642486572,
            -0.2033374309539795,
            0.16848134994506836,
            -0.27478981018066406
        ],
        [
            -2.1900558471679688,
            -2.660851001739502,
            -0.35249266028404236,
            0.002978086471557617,
            0.3231492042541504,
            -0.1335599422454834,
            0.17033958435058594,
            -0.11484098434448242,
            0.10579800605773926,
            -0.17362523078918457
        ],
        [
            -1.6673797369003296,
            -2.79789662361145,
            -0.3673480451107025,
            0.016736745834350586,
            0.5942115783691406,
            -0.2684643268585205,
            0.3300347328186035,
            -0.24103021621704102,
            0.1945199966430664,
            -0.31651973724365234
        ],
        [
            -1.6345651149749756,
            -2.8241891860961914,
            -0.36262425780296326,
            0.01756596565246582,
            0.6165447235107422,
            -0.2679452896118164,
            0.342329740524292,
            -0.24988555908203125,
            0.2000422477722168,
            -0.3215963840484619
        ],
        [
            -2.377509832382202,
            -2.5648581981658936,
            -0.34612736105918884,
            0.005646467208862305,
            0.2205982208251953,
            -0.12567448616027832,
            0.14203786849975586,
            -0.09364819526672363,
            0.07233047485351562,
            -0.13986563682556152
        ],
        [
            -2.005906105041504,
            -2.6847236156463623,
            -0.3579429090023041,
            0.013607263565063477,
            0.40897417068481445,
            -0.20026326179504395,
            0.2367708683013916,
            -0.16507220268249512,
            0.13714003562927246,
            -0.22842693328857422
        ],
        [
            -1.750421166419983,
            -2.8038992881774902,
            -0.35431012511253357,
            0.01592254638671875,
            0.5572326183319092,
            -0.23400640487670898,
            0.3099486827850342,
            -0.21937918663024902,
            0.17932486534118652,
            -0.29018592834472656
        ],
        [
            -2.2487828731536865,
            -2.638883590698242,
            -0.3536125123500824,
            0.0010759830474853516,
            0.2920725345611572,
            -0.1220548152923584,
            0.1522819995880127,
            -0.10286140441894531,
            0.0963594913482666,
            -0.1575486660003662
        ],
        [
            -2.332939386367798,
            -2.61667537689209,
            -0.34707292914390564,
            0.0036466121673583984,
            0.25026893615722656,
            -0.09945225715637207,
            0.1328902244567871,
            -0.0837409496307373,
            0.08139801025390625,
            -0.13162994384765625
        ],
        [
            -2.758732318878174,
            -2.445535898208618,
            -0.34320268034935,
            -0.0006248950958251953,
            0.029947280883789062,
            -0.014838457107543945,
            0.018944501876831055,
            -0.010884523391723633,
            0.00897836685180664,
            -0.01783609390258789
        ],
        [
            -2.553867816925049,
            -2.501589775085449,
            -0.3412695825099945,
            0.0055010318756103516,
            0.1294853687286377,
            -0.07883620262145996,
            0.09129619598388672,
            -0.05551791191101074,
            0.03919363021850586,
            -0.08666563034057617
        ],
        [
            -2.0804364681243896,
            -2.6971657276153564,
            -0.34887823462486267,
            0.009038448333740234,
            0.37848877906799316,
            -0.16048407554626465,
            0.20937681198120117,
            -0.13810443878173828,
            0.1221153736114502,
            -0.20600533485412598
        ],
        [
            -2.1617958545684814,
            -2.6711323261260986,
            -0.3522094190120697,
            0.003880739212036133,
            0.3380746841430664,
            -0.13987112045288086,
            0.17954421043395996,
            -0.12059378623962402,
            0.11049008369445801,
            -0.18158674240112305
        ],
        [
            -2.4659640789031982,
            -2.556891918182373,
            -0.3299959599971771,
            0.014852523803710938,
            0.1800227165222168,
            -0.09006333351135254,
            0.12093067169189453,
            -0.0713949203491211,
            0.053579092025756836,
            -0.10473155975341797
        ],
        [
            -1.7325035333633423,
            -2.767223834991455,
            -0.3696969449520111,
            0.0158383846282959,
            0.5558338165283203,
            -0.25942087173461914,
            0.3100090026855469,
            -0.22464370727539062,
            0.1836996078491211,
            -0.3011915683746338
        ],
        [
            -2.1569066047668457,
            -2.6465721130371094,
            -0.3456312119960785,
            0.015369653701782227,
            0.33225107192993164,
            -0.16536617279052734,
            0.20401310920715332,
            -0.1347668170928955,
