{
    "collision_depths": [],
    "collision": false,
    "joint_limit_violation": false,
    "self_collision": false,
    "physical_violations": false,
    "config_smoothness": -5.5118199389133595,
    "eff_smoothness": -5.517259191957107,
    "eff_position_path_length": 27.983369630264082,
    "eff_orientation_path_length": 983.35851348735,
    "physical_success": true,
    "time": 0.26875901222229004,
    "num_steps": 51,
    "trajectory_w": [
        [
            -7.792447566986084,
            -6.571203708648682,
            -1.9179720878601074,
            0.0,
            0.0,
            0.0,
            0.0,
            0.0,
            0.0,
            0.0
        ],
        [
            -7.954113483428955,
            -7.158986568450928,
            -1.8922734260559082,
            0.024457216262817383,
            0.2637312412261963,
            -0.021993398666381836,
            0.17962431907653809,
            -0.03275108337402344,
            0.10554981231689453,
            -0.03808236122131348
        ],
        [
            -7.927940368652344,
            -7.014036655426025,
            -1.884207010269165,
            0.004312038421630859,
            0.19705581665039062,
            -0.02337789535522461,
            0.14730381965637207,
            -0.02146291732788086,
            0.07585930824279785,
            -0.03751873970031738
        ],
        [
            -8.147110939025879,
            -7.7962188720703125,
            -1.887848138809204,
            0.0050678253173828125,
            0.5653245449066162,
            -0.05542325973510742,
            0.3582437038421631,
            -0.060517072677612305,
            0.23595166206359863,
            -0.06721925735473633
        ],
        [
            -7.9706878662109375,
            -7.236781597137451,
            -1.8971030712127686,
            0.026592254638671875,
            0.2983219623565674,
            -0.027005672454833984,
            0.20072126388549805,
            -0.04072213172912598,
            0.12129998207092285,
            -0.04129505157470703
        ],
        [
            -7.9301838874816895,
            -7.074219703674316,
            -1.9132328033447266,
            -0.012766838073730469,
            0.21915483474731445,
            -0.032418251037597656,
            0.14578771591186523,
            -0.015564441680908203,
            0.10621285438537598,
            -0.032088279724121094
        ],
        [
            -7.921985149383545,
            -7.057892799377441,
            -1.9151325225830078,
            -0.008793115615844727,
            0.21115803718566895,
            -0.03014850616455078,
            0.13881587982177734,
            -0.015439033508300781,
            0.10308647155761719,
            -0.029581069946289062
        ],
        [
            -8.129449844360352,
            -7.738174915313721,
            -1.8874077796936035,
            0.005545377731323242,
            0.5369617938995361,
            -0.05299735069274902,
            0.3423447608947754,
            -0.05665183067321777,
            0.22469353675842285,
            -0.06450080871582031
        ],
        [
            -8.05030345916748,
            -7.550414085388184,
            -1.8877284526824951,
            0.012544393539428711,
            0.4311394691467285,
            -0.0514371395111084,
            0.2877371311187744,
            -0.04133439064025879,
            0.18329596519470215,
            -0.060636281967163086
        ],
        [
            -8.104722023010254,
            -7.6578874588012695,
            -1.8969135284423828,
            0.003949165344238281,
            0.5028908252716064,
            -0.04729270935058594,
            0.31705141067504883,
            -0.05248594284057617,
            0.2134716510772705,
            -0.05943441390991211
        ],
        [
            -7.894021511077881,
            -6.930693626403809,
            -1.8830597400665283,
            0.017704486846923828,
            0.15144944190979004,
            -0.017276525497436523,
            0.11473655700683594,
            -0.021106958389282227,
            0.052257537841796875,
            -0.03274941444396973
        ],
        [
            -8.140689849853516,
            -7.773922443389893,
            -1.886828899383545,
            0.005542278289794922,
            0.5543966293334961,
            -0.052876949310302734,
            0.35213160514831543,
            -0.059288978576660156,
            0.2316291332244873,
            -0.06525492668151855
        ],
        [
            -7.979120254516602,
            -7.135831356048584,
            -1.8962135314941406,
            -0.001718282699584961,
            0.2633078098297119,
            -0.017363548278808594,
            0.16992902755737305,
            -0.012402057647705078,
            0.11229777336120605,
            -0.03570556640625
        ],
        [
            -7.804333209991455,
            -6.6640625,
            -1.9002017974853516,
            -0.007018327713012695,
            0.029900074005126953,
            -0.005301475524902344,
            0.03791022300720215,
            -0.0015213489532470703,
            0.01056361198425293,
            -0.0073299407958984375
        ],
        [
            -8.010598182678223,
            -7.23907995223999,
            -1.8881916999816895,
            0.0022170543670654297,
            0.31105542182922363,
            -0.026853084564208984,
            0.21251869201660156,
            -0.024114608764648438,
            0.12800097465515137,
            -0.04502749443054199
        ],
        [
            -7.9182024002075195,
            -7.044281005859375,
            -1.9162535667419434,
            -0.0090789794921875,
            0.2045581340789795,
            -0.02866363525390625,
            0.13443565368652344,
            -0.013630390167236328,
            0.10062837600708008,
            -0.028359651565551758
        ],
        [
            -8.016135215759277,
            -7.35517692565918,
            -1.9082732200622559,
            0.010538578033447266,
            0.36393094062805176,
            -0.025569915771484375,
            0.2257518768310547,
            -0.04249429702758789,
            0.15568280220031738,
            -0.04065275192260742
        ],
        [
            -7.817253112792969,
            -6.647517204284668,
            -1.9216382503509521,
            -0.00019598007202148438,
            0.034028053283691406,
            0.003187417984008789,
            0.019650936126708984,
            0.004177570343017578,
            0.018766164779663086,
            0.0030350685119628906
        ],
        [
            -7.825369834899902,
            -6.648388385772705,
            -1.9149842262268066,
            0.016670703887939453,
            0.03452777862548828,
            0.005820274353027344,
            0.014726400375366211,
            0.00422358512878418,
            0.012047767639160156,
            0.0016102790832519531
        ],
        [
            -7.828324794769287,
            -6.666411399841309,
            -1.8981554508209229,
            0.02090167999267578,
            0.03596782684326172,
            0.003002166748046875,
            0.025091171264648438,
            0.00044417381286621094,
            0.004778146743774414,
            -0.0051882266998291016
        ],
        [
            -7.9067277908325195,
            -7.090129852294922,
            -1.9112811088562012,
            0.02198195457458496,
            0.21925926208496094,
            -0.025412559509277344,
            0.14374041557312012,
            -0.027181625366210938,
            0.09911203384399414,
            -0.03131723403930664
        ],
        [
            -8.012367248535156,
            -7.3903093338012695,
            -1.9075543880462646,
            0.019833803176879883,
            0.37151360511779785,
            -0.03380322456359863,
            0.239152193069458,
