{
    "collision_depths": [],
    "collision": false,
    "joint_limit_violation": false,
    "self_collision": false,
    "physical_violations": false,
    "config_smoothness": -5.061009049125546,
    "eff_smoothness": -5.148497144383683,
    "eff_position_path_length": 28.098176549827265,
    "eff_orientation_path_length": 1086.2435318790456,
    "physical_success": true,
    "time": 0.3905055522918701,
    "num_steps": 51,
    "trajectory_w": [
        [
            -4.419151782989502,
            -2.1391618251800537,
            0.5234360098838806,
            0.0,
            0.0,
            0.0,
            0.0,
            0.0,
            0.0,
            0.0
        ],
        [
            -3.989755392074585,
            -1.819421410560608,
            0.5493761897087097,
            -0.0066280364990234375,
            0.3659086227416992,
            -0.026387453079223633,
            0.13067841529846191,
            -0.05202770233154297,
            0.03667306900024414,
            -0.03467869758605957
        ],
        [
            -4.361936569213867,
            -2.093663454055786,
            0.5266038775444031,
            -0.00029277801513671875,
            0.04537320137023926,
            -0.0038292407989501953,
            0.018461227416992188,
            -0.004434108734130859,
            0.0030481815338134766,
            -0.004612922668457031
        ],
        [
            -4.1087141036987305,
            -1.8841588497161865,
            0.5428373217582703,
            -0.007378578186035156,
            0.300189733505249,
            -0.038947343826293945,
            0.13844513893127441,
            -0.06245756149291992,
            0.025912046432495117,
            -0.06033730506896973
        ],
        [
            -3.924346923828125,
            -1.7753885984420776,
            0.5555548071861267,
            -0.006032228469848633,
            0.42514920234680176,
            -0.03305411338806152,
            0.15887999534606934,
            -0.061199188232421875,
            0.04345393180847168,
            -0.03664851188659668
        ],
        [
            -3.570665121078491,
            -1.5651400089263916,
            0.5625318884849548,
            -0.019877195358276367,
            0.7814712524414062,
            -0.07953619956970215,
            0.31535911560058594,
            -0.14692449569702148,
            0.0767660140991211,
            -0.09240579605102539
        ],
        [
            -4.364445686340332,
            -2.0949032306671143,
            0.5260002017021179,
            0.00162506103515625,
            0.04339265823364258,
            -0.004094600677490234,
            0.016364097595214844,
            -0.005320549011230469,
            0.00305938720703125,
            -0.002893209457397461
        ],
        [
            -3.5638866424560547,
            -1.5609207153320312,
            0.561046302318573,
            -0.019870281219482422,
            0.786278247833252,
            -0.07994508743286133,
            0.3170948028564453,
            -0.14504551887512207,
            0.07860445976257324,
            -0.09006261825561523
        ],
        [
            -4.040622234344482,
            -1.8474010229110718,
            0.5427073836326599,
            -0.010814428329467773,
            0.3569974899291992,
            -0.044671058654785156,
            0.16006779670715332,
            -0.0716695785522461,
            0.03246426582336426,
            -0.06559085845947266
        ],
        [
            -3.6962778568267822,
            -1.641485333442688,
            0.5621382594108582,
            -0.020969629287719727,
            0.6736042499542236,
            -0.0691978931427002,
            0.2714369297027588,
            -0.13565945625305176,
            0.061599016189575195,
            -0.09613871574401855
        ],
        [
            -3.950562000274658,
            -1.7968181371688843,
            0.5448994040489197,
            -0.01612377166748047,
            0.4342072010040283,
            -0.0523076057434082,
            0.18743395805358887,
            -0.08589386940002441,
            0.04044604301452637,
            -0.07370567321777344
        ],
        [
            -4.360562801361084,
            -2.088592767715454,
            0.5267500281333923,
            0.0019507408142089844,
            0.048839569091796875,
            -0.006300449371337891,
            0.0192718505859375,
            -0.008496761322021484,
            0.0033936500549316406,
            -0.0037212371826171875
        ],
        [
            -3.9375035762786865,
            -1.7890174388885498,
            0.5464085936546326,
            -0.015776395797729492,
            0.4475104808807373,
            -0.053652286529541016,
            0.19196343421936035,
            -0.08999252319335938,
            0.04164886474609375,
            -0.07472753524780273
        ],
        [
            -4.365688800811768,
            -2.095599889755249,
            0.5264527201652527,
            0.0013318061828613281,
            0.0425267219543457,
            -0.004212856292724609,
            0.016654253005981445,
            -0.005408525466918945,
            0.0028700828552246094,
            -0.0033745765686035156
        ],
        [
            -3.964447259902954,
            -1.8000237941741943,
            0.5515817999839783,
            -0.005288362503051758,
            0.3898582458496094,
            -0.029126644134521484,
            0.1419203281402588,
            -0.0566868782043457,
            0.039534807205200195,
            -0.035888671875
        ],
        [
            -3.5690693855285645,
            -1.564618706703186,
            0.5627419352531433,
            -0.019786357879638672,
            0.7829248905181885,
            -0.07954168319702148,
            0.3159036636352539,
            -0.14702892303466797,
            0.07685208320617676,
            -0.09220337867736816
        ],
        [
            -3.6403369903564453,
            -1.60593843460083,
            0.5624341368675232,
            -0.020484447479248047,
            0.7255103588104248,
            -0.07426810264587402,
            0.2919740676879883,
            -0.1443040370941162,
            0.0680692195892334,
            -0.10080933570861816
        ],
        [
            -3.5668137073516846,
            -1.5625344514846802,
            0.5608178973197937,
            -0.01979541778564453,
            0.782731294631958,
            -0.0792851448059082,
            0.31583213806152344,
            -0.14351105690002441,
            0.07847285270690918,
            -0.08931326866149902
        ],
        [
            -3.6952109336853027,
            -1.6291872262954712,
            0.5581905245780945,
            -0.012676000595092773,
            0.6434366703033447,
            -0.05914497375488281,
            0.25996947288513184,
            -0.10158085823059082,
            0.06791973114013672,
            -0.05514955520629883
        ],
        [
            -4.008029460906982,
            -1.829463243484497,
            0.5432340502738953,
            -0.012697219848632812,
            0.38469791412353516,
            -0.04714679718017578,
            0.1697540283203125,
            -0.07624387741088867,
            0.03526496887207031,
            -0.06853818893432617
        ],
        [
            -3.983501672744751,
            -1.8169832229614258,
            0.5457243323326111,
            -0.01257181167602539,
            0.4046511650085449,
            -0.050314903259277344,
            0.17781567573547363,
            -0.08104395866394043,
            0.03760480880737305,
            -0.06848382949829102
        ],
        [
            -3.9742259979248047,
            -1.8064686059951782,
            0.5503498911857605,
            -0.0063762664794921875,
            0.38109874725341797,
            -0.027880430221557617,
            0.13739371299743652,
