{
    "collision_depths": [],
    "collision": false,
    "joint_limit_violation": false,
    "self_collision": false,
    "physical_violations": false,
    "config_smoothness": -5.0501378020739205,
    "eff_smoothness": -5.094528390276686,
    "eff_position_path_length": 29.696493673670947,
    "eff_orientation_path_length": 1216.3730874152454,
    "physical_success": true,
    "time": 0.35052990913391113,
    "num_steps": 51,
    "trajectory_w": [
        [
            -10.859806060791016,
            -8.201440811157227,
            -2.4467508792877197,
            0.0,
            0.0,
            0.0,
            0.0,
            0.0,
            0.0,
            0.0
        ],
        [
            -11.4077787399292,
            -8.753365516662598,
            -2.4458072185516357,
            -0.0002415180206298828,
            0.41695690155029297,
            -0.07177543640136719,
            0.2567150592803955,
            -0.0351567268371582,
            0.21544837951660156,
            -0.024618148803710938
        ],
        [
            -10.909278869628906,
            -8.26026439666748,
            -2.4540553092956543,
            -0.014844417572021484,
            0.03772306442260742,
            -0.011067867279052734,
            0.028496265411376953,
            -0.0005509853363037109,
            0.022014141082763672,
            -0.003763914108276367
        ],
        [
            -11.52529239654541,
            -8.9092435836792,
            -2.4757254123687744,
            0.00812530517578125,
            0.5208642482757568,
            -0.12567830085754395,
            0.3166389465332031,
            -0.05546140670776367,
            0.2686347961425781,
            -0.04092288017272949
        ],
        [
            -11.250795364379883,
            -8.640386581420898,
            -2.466776132583618,
            0.014850378036499023,
            0.3030557632446289,
            -0.0914299488067627,
            0.19346213340759277,
            -0.032959699630737305,
            0.16121912002563477,
            -0.03342795372009277
        ],
        [
            -11.298893928527832,
            -8.632040023803711,
            -2.444692611694336,
            -0.0008337497711181641,
            0.3294210433959961,
            -0.0516054630279541,
            0.20045828819274902,
            -0.0275418758392334,
            0.16824078559875488,
            -0.018963098526000977
        ],
        [
            -10.952488899230957,
            -8.298042297363281,
            -2.459376335144043,
            -0.003498554229736328,
            0.07037353515625,
            -0.021185636520385742,
            0.045838356018066406,
            -0.0028562545776367188,
            0.03809165954589844,
            -0.005476474761962891
        ],
        [
            -11.248116493225098,
            -8.573214530944824,
            -2.445565938949585,
            -0.0031065940856933594,
            0.2882969379425049,
            -0.0443265438079834,
            0.17377519607543945,
            -0.023808002471923828,
            0.14670586585998535,
            -0.016900300979614258
        ],
        [
            -10.96444034576416,
            -8.316035270690918,
            -2.4599616527557373,
            -0.003045797348022461,
            0.08210039138793945,
            -0.026001930236816406,
            0.05477190017700195,
            -0.0033991336822509766,
            0.044725894927978516,
            -0.006998777389526367
        ],
        [
            -11.178677558898926,
            -8.56910228729248,
            -2.462474822998047,
            0.01124715805053711,
            0.24951434135437012,
            -0.08106064796447754,
            0.16420245170593262,
            -0.02580738067626953,
            0.13434600830078125,
            -0.031152725219726562
        ],
        [
            -11.499024391174316,
            -8.852568626403809,
            -2.4495797157287598,
            0.001971721649169922,
            0.48926591873168945,
            -0.08869266510009766,
            0.300922155380249,
            -0.04625821113586426,
            0.252392053604126,
            -0.027755022048950195
        ],
        [
            -11.120779037475586,
            -8.491031646728516,
            -2.4498205184936523,
            0.01677417755126953,
            0.194915771484375,
            -0.04004669189453125,
            0.12485766410827637,
            -0.021435260772705078,
            0.09824419021606445,
            -0.016639232635498047
        ],
        [
            -11.209691047668457,
            -8.597570419311523,
            -2.465588092803955,
            0.012971162796020508,
            0.27126216888427734,
            -0.08504271507263184,
            0.17562222480773926,
            -0.028913021087646484,
            0.1451740264892578,
            -0.032135725021362305
        ],
        [
            -11.19099235534668,
            -8.507184028625488,
            -2.446737051010132,
            -0.0022830963134765625,
            0.24141311645507812,
            -0.0346376895904541,
            0.14386725425720215,
            -0.0204010009765625,
            0.12126374244689941,
            -0.01375722885131836
        ],
        [
            -11.523478507995605,
            -8.907604217529297,
            -2.4757702350616455,
            0.008147478103637695,
            0.5195596218109131,
            -0.12578344345092773,
            0.3158993721008301,
            -0.05560421943664551,
            0.268007755279541,
            -0.041028499603271484
        ],
        [
            -10.914191246032715,
            -8.263943672180176,
            -2.4455606937408447,
            -0.00898432731628418,
            0.03760790824890137,
            -0.006676912307739258,
            0.029118061065673828,
            -0.002506732940673828,
            0.019962072372436523,
            -0.002655029296875
        ],
        [
            -11.129277229309082,
            -8.522584915161133,
            -2.4569575786590576,
            0.01446676254272461,
            0.2132575511932373,
            -0.06678652763366699,
            0.1430976390838623,
            -0.023912668228149414,
            0.11300349235534668,
            -0.025863170623779297
        ],
        [
            -11.476426124572754,
            -8.866179466247559,
            -2.477435350418091,
            0.010207891464233398,
            0.4837517738342285,
            -0.12292265892028809,
            0.29550671577453613,
            -0.05299210548400879,
            0.2508718967437744,
            -0.040579795837402344
        ],
        [
            -11.330158233642578,
            -8.665407180786133,
            -2.4445061683654785,
            -0.0007319450378417969,
            0.35436010360717773,
            -0.056676387786865234,
            0.21638274192810059,
            -0.02911663055419922,
            0.18158555030822754,
            -0.02045583724975586
        ],
        [
            -11.420937538146973,
            -8.768791198730469,
            -2.446225166320801,
            0.00014519691467285156,
            0.4276127815246582,
            -0.07503032684326172,
            0.26374387741088867,
            -0.03625035285949707,
            0.2213287353515625,
            -0.025492429733276367
        ],
        [
            -11.127939224243164,
            -8.448891639709473,
            -2.4535818099975586,
            -0.012890815734863281,
            0.19286131858825684,
            -0.04447674751281738,
            0.11905980110168457,
            -0.009846210479736328,
            0.10272097587585449,
            -0.021010875701904297
        ],
        [
            -11.326210021972656,
            -8.677915573120117,
            -2.441312551498413,
            -0.0015380382537841797,
            0.35008859634399414,
            -0.06931471824645996,
            0.22049283981323242,
