{
    "collision_depths": [],
    "collision": false,
    "joint_limit_violation": false,
    "self_collision": false,
    "physical_violations": false,
    "config_smoothness": -5.856546437844719,
    "eff_smoothness": -5.8845042346621055,
    "eff_position_path_length": 46.28185118824901,
    "eff_orientation_path_length": 1079.5241652585491,
    "physical_success": true,
    "time": 0.440950870513916,
    "num_steps": 51,
    "trajectory_w": [
        [
            -4.607362747192383,
            -5.77279806137085,
            -1.9200279712677002,
            0.0,
            0.0,
            0.0,
            0.0,
            0.0,
            0.0,
            0.0
        ],
        [
            -5.135448455810547,
            -7.557693004608154,
            -1.9065186977386475,
            -0.025152206420898438,
            0.6355295181274414,
            -0.02418351173400879,
            0.259549617767334,
            -0.04456734657287598,
            0.09836244583129883,
            0.004048347473144531
        ],
        [
            -4.89794397354126,
            -6.783807754516602,
            -1.916858434677124,
            -0.017608165740966797,
            0.3506779670715332,
            -0.007577657699584961,
            0.1430962085723877,
            -0.023040056228637695,
            0.05067324638366699,
            0.0014395713806152344
        ],
        [
            -4.907743453979492,
            -6.775367259979248,
            -1.9065499305725098,
            -0.019006729125976562,
            0.35846900939941406,
            -0.012366533279418945,
            0.14961528778076172,
            -0.006998300552368164,
            0.0536646842956543,
            0.015341997146606445
        ],
        [
            -4.905130386352539,
            -6.774110794067383,
            -1.9115095138549805,
            -0.022635221481323242,
            0.3644137382507324,
            -0.013450145721435547,
            0.1502819061279297,
            -0.006109476089477539,
            0.054694414138793945,
            0.01899099349975586
        ],
        [
            -4.857497215270996,
            -6.724514007568359,
            -1.913719892501831,
            -0.0164334774017334,
            0.32111239433288574,
            -0.020587682723999023,
            0.14719200134277344,
            -0.030510902404785156,
            0.04685807228088379,
            -0.01669597625732422
        ],
        [
            -5.139347076416016,
            -7.575244903564453,
            -1.9102447032928467,
            -0.02520751953125,
            0.6441516876220703,
            -0.025749683380126953,
            0.26339244842529297,
            -0.04399514198303223,
            0.1003565788269043,
            0.006780147552490234
        ],
        [
            -5.005857467651367,
            -7.176281929016113,
            -1.910794973373413,
            -0.022994518280029297,
            0.4870107173919678,
            -0.019632816314697266,
            0.204833984375,
            -0.04111456871032715,
            0.07186293601989746,
            -0.011930227279663086
        ],
        [
            -5.024237632751465,
            -7.226507186889648,
            -1.910583734512329,
            -0.019644498825073242,
            0.5186183452606201,
            -0.021979093551635742,
            0.2202281951904297,
            -0.028066635131835938,
            0.0803060531616211,
            0.00909113883972168
        ],
        [
            -4.644404888153076,
            -5.896022796630859,
            -1.9193048477172852,
            -0.0015344619750976562,
            0.04360198974609375,
            -0.0026373863220214844,
            0.017728805541992188,
            -0.0007028579711914062,
            0.0045392513275146484,
            -6.580352783203125e-05
        ],
        [
            -4.872196197509766,
            -6.64357852935791,
            -1.9115450382232666,
            -0.023509740829467773,
            0.3191342353820801,
            -0.012482166290283203,
            0.13230609893798828,
            -0.001245260238647461,
            0.04779314994812012,
            0.019555330276489258
        ],
        [
            -4.803003311157227,
            -6.568978786468506,
            -1.9157469272613525,
            -0.009659767150878906,
            0.26116132736206055,
            -0.014845609664916992,
            0.11867308616638184,
            -0.026708126068115234,
            0.03495526313781738,
            -0.01734447479248047
        ],
        [
            -5.184933662414551,
            -7.706040859222412,
            -1.906816005706787,
            -0.023265838623046875,
            0.6919758319854736,
            -0.025618553161621094,
            0.28102874755859375,
            -0.04569840431213379,
            0.1092219352722168,
            0.010530471801757812
        ],
        [
            -5.1730875968933105,
            -7.666529655456543,
            -1.9063520431518555,
            -0.021612167358398438,
            0.6789569854736328,
            -0.02394413948059082,
            0.27631306648254395,
            -0.04406166076660156,
            0.1070699691772461,
            0.012191295623779297
        ],
        [
            -4.7442708015441895,
            -6.372392177581787,
            -1.9148592948913574,
            -0.0028231143951416016,
            0.18996500968933105,
            -0.010508537292480469,
            0.08635950088500977,
            -0.0160677433013916,
            0.020993471145629883,
            -0.012387990951538086
        ],
        [
            -5.073200702667236,
            -7.381590366363525,
            -1.9131402969360352,
            -0.026082277297973633,
            0.5734362602233887,
            -0.024500131607055664,
            0.23818445205688477,
            -0.039644479751586914,
            0.08832216262817383,
            0.002995014190673828
        ],
        [
            -4.847070693969727,
            -6.546523094177246,
            -1.9124374389648438,
            -0.024439573287963867,
            0.28541135787963867,
            -0.012129783630371094,
            0.11927366256713867,
            0.0013325214385986328,
            0.0432276725769043,
            0.019682645797729492
        ],
        [
            -4.981461048126221,
            -7.080361843109131,
            -1.9060673713684082,
            -0.018225669860839844,
            0.450070858001709,
            -0.01600050926208496,
            0.18945980072021484,
            -0.03311324119567871,
            0.06522059440612793,
            -0.007645845413208008
        ],
        [
            -4.646825313568115,
            -5.903488636016846,
            -1.9193575382232666,
            -0.0014989376068115234,
            0.04653215408325195,
            -0.0023980140686035156,
            0.018626928329467773,
            -0.0008189678192138672,
            0.004971981048583984,
            -2.6702880859375e-05
        ],
        [
            -4.7398505210876465,
            -6.3539605140686035,
            -1.9146935939788818,
            -0.002284526824951172,
            0.1839752197265625,
            -0.009703397750854492,
            0.08315491676330566,
            -0.014785051345825195,
            0.01995992660522461,
            -0.011358022689819336
        ],
        [
            -4.852144241333008,
            -6.711736679077148,
            -1.9160196781158447,
            -0.015638351440429688,
            0.31522440910339355,
            -0.017937660217285156,
            0.1418461799621582,
            -0.03163886070251465,
            0.045656442642211914,
            -0.017122745513916016
        ],
        [
            -5.068604946136475,
            -7.357799053192139,
            -1.9141530990600586,
            -0.027034521102905273,
            0.5658409595489502,
            -0.022238492965698242,
            0.23322629928588867,
