{
    "collision_depths": [],
    "collision": false,
    "joint_limit_violation": false,
    "self_collision": false,
    "physical_violations": false,
    "config_smoothness": -6.099693136900532,
    "eff_smoothness": -6.355385718024943,
    "eff_position_path_length": 22.778225793860997,
    "eff_orientation_path_length": 816.5540106537812,
    "physical_success": true,
    "time": 0.2940247058868408,
    "num_steps": 51,
    "trajectory_w": [
        [
            -10.514921188354492,
            -8.456114768981934,
            -2.969407081604004,
            0.0,
            0.0,
            0.0,
            0.0,
            0.0,
            0.0,
            0.0
        ],
        [
            -11.17303466796875,
            -8.701713562011719,
            -2.997844696044922,
            0.02010798454284668,
            0.39784836769104004,
            -0.07889485359191895,
            0.21703863143920898,
            -0.06889462471008301,
            0.04527091979980469,
            -0.10246086120605469
        ],
        [
            -10.810724258422852,
            -8.54743480682373,
            -2.9629955291748047,
            -0.006357431411743164,
            0.18176484107971191,
            -0.03904557228088379,
            0.11389708518981934,
            -0.03882956504821777,
            0.014183282852172852,
            -0.04939103126525879
        ],
        [
            -10.775187492370605,
            -8.556102752685547,
            -2.976572036743164,
            -0.009077310562133789,
            0.1620779037475586,
            -0.035761117935180664,
            0.10660982131958008,
            -0.03896141052246094,
            0.013247251510620117,
            -0.04366636276245117
        ],
        [
            -10.995031356811523,
            -8.62928295135498,
            -2.968369722366333,
            0.028834104537963867,
            0.2826831340789795,
            -0.036078453063964844,
            0.1406538486480713,
            -0.054625749588012695,
            0.027827024459838867,
            -0.07289767265319824
        ],
        [
            -11.10659408569336,
            -8.627199172973633,
            -2.9498724937438965,
            0.015259742736816406,
            0.355879545211792,
            -0.04725766181945801,
            0.18982434272766113,
            -0.07441258430480957,
            0.03453779220581055,
            -0.08089137077331543
        ],
        [
            -10.626944541931152,
            -8.46595573425293,
            -2.959782600402832,
            0.021191120147705078,
            0.05544710159301758,
            0.0035047531127929688,
            0.020415782928466797,
            -0.0013461112976074219,
            0.0003523826599121094,
            -0.012868881225585938
        ],
        [
            -11.065389633178711,
            -8.613664627075195,
            -2.9576430320739746,
            0.0032181739807128906,
            0.33501720428466797,
            -0.05285763740539551,
            0.1852104663848877,
            -0.0715029239654541,
            0.03292441368103027,
            -0.07671260833740234
        ],
        [
            -10.954703330993652,
            -8.595840454101562,
            -2.9759624004364014,
            -0.004860401153564453,
            0.26670026779174805,
            -0.058850765228271484,
            0.16031551361083984,
            -0.05291175842285156,
            0.025645971298217773,
            -0.06986117362976074
        ],
        [
            -11.407774925231934,
            -8.759407043457031,
            -2.9965016841888428,
            0.03374767303466797,
            0.5510401725769043,
            -0.09992432594299316,
            0.28890252113342285,
            -0.09880590438842773,
            0.06851863861083984,
            -0.12737417221069336
        ],
        [
            -10.990621566772461,
            -8.596292495727539,
            -2.950360059738159,
            0.019449234008789062,
            0.2780015468597412,
            -0.034995317459106445,
            0.1447463035583496,
            -0.05275750160217285,
            0.025664567947387695,
            -0.06932258605957031
        ],
        [
            -10.820108413696289,
            -8.549012184143066,
            -2.960841655731201,
            0.02182292938232422,
            0.16849899291992188,
            -0.022875547409057617,
            0.0786583423614502,
            -0.01818394660949707,
            0.015999794006347656,
            -0.05384469032287598
        ],
        [
            -10.766529083251953,
            -8.566622734069824,
            -2.9754438400268555,
            -0.0013632774353027344,
            0.15297818183898926,
            -0.03765249252319336,
            0.10480546951293945,
            -0.03569293022155762,
            0.011575460433959961,
            -0.0423579216003418
        ],
        [
            -10.84255599975586,
            -8.586482048034668,
            -2.9822888374328613,
            -0.0010449886322021484,
            0.20101618766784668,
            -0.04974532127380371,
            0.12615561485290527,
            -0.04165458679199219,
            0.01762843132019043,
            -0.05731487274169922
        ],
        [
            -10.687112808227539,
            -8.546249389648438,
            -2.979332685470581,
            -0.007286548614501953,
            0.10412788391113281,
            -0.023881912231445312,
            0.0748744010925293,
            -0.025757551193237305,
            0.008821249008178711,
            -0.02904796600341797
        ],
        [
            -10.938957214355469,
            -8.608603477478027,
            -2.9870455265045166,
            -0.000949859619140625,
            0.25913095474243164,
            -0.060278892517089844,
            0.15403342247009277,
            -0.05045628547668457,
            0.02573537826538086,
            -0.07075119018554688
        ],
        [
            -11.007018089294434,
            -8.592950820922852,
            -2.949906826019287,
            0.014307737350463867,
            0.2948322296142578,
            -0.03994297981262207,
            0.15756535530090332,
            -0.06142997741699219,
            0.026998281478881836,
            -0.06802749633789062
        ],
        [
            -11.178131103515625,
            -8.704658508300781,
            -2.9959805011749268,
            0.026114702224731445,
            0.39855217933654785,
            -0.07602763175964355,
            0.21451044082641602,
            -0.0691373348236084,
            0.04538607597351074,
            -0.1020956039428711
        ],
        [
            -10.925387382507324,
            -8.582377433776855,
            -2.9549062252044678,
            0.023520231246948242,
            0.23584890365600586,
            -0.027205467224121094,
            0.11616730690002441,
            -0.04151201248168945,
            0.02152395248413086,
            -0.06291007995605469
        ],
        [
            -10.932891845703125,
            -8.622597694396973,
            -2.984281301498413,
            0.019678115844726562,
            0.24135541915893555,
            -0.0430607795715332,
            0.12578892707824707,
            -0.038895606994628906,
            0.0249021053314209,
            -0.07107663154602051
        ],
        [
            -10.703194618225098,
            -8.489856719970703,
            -2.9582552909851074,
            0.016559839248657227,
            0.10178279876708984,
            -0.007004976272583008,
            0.04234457015991211,
            -0.007071495056152344,
            0.008155584335327148,
            -0.030520200729370117
        ],
        [
            -11.199049949645996,
            -8.703123092651367,
            -3.0044264793395996,
            0.019052982330322266,
            0.42140746116638184,
            -0.07726454734802246,
            0.22456765174865723,
