{
    "collision_depths": [],
    "collision": false,
    "joint_limit_violation": false,
    "self_collision": false,
    "physical_violations": false,
    "config_smoothness": -4.746340138193058,
    "eff_smoothness": -4.855260529304387,
    "eff_position_path_length": 33.09315302004406,
    "eff_orientation_path_length": 1209.4672383488662,
    "physical_success": true,
    "time": 0.72556471824646,
    "num_steps": 51,
    "trajectory_w": [
        [
            -4.595057964324951,
            -2.7386505603790283,
            0.6976061463356018,
            0.0,
            0.0,
            0.0,
            0.0,
            0.0,
            0.0,
            0.0
        ],
        [
            -4.251615047454834,
            -2.394209384918213,
            0.7309518456459045,
            -0.004305362701416016,
            0.33545970916748047,
            0.013031721115112305,
            0.16239094734191895,
            -0.0466609001159668,
            0.030528783798217773,
            -0.006066560745239258
        ],
        [
            -3.85101580619812,
            -2.037238359451294,
            0.7502318024635315,
            -0.021309375762939453,
            0.7383143901824951,
            0.03400564193725586,
            0.29726171493530273,
            -0.06601929664611816,
            0.07363104820251465,
            0.02317190170288086
        ],
        [
            -3.7806813716888428,
            -1.9875717163085938,
            0.758904755115509,
            -0.020327329635620117,
            0.8053722381591797,
            0.034581661224365234,
            0.3240067958831787,
            -0.07439351081848145,
            0.07973289489746094,
            0.026090145111083984
        ],
        [
            -4.2405619621276855,
            -2.3734304904937744,
            0.7293785214424133,
            -0.007487058639526367,
            0.3366856575012207,
            0.020980358123779297,
            0.11157584190368652,
            -0.012854814529418945,
            0.026020288467407227,
            0.0256807804107666
        ],
        [
            -4.345433235168457,
            -2.4983057975769043,
            0.7151873707771301,
            -0.01660013198852539,
            0.22279047966003418,
            0.016306400299072266,
            0.07820773124694824,
            9.703636169433594e-05,
            0.020908594131469727,
            0.02206707000732422
        ],
        [
            -3.9069864749908447,
            -2.0984063148498535,
            0.7562423348426819,
            -0.020184993743896484,
            0.6782312393188477,
            0.031706809997558594,
            0.27303004264831543,
            -0.0672147274017334,
            0.059214115142822266,
            0.02130746841430664
        ],
        [
            -4.103785037994385,
            -2.2664310932159424,
            0.7416072487831116,
            -0.018481731414794922,
            0.46253132820129395,
            0.028956890106201172,
            0.1781601905822754,
            -0.021008729934692383,
            0.039832353591918945,
            0.03381824493408203
        ],
        [
            -4.509067058563232,
            -2.653285026550293,
            0.7064457535743713,
            0.0038013458251953125,
            0.07452702522277832,
            0.0056362152099609375,
            0.027883052825927734,
            -0.00527501106262207,
            0.0042116641998291016,
            0.006175518035888672
        ],
        [
            -4.295446395874023,
            -2.4219372272491455,
            0.7293811440467834,
            -0.0016033649444580078,
            0.29757118225097656,
            0.012344121932983398,
            0.1466827392578125,
            -0.04437828063964844,
            0.026306629180908203,
            -0.011009693145751953
        ],
        [
            -4.14330530166626,
            -2.3213441371917725,
            0.7393854260444641,
            -0.015395641326904297,
            0.4264354705810547,
            0.014822244644165039,
            0.19385743141174316,
            -0.048938751220703125,
            0.03732442855834961,
            0.008867502212524414
        ],
        [
            -3.900832176208496,
            -2.086124897003174,
            0.7494218945503235,
            -0.024415254592895508,
            0.6877837181091309,
            0.030532360076904297,
            0.2779088020324707,
            -0.07373356819152832,
            0.061873435974121094,
            0.01292729377746582
        ],
        [
            -4.1466498374938965,
            -2.265704870223999,
            0.7331746220588684,
            -0.007833003997802734,
            0.4392728805541992,
            0.028172969818115234,
            0.15675806999206543,
            -0.021349430084228516,
            0.03878355026245117,
            0.024908065795898438
        ],
        [
            -4.319368362426758,
            -2.465104103088379,
            0.7175515294075012,
            -0.015970468521118164,
            0.2546224594116211,
            0.01737499237060547,
            0.08925342559814453,
            -0.0031867027282714844,
            0.02451181411743164,
            0.02408003807067871
        ],
        [
            -4.272636413574219,
            -2.412616014480591,
            0.7251463532447815,
            -0.010667562484741211,
            0.3025345802307129,
            0.01952838897705078,
            0.1000833511352539,
            -0.00898885726928711,
            0.02406001091003418,
            0.025032758712768555
        ],
        [
            -4.514346122741699,
            -2.656888246536255,
            0.7054696679115295,
            0.0036911964416503906,
            0.07206511497497559,
            0.0042934417724609375,
            0.02694392204284668,
            -0.007139682769775391,
            0.004601716995239258,
            0.0058629512786865234
        ],
        [
            -4.242911338806152,
            -2.38478684425354,
            0.7314334511756897,
            -0.004049777984619141,
            0.3437645435333252,
            0.013165712356567383,
            0.16492176055908203,
            -0.048512935638427734,
            0.030689477920532227,
            -0.006246805191040039
        ],
        [
            -4.513728141784668,
            -2.6383495330810547,
            0.7078657746315002,
            -0.0010151863098144531,
            0.08974933624267578,
            0.0008115768432617188,
            0.040100812911987305,
            -0.014538288116455078,
            0.008669853210449219,
            -0.0003662109375
        ],
        [
            -4.143476963043213,
            -2.3221423625946045,
            0.7408092617988586,
            -0.015042304992675781,
            0.42562437057495117,
            0.014664173126220703,
            0.1916956901550293,
            -0.04794764518737793,
            0.03632664680480957,
            0.010493755340576172
        ],
        [
            -4.53419828414917,
            -2.672229290008545,
            0.7053430676460266,
            0.0005893707275390625,
            0.054731130599975586,
            0.0031664371490478516,
            0.022899389266967773,
            -0.0034584999084472656,
            0.004225015640258789,
            0.0024383068084716797
        ],
        [
            -4.21802282333374,
            -2.3507423400878906,
            0.731469452381134,
            -0.007723808288574219,
            0.359022855758667,
            0.022484302520751953,
            0.12142372131347656,
            -0.01378178596496582,
            0.028746843338012695,
            0.02662968635559082
        ],
        [
            -4.0392961502075195,
            -2.214258909225464,
            0.7415960431098938,
            -0.020987510681152344,
            0.5455162525177002,
            0.023281574249267578,
            0.22902441024780273,
