{
    "collision_depths": [],
    "collision": false,
    "joint_limit_violation": false,
    "self_collision": false,
    "physical_violations": false,
    "config_smoothness": -5.1216864694465105,
    "eff_smoothness": -5.203586009393476,
    "eff_position_path_length": 24.030253520931016,
    "eff_orientation_path_length": 998.0830071265035,
    "physical_success": true,
    "time": 0.33048486709594727,
    "num_steps": 51,
    "trajectory_w": [
        [
            -1.0942397117614746,
            -3.304934501647949,
            1.3902493715286255,
            0.0,
            0.0,
            0.0,
            0.0,
            0.0,
            0.0,
            0.0
        ],
        [
            -1.0460597276687622,
            -2.6994082927703857,
            1.4106861352920532,
            0.008447408676147461,
            0.4450256824493408,
            -0.0319521427154541,
            0.2359158992767334,
            -0.04562497138977051,
            0.11664700508117676,
            -0.03133392333984375
        ],
        [
            -1.0674692392349243,
            -3.031529188156128,
            1.3968778848648071,
            0.007987499237060547,
            0.21165943145751953,
            -0.02184295654296875,
            0.1102449893951416,
            -0.0308377742767334,
            0.05483078956604004,
            -0.012540340423583984
        ],
        [
            -1.0614192485809326,
            -2.644829750061035,
            1.4074488878250122,
            0.011995077133178711,
            0.44445371627807617,
            -0.03792905807495117,
            0.24903512001037598,
            -0.03875446319580078,
            0.11706876754760742,
            -0.03945159912109375
        ],
        [
            -1.0597939491271973,
            -2.858555555343628,
            1.4116288423538208,
            0.00941014289855957,
            0.30298924446105957,
            -0.022614240646362305,
            0.16261076927185059,
            -0.02206254005432129,
            0.08026623725891113,
            -0.03465604782104492
        ],
        [
            -1.0738564729690552,
            -2.5236334800720215,
            1.3602274656295776,
            0.015135049819946289,
            0.5436692237854004,
            -0.06517648696899414,
            0.2873818874359131,
            -0.060430049896240234,
            0.1469426155090332,
            -0.0461580753326416
        ],
        [
            -1.0400861501693726,
            -2.454481601715088,
            1.4072037935256958,
            0.01156926155090332,
            0.6341068744659424,
            -0.04799652099609375,
            0.33111071586608887,
            -0.08894777297973633,
            0.15996265411376953,
            -0.02477407455444336
        ],
        [
            -1.0770081281661987,
            -2.535707712173462,
            1.3600753545761108,
            0.013559818267822266,
            0.5338842868804932,
            -0.0646049976348877,
            0.2840421199798584,
            -0.05901813507080078,
            0.14417338371276855,
            -0.045363426208496094
        ],
        [
            -1.0759310722351074,
            -2.7960665225982666,
            1.3859938383102417,
            -0.0012707710266113281,
            0.32857298851013184,
            -0.038971900939941406,
            0.19767355918884277,
            -0.038204193115234375,
            0.08675813674926758,
            -0.03200173377990723
        ],
        [
            -1.0912617444992065,
            -2.9594101905822754,
            1.3785783052444458,
            0.010659933090209961,
            0.2507748603820801,
            -0.04419517517089844,
            0.14046287536621094,
            -0.04323863983154297,
            0.06714439392089844,
            -0.018918514251708984
        ],
        [
            -1.0671132802963257,
            -2.7264645099639893,
            1.4086931943893433,
            0.021015405654907227,
            0.4034595489501953,
            -0.03048086166381836,
            0.21048903465270996,
            -0.05230283737182617,
            0.10461974143981934,
            -0.02666926383972168
        ],
        [
            -1.0927926301956177,
            -3.234112024307251,
            1.3879188299179077,
            0.002537965774536133,
            0.04753375053405762,
            -0.004140615463256836,
            0.02718973159790039,
            -0.007888317108154297,
            0.013180971145629883,
            -0.0020055770874023438
        ],
        [
            -1.0685354471206665,
            -3.061290979385376,
            1.405760407447815,
            0.008936405181884766,
            0.14165067672729492,
            -0.010435819625854492,
            0.07983016967773438,
            -0.0042552947998046875,
            0.03426003456115723,
            -0.027380943298339844
        ],
        [
            -1.0653232336044312,
            -2.87300968170166,
            1.3885937929153442,
            0.01362299919128418,
            0.32512855529785156,
            -0.032357215881347656,
            0.15799570083618164,
            -0.043988704681396484,
            0.08698439598083496,
            -0.02320718765258789
        ],
        [
            -1.0889084339141846,
            -2.7279672622680664,
            1.3640888929367065,
            0.011992454528808594,
            0.39765477180480957,
            -0.058289289474487305,
            0.21741151809692383,
            -0.05963492393493652,
            0.10647439956665039,
            -0.02982616424560547
        ],
        [
            -1.084650993347168,
            -3.21337890625,
            1.4018129110336304,
            0.007127285003662109,
            0.04484915733337402,
            0.0015621185302734375,
            0.030944108963012695,
            0.004454851150512695,
            0.007573127746582031,
            -0.007715702056884766
        ],
        [
            -1.0931848287582397,
            -3.0000743865966797,
            1.3776270151138306,
            0.009736061096191406,
            0.2206282615661621,
            -0.03412032127380371,
            0.12498188018798828,
            -0.042534828186035156,
            0.058751583099365234,
            -0.013032913208007812
        ],
        [
            -1.0756216049194336,
            -2.990671396255493,
            1.4110041856765747,
            0.005452871322631836,
            0.19338536262512207,
            -0.014236211776733398,
            0.11488485336303711,
            -0.01319265365600586,
            0.047943830490112305,
            -0.02849745750427246
        ],
        [
            -1.08161199092865,
            -2.9715166091918945,
            1.4021939039230347,
            0.0026552677154541016,
            0.20055508613586426,
            -0.021871328353881836,
            0.12303495407104492,
            -0.012691736221313477,
            0.052110910415649414,
            -0.03309154510498047
        ],
        [
            -1.0758930444717407,
            -2.8846945762634277,
            1.3902984857559204,
            0.019185543060302734,
            0.31119847297668457,
            -0.041246652603149414,
            0.15394926071166992,
            -0.042008161544799805,
            0.08393597602844238,
            -0.024162769317626953
        ],
        [
            -1.0859754085540771,
            -2.817714214324951,
            1.3700791597366333,
            0.013550758361816406,
            0.3459136486053467,
            -0.05461597442626953,
            0.18396472930908203,
            -0.052552223205566406,
            0.09332609176635742,
            -0.027344703674316406
        ],
        [
            -1.0713154077529907,
            -2.926496744155884,
            1.3971399068832397,
            0.012006044387817383,
            0.24907541275024414,
            -0.030168771743774414,
            0.13115525245666504,
