{
    "collision_depths": [],
    "collision": false,
    "joint_limit_violation": false,
    "self_collision": false,
    "physical_violations": false,
    "config_smoothness": -5.179570606127174,
    "eff_smoothness": -5.258437860843017,
    "eff_position_path_length": 27.783583569756978,
    "eff_orientation_path_length": 1316.6138465666666,
    "physical_success": true,
    "time": 0.2732815742492676,
    "num_steps": 51,
    "trajectory_w": [
        [
            -9.879532814025879,
            -7.552350997924805,
            -1.219681739807129,
            0.0,
            0.0,
            0.0,
            0.0,
            0.0,
            0.0,
            0.0
        ],
        [
            -9.742987632751465,
            -7.82623291015625,
            -1.2280614376068115,
            -0.013182401657104492,
            0.23699188232421875,
            -0.07286500930786133,
            0.1644885540008545,
            -0.0654897689819336,
            0.10526061058044434,
            -0.06610727310180664
        ],
        [
            -9.522345542907715,
            -8.291543006896973,
            -1.2377750873565674,
            -0.013006925582885742,
            0.617030143737793,
            -0.13758087158203125,
            0.3506965637207031,
            -0.1407456398010254,
            0.24093103408813477,
            -0.1197965145111084
        ],
        [
            -9.800774574279785,
            -7.727899551391602,
            -1.219433069229126,
            -0.002768278121948242,
            0.12761735916137695,
            -0.03453493118286133,
            0.08936047554016113,
            -0.030542612075805664,
            0.05251312255859375,
            -0.030974864959716797
        ],
        [
            -9.60539722442627,
            -8.104413986206055,
            -1.236173152923584,
            -0.011946678161621094,
            0.45850682258605957,
            -0.1153564453125,
            0.27858543395996094,
            -0.11038327217102051,
            0.19062304496765137,
            -0.09285950660705566
        ],
        [
            -9.68560791015625,
            -8.012323379516602,
            -1.2228147983551025,
            -0.005372047424316406,
            0.3667142391204834,
            -0.07736086845397949,
            0.21909046173095703,
            -0.07068848609924316,
            0.15149402618408203,
            -0.06323003768920898
        ],
        [
            -9.762950897216797,
            -7.790891170501709,
            -1.2255518436431885,
            -0.015062570571899414,
            0.22072076797485352,
            -0.06524968147277832,
            0.1566755771636963,
            -0.05782127380371094,
            0.09779763221740723,
            -0.054486751556396484
        ],
        [
            -9.60709285736084,
            -8.189400672912598,
            -1.2274680137634277,
            -0.009995698928833008,
            0.5144124031066895,
            -0.09752464294433594,
            0.2870922088623047,
            -0.10586786270141602,
            0.20137858390808105,
            -0.08261299133300781
        ],
        [
            -9.680023193359375,
            -8.057401657104492,
            -1.223698377609253,
            -0.004344940185546875,
            0.3817601203918457,
            -0.0694277286529541,
            0.21334457397460938,
            -0.06885266304016113,
            0.1525883674621582,
            -0.06543564796447754
        ],
        [
            -9.716239929199219,
            -7.88948917388916,
            -1.2300031185150146,
            -0.012325286865234375,
            0.27471923828125,
            -0.08047604560852051,
            0.18364191055297852,
            -0.07172203063964844,
            0.12020540237426758,
            -0.07558965682983398
        ],
        [
            -9.59595775604248,
            -8.181710243225098,
            -1.2332122325897217,
            -0.007783412933349609,
            0.47705769538879395,
            -0.10025620460510254,
            0.28139424324035645,
            -0.09154510498046875,
            0.1952042579650879,
            -0.10512804985046387
        ],
        [
            -9.709604263305664,
            -7.995777606964111,
            -1.2252662181854248,
            -0.0028328895568847656,
            0.32063770294189453,
            -0.060979366302490234,
            0.17681264877319336,
            -0.05709648132324219,
            0.1284489631652832,
            -0.06116938591003418
        ],
        [
            -9.507390975952148,
            -8.337302207946777,
            -1.235447883605957,
            -0.01171731948852539,
            0.6423110961914062,
            -0.138031005859375,
            0.36409974098205566,
            -0.1424102783203125,
            0.25202322006225586,
            -0.12102580070495605
        ],
        [
            -9.765873908996582,
            -7.874382019042969,
            -1.2238333225250244,
            -0.0052220821380615234,
            0.24780678749084473,
            -0.047899723052978516,
            0.14251708984375,
            -0.03934526443481445,
            0.10111069679260254,
            -0.03668951988220215
        ],
        [
            -9.573492050170898,
            -8.173995018005371,
            -1.2381904125213623,
            -0.009370565414428711,
            0.4866514205932617,
            -0.11667084693908691,
            0.29680490493774414,
            -0.10544919967651367,
            0.20316290855407715,
            -0.11292695999145508
        ],
        [
            -9.650511741638184,
            -8.024933815002441,
            -1.2323744297027588,
            -0.01182866096496582,
            0.3937652111053467,
            -0.10217761993408203,
            0.24895739555358887,
            -0.09367728233337402,
            0.16705918312072754,
            -0.0833733081817627
        ],
        [
            -9.709188461303711,
            -7.935420036315918,
            -1.2253129482269287,
            -0.010407447814941406,
            0.3226892948150635,
            -0.08040976524353027,
            0.20853900909423828,
            -0.06802916526794434,
            0.137373685836792,
            -0.06615638732910156
        ],
        [
            -9.617294311523438,
            -8.169243812561035,
            -1.2273106575012207,
            -0.009686470031738281,
            0.49813032150268555,
            -0.09414529800415039,
            0.27781128883361816,
            -0.10237812995910645,
            0.19504141807556152,
            -0.0798332691192627
        ],
        [
            -9.71336841583252,
            -7.9317216873168945,
            -1.2316629886627197,
            -0.008440494537353516,
            0.2823970317840576,
            -0.07073378562927246,
            0.17040181159973145,
            -0.06523489952087402,
            0.11846756935119629,
            -0.07219195365905762
        ],
        [
            -9.639457702636719,
            -8.043463706970215,
            -1.2365782260894775,
            -0.013106346130371094,
            0.3995027542114258,
            -0.10643815994262695,
            0.25205254554748535,
            -0.09567785263061523,
            0.16974711418151855,
            -0.09524106979370117
        ],
        [
            -9.504355430603027,
            -8.361551284790039,
            -1.2337541580200195,
            -0.01127171516418457,
            0.6491587162017822,
            -0.1340959072113037,
            0.3687856197357178,
            -0.13927173614501953,
            0.25813841819763184,
            -0.11729288101196289
        ],
        [
            -9.755857467651367,
            -7.903781414031982,
            -1.2247588634490967,
            -0.0014410018920898438,
            0.24630212783813477,
            -0.046578407287597656,
            0.1340017318725586,
            -0.03954577445983887,
