{
    "collision_depths": [],
    "collision": false,
    "joint_limit_violation": false,
    "self_collision": false,
    "physical_violations": false,
    "config_smoothness": -5.8263712816903555,
    "eff_smoothness": -5.910394499848916,
    "eff_position_path_length": 28.145260229274808,
    "eff_orientation_path_length": 1347.8441916043123,
    "physical_success": true,
    "time": 0.5740945339202881,
    "num_steps": 51,
    "trajectory_w": [
        [
            -3.0962095260620117,
            -2.9447383880615234,
            0.8724198341369629,
            0.0,
            0.0,
            0.0,
            0.0,
            0.0,
            0.0,
            0.0
        ],
        [
            -2.5824904441833496,
            -2.4009432792663574,
            0.8960433006286621,
            -0.017249345779418945,
            0.293398380279541,
            -0.08580231666564941,
            0.21712112426757812,
            -0.01592278480529785,
            0.4129598140716553,
            -0.05357694625854492
        ],
        [
            -2.3737049102783203,
            -2.1085777282714844,
            0.9058213233947754,
            -0.037592411041259766,
            0.43790102005004883,
            -0.14379072189331055,
            0.3179342746734619,
            -0.02657318115234375,
            0.6195189952850342,
            -0.0658118724822998
        ],
        [
            -2.497847080230713,
            -2.252075672149658,
            0.888810396194458,
            -0.029294967651367188,
            0.3614630699157715,
            -0.13434052467346191,
            0.262005090713501,
            -0.03434944152832031,
            0.5192022323608398,
            -0.06290054321289062
        ],
        [
            -2.844487428665161,
            -2.6706886291503906,
            0.8826663494110107,
            0.005950450897216797,
            0.1354999542236328,
            -0.056356191635131836,
            0.10857152938842773,
            -0.02483510971069336,
            0.2117455005645752,
            -0.036817073822021484
        ],
        [
            -2.762967824935913,
            -2.6359710693359375,
            0.8849153518676758,
            -0.024847745895385742,
            0.18225622177124023,
            -0.05083107948303223,
            0.13710331916809082,
            -0.011293888092041016,
            0.26380372047424316,
            -0.03274345397949219
        ],
        [
            -2.8115909099578857,
            -2.700131893157959,
            0.8868443965911865,
            -0.017118453979492188,
            0.14150285720825195,
            -0.03252983093261719,
            0.10807943344116211,
            -0.0013206005096435547,
            0.20395636558532715,
            -0.02497386932373047
        ],
        [
            -3.0426723957061768,
            -2.8943419456481934,
            0.8723835945129395,
            -0.0035533905029296875,
            0.021557331085205078,
            -0.0013866424560546875,
            0.021666288375854492,
            -0.0006582736968994141,
            0.04074597358703613,
            -0.003728151321411133
        ],
        [
            -2.360567569732666,
            -2.0908334255218506,
            0.905479907989502,
            -0.03832864761352539,
            0.44736385345458984,
            -0.14888262748718262,
            0.32349324226379395,
            -0.0267488956451416,
            0.6324605941772461,
            -0.06714534759521484
        ],
        [
            -2.3725016117095947,
            -2.1059327125549316,
            0.9051775932312012,
            -0.037758588790893555,
            0.43952178955078125,
            -0.14599370956420898,
            0.31859612464904785,
            -0.026906490325927734,
            0.6216895580291748,
            -0.06630396842956543
        ],
        [
            -2.5044138431549072,
            -2.2570722103118896,
            0.8872675895690918,
            -0.02837681770324707,
            0.35807371139526367,
            -0.1361982822418213,
            0.25928163528442383,
            -0.03592324256896973,
            0.5155355930328369,
            -0.06339359283447266
        ],
        [
            -2.7556896209716797,
            -2.5991110801696777,
            0.8933677673339844,
            -0.007712125778198242,
            0.17777609825134277,
            -0.05863237380981445,
            0.1412796974182129,
            -0.009144783020019531,
            0.2628440856933594,
            -0.040769338607788086
        ],
        [
            -2.4975194931030273,
            -2.2516684532165527,
            0.8887948989868164,
            -0.02909994125366211,
            0.3615703582763672,
            -0.1349020004272461,
            0.26245880126953125,
            -0.03431868553161621,
            0.5196115970611572,
            -0.06317830085754395
        ],
        [
            -2.695549249649048,
            -2.5334646701812744,
            0.8952212333679199,
            -0.017555952072143555,
            0.21866607666015625,
            -0.07057428359985352,
            0.17325139045715332,
            -0.008322477340698242,
            0.32183384895324707,
            -0.04556560516357422
        ],
        [
            -2.649214506149292,
            -2.4522502422332764,
            0.8816518783569336,
            -0.011029243469238281,
            0.25787782669067383,
            -0.09180164337158203,
            0.18437838554382324,
            -0.03371429443359375,
            0.3709232807159424,
            -0.05191397666931152
        ],
        [
            -2.9144341945648193,
            -2.7288804054260254,
            0.874269962310791,
            -0.005209684371948242,
            0.10879111289978027,
            -0.05054807662963867,
            0.0927422046661377,
            -0.030403852462768555,
            0.18306279182434082,
            -0.028989315032958984
        ],
        [
            -2.8351588249206543,
            -2.634936571121216,
            0.8787598609924316,
            -0.009811639785766602,
            0.1489696502685547,
            -0.07028961181640625,
            0.12343859672546387,
            -0.03354597091674805,
            0.2436046600341797,
            -0.03944826126098633
        ],
        [
            -2.6075401306152344,
            -2.4074602127075195,
            0.893744707107544,
            -0.028316736221313477,
            0.2824883460998535,
            -0.0929877758026123,
            0.2169959545135498,
            -0.023352384567260742,
            0.4141042232513428,
            -0.052329063415527344
        ],
        [
            -2.7241880893707275,
            -2.581907033920288,
            0.895683765411377,
            -0.015290021896362305,
            0.19930267333984375,
            -0.056887149810791016,
            0.15460491180419922,
            -0.007478237152099609,
            0.28663158416748047,
            -0.04021000862121582
        ],
        [
            -3.036139726638794,
            -2.900235891342163,
            0.8803575038909912,
            0.005607128143310547,
            0.02396678924560547,
            0.0019237995147705078,
            0.02163243293762207,
            -0.0012004375457763672,
            0.03705477714538574,
            -0.003194093704223633
        ],
        [
            -2.653573751449585,
            -2.5043866634368896,
            0.8956670761108398,
            -0.021956920623779297,
            0.24565982818603516,
            -0.06771683692932129,
            0.18662571907043457,
            -0.00850820541381836,
            0.34920573234558105,
            -0.04647326469421387
        ],
        [
            -2.37107253074646,
            -2.104039192199707,
            0.904843807220459,
            -0.037615299224853516,
            0.440432071685791,
            -0.14626312255859375,
            0.31900954246520996,
