{
    "collision_depths": [],
    "collision": false,
    "joint_limit_violation": false,
    "self_collision": false,
    "physical_violations": false,
    "config_smoothness": -5.7775389376361845,
    "eff_smoothness": -5.860243609528527,
    "eff_position_path_length": 32.701155834328254,
    "eff_orientation_path_length": 2364.888150113586,
    "physical_success": true,
    "time": 0.30349063873291016,
    "num_steps": 51,
    "trajectory_w": [
        [
            -3.5939857959747314,
            -3.1559507846832275,
            -0.169622004032135,
            0.0,
            0.0,
            0.0,
            0.0,
            0.0,
            0.0,
            0.0
        ],
        [
            -2.621093511581421,
            -3.3995018005371094,
            -0.25376683473587036,
            0.02742290496826172,
            0.9360053539276123,
            -0.7006111145019531,
            0.37319493293762207,
            -0.6277766227722168,
            0.3351733684539795,
            -0.4698030948638916
        ],
        [
            -2.750922679901123,
            -3.3782520294189453,
            -0.24438101053237915,
            0.022800683975219727,
            0.8030376434326172,
            -0.6057698726654053,
            0.3222086429595947,
            -0.5331852436065674,
            0.2870471477508545,
            -0.4105377197265625
        ],
        [
            -3.1102967262268066,
            -3.3192975521087646,
            -0.21548253297805786,
            0.010141611099243164,
            0.44710540771484375,
            -0.3438994884490967,
            0.18182086944580078,
            -0.29044032096862793,
            0.15965700149536133,
            -0.23778676986694336
        ],
        [
            -3.306609630584717,
            -3.2580790519714355,
            -0.20038467645645142,
            0.002950429916381836,
            0.2646458148956299,
            -0.20908522605895996,
            0.11055278778076172,
            -0.17060136795043945,
            0.09417939186096191,
            -0.14423322677612305
        ],
        [
            -3.118736743927002,
            -3.3171393871307373,
            -0.21475225687026978,
            0.009948015213012695,
            0.43849658966064453,
            -0.3373279571533203,
            0.17815494537353516,
            -0.28444528579711914,
            0.15653467178344727,
            -0.23365521430969238
        ],
        [
            -2.9841675758361816,
            -3.3454580307006836,
            -0.22604328393936157,
            0.014523029327392578,
            0.5681180953979492,
            -0.4345402717590332,
            0.2287590503692627,
            -0.37139296531677246,
            0.20145678520202637,
            -0.2991292476654053
        ],
        [
            -3.069228410720825,
            -3.328566551208496,
            -0.21890002489089966,
            0.01161956787109375,
            0.4855616092681885,
            -0.37236499786376953,
            0.1966991424560547,
            -0.3157329559326172,
            0.1729888916015625,
            -0.25725555419921875
        ],
        [
            -3.1607327461242676,
            -3.306194543838501,
            -0.21193796396255493,
            0.008086681365966797,
            0.40019845962524414,
            -0.30980467796325684,
            0.16312026977539062,
            -0.2594754695892334,
            0.14322781562805176,
            -0.21429753303527832
        ],
        [
            -2.624267816543579,
            -3.3986194133758545,
            -0.25356560945510864,
            0.02727675437927246,
            0.9325785636901855,
            -0.698174238204956,
            0.37183094024658203,
            -0.6251983642578125,
            0.3341364860534668,
            -0.4681706428527832
        ],
        [
            -2.7854514122009277,
            -3.373870611190796,
            -0.24179822206497192,
            0.021589994430541992,
            0.7674376964569092,
            -0.580355167388916,
            0.30800652503967285,
            -0.5083074569702148,
            0.2738614082336426,
            -0.39435839653015137
        ],
        [
            -2.655508279800415,
            -3.392585277557373,
            -0.2514684796333313,
            0.0261690616607666,
            0.9007847309112549,
            -0.6755261421203613,
            0.3596231937408447,
            -0.6024134159088135,
            0.3228015899658203,
            -0.45429491996765137
        ],
        [
            -2.6347496509552,
            -3.3964855670928955,
            -0.2528539299964905,
            0.026932239532470703,
            0.9223227500915527,
            -0.6910178661346436,
            0.3679351806640625,
            -0.6179492473602295,
            0.33047032356262207,
            -0.4636847972869873
        ],
        [
            -3.3550755977630615,
            -3.2427802085876465,
            -0.19702965021133423,
            0.000125885009765625,
            0.22266507148742676,
            -0.17791318893432617,
            0.0941765308380127,
            -0.1428356170654297,
            0.07964658737182617,
            -0.12030315399169922
        ],
        [
            -2.7065670490264893,
            -3.3846795558929443,
            -0.24765640497207642,
            0.024419307708740234,
            0.8486077785491943,
            -0.6384124755859375,
            0.33992671966552734,
            -0.5652062892913818,
            0.30391716957092285,
            -0.43115973472595215
        ],
        [
            -2.766779661178589,
            -3.3755812644958496,
            -0.24352437257766724,
            0.022198915481567383,
            0.7869787216186523,
            -0.5946571826934814,
            0.31581687927246094,
            -0.5220563411712646,
            0.28115415573120117,
            -0.4032566547393799
        ],
        [
            -3.0749664306640625,
            -3.3269824981689453,
            -0.21845847368240356,
            0.011341094970703125,
            0.4803016185760498,
            -0.36861515045166016,
            0.19457173347473145,
            -0.3126556873321533,
            0.17114686965942383,
            -0.25457024574279785
        ],
        [
            -2.6208243370056152,
            -3.399540424346924,
            -0.25368958711624146,
            0.027409076690673828,
            0.9360859394073486,
            -0.7008252143859863,
            0.3731675148010254,
            -0.6277520656585693,
            0.33523058891296387,
            -0.46986985206604004
        ],
        [
            -3.1614725589752197,
            -3.3061916828155518,
            -0.21176248788833618,
            0.008226871490478516,
            0.3998241424560547,
            -0.3095564842224121,
            0.16322922706604004,
            -0.25939226150512695,
            0.14313054084777832,
            -0.21381163597106934
        ],
        [
            -2.8613250255584717,
            -3.3632216453552246,
            -0.23678237199783325,
            0.018680334091186523,
            0.6909472942352295,
            -0.5259137153625488,
            0.2775380611419678,
            -0.4555978775024414,
            0.2457587718963623,
            -0.35878515243530273
        ],
        [
            -3.2846271991729736,
            -3.266308307647705,
            -0.20179516077041626,
            0.004072666168212891,
            0.286029577255249,
            -0.22565627098083496,
            0.11972928047180176,
            -0.18515849113464355,
            0.10195350646972656,
            -0.1555032730102539
        ],
        [
            -2.660526990890503,
            -3.3920958042144775,
            -0.2508142590522766,
            0.026045560836791992,
            0.8957879543304443,
            -0.6716456413269043,
            0.35794591903686523,
            -0.5985922813415527,
