{
    "collision_depths": [],
    "collision": false,
    "joint_limit_violation": false,
    "self_collision": false,
    "physical_violations": false,
    "config_smoothness": -4.747069541715135,
    "eff_smoothness": -4.88856054169124,
    "eff_position_path_length": 26.070869454874845,
    "eff_orientation_path_length": 1053.9562092528904,
    "physical_success": true,
    "time": 0.4320237636566162,
    "num_steps": 51,
    "trajectory_w": [
        [
            -1.5938687324523926,
            -3.032651662826538,
            1.2186402082443237,
            0.0,
            0.0,
            0.0,
            0.0,
            0.0,
            0.0,
            0.0
        ],
        [
            -1.4723854064941406,
            -2.6923038959503174,
            1.2208179235458374,
            0.011491775512695312,
            0.18599963188171387,
            -0.004972219467163086,
            0.11519742012023926,
            0.04142284393310547,
            0.0928037166595459,
            0.04336261749267578
        ],
        [
            -1.2720742225646973,
            -2.113516092300415,
            1.2491315603256226,
            -0.02128314971923828,
            0.5121726989746094,
            -0.010860681533813477,
            0.3279132843017578,
            0.07878279685974121,
            0.24956631660461426,
            0.1310715675354004
        ],
        [
            -1.400356411933899,
            -2.4515068531036377,
            1.209506630897522,
            0.002278566360473633,
            0.3249692916870117,
            -0.009232282638549805,
            0.2008960247039795,
            0.03618907928466797,
            0.15194320678710938,
            0.0762166976928711
        ],
        [
            -1.4242970943450928,
            -2.5085537433624268,
            1.2089649438858032,
            0.007409334182739258,
            0.28598523139953613,
            -0.007273435592651367,
            0.18027234077453613,
            0.030039310455322266,
            0.13270902633666992,
            0.06627154350280762
        ],
        [
            -1.4514763355255127,
            -2.627209424972534,
            1.2458428144454956,
            -0.025381088256835938,
            0.21778345108032227,
            -0.01932668685913086,
            0.15724611282348633,
            0.0510706901550293,
            0.11109137535095215,
            0.04998278617858887
        ],
        [
            -1.3085507154464722,
            -2.1617746353149414,
            1.2248386144638062,
            -0.019769906997680664,
            0.48522210121154785,
            -0.026937484741210938,
            0.31163501739501953,
            0.07047772407531738,
            0.2345442771911621,
            0.1174921989440918
        ],
        [
            -1.5303099155426025,
            -2.9399054050445557,
            1.2168699502944946,
            0.013932466506958008,
            0.05077028274536133,
            0.010583639144897461,
            0.023537635803222656,
            0.017232894897460938,
            0.02297496795654297,
            0.016056299209594727
        ],
        [
            -1.2762360572814941,
            -2.0925750732421875,
            1.2378782033920288,
            -0.022317886352539062,
            0.5231425762176514,
            -0.020136594772338867,
            0.33615899085998535,
            0.0791628360748291,
            0.25398731231689453,
            0.1308584213256836
        ],
        [
            -1.4729828834533691,
            -2.710129499435425,
            1.2270029783248901,
            0.02144169807434082,
            0.18142914772033691,
            0.003496408462524414,
            0.11101913452148438,
            0.0326685905456543,
            0.08580446243286133,
            0.042706966400146484
        ],
        [
            -1.2907687425613403,
            -2.116384983062744,
            1.2317754030227661,
            -0.021584033966064453,
            0.5083901882171631,
            -0.024713754653930664,
            0.3291904926300049,
            0.07671999931335449,
            0.24691343307495117,
            0.12497901916503906
        ],
        [
            -1.4716203212738037,
            -2.695499897003174,
            1.241723656654358,
            0.014417886734008789,
            0.186492919921875,
            0.00676727294921875,
            0.12412190437316895,
            0.024528980255126953,
            0.08369183540344238,
            0.04428744316101074
        ],
        [
            -1.368472933769226,
            -2.3369641304016113,
            1.2529128789901733,
            -0.015521049499511719,
            0.3657050132751465,
            -0.018898963928222656,
            0.26008129119873047,
            0.06470775604248047,
            0.18221592903137207,
            0.08920049667358398
        ],
        [
            -1.4034987688064575,
            -2.49804949760437,
            1.211197018623352,
            -0.00944375991821289,
            0.30016613006591797,
            -0.006265163421630859,
            0.18658947944641113,
            0.03542494773864746,
            0.1413121223449707,
            0.0700218677520752
        ],
        [
            -1.4752440452575684,
            -2.6810855865478516,
            1.2331961393356323,
            0.022994279861450195,
            0.18340802192687988,
            0.004946470260620117,
            0.1178584098815918,
            0.025997161865234375,
            0.0835578441619873,
            0.0424959659576416
        ],
        [
            -1.352075219154358,
            -2.3287384510040283,
            1.2182244062423706,
            -0.01101994514465332,
            0.40020227432250977,
            -0.01489400863647461,
            0.24422693252563477,
            0.050806283950805664,
            0.19096159934997559,
            0.0969700813293457
        ],
        [
            -1.3588935136795044,
            -2.35414719581604,
            1.217626690864563,
            -0.011979341506958008,
            0.386660099029541,
            -0.014320850372314453,
            0.2357192039489746,
            0.048902273178100586,
            0.18445396423339844,
            0.09354925155639648
        ],
        [
            -1.332971215248108,
            -2.265537977218628,
            1.2560142278671265,
            -0.016645193099975586,
            0.41205620765686035,
            -0.013562917709350586,
            0.2791762351989746,
            0.07651662826538086,
            0.20583105087280273,
            0.1019277572631836
        ],
        [
            -1.359790563583374,
            -2.3083906173706055,
            1.2515352964401245,
            -0.015743732452392578,
            0.3829522132873535,
            -0.01922774314880371,
            0.2704787254333496,
            0.06649971008300781,
            0.19030404090881348,
            0.09365439414978027
        ],
        [
            -1.4587993621826172,
            -2.62176251411438,
            1.2236312627792358,
            -0.016149044036865234,
            0.19689559936523438,
            -0.0047206878662109375,
            0.1419377326965332,
            0.02442789077758789,
            0.09438347816467285,
            0.04598641395568848
        ],
        [
            -1.4626634120941162,
            -2.669769525527954,
            1.2378920316696167,
            -0.025705337524414062,
            0.20307064056396484,
            -0.018669843673706055,
            0.1441802978515625,
            0.04630136489868164,
            0.10287690162658691,
            0.04510641098022461
        ],
        [
            -1.376388669013977,
            -2.3971474170684814,
            1.213743805885315,
            -0.003775358200073242,
            0.3608536720275879,
            -0.010635614395141602,
            0.2203991413116455,
            0.041771650314331055,
            0.17026567459106445,
