{
    "collision_depths": [
        0.0033269377232642144,
        0.03938168272862996,
        0.053005989280645996,
        0.07598719080314674,
        0.11931442476787422,
        0.06368306400285857,
        0.13862188945513143,
        0.13487464794200305,
        0.10360239146214074,
        0.14763559208377947,
        0.02760191133930886,
        0.07763525016014057,
        0.07309557557183947,
        0.10727277400000569,
        0.09543411298325648,
        0.12970071940021616,
        0.12077220467786264
    ],
    "collision": true,
    "joint_limit_violation": false,
    "self_collision": false,
    "physical_violations": true,
    "config_smoothness": -4.571803918748929,
    "eff_smoothness": -4.625754010537853,
    "eff_position_path_length": 22.029234967334716,
    "eff_orientation_path_length": 913.6750652884582,
    "physical_success": false,
    "time": 0.8218002319335938,
    "num_steps": 51,
    "trajectory_w": [
        [
            -6.345376014709473,
            -8.334606170654297,
            -1.393810510635376,
            0.0,
            0.0,
            0.0,
            0.0,
            0.0,
            0.0,
            0.0
        ],
        [
            -6.308487415313721,
            -8.536423683166504,
            -1.382465124130249,
            0.010598182678222656,
            0.10170745849609375,
            -0.008021831512451172,
            0.06116962432861328,
            -0.0017974376678466797,
            0.04645347595214844,
            -0.010591983795166016
        ],
        [
            -6.326198577880859,
            -8.408482551574707,
            -1.3930413722991943,
            -0.0016369819641113281,
            0.037878990173339844,
            -0.006258726119995117,
            0.025303125381469727,
            -0.0002338886260986328,
            0.019323348999023438,
            -0.0020847320556640625
        ],
        [
            -6.232268810272217,
            -8.645936012268066,
            -1.392667531967163,
            0.007902383804321289,
            0.1793372631072998,
            -0.05627703666687012,
            0.1229095458984375,
            -0.014775991439819336,
            0.0940401554107666,
            -0.02910923957824707
        ],
        [
            -6.200814247131348,
            -8.94379711151123,
            -1.3760044574737549,
            -0.006208896636962891,
            0.35504722595214844,
            -0.04463911056518555,
            0.21308135986328125,
            -0.018164873123168945,
            0.17292475700378418,
            -0.028586387634277344
        ],
        [
            -6.187910079956055,
            -8.985241889953613,
            -1.3748233318328857,
            -0.005734920501708984,
            0.37895750999450684,
            -0.048136234283447266,
            0.22807598114013672,
            -0.019850492477416992,
            0.1848440170288086,
            -0.029719829559326172
        ],
        [
            -6.14971923828125,
            -8.972146987915039,
            -1.405548095703125,
            0.010406017303466797,
            0.361438512802124,
            -0.09482526779174805,
            0.2263808250427246,
            -0.027098417282104492,
            0.18515944480895996,
            -0.045786380767822266
        ],
        [
            -6.173096179962158,
            -9.032257080078125,
            -1.3737132549285889,
            -0.00532841682434082,
            0.40649843215942383,
            -0.052532196044921875,
            0.24511408805847168,
            -0.02211308479309082,
            0.19867467880249023,
            -0.0308225154876709
        ],
        [
            -6.260076999664307,
            -8.711933135986328,
            -1.3875596523284912,
            -0.004330158233642578,
            0.22204852104187012,
            -0.029293537139892578,
            0.13389372825622559,
            -0.018411636352539062,
            0.10714197158813477,
            -0.02079916000366211
        ],
        [
            -6.129928112030029,
            -9.173139572143555,
            -1.3724853992462158,
            -0.004791736602783203,
            0.48965930938720703,
            -0.06611251831054688,
            0.2958717346191406,
            -0.03193402290344238,
            0.23976874351501465,
            -0.03301358222961426
        ],
        [
            -6.258249282836914,
            -8.760885238647461,
            -1.38002347946167,
            -0.006699085235595703,
            0.24952220916748047,
            -0.03169679641723633,
            0.14724326133728027,
            -0.012089729309082031,
            0.12077474594116211,
            -0.022400856018066406
        ],
        [
            -6.184754848480225,
            -8.860523223876953,
            -1.4021356105804443,
            0.010066032409667969,
            0.29416728019714355,
            -0.0816507339477539,
            0.18759799003601074,
            -0.021231651306152344,
            0.15214991569519043,
            -0.04091763496398926
        ],
        [
            -6.284459114074707,
            -8.68831729888916,
            -1.3855795860290527,
            -0.010233640670776367,
            0.2060699462890625,
            -0.03183126449584961,
            0.1219625473022461,
            -0.006307840347290039,
            0.10146975517272949,
            -0.022427082061767578
        ],
        [
            -6.14705753326416,
            -8.982419967651367,
            -1.406038522720337,
            0.0091705322265625,
            0.36776113510131836,
            -0.09682798385620117,
            0.2301783561706543,
            -0.02687835693359375,
            0.1886284351348877,
            -0.04667067527770996
        ],
        [
            -6.2766242027282715,
            -8.685720443725586,
            -1.3807625770568848,
            -0.0056726932525634766,
            0.21157002449035645,
            -0.039055585861206055,
            0.12747573852539062,
            -0.007807016372680664,
            0.10413408279418945,
            -0.021750688552856445
        ],
        [
            -6.21267032623291,
            -8.731592178344727,
            -1.3980507850646973,
            0.009880304336547852,
            0.21895217895507812,
            -0.06450486183166504,
            0.1460583209991455,
            -0.016225099563598633,
            0.11429142951965332,
            -0.03537154197692871
        ],
        [
            -6.198049068450928,
            -8.803251266479492,
            -1.4006247520446777,
            0.010912656784057617,
            0.2599947452545166,
            -0.07311153411865234,
            0.16845178604125977,
            -0.01899409294128418,
            0.13468503952026367,
            -0.038385868072509766
        ],
        [
            -6.107048511505127,
            -9.200404167175293,
            -1.394643783569336,
            0.0001659393310546875,
            0.5047779083251953,
            -0.09774541854858398,
            0.3055078983306885,
            -0.03427529335021973,
            0.25138020515441895,
            -0.04514026641845703
        ],
        [
            -6.230952739715576,
            -8.84285831451416,
            -1.3777103424072266,
            -0.006275653839111328,
            0.29671192169189453,
            -0.03756260871887207,
            0.17652416229248047,
            -0.015375137329101562,
            0.14399385452270508,
            -0.025527000427246094
        ],
        [
            -6.172194957733154,
            -8.902812004089355,
            -1.40323805809021,
            0.009690999984741211,
            0.3197939395904541,
            -0.08728909492492676,
            0.20220184326171875,
            -0.023430585861206055,
            0.16484284400939941,
            -0.04301595687866211
        ],
        [
            -6.247805118560791,
            -8.802038192749023,
            -1.3801259994506836,
