{
    "collision_depths": [],
    "collision": false,
    "joint_limit_violation": false,
    "self_collision": false,
    "physical_violations": false,
    "config_smoothness": -7.0924865114213596,
    "eff_smoothness": -7.103404889844987,
    "eff_position_path_length": 46.06482062927738,
    "eff_orientation_path_length": 1249.5212090091447,
    "physical_success": true,
    "time": 0.2891874313354492,
    "num_steps": 51,
    "trajectory_w": [
        [
            -5.179242134094238,
            -2.32051682472229,
            0.3510833978652954,
            0.0,
            0.0,
            0.0,
            0.0,
            0.0,
            0.0,
            0.0
        ],
        [
            -4.993672847747803,
            -2.252445697784424,
            0.3794595003128052,
            0.002912282943725586,
            0.06794047355651855,
            0.04976010322570801,
            0.023014545440673828,
            -0.009281158447265625,
            0.03856229782104492,
            -0.017356157302856445
        ],
        [
            -3.3989005088806152,
            -1.6735892295837402,
            0.5564218759536743,
            -0.007295846939086914,
            0.6408755779266357,
            0.43770885467529297,
            0.20278215408325195,
            -0.17477893829345703,
            0.3747236728668213,
            -0.14815926551818848
        ],
        [
            -3.494410514831543,
            -1.7066254615783691,
            0.5457857847213745,
            -0.007101297378540039,
            0.6078746318817139,
            0.41608095169067383,
            0.1925497055053711,
            -0.16257309913635254,
            0.3547494411468506,
            -0.1386127471923828
        ],
        [
            -3.492265224456787,
            -1.7058453559875488,
            0.546064019203186,
            -0.0070209503173828125,
            0.608435869216919,
            0.41660189628601074,
            0.19273662567138672,
            -0.1629021167755127,
            0.35520243644714355,
            -0.13872051239013672
        ],
        [
            -3.8960163593292236,
            -1.8444679975509644,
            0.5039137601852417,
            -0.005630970001220703,
            0.46222543716430664,
            0.32502293586730957,
            0.1496903896331787,
            -0.12053632736206055,
            0.2672593593597412,
            -0.11155939102172852
        ],
        [
            -3.913651466369629,
            -1.8507050275802612,
            0.5019160509109497,
            -0.005548954010009766,
            0.45471906661987305,
            0.3209536075592041,
            0.14845061302185059,
            -0.11992573738098145,
            0.26247096061706543,
            -0.1127471923828125
        ],
        [
            -4.845744609832764,
            -2.1599864959716797,
            0.4075673818588257,
            0.014161348342895508,
            0.1279904842376709,
            0.10185432434082031,
            0.04853510856628418,
            -0.015055179595947266,
            0.06929636001586914,
            -0.0494837760925293
        ],
        [
            -3.919180393218994,
            -1.8524771928787231,
            0.5018852949142456,
            -0.005209445953369141,
            0.45354557037353516,
            0.31974148750305176,
            0.14759421348571777,
            -0.11813497543334961,
            0.26215195655822754,
            -0.1098029613494873
        ],
        [
            -3.2413430213928223,
            -1.619997501373291,
            0.57514488697052,
            -0.006885528564453125,
            0.6938786506652832,
            0.4740025997161865,
            0.21890687942504883,
            -0.1956329345703125,
            0.4081707000732422,
            -0.16347479820251465
        ],
        [
            -4.493459701538086,
            -2.0899927616119385,
            0.43815624713897705,
            -0.003320455551147461,
            0.24631881713867188,
            0.1705322265625,
            0.06781363487243652,
            -0.0468897819519043,
            0.14881300926208496,
            -0.0242154598236084
        ],
        [
            -4.438294410705566,
            -2.0215487480163574,
            0.44938623905181885,
            0.001890420913696289,
            0.2686126232147217,
            0.20247125625610352,
            0.10168099403381348,
            -0.06077170372009277,
            0.15514826774597168,
            -0.09568047523498535
        ],
        [
            -4.420717239379883,
            -2.0593338012695312,
            0.44726312160491943,
            -0.002719402313232422,
            0.2746236324310303,
            0.19057989120483398,
            0.07593297958374023,
            -0.05409812927246094,
            0.16468477249145508,
            -0.031054019927978516
        ],
        [
            -4.261325836181641,
            -1.9942134618759155,
            0.4663132429122925,
            -0.0023038387298583984,
            0.33654069900512695,
            0.23275470733642578,
            0.09521269798278809,
            -0.06885766983032227,
            0.1996593475341797,
            -0.04753255844116211
        ],
        [
            -4.954860687255859,
            -2.235804796218872,
            0.3830348253250122,
            0.0009388923645019531,
            0.08099031448364258,
            0.058255672454833984,
            0.02757549285888672,
            -0.012994766235351562,
            0.047649383544921875,
            -0.019159317016601562
        ],
        [
            -3.60166597366333,
            -1.743728518486023,
            0.5344396829605103,
            -0.006360530853271484,
            0.5703198909759521,
            0.3919665813446045,
            0.18066644668579102,
            -0.14945721626281738,
            0.3324251174926758,
            -0.12842679023742676
        ],
        [
            -4.310462951660156,
            -1.9794375896453857,
            0.46220123767852783,
            0.0002033710479736328,
            0.31239748001098633,
            0.2327115535736084,
            0.11490726470947266,
            -0.07534265518188477,
            0.1812596321105957,
            -0.10289311408996582
        ],
        [
            -3.843230724334717,
            -1.8296016454696655,
            0.5104166269302368,
            -0.003670930862426758,
            0.4885520935058594,
            0.33671140670776367,
            0.15268397331237793,
            -0.11495351791381836,
            0.2869417667388916,
            -0.10026097297668457
        ],
        [
            -4.529752731323242,
            -2.0490496158599854,
            0.44032251834869385,
            0.0037994384765625,
            0.23744678497314453,
            0.18097639083862305,
            0.0919640064239502,
            -0.05105280876159668,
            0.13624191284179688,
            -0.08908605575561523
        ],
        [
            -4.162198543548584,
            -1.9291322231292725,
            0.47702157497406006,
            -0.0019216537475585938,
            0.36386942863464355,
            0.2667579650878906,
            0.12836408615112305,
            -0.09284138679504395,
            0.21045756340026855,
            -0.10855603218078613
        ],
        [
            -3.1775155067443848,
            -1.5991765260696411,
            0.5829583406448364,
            -0.006615400314331055,
            0.7150650024414062,
            0.48871827125549316,
            0.22558856010437012,
            -0.2040698528289795,
            0.4217989444732666,
            -0.16997480392456055
        ],
        [
            -4.450970649719238,
            -2.0253047943115234,
            0.4481006860733032,
            0.0020530223846435547,
            0.2643611431121826,
            0.1994946002960205,
            0.10035824775695801,
            -0.059509992599487305,
            0.15262556076049805,
