{
    "collision_depths": [],
    "collision": false,
    "joint_limit_violation": false,
    "self_collision": false,
    "physical_violations": false,
    "config_smoothness": -5.8573297953291075,
    "eff_smoothness": -5.890960485295506,
    "eff_position_path_length": 29.13256524817207,
    "eff_orientation_path_length": 1176.1479882109936,
    "physical_success": true,
    "time": 0.7238686084747314,
    "num_steps": 51,
    "trajectory_w": [
        [
            -7.361571311950684,
            -7.427155494689941,
            -0.6923149824142456,
            0.0,
            0.0,
            0.0,
            0.0,
            0.0,
            0.0,
            0.0
        ],
        [
            -6.800222873687744,
            -7.816339015960693,
            -0.6719788312911987,
            0.017338275909423828,
            0.37240028381347656,
            -0.08369064331054688,
            0.22227931022644043,
            -0.02974104881286621,
            0.16335654258728027,
            -0.09300422668457031
        ],
        [
            -6.771389484405518,
            -7.823200702667236,
            -0.6619061231613159,
            0.03606271743774414,
            0.38248372077941895,
            -0.05241560935974121,
            0.21080660820007324,
            -0.027278900146484375,
            0.16584253311157227,
            -0.07610702514648438
        ],
        [
            -6.763248443603516,
            -7.825422286987305,
            -0.662838339805603,
            0.03950333595275879,
            0.3861064910888672,
            -0.056136131286621094,
            0.21200203895568848,
            -0.030579566955566406,
            0.16825604438781738,
            -0.07521367073059082
        ],
        [
            -6.778975009918213,
            -7.814479351043701,
            -0.6670335531234741,
            0.03997635841369629,
            0.3776586055755615,
            -0.07269048690795898,
            0.21316146850585938,
            -0.03792905807495117,
            0.16528820991516113,
            -0.07689428329467773
        ],
        [
            -7.137484550476074,
            -7.566885948181152,
            -0.6614435911178589,
            0.03484678268432617,
            0.12644076347351074,
            -0.0187070369720459,
            0.08175039291381836,
            -0.005768537521362305,
            0.04557943344116211,
            -0.03778696060180664
        ],
        [
            -6.689397811889648,
            -7.899530410766602,
            -0.6581176519393921,
            0.01996016502380371,
            0.4534456729888916,
            -0.05938887596130371,
            0.25287532806396484,
            -0.023622751235961914,
            0.19475340843200684,
            -0.09422183036804199
        ],
        [
            -6.414778709411621,
            -8.077195167541504,
            -0.6558226346969604,
            0.029512643814086914,
            0.6341800689697266,
            -0.10167407989501953,
            0.35608363151550293,
            -0.052689313888549805,
            0.27031493186950684,
            -0.12723159790039062
        ],
        [
            -6.822803020477295,
            -7.786123752593994,
            -0.6643291711807251,
            0.03892326354980469,
            0.3460996150970459,
            -0.05047035217285156,
            0.1896049976348877,
            -0.02697587013244629,
            0.151472806930542,
            -0.06852531433105469
        ],
        [
            -7.031776428222656,
            -7.628790378570557,
            -0.6664673089981079,
            0.03355050086975098,
            0.19512319564819336,
            -0.03722429275512695,
            0.12450551986694336,
            -0.012914896011352539,
            0.08150982856750488,
            -0.05533742904663086
        ],
        [
            -6.726744174957275,
            -7.8611741065979,
            -0.6669281721115112,
            0.018985271453857422,
            0.4163675308227539,
            -0.0850672721862793,
            0.2529280185699463,
            -0.028331756591796875,
            0.17954778671264648,
            -0.10650277137756348
        ],
        [
            -6.430909156799316,
            -8.065135955810547,
            -0.6567353010177612,
            0.029496431350708008,
            0.6230182647705078,
            -0.10016846656799316,
            0.34998607635498047,
            -0.05140280723571777,
            0.2658250331878662,
            -0.12506890296936035
        ],
        [
            -7.165497303009033,
            -7.556710243225098,
            -0.6638966798782349,
            0.03618931770324707,
            0.110321044921875,
            -0.013042688369750977,
            0.06709814071655273,
            -0.003150463104248047,
            0.03799033164978027,
            -0.030065298080444336
        ],
        [
            -6.856301784515381,
            -7.788577079772949,
            -0.6726466417312622,
            0.003949880599975586,
            0.34217333793640137,
            -0.07234811782836914,
            0.20612502098083496,
            -0.019173860549926758,
            0.14901113510131836,
            -0.09285306930541992
        ],
        [
            -6.945186138153076,
            -7.7288384437561035,
            -0.6698628664016724,
            0.020539045333862305,
            0.2796638011932373,
            -0.03239250183105469,
            0.14900755882263184,
            -0.014779329299926758,
            0.12168526649475098,
            -0.058388471603393555
        ],
        [
            -7.3025007247924805,
            -7.475715160369873,
            -0.679878830909729,
            0.019037961959838867,
            0.03301382064819336,
            0.0014967918395996094,
            0.017632007598876953,
            0.0013186931610107422,
            0.00878286361694336,
            -0.005741119384765625
        ],
        [
            -7.291835784912109,
            -7.485442161560059,
            -0.676833987236023,
            0.024854421615600586,
            0.03856396675109863,
            0.0018954277038574219,
            0.02013540267944336,
            0.0010149478912353516,
            0.009524822235107422,
            -0.006999492645263672
        ],
        [
            -6.916260719299316,
            -7.744877815246582,
            -0.674543023109436,
            0.003644704818725586,
            0.3030111789703369,
            -0.06992769241333008,
            0.1850905418395996,
            -0.01857161521911621,
            0.13307547569274902,
            -0.08494305610656738
        ],
        [
            -6.825205326080322,
            -7.811396598815918,
            -0.6709288358688354,
            0.0052928924560546875,
            0.36334872245788574,
            -0.0732886791229248,
            0.2174844741821289,
            -0.02056574821472168,
            0.1575627326965332,
            -0.09643149375915527
        ],
        [
            -7.30124044418335,
            -7.464102745056152,
            -0.6939836740493774,
            -0.013622760772705078,
            0.042058467864990234,
            -0.010524749755859375,
            0.02632284164428711,
            -0.0027725696563720703,
            0.02191948890686035,
            -0.010072469711303711
        ],
        [
            -7.030695915222168,
            -7.680440425872803,
            -0.6788567304611206,
            -0.00577855110168457,
            0.2398526668548584,
            -0.04906201362609863,
            0.13652801513671875,
            -0.012714147567749023,
            0.10724234580993652,
            -0.06369662284851074
        ],
        [
            -7.306194305419922,
            -7.4596638679504395,
            -0.6939347982406616,
            -0.013681411743164062,
            0.037169456481933594,
            -0.009676218032836914,
            0.023764848709106445,
