{
    "collision_depths": [
        0.0051909080741810954,
        0.0011286073508429066
    ],
    "collision": true,
    "joint_limit_violation": false,
    "self_collision": false,
    "physical_violations": true,
    "config_smoothness": -6.072034636049572,
    "eff_smoothness": -6.188453139072119,
    "eff_position_path_length": 26.404889809983192,
    "eff_orientation_path_length": 965.559357311267,
    "physical_success": false,
    "time": 0.5642688274383545,
    "num_steps": 51,
    "trajectory_w": [
        [
            -1.6561081409454346,
            -7.433483600616455,
            1.3921960592269897,
            0.0,
            0.0,
            0.0,
            0.0,
            0.0,
            0.0,
            0.0
        ],
        [
            -1.654162883758545,
            -6.727503776550293,
            1.3972364664077759,
            0.010272741317749023,
            0.3961639404296875,
            -0.015946388244628906,
            0.23043251037597656,
            0.012316703796386719,
            0.0806891918182373,
            -0.05122113227844238
        ],
        [
            -1.6401774883270264,
            -6.929388523101807,
            1.394992470741272,
            0.022510051727294922,
            0.28815507888793945,
            -0.002046823501586914,
            0.15844249725341797,
            -7.557868957519531e-05,
            0.048330068588256836,
            -0.03890562057495117
        ],
        [
            -1.6319191455841064,
            -6.2865471839904785,
            1.385449767112732,
            0.03661370277404785,
            0.6551022529602051,
            0.0068781375885009766,
            0.35965895652770996,
            0.0012328624725341797,
            0.1314678192138672,
            -0.06513166427612305
        ],
        [
            -1.6755350828170776,
            -7.0202202796936035,
            1.3910719156265259,
            0.003598928451538086,
            0.23422789573669434,
            -0.00945901870727539,
            0.14883065223693848,
            0.01885533332824707,
            0.05125570297241211,
            -0.04158735275268555
        ],
        [
            -1.6458580493927002,
            -6.463555335998535,
            1.3794676065444946,
            0.02746415138244629,
            0.5621366500854492,
            -0.020618438720703125,
            0.3025937080383301,
            -0.002118825912475586,
            0.10743093490600586,
            -0.0690145492553711
        ],
        [
            -1.6574320793151855,
            -6.682767391204834,
            1.3898519277572632,
            0.028532981872558594,
            0.4039285182952881,
            0.025015830993652344,
            0.23186922073364258,
            0.012475967407226562,
            0.08484673500061035,
            -0.04779410362243652
        ],
        [
            -1.6564507484436035,
            -6.928042888641357,
            1.403394103050232,
            0.0028252601623535156,
            0.2637932300567627,
            0.009308338165283203,
            0.16565871238708496,
            0.023920774459838867,
            0.061514854431152344,
            -0.03706502914428711
        ],
        [
            -1.631927728652954,
            -7.0081353187561035,
            1.4097706079483032,
            0.004213571548461914,
            0.23549246788024902,
            0.002620697021484375,
            0.1403791904449463,
            0.01111602783203125,
            0.04304313659667969,
            -0.032204389572143555
        ],
        [
            -1.6448172330856323,
            -6.446718215942383,
            1.3811880350112915,
            0.02918410301208496,
            0.5712563991546631,
            -0.020244359970092773,
            0.3077051639556885,
            -0.0032656192779541016,
            0.10867977142333984,
            -0.06812214851379395
        ],
        [
            -1.6666010618209839,
            -6.819685935974121,
            1.3794690370559692,
            0.030681133270263672,
            0.3280320167541504,
            0.01514124870300293,
            0.18267512321472168,
            0.008319616317749023,
            0.06460285186767578,
            -0.048110008239746094
        ],
        [
            -1.6537474393844604,
            -6.546188831329346,
            1.392086148262024,
            0.03178095817565918,
            0.4861328601837158,
            0.02415943145751953,
            0.2799687385559082,
            0.010823726654052734,
            0.10139632225036621,
            -0.05228090286254883
        ],
        [
            -1.6546286344528198,
            -6.549867630004883,
            1.390823483467102,
            0.031826019287109375,
            0.48462581634521484,
            0.024315357208251953,
            0.2783229351043701,
            0.0106658935546875,
            0.1010735034942627,
            -0.05333065986633301
        ],
        [
            -1.6501339673995972,
            -6.852714538574219,
            1.3902019262313843,
            0.010659933090209961,
            0.33084869384765625,
            -0.013615608215332031,
            0.1808936595916748,
            0.01060795783996582,
            0.06349015235900879,
            -0.05237770080566406
        ],
        [
            -1.6594444513320923,
            -6.721837520599365,
            1.3868998289108276,
            0.029199838638305664,
            0.3813130855560303,
            0.023477792739868164,
            0.21919894218444824,
            0.01238393783569336,
            0.0795595645904541,
            -0.04804420471191406
        ],
        [
            -1.6370686292648315,
            -6.3020219802856445,
            1.3845089673995972,
            0.036437273025512695,
            0.651822566986084,
            -0.004634857177734375,
            0.35437488555908203,
            -0.003215312957763672,
            0.12664055824279785,
            -0.06896829605102539
        ],
        [
            -1.6594241857528687,
            -7.353850841522217,
            1.394532322883606,
            0.0037865638732910156,
            0.036875247955322266,
            0.0016613006591796875,
            0.02580881118774414,
            0.009594202041625977,
            0.0039598941802978516,
            -0.005932807922363281
        ],
        [
            -1.6943111419677734,
            -6.977594375610352,
            1.3771930932998657,
            0.025906801223754883,
            0.23721027374267578,
            0.0030286312103271484,
            0.1403367519378662,
            0.01692366600036621,
            0.050592899322509766,
            -0.04516100883483887
        ],
        [
            -1.6539162397384644,
            -6.685006141662598,
            1.392053246498108,
            0.013708114624023438,
            0.4243335723876953,
            -0.021149158477783203,
            0.24236512184143066,
            0.007885932922363281,
            0.08313465118408203,
            -0.056647300720214844
        ],
        [
            -1.6794724464416504,
            -6.913463115692139,
            1.3904775381088257,
            0.013396978378295898,
            0.2628359794616699,
            0.012709379196166992,
            0.1616523265838623,
            0.02450275421142578,
            0.06256461143493652,
            -0.041243791580200195
        ],
        [
            -1.663136601448059,
            -7.211436748504639,
            1.393727421760559,
            -0.016480445861816406,
            0.12848854064941406,
            -0.0048160552978515625,
            0.09280991554260254,
            0.015459537506103516,
            0.027051210403442383,
            -0.022917747497558594
        ],
        [
            -1.6445753574371338,
            -7.333695888519287,
            1.3872421979904175,
            0.015962600708007812,
            0.0498049259185791,
            0.012206792831420898,
