{
    "collision_depths": [],
    "collision": false,
    "joint_limit_violation": false,
    "self_collision": false,
    "physical_violations": false,
    "config_smoothness": -5.230522240840651,
    "eff_smoothness": -5.417642301159271,
    "eff_position_path_length": 25.8228414098313,
    "eff_orientation_path_length": 1090.5930134183748,
    "physical_success": true,
    "time": 0.3583517074584961,
    "num_steps": 51,
    "trajectory_w": [
        [
            -0.9792141318321228,
            -1.0871769189834595,
            -1.2138845920562744,
            0.0,
            0.0,
            0.0,
            0.0,
            0.0,
            0.0,
            0.0
        ],
        [
            -0.6811478734016418,
            -1.6970438957214355,
            -1.2218966484069824,
            -0.0007624626159667969,
            0.338238000869751,
            -0.01119542121887207,
            0.19446372985839844,
            -0.06642937660217285,
            0.1944599151611328,
            -0.129014253616333
        ],
        [
            -0.7665656208992004,
            -1.487784504890442,
            -1.2229983806610107,
            -0.017273664474487305,
            0.24483489990234375,
            -0.0347599983215332,
            0.1581406593322754,
            -0.04688763618469238,
            0.13830256462097168,
            -0.1397867202758789
        ],
        [
            -0.6110230684280396,
            -1.7798484563827515,
            -1.2349324226379395,
            -0.016364097595214844,
            0.41481733322143555,
            -0.05128192901611328,
            0.25173354148864746,
            -0.08354306221008301,
            0.23161673545837402,
            -0.201585054397583
        ],
        [
            -0.5739943385124207,
            -1.8499407768249512,
            -1.237429141998291,
            -0.015627145767211914,
            0.45610547065734863,
            -0.05608820915222168,
            0.2725393772125244,
            -0.09487509727478027,
            0.25303173065185547,
            -0.2143087387084961
        ],
        [
            -0.61771559715271,
            -1.815979242324829,
            -1.2216501235961914,
            -0.0036458969116210938,
            0.40973639488220215,
            -0.02053356170654297,
            0.23753762245178223,
            -0.07749414443969727,
            0.2332746982574463,
            -0.15878033638000488
        ],
        [
            -0.834105372428894,
            -1.3334747552871704,
            -1.216965675354004,
            -0.012001276016235352,
            0.15550637245178223,
            -0.02300715446472168,
            0.10528302192687988,
            -0.037453651428222656,
            0.08826303482055664,
            -0.0949556827545166
        ],
        [
            -0.7829242944717407,
            -1.4536062479019165,
            -1.2218670845031738,
            -0.017432689666748047,
            0.22616195678710938,
            -0.03237414360046387,
            0.14792966842651367,
            -0.04392528533935547,
            0.12821531295776367,
            -0.1309971809387207
        ],
        [
            -0.7574771642684937,
            -1.5076719522476196,
            -1.2233641147613525,
            -0.017092227935791016,
            0.25574707984924316,
            -0.03594827651977539,
            0.16460895538330078,
            -0.04833364486694336,
            0.14474272727966309,
            -0.14394593238830566
        ],
        [
            -0.7383253574371338,
            -1.5942578315734863,
            -1.220996618270874,
            0.0017504692077636719,
            0.2785377502441406,
            -0.005965471267700195,
            0.15871024131774902,
            -0.0555109977722168,
            0.16165614128112793,
            -0.10324358940124512
        ],
        [
            -0.6560330390930176,
            -1.697130560874939,
            -1.2309556007385254,
            -0.016432523727416992,
            0.3653125762939453,
            -0.04692673683166504,
            0.22581863403320312,
            -0.07096147537231445,
            0.2059464454650879,
            -0.18495512008666992
        ],
        [
            -0.7919902205467224,
            -1.433562159538269,
            -1.2213456630706787,
            -0.016851186752319336,
            0.2157728672027588,
            -0.030643224716186523,
            0.14264512062072754,
            -0.04146742820739746,
            0.12314963340759277,
            -0.1247110366821289
        ],
        [
            -0.9477788209915161,
            -1.1513075828552246,
            -1.2125658988952637,
            0.0012149810791015625,
            0.033423423767089844,
            0.00430607795715332,
            0.02050924301147461,
            -0.004953861236572266,
            0.01833653450012207,
            -0.011969804763793945
        ],
        [
            -0.9473729133605957,
            -1.150301218032837,
            -1.2127838134765625,
            0.0008714199066162109,
            0.03310585021972656,
            0.004390239715576172,
            0.02068161964416504,
            -0.0054988861083984375,
            0.01840376853942871,
            -0.011604547500610352
        ],
        [
            -0.7523596882820129,
            -1.5193394422531128,
            -1.2236418724060059,
            -0.01704859733581543,
            0.26218414306640625,
            -0.03653287887573242,
            0.1680741310119629,
            -0.04964900016784668,
            0.14828085899353027,
            -0.14661836624145508
        ],
        [
            -0.660962700843811,
            -1.6920455694198608,
            -1.230654239654541,
            -0.017171144485473633,
            0.3629887104034424,
            -0.044892072677612305,
            0.22390961647033691,
            -0.06935763359069824,
            0.20359325408935547,
            -0.18453168869018555
        ],
        [
            -0.5876607894897461,
            -1.873613953590393,
            -1.2221779823303223,
            -0.005626678466796875,
            0.44591236114501953,
            -0.02570033073425293,
            0.260394811630249,
            -0.08321857452392578,
            0.25275683403015137,
            -0.1743602752685547
        ],
        [
            -0.7488633394241333,
            -1.5743439197540283,
            -1.2207751274108887,
            0.002319812774658203,
            0.26683974266052246,
            -0.0049932003021240234,
            0.15226984024047852,
            -0.0529940128326416,
            0.1555924415588379,
            -0.09777021408081055
        ],
        [
            -0.7864246964454651,
            -1.5045661926269531,
            -1.220012903213501,
            0.003502368927001953,
            0.22576117515563965,
            -0.0011818408966064453,
            0.12898826599121094,
            -0.04276394844055176,
            0.13309884071350098,
            -0.07856178283691406
        ],
        [
            -0.5878025889396667,
            -1.8234676122665405,
            -1.23653244972229,
            -0.015757322311401367,
            0.4407064914703369,
            -0.05431103706359863,
            0.2644367218017578,
            -0.0908360481262207,
            0.24482154846191406,
            -0.2095041275024414
        ],
        [
            -0.6791547536849976,
            -1.657906174659729,
            -1.2267420291900635,
            -0.012845754623413086,
            0.3373079299926758,
            -0.04888772964477539,
            0.2112586498260498,
            -0.06744098663330078,
            0.1950209140777588,
            -0.16921091079711914
        ],
        [
            -0.4802154004573822,
            -2.0566189289093018,
            -1.2359414100646973,
            -0.014445304870605469,
            0.5716266632080078,
            -0.06199765205383301,
            0.33452272415161133,
