{
    "collision_depths": [],
    "collision": false,
    "joint_limit_violation": false,
    "self_collision": false,
    "physical_violations": false,
    "config_smoothness": -5.959263699304145,
    "eff_smoothness": -6.029269411250412,
    "eff_position_path_length": 27.821822182455737,
    "eff_orientation_path_length": 1563.8104379682122,
    "physical_success": true,
    "time": 0.3637807369232178,
    "num_steps": 51,
    "trajectory_w": [
        [
            -12.748568534851074,
            -0.7834812998771667,
            -1.91917085647583,
            0.0,
            0.0,
            0.0,
            0.0,
            0.0,
            0.0,
            0.0
        ],
        [
            -12.840787887573242,
            -1.4106013774871826,
            -1.967754602432251,
            0.03734850883483887,
            0.3448302745819092,
            0.052991628646850586,
            0.21024370193481445,
            -0.08495759963989258,
            0.3352775573730469,
            -0.5217654705047607
        ],
        [
            -12.843009948730469,
            -1.4244530200958252,
            -1.968583583831787,
            0.038095712661743164,
            0.35276055335998535,
            0.053558349609375,
            0.2153160572052002,
            -0.08676958084106445,
            0.34354281425476074,
            -0.5329551696777344
        ],
        [
            -12.81940746307373,
            -1.2422974109649658,
            -1.962644338607788,
            0.028317689895629883,
            0.25904011726379395,
            0.005281686782836914,
            0.17429256439208984,
            -0.05611610412597656,
            0.27733945846557617,
            -0.42395949363708496
        ],
        [
            -12.744098663330078,
            -0.8327353596687317,
            -1.9298877716064453,
            -0.0019061565399169922,
            0.03215527534484863,
            0.007454872131347656,
            0.024588823318481445,
            -0.004691600799560547,
            0.029972314834594727,
            -0.04570174217224121
        ],
        [
            -12.810171127319336,
            -1.256714105606079,
            -1.9599823951721191,
            0.02112293243408203,
            0.2647380828857422,
            0.048560380935668945,
            0.16192364692687988,
            -0.06778335571289062,
            0.2512624263763428,
            -0.40207743644714355
        ],
        [
            -12.816740989685059,
            -1.2339107990264893,
            -1.9620637893676758,
            0.027801036834716797,
            0.25556373596191406,
            0.0045888423919677734,
            0.1725456714630127,
            -0.05504417419433594,
            0.2736034393310547,
            -0.41902756690979004
        ],
        [
            -12.780986785888672,
            -1.015760064125061,
            -1.9428074359893799,
            0.016667842864990234,
            0.14909744262695312,
            0.009232759475708008,
            0.10401463508605957,
            -0.0261685848236084,
            0.15276741981506348,
            -0.23098254203796387
        ],
        [
            -12.886432647705078,
            -1.6994373798370361,
            -1.9943232536315918,
            0.05587506294250488,
            0.4908781051635742,
            0.030771732330322266,
            0.30122828483581543,
            -0.12055444717407227,
            0.488344669342041,
            -0.745283842086792
        ],
        [
            -12.833260536193848,
            -1.3702552318572998,
            -1.9654335975646973,
            0.03393697738647461,
            0.32353806495666504,
            0.05345034599304199,
            0.19711709022521973,
            -0.07943248748779297,
            0.3121376037597656,
            -0.48940372467041016
        ],
        [
            -12.770615577697754,
            -1.023726224899292,
            -1.9356303215026855,
            0.006868124008178711,
            0.11459469795227051,
            0.0272367000579834,
            0.07857298851013184,
            -0.029829025268554688,
            0.10669898986816406,
            -0.18190312385559082
        ],
        [
            -12.766606330871582,
            -0.9894217848777771,
            -1.931387186050415,
            0.007230520248413086,
            0.09772682189941406,
            0.02390885353088379,
            0.06900572776794434,
            -0.02580118179321289,
            0.08947420120239258,
            -0.15466737747192383
        ],
        [
            -12.745645523071289,
            -0.8332584500312805,
            -1.9281866550445557,
            -0.0011785030364990234,
            0.03108954429626465,
            0.008076906204223633,
            0.023673295974731445,
            -0.004881620407104492,
            0.02848958969116211,
            -0.04350137710571289
        ],
        [
            -12.76396369934082,
            -0.8547130823135376,
            -1.917970895767212,
            0.007902145385742188,
            0.03254818916320801,
            0.01513981819152832,
            0.023815393447875977,
            -0.00952601432800293,
            0.0249478816986084,
            -0.04233098030090332
        ],
        [
            -12.817728042602539,
            -1.2682666778564453,
            -1.9673707485198975,
            0.028345584869384766,
            0.2745809555053711,
            0.004872798919677734,
            0.18352174758911133,
            -0.060502052307128906,
            0.29247379302978516,
            -0.4497859477996826
        ],
        [
            -12.858673095703125,
            -1.5434972047805786,
            -1.9772961139678955,
            0.04559969902038574,
            0.41411304473876953,
            0.04896187782287598,
            0.2549905776977539,
            -0.10229873657226562,
            0.40946292877197266,
            -0.6271162033081055
        ],
        [
            -12.833943367004395,
            -1.3745062351226807,
            -1.9654865264892578,
            0.03436398506164551,
            0.3260464668273926,
            0.053881168365478516,
            0.19880175590515137,
            -0.07993888854980469,
            0.31475067138671875,
            -0.49254775047302246
        ],
        [
            -12.837082862854004,
            -1.3955196142196655,
            -1.966675043106079,
            0.036073923110961914,
            0.3371098041534424,
            0.05346846580505371,
            0.20575857162475586,
            -0.0827028751373291,
            0.3267195224761963,
            -0.5100774765014648
        ],
        [
            -12.88436508178711,
            -1.6951130628585815,
            -1.9928569793701172,
            0.05513715744018555,
            0.48903656005859375,
            0.032999277114868164,
            0.30070924758911133,
            -0.12058711051940918,
            0.48618602752685547,
            -0.7417616844177246
        ],
        [
            -12.83485221862793,
            -1.4157994985580444,
            -1.9816620349884033,
            0.03594374656677246,
            0.3490128517150879,
            0.01859903335571289,
            0.22432470321655273,
            -0.07859563827514648,
            0.3629176616668701,
            -0.5554592609405518
        ],
        [
            -12.775468826293945,
            -0.9361705183982849,
            -1.9360430240631104,
            0.00806879997253418,
            0.10556912422180176,
            0.01286172866821289,
            0.07188558578491211,
            -0.018818140029907227,
            0.10446619987487793,
            -0.14926719665527344
        ],
        [
            -12.816339492797852,
            -1.2475733757019043,
            -1.9559905529022217,
            0.021126747131347656,
            0.25469470024108887,
            0.048850059509277344,
            0.15538311004638672,
            -0.06492948532104492,
