{
    "collision_depths": [],
    "collision": false,
    "joint_limit_violation": false,
    "self_collision": false,
    "physical_violations": false,
    "config_smoothness": -5.293754293349172,
    "eff_smoothness": -5.43778872252997,
    "eff_position_path_length": 25.294896295035716,
    "eff_orientation_path_length": 913.1557126244718,
    "physical_success": true,
    "time": 0.2717006206512451,
    "num_steps": 51,
    "trajectory_w": [
        [
            -7.837887763977051,
            -10.26634693145752,
            -0.16698205471038818,
            0.0,
            0.0,
            0.0,
            0.0,
            0.0,
            0.0,
            0.0
        ],
        [
            -7.495352268218994,
            -10.255749702453613,
            -0.15887820720672607,
            0.013576269149780273,
            0.19483709335327148,
            -0.06153702735900879,
            0.06875252723693848,
            -0.05070066452026367,
            0.02389359474182129,
            -0.045383453369140625
        ],
        [
            -7.294225215911865,
            -10.235343933105469,
            -0.15484726428985596,
            0.01447439193725586,
            0.3394660949707031,
            -0.08592510223388672,
            0.12397241592407227,
            -0.0952463150024414,
            0.04567718505859375,
            -0.0395197868347168
        ],
        [
            -7.279724597930908,
            -10.239970207214355,
            -0.16946327686309814,
            0.011102676391601562,
            0.3277161121368408,
            -0.09738683700561523,
            0.1303248405456543,
            -0.07824063301086426,
            0.04420351982116699,
            -0.06451416015625
        ],
        [
            -7.1625471115112305,
            -10.238614082336426,
            -0.18774092197418213,
            0.007584810256958008,
            0.4407846927642822,
            -0.10381793975830078,
            0.1634845733642578,
            -0.14049553871154785,
            0.060636043548583984,
            -0.028222322463989258
        ],
        [
            -6.95693302154541,
            -10.246142387390137,
            -0.20292127132415771,
            0.013185739517211914,
            0.5501751899719238,
            -0.1384572982788086,
            0.21462106704711914,
            -0.13100838661193848,
            0.08174705505371094,
            -0.0834507942199707
        ],
        [
            -7.538825988769531,
            -10.232914924621582,
            -0.1877230405807495,
            -0.005286216735839844,
            0.1945791244506836,
            -0.05798935890197754,
            0.0774085521697998,
            -0.07065320014953613,
            0.02191019058227539,
            -0.012055158615112305
        ],
        [
            -7.0021796226501465,
            -10.248862266540527,
            -0.18539774417877197,
            0.017026185989379883,
            0.5170974731445312,
            -0.13189077377319336,
            0.2009289264678955,
            -0.11953425407409668,
            0.07675838470458984,
            -0.08097577095031738
        ],
        [
            -7.046722412109375,
            -10.241636276245117,
            -0.1883760690689087,
            0.0073010921478271484,
            0.523134708404541,
            -0.11806941032409668,
            0.19699811935424805,
            -0.1598207950592041,
            0.0740821361541748,
            -0.034301042556762695
        ],
        [
            -7.5977020263671875,
            -10.278717041015625,
            -0.1622093915939331,
            0.011632204055786133,
            0.129241943359375,
            -0.0376436710357666,
            0.03798317909240723,
            -0.03407859802246094,
            0.012727022171020508,
            -0.029904842376708984
        ],
        [
            -7.426211357116699,
            -10.234038352966309,
            -0.19530975818634033,
            0.006201505661010742,
            0.26138877868652344,
            -0.07869958877563477,
            0.09433746337890625,
            -0.08554959297180176,
            0.03423476219177246,
            -0.02413177490234375
        ],
        [
            -6.955039024353027,
            -10.249817848205566,
            -0.19601881504058838,
            0.015886545181274414,
            0.5516901016235352,
            -0.13858699798583984,
            0.21433424949645996,
            -0.12944412231445312,
            0.082611083984375,
            -0.08391737937927246
        ],
        [
            -7.6942362785339355,
            -10.226479530334473,
            -0.18148434162139893,
            -0.005663394927978516,
            0.0929875373840332,
            -0.03168034553527832,
            0.040220022201538086,
            -0.03962087631225586,
            0.008788108825683594,
            -0.007172346115112305
        ],
        [
            -7.388364791870117,
            -10.237476348876953,
            -0.19713294506072998,
            0.0016400814056396484,
            0.2876408100128174,
            -0.07510709762573242,
            0.10305976867675781,
            -0.09644556045532227,
            0.03715777397155762,
            -0.023894786834716797
        ],
        [
            -7.624414920806885,
            -10.230558395385742,
            -0.18373429775238037,
            -0.009018182754516602,
            0.14263510704040527,
            -0.04368758201599121,
            0.059323787689208984,
            -0.05493783950805664,
            0.014510869979858398,
            -0.011142730712890625
        ],
        [
            -7.073019981384277,
            -10.23634147644043,
            -0.19677531719207764,
            0.0049746036529541016,
            0.5027656555175781,
            -0.11555910110473633,
            0.1902942657470703,
            -0.1572577953338623,
            0.07014632225036621,
            -0.03355908393859863
        ],
        [
            -7.458899974822998,
            -10.244699478149414,
            -0.1650785207748413,
            0.013771295547485352,
            0.21549081802368164,
            -0.0733039379119873,
            0.08290982246398926,
            -0.05625295639038086,
            0.027356624603271484,
            -0.04907393455505371
        ],
        [
            -7.274250030517578,
            -10.236343383789062,
            -0.1774200201034546,
            0.008948564529418945,
            0.3295774459838867,
            -0.09921097755432129,
            0.13368678092956543,
            -0.08049464225769043,
            0.04375147819519043,
            -0.06281208992004395
        ],
        [
            -7.255498886108398,
            -10.234369277954102,
            -0.1560143232345581,
            0.014776945114135742,
            0.3672356605529785,
            -0.09175586700439453,
            0.13568449020385742,
            -0.10405421257019043,
            0.050142765045166016,
            -0.038170814514160156
        ],
        [
            -7.446427822113037,
            -10.249317169189453,
            -0.15925157070159912,
            0.012517213821411133,
            0.22576475143432617,
            -0.06927347183227539,
            0.08380603790283203,
            -0.05949878692626953,
            0.02836751937866211,
            -0.04862618446350098
        ],
        [
            -7.377790451049805,
            -10.242721557617188,
            -0.17227685451507568,
            0.0021126270294189453,
            0.27640438079833984,
            -0.07458090782165527,
            0.10718679428100586,
            -0.07765603065490723,
            0.035041093826293945,
            -0.05136752128601074
        ],
        [
            -6.806783676147461,
            -10.264719009399414,
            -0.2008296251296997,
            0.017478227615356445,
            0.6684494018554688,
            -0.15871572494506836,
            0.2583491802215576,
