{
    "collision_depths": [],
    "collision": false,
    "joint_limit_violation": false,
    "self_collision": false,
    "physical_violations": false,
    "config_smoothness": -5.438743456627194,
    "eff_smoothness": -5.466680680545778,
    "eff_position_path_length": 25.870106492455417,
    "eff_orientation_path_length": 1111.047551958846,
    "physical_success": true,
    "time": 0.3489663600921631,
    "num_steps": 51,
    "trajectory_w": [
        [
            -5.431852340698242,
            -6.795423984527588,
            -1.7414226531982422,
            0.0,
            0.0,
            0.0,
            0.0,
            0.0,
            0.0,
            0.0
        ],
        [
            -5.427849292755127,
            -7.055453777313232,
            -1.7212989330291748,
            0.018755197525024414,
            0.15935325622558594,
            -0.012434005737304688,
            0.11141800880432129,
            -0.019576311111450195,
            0.05302166938781738,
            -0.02806234359741211
        ],
        [
            -5.485479831695557,
            -7.719202518463135,
            -1.7053756713867188,
            0.016916513442993164,
            0.6046380996704102,
            -0.01790452003479004,
            0.3605067729949951,
            -0.03766369819641113,
            0.22749924659729004,
            -0.04406404495239258
        ],
        [
            -5.4360809326171875,
            -6.860657215118408,
            -1.7356462478637695,
            0.004327058792114258,
            0.03628897666931152,
            0.0017001628875732422,
            0.02367234230041504,
            0.000698089599609375,
            0.014084339141845703,
            -0.0014057159423828125
        ],
        [
            -5.45094108581543,
            -7.215397357940674,
            -1.7277300357818604,
            0.0006628036499023438,
            0.2682609558105469,
            -0.010660648345947266,
            0.164841890335083,
            0.006050825119018555,
            0.11814737319946289,
            -0.02662515640258789
        ],
        [
            -5.43079137802124,
            -7.0617828369140625,
            -1.721498966217041,
            0.019344806671142578,
            0.16089892387390137,
            -0.011670351028442383,
            0.11013579368591309,
            -0.018873929977416992,
            0.05258655548095703,
            -0.028128385543823242
        ],
        [
            -5.457888603210449,
            -7.256837368011475,
            -1.7251346111297607,
            0.017277240753173828,
            0.3083176612854004,
            -0.012691974639892578,
            0.1871490478515625,
            -0.033478498458862305,
            0.10658550262451172,
            -0.034641265869140625
        ],
        [
            -5.459378719329834,
            -7.290928363800049,
            -1.7247240543365479,
            0.017383098602294922,
            0.33130335807800293,
            -0.013823270797729492,
            0.20051312446594238,
            -0.03634333610534668,
            0.11589312553405762,
            -0.03563833236694336
        ],
        [
            -5.443716049194336,
            -7.293017387390137,
            -1.723034381866455,
            0.0012917518615722656,
            0.308225154876709,
            -0.018154621124267578,
            0.20156407356262207,
            0.003756999969482422,
            0.13406658172607422,
            -0.03387641906738281
        ],
        [
            -5.470395088195801,
            -7.462224006652832,
            -1.7170257568359375,
            0.021771669387817383,
            0.4504725933074951,
            -0.015974760055541992,
            0.2655503749847412,
            -0.04079604148864746,
            0.16203522682189941,
            -0.041285037994384766
        ],
        [
            -5.462808132171631,
            -7.337548732757568,
            -1.7230777740478516,
            0.018915891647338867,
            0.36540961265563965,
            -0.013915300369262695,
            0.21724843978881836,
            -0.03770613670349121,
            0.12899041175842285,
            -0.036966562271118164
        ],
        [
            -5.4774885177612305,
            -7.681499481201172,
            -1.7118885517120361,
            0.014429807662963867,
            0.5799508094787598,
            -0.022454023361206055,
            0.34763646125793457,
            -0.035158634185791016,
            0.2202763557434082,
            -0.048691511154174805
        ],
        [
            -5.4502153396606445,
            -7.232424259185791,
            -1.7244653701782227,
            -0.0024924278259277344,
            0.28636932373046875,
            -0.017157793045043945,
            0.18621110916137695,
            0.003694772720336914,
            0.12605786323547363,
            -0.030915021896362305
        ],
        [
            -5.429293632507324,
            -7.077117919921875,
            -1.7206933498382568,
            0.01893019676208496,
            0.17838168144226074,
            -0.014502525329589844,
            0.12419319152832031,
            -0.022691965103149414,
            0.060598134994506836,
            -0.02991795539855957
        ],
        [
            -5.4532036781311035,
            -7.185922622680664,
            -1.7275879383087158,
            -0.0005190372467041016,
            0.25516343116760254,
            -0.010426998138427734,
            0.1579742431640625,
            0.0058972835540771484,
            0.11365318298339844,
            -0.023372888565063477
        ],
        [
            -5.444733142852783,
            -7.366065979003906,
            -1.7221670150756836,
            0.0034644603729248047,
            0.3491654396057129,
            -0.018825054168701172,
            0.22501707077026367,
            0.0011096000671386719,
            0.14770078659057617,
            -0.036276817321777344
        ],
        [
            -5.458588123321533,
            -7.255207538604736,
            -1.7247371673583984,
            0.015559911727905273,
            0.30852317810058594,
            -0.013738870620727539,
            0.18971991539001465,
            -0.03399538993835449,
            0.10706496238708496,
            -0.03482770919799805
        ],
        [
            -5.483128547668457,
            -7.712528705596924,
            -1.708920955657959,
            0.015618085861206055,
            0.6031405925750732,
            -0.022482872009277344,
            0.3591804504394531,
            -0.03817582130432129,
            0.22705745697021484,
            -0.0487363338470459
        ],
        [
            -5.449862003326416,
            -7.398792743682861,
            -1.7225582599639893,
            0.0005092620849609375,
            0.37224507331848145,
            -0.02007770538330078,
            0.23691725730895996,
            0.00012683868408203125,
            0.15671133995056152,
            -0.03742837905883789
        ],
        [
            -5.476912498474121,
            -7.691128253936768,
            -1.7200419902801514,
            0.007185935974121094,
            0.5912001132965088,
            -0.032819509506225586,
            0.3547959327697754,
            -0.03383326530456543,
            0.22819828987121582,
            -0.059076786041259766
        ],
        [
            -5.462652206420898,
            -7.30738639831543,
            -1.7239160537719727,
            0.017457962036132812,
            0.345672607421875,
            -0.01363992691040039,
            0.20625638961791992,
            -0.036507606506347656,
            0.12132716178894043,
            -0.035880088806152344
        ],
        [
            -5.474961280822754,
            -7.618346691131592,
            -1.722524642944336,
            -0.0009698867797851562,
            0.5464053153991699,
            -0.03146791458129883,
            0.33217787742614746,
