{
    "collision_depths": [],
    "collision": false,
    "joint_limit_violation": false,
    "self_collision": false,
    "physical_violations": false,
    "config_smoothness": -8.109414401622146,
    "eff_smoothness": -8.266390672923071,
    "eff_position_path_length": 22.091829444672726,
    "eff_orientation_path_length": 920.7273657250911,
    "physical_success": true,
    "time": 0.5256688594818115,
    "num_steps": 51,
    "trajectory_w": [
        [
            -5.441834449768066,
            -6.987953186035156,
            2.608064889907837,
            0.0,
            0.0,
            0.0,
            0.0,
            0.0,
            0.0,
            0.0
        ],
        [
            -6.226181983947754,
            -6.719123840332031,
            2.5934858322143555,
            0.027906417846679688,
            0.5632352828979492,
            -0.0070192813873291016,
            0.30057716369628906,
            -0.0073604583740234375,
            0.1747286319732666,
            -0.006538867950439453
        ],
        [
            -5.692168712615967,
            -6.91862678527832,
            2.597508430480957,
            0.008270502090454102,
            0.18779850006103516,
            -0.015501260757446289,
            0.11338663101196289,
            0.0008661746978759766,
            0.059764862060546875,
            -0.010650634765625
        ],
        [
            -5.743370056152344,
            -6.857882499694824,
            2.635748863220215,
            0.00814366340637207,
            0.20768976211547852,
            0.010814189910888672,
            0.11853361129760742,
            0.003200054168701172,
            0.06278085708618164,
            -0.012285947799682617
        ],
        [
            -5.902083396911621,
            -6.8168559074401855,
            2.624511480331421,
            0.02950000762939453,
            0.32346224784851074,
            0.012239933013916016,
            0.17239618301391602,
            -0.014926671981811523,
            0.09483861923217773,
            -0.0006818771362304688
        ],
        [
            -5.808417320251465,
            -6.827768325805664,
            2.6318583488464355,
            0.006873369216918945,
            0.25554728507995605,
            0.009495735168457031,
            0.15221881866455078,
            -0.001241922378540039,
            0.07791852951049805,
            -0.010359525680541992
        ],
        [
            -5.788159370422363,
            -6.8588666915893555,
            2.6286544799804688,
            0.025229454040527344,
            0.2306232452392578,
            0.011971473693847656,
            0.12235832214355469,
            -0.005594015121459961,
            0.06682372093200684,
            -0.006761789321899414
        ],
        [
            -5.726637363433838,
            -6.91054105758667,
            2.5969698429107666,
            0.01257777214050293,
            0.20880460739135742,
            -0.016566753387451172,
            0.1212303638458252,
            0.0005598068237304688,
            0.06597661972045898,
            -0.011814117431640625
        ],
        [
            -6.352997779846191,
            -6.655379295349121,
            2.605360507965088,
            0.03402352333068848,
            0.6653444766998291,
            0.0019550323486328125,
            0.3502163887023926,
            -0.007185697555541992,
            0.20503616333007812,
            -0.0039043426513671875
        ],
        [
            -6.078178405761719,
            -6.773454666137695,
            2.5943377017974854,
            0.014736413955688477,
            0.4545121192932129,
            -0.010448932647705078,
            0.25165891647338867,
            0.0036661624908447266,
            0.1443936824798584,
            -0.01582026481628418
        ],
        [
            -5.5127034187316895,
            -6.9787116050720215,
            2.6011111736297607,
            -0.0014202594757080078,
            0.04702353477478027,
            -0.0037734508514404297,
            0.030108928680419922,
            0.0005030632019042969,
            0.017499685287475586,
            0.0015118122100830078
        ],
        [
            -5.953232765197754,
            -6.832279682159424,
            2.601864814758301,
            0.038668155670166016,
            0.351060152053833,
            -0.0035185813903808594,
            0.18428587913513184,
            -0.014504194259643555,
            0.10355925559997559,
            -0.0035309791564941406
        ],
        [
            -6.012247085571289,
            -6.766655921936035,
            2.624866485595703,
            0.024116039276123047,
            0.43184924125671387,
            0.008033275604248047,
            0.2229752540588379,
            -0.019103288650512695,
            0.1304922103881836,
            0.004430532455444336
        ],
        [
            -5.869116306304932,
            -6.8363142013549805,
            2.619140863418579,
            0.031057119369506836,
            0.29383254051208496,
            0.008167266845703125,
            0.1539292335510254,
            -0.014461994171142578,
            0.08550429344177246,
            -0.0021653175354003906
        ],
        [
            -5.746340274810791,
            -6.8699951171875,
            2.6139907836914062,
            -0.00774836540222168,
            0.2290356159210205,
            -0.008888721466064453,
            0.14415621757507324,
            0.009275436401367188,
            0.07426595687866211,
            -0.017261266708374023
        ],
        [
            -5.696286678314209,
            -6.872933864593506,
            2.635169744491577,
            -0.0009605884552001953,
            0.1798701286315918,
            0.004426002502441406,
            0.11012887954711914,
            0.004415035247802734,
            0.05400514602661133,
            -0.014805793762207031
        ],
        [
            -5.598643779754639,
            -6.902244567871094,
            2.6377029418945312,
            0.015278339385986328,
            0.1022803783416748,
            0.011658668518066406,
            0.05166435241699219,
            0.0045604705810546875,
            0.024425268173217773,
            -0.008290290832519531
        ],
        [
            -6.240570068359375,
            -6.697669506072998,
            2.622479200363159,
            0.03280949592590332,
            0.5909667015075684,
            0.011891365051269531,
            0.3105885982513428,
            -0.01262807846069336,
            0.1805872917175293,
            0.008117914199829102
        ],
        [
            -6.204060077667236,
            -6.727086067199707,
            2.5926897525787354,
            0.025108814239501953,
            0.5485086441040039,
            -0.00878286361694336,
            0.29181623458862305,
            -0.006993293762207031,
            0.17037487030029297,
            -0.006929636001586914
        ],
        [
            -5.980121612548828,
            -6.811681270599365,
            2.6052803993225098,
            0.03428196907043457,
            0.3821735382080078,
            0.0016803741455078125,
            0.19967055320739746,
            -0.022344112396240234,
            0.11253595352172852,
            -0.00035500526428222656
        ],
        [
            -5.906566143035889,
            -6.805663108825684,
            2.6339821815490723,
            0.026354074478149414,
            0.32666707038879395,
            0.016628026962280273,
            0.17863869667053223,
            -0.0065288543701171875,
            0.09732437133789062,
            -0.0021126270294189453
        ],
        [
            -5.555373191833496,
            -6.968611240386963,
            2.5985817909240723,
            0.002824544906616211,
            0.07870936393737793,
            -0.005014181137084961,
            0.05209183692932129,
