{
    "collision_depths": [],
    "collision": false,
    "joint_limit_violation": false,
    "self_collision": false,
    "physical_violations": false,
    "config_smoothness": -8.059677311246313,
    "eff_smoothness": -8.15244167082088,
    "eff_position_path_length": 22.89335478128583,
    "eff_orientation_path_length": 1024.9149551822507,
    "physical_success": true,
    "time": 0.30713915824890137,
    "num_steps": 51,
    "trajectory_w": [
        [
            -10.675108909606934,
            -9.360486030578613,
            2.9622254371643066,
            0.0,
            0.0,
            0.0,
            0.0,
            0.0,
            0.0,
            0.0
        ],
        [
            -11.748064041137695,
            -9.272436141967773,
            2.952294111251831,
            0.03551340103149414,
            0.5713486671447754,
            -0.13094425201416016,
            0.350705623626709,
            -0.16105008125305176,
            0.26607847213745117,
            -0.3017125129699707
        ],
        [
            -11.279935836791992,
            -9.308984756469727,
            2.962786912918091,
            0.026915550231933594,
            0.3183741569519043,
            -0.07940363883972168,
            0.20256948471069336,
            -0.09206843376159668,
            0.152099609375,
            -0.1832890510559082
        ],
        [
            -11.146828651428223,
            -9.332966804504395,
            2.96541428565979,
            0.020191192626953125,
            0.2522304058074951,
            -0.08072113990783691,
            0.17319345474243164,
            -0.07766509056091309,
            0.11772680282592773,
            -0.17119979858398438
        ],
        [
            -10.866196632385254,
            -9.32741641998291,
            2.9681670665740967,
            0.007788896560668945,
            0.09654426574707031,
            -0.012874364852905273,
            0.059931278228759766,
            -0.019797801971435547,
            0.046352386474609375,
            -0.05034899711608887
        ],
        [
            -11.05930233001709,
            -9.340495109558105,
            2.964761972427368,
            0.01120305061340332,
            0.20923709869384766,
            -0.07633090019226074,
            0.15007400512695312,
            -0.06508326530456543,
            0.09830355644226074,
            -0.15318751335144043
        ],
        [
            -11.204368591308594,
            -9.331514358520508,
            2.960404396057129,
            0.015974998474121094,
            0.28066253662109375,
            -0.09300708770751953,
            0.1909487247467041,
            -0.08524632453918457,
            0.13364362716674805,
            -0.189253568649292
        ],
        [
            -11.051447868347168,
            -9.341204643249512,
            2.964956045150757,
            0.010799646377563477,
            0.20555973052978516,
            -0.07541751861572266,
            0.14779973030090332,
            -0.06409358978271484,
            0.09646964073181152,
            -0.15120601654052734
        ],
        [
            -11.360260009765625,
            -9.323366165161133,
            2.955686092376709,
            0.021400928497314453,
            0.36096692085266113,
            -0.1113591194152832,
            0.23420143127441406,
            -0.10955667495727539,
            0.17153477668762207,
            -0.22722792625427246
        ],
        [
            -10.752975463867188,
            -9.35292911529541,
            2.96156907081604,
            -0.0002281665802001953,
            0.0420072078704834,
            -0.010701656341552734,
            0.027081966400146484,
            -0.01075291633605957,
            0.02113199234008789,
            -0.023495912551879883
        ],
        [
            -10.739367485046387,
            -9.352981567382812,
            2.9628958702087402,
            0.0006613731384277344,
            0.03217935562133789,
            -0.0060770511627197266,
            0.020819425582885742,
            -0.007492780685424805,
            0.01603555679321289,
            -0.017034530639648438
        ],
        [
            -11.331490516662598,
            -9.323644638061523,
            2.956721782684326,
            0.020136594772338867,
            0.3466148376464844,
            -0.1080324649810791,
            0.2259352207183838,
            -0.10531091690063477,
            0.16509652137756348,
            -0.2191314697265625
        ],
        [
            -11.738009452819824,
            -9.292548179626465,
            2.9483351707458496,
            0.03651142120361328,
            0.5668947696685791,
            -0.14491772651672363,
            0.3472707271575928,
            -0.16595458984375,
            0.26028919219970703,
            -0.3163130283355713
        ],
        [
            -11.396520614624023,
            -9.288435935974121,
            2.9616239070892334,
            0.026676177978515625,
            0.3785898685455322,
            -0.07285428047180176,
            0.2310924530029297,
            -0.09345889091491699,
            0.17992925643920898,
            -0.20371174812316895
        ],
        [
            -10.992176055908203,
            -9.320612907409668,
            2.956587314605713,
            -0.004627227783203125,
            0.17272448539733887,
            -0.04223203659057617,
            0.11271190643310547,
            -0.04053139686584473,
            0.09266448020935059,
            -0.0923006534576416
        ],
        [
            -11.185445785522461,
            -9.298116683959961,
            2.9632222652435303,
            0.018926143646240234,
            0.26607251167297363,
            -0.047925472259521484,
            0.15912127494812012,
            -0.06241154670715332,
            0.13069772720336914,
            -0.14212322235107422
        ],
        [
            -11.439546585083008,
            -9.323685646057129,
            2.9528534412384033,
            0.025586366653442383,
            0.401456356048584,
            -0.11964869499206543,
            0.25742411613464355,
            -0.12118840217590332,
            0.189910888671875,
            -0.24737310409545898
        ],
        [
            -11.409346580505371,
            -9.323975563049316,
            2.9538042545318604,
            0.023893117904663086,
            0.3860170841217041,
            -0.11674237251281738,
            0.24888062477111816,
            -0.11684012413024902,
            0.1827399730682373,
            -0.24040555953979492
        ],
        [
            -11.301504135131836,
            -9.292219161987305,
            2.9632859230041504,
            0.02417922019958496,
            0.32904529571533203,
            -0.06109166145324707,
            0.19911646842956543,
            -0.07995891571044922,
            0.15726852416992188,
            -0.1775529384613037
        ],
        [
            -10.92904281616211,
            -9.315852165222168,
            2.958904504776001,
            0.0020220279693603516,
            0.13379478454589844,
            -0.016460418701171875,
            0.07823443412780762,
            -0.026092052459716797,
            0.07104277610778809,
            -0.05942893028259277
        ],
        [
            -10.748479843139648,
            -9.346575736999512,
            2.96553111076355,
            0.005912303924560547,
            0.03830671310424805,
            -0.006902933120727539,
            0.023266077041625977,
            -0.00809025764465332,
            0.016898632049560547,
            -0.020382165908813477
        ],
        [
            -11.237088203430176,
            -9.329137802124023,
            2.959388017654419,
            0.016709327697753906,
            0.2971689701080322,
            -0.09699869155883789,
            0.2000291347503662,
            -0.08982729911804199,
            0.14168119430541992,
