{
    "collision_depths": [],
    "collision": false,
    "joint_limit_violation": false,
    "self_collision": false,
    "physical_violations": false,
    "config_smoothness": -4.8108911072017895,
    "eff_smoothness": -4.914444974724053,
    "eff_position_path_length": 29.37435216544111,
    "eff_orientation_path_length": 1059.3252467640002,
    "physical_success": true,
    "time": 0.801072359085083,
    "num_steps": 51,
    "trajectory_w": [
        [
            -5.597058296203613,
            -5.970441818237305,
            -1.5702595710754395,
            0.0,
            0.0,
            0.0,
            0.0,
            0.0,
            0.0,
            0.0
        ],
        [
            -5.5618133544921875,
            -6.234227657318115,
            -1.5853161811828613,
            0.012690067291259766,
            0.11239242553710938,
            0.08898687362670898,
            0.011888504028320312,
            0.12775182723999023,
            -0.042346954345703125,
            0.012057304382324219
        ],
        [
            -5.620712757110596,
            -6.347321033477783,
            -1.5511043071746826,
            0.0046231746673583984,
            0.1393437385559082,
            0.14815115928649902,
            0.02336597442626953,
            0.1450672149658203,
            -0.06577396392822266,
            0.015058517456054688
        ],
        [
            -5.593439102172852,
            -6.723566055297852,
            -1.5759162902832031,
            0.0065691471099853516,
            0.31949281692504883,
            0.28915977478027344,
            0.05464935302734375,
            0.2969081401824951,
            -0.12142574787139893,
            0.039665937423706055
        ],
        [
            -5.575077533721924,
            -7.171200752258301,
            -1.5952210426330566,
            0.0015575885772705078,
            0.5476222038269043,
            0.42522120475769043,
            0.08054542541503906,
            0.46666622161865234,
            -0.17907285690307617,
            0.06911969184875488
        ],
        [
            -5.570361614227295,
            -7.389066696166992,
            -1.5982306003570557,
            2.956390380859375e-05,
            0.6510636806488037,
            0.4920191764831543,
            0.0971670150756836,
            0.5434908866882324,
            -0.209763765335083,
            0.08285021781921387
        ],
        [
            -5.5747528076171875,
            -7.178605556488037,
            -1.595398187637329,
            0.0013589859008789062,
            0.551281213760376,
            0.4274473190307617,
            0.08041238784790039,
            0.46918797492980957,
            -0.1799076795578003,
            0.06920075416564941
        ],
        [
            -5.5773420333862305,
            -7.0307512283325195,
            -1.591329574584961,
            0.003966093063354492,
            0.4788241386413574,
            0.3828914165496826,
            0.07148981094360352,
            0.4180312156677246,
            -0.16091716289520264,
            0.0599825382232666
        ],
        [
            -5.570058822631836,
            -7.389776706695557,
            -1.5983738899230957,
            8.916854858398438e-05,
            0.6514453887939453,
            0.492124080657959,
            0.09744882583618164,
            0.5439670085906982,
            -0.2100520133972168,
            0.08304023742675781
        ],
        [
            -5.612807750701904,
            -6.527218341827393,
            -1.5623047351837158,
            -0.0005230903625488281,
            0.21886801719665527,
            0.21732091903686523,
            0.031658172607421875,
            0.2131350040435791,
            -0.09451782703399658,
            0.02285456657409668
        ],
        [
            -5.5457072257995605,
            -6.523725509643555,
            -1.5909888744354248,
            0.013004302978515625,
            0.2530694007873535,
            0.20464491844177246,
            0.03903317451477051,
            0.257138729095459,
            -0.09085774421691895,
            0.025203943252563477
        ],
        [
            -5.607856273651123,
            -6.614740371704102,
            -1.5664496421813965,
            -0.0010006427764892578,
            0.2621591091156006,
            0.24779510498046875,
            0.03719973564147949,
            0.249070405960083,
            -0.10753583908081055,
            0.027553558349609375
        ],
        [
            -5.537931442260742,
            -6.414863586425781,
            -1.593721628189087,
            0.009776830673217773,
            0.19860434532165527,
            0.1648082733154297,
            0.02903580665588379,
            0.210371732711792,
            -0.07279372215270996,
            0.0190432071685791
        ],
        [
            -5.575549602508545,
            -6.787501335144043,
            -1.5800163745880127,
            0.01401066780090332,
            0.36232995986938477,
            0.30433106422424316,
            0.05821657180786133,
            0.3389561176300049,
            -0.12867891788482666,
            0.04540753364562988
        ],
        [
            -5.5753068923950195,
            -7.1698899269104,
            -1.5952012538909912,
            0.0015642642974853516,
            0.5467820167541504,
            0.42471981048583984,
            0.08071303367614746,
            0.46619725227355957,
            -0.1788238286972046,
            0.06926369667053223
        ],
        [
            -5.57344913482666,
            -6.780345916748047,
            -1.5940122604370117,
            -0.003894805908203125,
            0.36382532119750977,
            0.2960164546966553,
            0.04009556770324707,
            0.3289487361907959,
            -0.12881779670715332,
            0.03538012504577637
        ],
        [
            -5.579275131225586,
            -6.801985740661621,
            -1.5947773456573486,
            0.003375530242919922,
            0.36997270584106445,
            0.3070864677429199,
            0.053914546966552734,
            0.335568904876709,
            -0.1318814754486084,
            0.04301166534423828
        ],
        [
            -5.576382637023926,
            -7.07548189163208,
            -1.5921380519866943,
            0.0025293827056884766,
            0.5010108947753906,
            0.39661502838134766,
            0.07331418991088867,
            0.43302178382873535,
            -0.1666501760482788,
            0.06248879432678223
        ],
        [
            -5.573897361755371,
            -6.736273765563965,
            -1.5933375358581543,
            -0.005319356918334961,
            0.3404402732849121,
            0.28181886672973633,
            0.03600621223449707,
            0.3102712631225586,
            -0.12267398834228516,
            0.03194546699523926
        ],
        [
            -5.618725299835205,
            -6.296607494354248,
            -1.5512504577636719,
            0.003847360610961914,
            0.11781167984008789,
            0.1290910243988037,
            0.02242279052734375,
            0.12447333335876465,
            -0.05699038505554199,
            0.013994932174682617
        ],
        [
            -5.571329593658447,
            -6.815342426300049,
            -1.5921928882598877,
            -0.00040435791015625,
            0.3825647830963135,
            0.3064408302307129,
            0.04243350028991699,
            0.34577155113220215,
            -0.1330636739730835,
            0.03844881057739258
        ],
        [
            -5.570977687835693,
            -6.817060470581055,
            -1.5873463153839111,
            0.012827873229980469,
            0.380202054977417,
            0.3115074634552002,
            0.057921409606933594,
            0.3521134853363037,
            -0.13230037689208984,
            0.046341896057128906
