{
    "collision_depths": [],
    "collision": false,
    "joint_limit_violation": false,
    "self_collision": false,
    "physical_violations": false,
    "config_smoothness": -4.476868965619008,
    "eff_smoothness": -4.507882327728286,
    "eff_position_path_length": 36.44932375486794,
    "eff_orientation_path_length": 1159.7732414632005,
    "physical_success": true,
    "time": 0.3714599609375,
    "num_steps": 51,
    "trajectory_w": [
        [
            -6.854631423950195,
            -6.160376071929932,
            -1.215753197669983,
            0.0,
            0.0,
            0.0,
            0.0,
            0.0,
            0.0,
            0.0
        ],
        [
            -6.546746253967285,
            -6.734066009521484,
            -1.2048512697219849,
            0.03863215446472168,
            0.297335147857666,
            -0.0271914005279541,
            0.12270879745483398,
            -0.04284548759460449,
            0.05937504768371582,
            -0.06526732444763184
        ],
        [
            -6.334173679351807,
            -7.216872692108154,
            -1.2108558416366577,
            0.046746015548706055,
            0.5588841438293457,
            -0.059200286865234375,
            0.25591468811035156,
            -0.08951425552368164,
            0.1181640625,
            -0.09523916244506836
        ],
        [
            -6.551199913024902,
            -6.7257490158081055,
            -1.2045210599899292,
            0.03977346420288086,
            0.2927560806274414,
            -0.026644229888916016,
            0.1213991641998291,
            -0.0433039665222168,
            0.05861401557922363,
            -0.06328845024108887
        ],
        [
            -6.3738579750061035,
            -7.099304676055908,
            -1.2284258604049683,
            0.021054506301879883,
            0.49564313888549805,
            -0.06305837631225586,
            0.23694944381713867,
            -0.08480381965637207,
            0.1011810302734375,
            -0.14366602897644043
        ],
        [
            -6.623907566070557,
            -6.597813606262207,
            -1.2132567167282104,
            0.00673365592956543,
            0.23047900199890137,
            -0.03936147689819336,
            0.12668776512145996,
            -0.04196023941040039,
            0.04574275016784668,
            -0.08044672012329102
        ],
        [
            -6.450893878936768,
            -6.946954250335693,
            -1.201762318611145,
            0.045372724533081055,
            0.4099581241607666,
            -0.03966021537780762,
            0.1814255714416504,
            -0.06143593788146973,
            0.08504724502563477,
            -0.07689118385314941
        ],
        [
            -6.3355512619018555,
            -7.214026927947998,
            -1.210701584815979,
            0.04684925079345703,
            0.557262659072876,
            -0.05890512466430664,
            0.25516438484191895,
            -0.08942723274230957,
            0.11788558959960938,
            -0.09511971473693848
        ],
        [
            -6.540134906768799,
            -6.791384696960449,
            -1.22173273563385,
            0.00558161735534668,
            0.3296189308166504,
            -0.0520930290222168,
            0.1682746410369873,
            -0.054242610931396484,
            0.06706047058105469,
            -0.1039581298828125
        ],
        [
            -6.686993598937988,
            -6.42782735824585,
            -1.2001291513442993,
            0.017935514450073242,
            0.13717889785766602,
            -0.020157575607299805,
            0.07698965072631836,
            -0.02513265609741211,
            0.023128986358642578,
            -0.05641818046569824
        ],
        [
            -6.474357604980469,
            -6.9118146896362305,
            -1.225528597831726,
            0.010783672332763672,
            0.39316678047180176,
            -0.05704355239868164,
            0.1947948932647705,
            -0.0653376579284668,
            0.07984232902526855,
            -0.12091183662414551
        ],
        [
            -6.588077068328857,
            -6.712254047393799,
            -1.2167962789535522,
            0.0044269561767578125,
            0.28722476959228516,
            -0.047029733657836914,
            0.15273714065551758,
            -0.04906654357910156,
            0.058551788330078125,
            -0.08734893798828125
        ],
        [
            -6.517506122589111,
            -6.8432440757751465,
            -1.223523497581482,
            0.006666898727416992,
            0.3572578430175781,
            -0.05450701713562012,
            0.17993760108947754,
            -0.059752464294433594,
            0.07294297218322754,
            -0.10845565795898438
        ],
        [
            -6.7720794677734375,
            -6.3109564781188965,
            -1.2083476781845093,
            0.010781288146972656,
            0.08012580871582031,
            -0.009701013565063477,
            0.035990238189697266,
            -0.012719154357910156,
            0.01407170295715332,
            -0.02415013313293457
        ],
        [
            -6.813974380493164,
            -6.246002197265625,
            -1.2119168043136597,
            0.00570368766784668,
            0.04310965538024902,
            -0.0029401779174804688,
            0.01967310905456543,
            -0.006021022796630859,
            0.006550312042236328,
            -0.010442495346069336
        ],
        [
            -6.556434154510498,
            -6.720270156860352,
            -1.2046838998794556,
            0.037836551666259766,
            0.28990626335144043,
            -0.026252031326293945,
            0.1189887523651123,
            -0.0416264533996582,
            0.05797624588012695,
            -0.0627145767211914
        ],
        [
            -6.528695583343506,
            -6.766307830810547,
            -1.2040823698043823,
            0.04152417182922363,
            0.3141953945159912,
            -0.02886652946472168,
            0.13197565078735352,
            -0.046819448471069336,
            0.06310701370239258,
            -0.06802535057067871
        ],
        [
            -6.478872776031494,
            -6.871869087219238,
            -1.2022751569747925,
            0.04525613784790039,
            0.36956048011779785,
            -0.0347294807434082,
            0.16051840782165527,
            -0.05544638633728027,
            0.07536029815673828,
            -0.07466697692871094
        ],
        [
            -6.623893737792969,
            -6.596287250518799,
            -1.2121638059616089,
            0.008194208145141602,
            0.22905778884887695,
            -0.03903841972351074,
            0.1266772747039795,
            -0.04246163368225098,
            0.04543304443359375,
            -0.07982945442199707
        ],
        [
            -6.604227066040039,
            -6.66547155380249,
            -1.2157648801803589,
            0.0038623809814453125,
            0.2642245292663574,
            -0.04439687728881836,
            0.1420738697052002,
            -0.04538679122924805,
            0.05338001251220703,
            -0.08480215072631836
        ],
        [
            -6.748969554901123,
            -6.38214111328125,
            -1.2111769914627075,
            0.021101951599121094,
            0.1100318431854248,
            -0.008481979370117188,
            0.044432640075683594,
            -0.013381242752075195,
            0.019702672958374023,
            -0.023645877838134766
        ],
        [
            -6.332850456237793,
            -7.215123176574707,
            -1.2141464948654175,
            0.045304059982299805,
            0.5570411682128906,
            -0.06048274040222168,
            0.2552030086517334,
            -0.08856201171875,
