{
    "collision_depths": [],
    "collision": false,
    "joint_limit_violation": false,
    "self_collision": false,
    "physical_violations": false,
    "config_smoothness": -6.801584403293825,
    "eff_smoothness": -6.989554746923856,
    "eff_position_path_length": 20.15798785765428,
    "eff_orientation_path_length": 778.1693375919391,
    "physical_success": true,
    "time": 0.28487086296081543,
    "num_steps": 51,
    "trajectory_w": [
        [
            -10.135552406311035,
            -8.724167823791504,
            1.0458424091339111,
            0.0,
            0.0,
            0.0,
            0.0,
            0.0,
            0.0,
            0.0
        ],
        [
            -9.874934196472168,
            -8.110724449157715,
            1.0645647048950195,
            -0.015646696090698242,
            0.3313274383544922,
            0.10867118835449219,
            0.17657732963562012,
            0.1045682430267334,
            0.03983163833618164,
            0.08384203910827637
        ],
        [
            -9.977136611938477,
            -8.31208610534668,
            1.0234572887420654,
            0.009652137756347656,
            0.20382094383239746,
            0.10895943641662598,
            0.1002500057220459,
            0.05997061729431152,
            0.025196552276611328,
            0.06704211235046387
        ],
        [
            -9.872567176818848,
            -8.098495483398438,
            1.0229957103729248,
            0.009739875793457031,
            0.3399937152862549,
            0.14467740058898926,
            0.1701211929321289,
            0.0808553695678711,
            0.04369997978210449,
            0.10241866111755371
        ],
        [
            -9.880171775817871,
            -8.118803977966309,
            1.0640029907226562,
            -0.01491856575012207,
            0.3254430294036865,
            0.10654568672180176,
            0.173814058303833,
            0.10302138328552246,
            0.038435935974121094,
            0.08256268501281738
        ],
        [
            -9.717341423034668,
            -7.793759822845459,
            1.042510747909546,
            -0.0016334056854248047,
            0.5415687561035156,
            0.18421435356140137,
            0.27077150344848633,
            0.13097548484802246,
            0.07912278175354004,
            0.14376497268676758
        ],
        [
            -9.930610656738281,
            -8.245682716369629,
            1.0660784244537354,
            -0.0181427001953125,
            0.250823974609375,
            0.08320760726928711,
            0.13848614692687988,
            0.08364248275756836,
            0.021879911422729492,
            0.06230497360229492
        ],
        [
            -9.85268783569336,
            -8.059449195861816,
            1.024261713027954,
            0.008510351181030273,
            0.3661649227142334,
            0.1507270336151123,
            0.1836082935333252,
            0.08633255958557129,
            0.048305511474609375,
            0.10860776901245117
        ],
        [
            -9.819730758666992,
            -7.99445104598999,
            1.0278301239013672,
            0.008547067642211914,
            0.4067206382751465,
            0.16030216217041016,
            0.20483088493347168,
            0.09473800659179688,
            0.05480360984802246,
            0.11881160736083984
        ],
        [
            -9.935582160949707,
            -8.263896942138672,
            1.066575050354004,
            -0.01790308952331543,
            0.23918628692626953,
            0.0798482894897461,
            0.13293004035949707,
            0.07901835441589355,
            0.018439292907714844,
            0.0598294734954834
        ],
        [
            -9.726980209350586,
            -7.817237377166748,
            1.054431676864624,
            -0.0009987354278564453,
            0.524930477142334,
            0.17792820930480957,
            0.2655210494995117,
            0.13187551498413086,
            0.07621383666992188,
            0.13764023780822754
        ],
        [
            -10.035006523132324,
            -8.465694427490234,
            1.0312249660491943,
            0.004728555679321289,
            0.12429165840148926,
            0.07709670066833496,
            0.059602975845336914,
            0.05017971992492676,
            0.01773667335510254,
            0.04336977005004883
        ],
        [
            -9.924488067626953,
            -8.234598159790039,
            1.0664851665496826,
            -0.01796126365661621,
            0.2558720111846924,
            0.08491396903991699,
            0.1410510540008545,
            0.0843360424041748,
            0.022312164306640625,
            0.06377768516540527
        ],
        [
            -10.06997299194336,
            -8.56678581237793,
            1.0500330924987793,
            -0.004119873046875,
            0.06918525695800781,
            0.036511898040771484,
            0.03941035270690918,
            0.0261843204498291,
            -0.0009009838104248047,
            0.02384638786315918
        ],
        [
            -10.019604682922363,
            -8.408540725708008,
            1.0261046886444092,
            0.0056459903717041016,
            0.15293312072753906,
            0.09091758728027344,
            0.07520341873168945,
            0.05311155319213867,
            0.019644737243652344,
            0.05359649658203125
        ],
        [
            -10.01199722290039,
            -8.450404167175293,
            1.064342975616455,
            -0.010871648788452148,
            0.12716293334960938,
            0.047467947006225586,
            0.07615113258361816,
            0.041617393493652344,
            -0.005496501922607422,
            0.036756038665771484
        ],
        [
            -9.894899368286133,
            -8.18415641784668,
            1.0661463737487793,
            -0.016422748565673828,
            0.2839536666870117,
            0.09679651260375977,
            0.15595388412475586,
            0.08739614486694336,
            0.026796817779541016,
            0.07261157035827637
        ],
        [
            -9.905561447143555,
            -8.18138599395752,
            1.0650811195373535,
            -0.017186403274536133,
            0.28859663009643555,
            0.09473633766174316,
            0.15630865097045898,
            0.09392261505126953,
            0.030230998992919922,
            0.07253074645996094
        ],
        [
            -9.854347229003906,
            -8.072585105895996,
            1.0627071857452393,
            -0.01614832878112793,
            0.3582592010498047,
            0.11785626411437988,
            0.18971991539001465,
            0.10907626152038574,
            0.04549574851989746,
            0.0907583236694336
        ],
        [
            -9.86471176147461,
            -8.096982955932617,
            1.0652692317962646,
            -0.015221595764160156,
            0.33841896057128906,
            0.11189866065979004,
            0.18079280853271484,
            0.10472941398620605,
            0.04043841361999512,
            0.08626127243041992
        ],
        [
            -9.937166213989258,
            -8.219265937805176,
            1.021385669708252,
            0.011088371276855469,
            0.2616913318634033,
            0.12447237968444824,
            0.128889799118042,
            0.06827759742736816,
            0.03281903266906738,
            0.08267354965209961
        ],
        [
            -9.852184295654297,
            -8.061945915222168,
            1.0245788097381592,
            0.0078029632568359375,
            0.3649179935455322,
            0.15024662017822266,
            0.183241605758667,
            0.08570623397827148,
            0.04769158363342285,
            0.10836577415466309
        ],
        [
