{
    "collision_depths": [],
    "collision": false,
    "joint_limit_violation": false,
    "self_collision": false,
    "physical_violations": false,
    "config_smoothness": -6.843834808100912,
    "eff_smoothness": -6.940010436271791,
    "eff_position_path_length": 22.80235457205735,
    "eff_orientation_path_length": 887.3645494625056,
    "physical_success": true,
    "time": 0.3588242530822754,
    "num_steps": 51,
    "trajectory_w": [
        [
            -7.214149475097656,
            -8.67665958404541,
            1.564544916152954,
            0.0,
            0.0,
            0.0,
            0.0,
            0.0,
            0.0,
            0.0
        ],
        [
            -7.345675468444824,
            -7.812054634094238,
            1.5919783115386963,
            0.026836156845092773,
            0.4582529067993164,
            0.042113304138183594,
            0.32045578956604004,
            -0.0011844635009765625,
            0.16916227340698242,
            0.0014567375183105469
        ],
        [
            -7.310175895690918,
            -8.070233345031738,
            1.5947799682617188,
            0.013160228729248047,
            0.30222535133361816,
            0.011828899383544922,
            0.23062372207641602,
            0.025684118270874023,
            0.11953926086425781,
            -0.010243415832519531
        ],
        [
            -7.301202297210693,
            -8.273468971252441,
            1.5807929039001465,
            0.036376953125,
            0.20075273513793945,
            0.029505252838134766,
            0.1437239646911621,
            0.0012149810791015625,
            0.07186722755432129,
            0.0010755062103271484
        ],
        [
            -7.32687520980835,
            -8.123458862304688,
            1.5761876106262207,
            0.031551361083984375,
            0.2740650177001953,
            0.03401541709899902,
            0.20213079452514648,
            -0.004211902618408203,
            0.09906148910522461,
            0.0010693073272705078
        ],
        [
            -7.301779747009277,
            -8.223970413208008,
            1.5790109634399414,
            0.03637814521789551,
            0.23259472846984863,
            0.03357076644897461,
            0.1645193099975586,
            0.0010943412780761719,
            0.08420300483703613,
            0.0014107227325439453
        ],
        [
            -7.297445774078369,
            -8.16283893585205,
            1.5932552814483643,
            0.01884746551513672,
            0.25536680221557617,
            0.013880014419555664,
            0.1926555633544922,
            0.025796890258789062,
            0.10143280029296875,
            -0.009042501449584961
        ],
        [
            -7.329497814178467,
            -8.166244506835938,
            1.5811152458190918,
            0.012138843536376953,
            0.23631668090820312,
            0.013506174087524414,
            0.1908564567565918,
            0.002399921417236328,
            0.09021115303039551,
            -0.00522303581237793
        ],
        [
            -7.281103134155273,
            -8.188802719116211,
            1.591454029083252,
            0.008732795715332031,
            0.25323033332824707,
            0.009644746780395508,
            0.1922471523284912,
            0.024681568145751953,
            0.09985232353210449,
            -0.010250329971313477
        ],
        [
            -7.270589351654053,
            -8.319442749023438,
            1.5868942737579346,
            -0.0115203857421875,
            0.17601871490478516,
            0.0037004947662353516,
            0.15433955192565918,
            0.016589879989624023,
            0.06786823272705078,
            -0.010181427001953125
        ],
        [
            -7.2641777992248535,
            -8.519291877746582,
            1.5904526710510254,
            -0.0029878616333007812,
            0.060135602951049805,
            0.007446765899658203,
            0.06544661521911621,
            0.0015575885772705078,
            0.014458656311035156,
            -0.003630399703979492
        ],
        [
            -7.3058600425720215,
            -8.276769638061523,
            1.5714426040649414,
            0.03350973129272461,
            0.19249296188354492,
            0.020037174224853516,
            0.1443026065826416,
            0.01545858383178711,
            0.07688546180725098,
            -0.005118608474731445
        ],
        [
            -7.357024669647217,
            -7.921616077423096,
            1.5766189098358154,
            0.03280234336853027,
            0.38392138481140137,
            0.0381772518157959,
            0.2748591899871826,
            -0.002522706985473633,
            0.14265227317810059,
            -0.0003142356872558594
        ],
        [
            -7.293779373168945,
            -8.206826210021973,
            1.5840158462524414,
            0.0353085994720459,
            0.2454698085784912,
            0.03539848327636719,
            0.17301511764526367,
            0.0019736289978027344,
            0.08806347846984863,
            0.00247955322265625
        ],
        [
            -7.235432147979736,
            -8.58846664428711,
            1.5627834796905518,
            -0.011385679244995117,
            0.04621171951293945,
            0.010343790054321289,
            0.0453035831451416,
            0.011789798736572266,
            0.021695613861083984,
            0.0005047321319580078
        ],
        [
            -7.316773891448975,
            -7.919893741607666,
            1.6021990776062012,
            0.024810314178466797,
            0.39734530448913574,
            0.029816865921020508,
            0.28362250328063965,
            0.01543569564819336,
            0.15063714981079102,
            -0.0028505325317382812
        ],
        [
            -7.296901226043701,
            -8.19168758392334,
            1.583191156387329,
            0.03580880165100098,
            0.25414466857910156,
            0.036000967025756836,
            0.17899417877197266,
            0.0014841556549072266,
            0.09138917922973633,
            0.002396106719970703
        ],
        [
            -7.264763355255127,
            -8.537084579467773,
            1.5893454551696777,
            -0.0036971569061279297,
            0.050710439682006836,
            0.006136655807495117,
            0.06059861183166504,
            0.002293109893798828,
            0.011253595352172852,
            -0.003488779067993164
        ],
        [
            -7.274463176727295,
            -8.251860618591309,
            1.588305950164795,
            0.02518439292907715,
            0.22400188446044922,
            0.032750606536865234,
            0.16160345077514648,
            0.0006239414215087891,
            0.07882547378540039,
            0.003187894821166992
        ],
        [
            -7.221401691436768,
            -8.56729507446289,
            1.5761818885803223,
            0.028400659561157227,
            0.04733395576477051,
            0.014535665512084961,
            0.025622844696044922,
            0.009966373443603516,
            0.011748313903808594,
            0.0038912296295166016
        ],
        [
            -7.3615031242370605,
            -7.75140380859375,
            1.5851709842681885,
            0.034616708755493164,
            0.48157358169555664,
            0.02879810333251953,
            0.33644604682922363,
            0.010163307189941406,
            0.1835334300994873,
            -0.0060350894927978516
        ],
        [
            -7.32567024230957,
            -8.094072341918945,
            1.5804517269134521,
            0.0364072322845459,
            0.29845643043518066,
            0.037714242935180664,
            0.2128303050994873,
            -0.004136562347412109,
