{
    "collision_depths": [],
    "collision": false,
    "joint_limit_violation": false,
    "self_collision": false,
    "physical_violations": false,
    "config_smoothness": -6.7895933056681725,
    "eff_smoothness": -6.889754941435624,
    "eff_position_path_length": 23.485090599755978,
    "eff_orientation_path_length": 928.358113602572,
    "physical_success": true,
    "time": 0.4680500030517578,
    "num_steps": 51,
    "trajectory_w": [
        [
            -11.47326374053955,
            -7.952311992645264,
            -2.2694101333618164,
            0.0,
            0.0,
            0.0,
            0.0,
            0.0,
            0.0,
            0.0
        ],
        [
            -11.901566505432129,
            -8.578571319580078,
            -2.264298915863037,
            0.01188039779663086,
            0.486727237701416,
            -0.0525059700012207,
            0.2746710777282715,
            -0.05720067024230957,
            0.12241888046264648,
            -0.06459784507751465
        ],
        [
            -11.509419441223145,
            -8.054442405700684,
            -2.2734146118164062,
            -0.005524158477783203,
            0.059413909912109375,
            -0.014657020568847656,
            0.04543423652648926,
            -0.004320859909057617,
            0.01158595085144043,
            -0.01366734504699707
        ],
        [
            -11.526662826538086,
            -8.023843765258789,
            -2.268463373184204,
            0.006735801696777344,
            0.04725313186645508,
            -2.1457672119140625e-06,
            0.025422096252441406,
            0.002590179443359375,
            0.0072460174560546875,
            -0.007351398468017578
        ],
        [
            -11.709789276123047,
            -8.351054191589355,
            -2.2858810424804688,
            0.01845264434814453,
            0.2790257930755615,
            -0.04452848434448242,
            0.15816569328308105,
            -0.02486133575439453,
            0.06877803802490234,
            -0.050856590270996094
        ],
        [
            -11.676883697509766,
            -8.300591468811035,
            -2.2840006351470947,
            0.008107423782348633,
            0.250551700592041,
            -0.062407493591308594,
            0.15223050117492676,
            -0.016602039337158203,
            0.06244778633117676,
            -0.052812814712524414
        ],
        [
            -11.741585731506348,
            -8.34498119354248,
            -2.2601213455200195,
            0.013830184936523438,
            0.29962611198425293,
            -0.026149511337280273,
            0.1665632724761963,
            -0.02797532081604004,
            0.07157111167907715,
            -0.04562211036682129
        ],
        [
            -11.56399917602539,
            -8.039277076721191,
            -2.2638254165649414,
            0.016588449478149414,
            0.06732487678527832,
            0.005288124084472656,
            0.029412269592285156,
            0.0038900375366210938,
            0.011250734329223633,
            -0.011063575744628906
        ],
        [
            -11.832596778869629,
            -8.47668743133545,
            -2.2624711990356445,
            0.01227712631225586,
            0.40586113929748535,
            -0.0408635139465332,
            0.2287130355834961,
            -0.04392361640930176,
            0.10042119026184082,
            -0.05694174766540527
        ],
        [
            -11.692845344543457,
            -8.330537796020508,
            -2.2892956733703613,
            0.007332563400268555,
            0.26925206184387207,
            -0.0661320686340332,
            0.1624457836151123,
            -0.018743515014648438,
            0.06841802597045898,
            -0.056244611740112305
        ],
        [
            -11.633034706115723,
            -8.146164894104004,
            -2.260242223739624,
            0.004647254943847656,
            0.15775537490844727,
            -0.009908676147460938,
            0.08329081535339355,
            -0.005824565887451172,
            0.03527545928955078,
            -0.028514862060546875
        ],
        [
            -11.88105583190918,
            -8.54880142211914,
            -2.263507604598999,
            0.011590719223022461,
            0.46312880516052246,
            -0.049196481704711914,
            0.2617068290710449,
            -0.05308175086975098,
            0.11615586280822754,
            -0.06256461143493652
        ],
        [
            -11.645506858825684,
            -8.257938385009766,
            -2.2855892181396484,
            0.005568504333496094,
            0.2193164825439453,
            -0.05790901184082031,
            0.13679075241088867,
            -0.015519142150878906,
            0.053461551666259766,
            -0.04821419715881348
        ],
        [
            -11.704366683959961,
            -8.350765228271484,
            -2.293461322784424,
            0.0075473785400390625,
            0.28309035301208496,
            -0.0680551528930664,
            0.16916418075561523,
            -0.021050691604614258,
            0.07251429557800293,
            -0.05796647071838379
        ],
        [
            -11.673467636108398,
            -8.284584999084473,
            -2.287123680114746,
            0.0005841255187988281,
            0.2452690601348877,
            -0.062386512756347656,
            0.15102863311767578,
            -0.017719030380249023,
            0.06098580360412598,
            -0.05214357376098633
        ],
        [
            -11.76287841796875,
            -8.368060111999512,
            -2.260526180267334,
            0.009927511215209961,
            0.3224771022796631,
            -0.03121352195739746,
            0.18064022064208984,
            -0.030905961990356445,
            0.07807374000549316,
            -0.0488431453704834
        ],
        [
            -11.921161651611328,
            -8.60784912109375,
            -2.265458345413208,
            0.012073755264282227,
            0.5098562240600586,
            -0.055403947830200195,
            0.28751158714294434,
            -0.06136584281921387,
            0.12851285934448242,
            -0.06667733192443848
        ],
        [
            -11.552169799804688,
            -8.029143333435059,
            -2.2652084827423096,
            0.018934249877929688,
            0.05751395225524902,
            0.005765438079833984,
            0.023335933685302734,
            0.004132986068725586,
            0.008340120315551758,
            -0.007804393768310547
        ],
        [
            -11.886920928955078,
            -8.557816505432129,
            -2.263737916946411,
            0.0118408203125,
            0.46991896629333496,
            -0.05011129379272461,
            0.26557469367980957,
            -0.05420541763305664,
            0.11799931526184082,
            -0.06320405006408691
        ],
        [
            -11.722996711730957,
            -8.383543968200684,
            -2.2959377765655518,
            0.010307073593139648,
            0.30487823486328125,
            -0.0697178840637207,
            0.1795663833618164,
            -0.024117231369018555,
            0.07849812507629395,
            -0.06011819839477539
        ],
        [
            -11.702933311462402,
            -8.277785301208496,
            -2.261981725692749,
            -0.0013506412506103516,
            0.26186037063598633,
            -0.03318142890930176,
            0.14980387687683105,
            -0.025196552276611328,
            0.06185650825500488,
            -0.04204988479614258
        ],
        [
            -11.533501625061035,
            -8.091493606567383,
            -2.279975652694702,
            -0.005604267120361328,
            0.0945289134979248,
            -0.02411627769470215,
            0.06664562225341797,
