{
    "collision_depths": [
        0.09169518720198923,
        0.10169518714187444,
        0.1631932992837365,
        0.16318262897091226,
        0.2294906488337466,
        0.04360655909072539,
        0.04854955633191111,
        0.06530813266195037,
        0.097462440284363,
        0.07510898307888653,
        0.06645007351580672,
        0.10978480235711217,
        0.0997847707739011,
        0.021456135107769364,
        0.009659266808358949,
        0.004605144662008099,
        0.013716028818745543,
        0.004603729450202445,
        0.011151638292562029,
        0.021458766590890698,
        0.009763337515253958,
        0.002642331259850767,
        0.0019140820244921385,
        0.013313919092360474,
        0.010897103947582212,
        0.03238291122506782,
        0.013313811714839904,
        0.01955287940171278,
        0.03925807838247242,
        0.035383755209627096,
        0.009348974507596633,
        0.030845928146700334,
        0.010718567803920633,
        0.00031086702388200574,
        0.02045627476322509,
        0.004690803557573498,
        0.0026422433921861536,
        0.07825191141123819,
        0.08071746364431197,
        0.04831607491472758,
        0.165555809929292,
        0.17706131136271105,
        0.03877152926421833,
        0.01907356984009577
    ],
    "collision": true,
    "joint_limit_violation": true,
    "self_collision": true,
    "physical_violations": true,
    "config_smoothness": -4.465013244005365,
    "eff_smoothness": -4.100845719664785,
    "eff_position_path_length": 147.9294268784829,
    "eff_orientation_path_length": 6361.618617752915,
    "physical_success": false,
    "time": 18.510367393493652,
    "num_steps": 51,
    "trajectory_w": [
        [
            -9.474478721618652,
            -9.336901664733887,
            0.17461851239204407,
            0.0,
            0.0,
            0.0,
            0.0,
            0.0,
            0.0,
            0.0
        ],
        [
            -11.46556282043457,
            -12.157059669494629,
            1.3313612937927246,
            0.2301008701324463,
            -1.0657122135162354,
            -1.7701061964035034,
            -0.5662815570831299,
            0.2220144271850586,
            -0.6248034238815308,
            -0.3047065734863281
        ],
        [
            -11.821718215942383,
            -15.109984397888184,
            2.3259668350219727,
            0.40297937393188477,
            -2.1801860332489014,
            -3.3066694736480713,
            -1.0459328889846802,
            0.34056687355041504,
            -1.160278081893921,
            -0.4519805908203125
        ],
        [
            -12.77322769165039,
            -16.48678970336914,
            3.0701966285705566,
            0.465132474899292,
            -3.2909460067749023,
            -4.458354473114014,
            -1.3748399019241333,
            0.2799978256225586,
            -1.5799157619476318,
            -0.3888232707977295
        ],
        [
            -12.481060981750488,
            -18.2230167388916,
            3.5837135314941406,
            0.3989121913909912,
            -4.31882381439209,
            -5.233064651489258,
            -1.5537294149398804,
            0.04376721382141113,
            -1.9052625894546509,
            -0.17129921913146973
        ],
        [
            -11.298920631408691,
            -14.315030097961426,
            0.8965790271759033,
            -1.9194021224975586,
            -2.189969539642334,
            0.47330689430236816,
            0.7832393646240234,
            -2.392350673675537,
            -0.7394152879714966,
            1.6686208248138428
        ],
        [
            -9.153507232666016,
            -11.060111045837402,
            0.9131014347076416,
            -2.029172897338867,
            -1.166987419128418,
            3.4778730869293213,
            2.0648152828216553,
            -1.295398473739624,
            0.23417258262634277,
            2.9115841388702393
        ],
        [
            -8.07408618927002,
            -10.96704387664795,
            3.2424521446228027,
            1.3666651248931885,
            0.38103508949279785,
            1.1540634632110596,
            -0.9899177551269531,
            2.965831995010376,
            -0.7032780647277832,
            0.38155293464660645
        ],
        [
            -7.646610736846924,
            -12.82084846496582,
            4.7931365966796875,
            4.634895324707031,
            2.4436137676239014,
            0.8113422393798828,
            -3.1261727809906006,
            4.639838218688965,
            0.006983280181884766,
            -2.3510260581970215
        ],
        [
            -7.183917999267578,
            -13.453821182250977,
            2.8316664695739746,
            3.898191213607788,
            4.009829521179199,
            3.2208855152130127,
            -3.334836006164551,
            4.4821319580078125,
            0.4612843990325928,
            -3.7019686698913574
        ],
        [
            -6.249481678009033,
            -10.984848022460938,
            0.7177255153656006,
            -0.2668759822845459,
            1.6331167221069336,
            3.701244592666626,
            -2.1094937324523926,
            2.896519899368286,
            -1.681657075881958,
            -2.3948397636413574
        ],
        [
            -5.26734733581543,
            -5.9541096687316895,
            0.9137365818023682,
            -2.0684356689453125,
            0.12399005889892578,
            3.5779850482940674,
            1.6210520267486572,
            -0.42426490783691406,
            -2.146458864212036,
            0.7345201969146729
        ],
        [
            -5.308912754058838,
            -3.0487751960754395,
            0.7137730121612549,
            0.7727575302124023,
            3.6546099185943604,
            2.0498178005218506,
            2.4932944774627686,
            -2.516068458557129,
            1.3906631469726562,
            1.460329294204712
        ],
        [
            -6.755131721496582,
            -3.3983592987060547,
            1.1752557754516602,
            1.9435007572174072,
            3.020686388015747,
            -0.3290896415710449,
            2.8275411128997803,
            -3.434415340423584,
            1.5763332843780518,
            0.189345121383667
        ],
        [
            -8.731125831604004,
            -7.6355881690979,
            2.5025930404663086,
            -0.2375049591064453,
            -1.2223997116088867,
            0.43720579147338867,
            3.8168141841888428,
            -4.157455921173096,
            -0.4074819087982178,
            0.1809861660003662
        ],
        [
            -9.838088989257812,
            -11.637734413146973,
            3.576622486114502,
            -2.4566855430603027,
            -3.6758382320404053,
            2.231862783432007,
            4.427670478820801,
            -4.347221374511719,
            -0.23038578033447266,
            0.6172032356262207
        ],
        [
            -9.367132186889648,
            -11.99923038482666,
            1.930121898651123,
            -5.100740432739258,
            -0.9385648965835571,
            1.687809705734253,
            3.43479323387146,
            -3.7034809589385986,
            -0.5662946701049805,
            -0.23503637313842773
        ],
        [
            -7.344830513000488,
            -8.663037300109863,
            -0.32003161311149597,
            -6.171207904815674,
            1.6233439445495605,
            0.9995129108428955,
            1.7849409580230713,
            -3.6376092433929443,
            -1.9631304740905762,
            1.909362554550171
        ],
        [
            -4.73567533493042,
            -4.702791690826416,
            0.3263392746448517,
            -2.7014524936676025,
            2.939401388168335,
