{
    "collision_depths": [
        0.014400534811817056,
        0.010351323748348882,
        0.015240932854188916,
        0.015044352998225355,
        0.000674071921195203,
        0.09069875666544351,
        0.019633558937903497,
        0.018728965629568772,
        0.0995672934207314,
        0.07150033692365634,
        0.14184263362201627,
        0.06127331655215634,
        0.0612758054434211,
        0.08184962494932077,
        0.08185978251006534,
        0.042292760840254094,
        0.10565489841566864,
        0.07139817382231463,
        0.04025454676576729,
        0.07997292859755542,
        0.053913717231160084,
        0.09325572462469929,
        0.05887932983147191,
        0.02942346351130271,
        0.11361871462347442,
        0.1029989924182616,
        0.10300298002885463,
        0.05615006410390953,
        0.14470329647162414,
        0.3233044613329589,
        0.29917512442189365,
        0.015811510357502945,
        0.01718621530066991,
        0.024860621814980916,
        0.0002333346380772007,
        0.012719200292386783,
        0.012009675198229128,
        0.01029717859175547,
        0.004645650367192677,
        0.01701559883618463,
        0.019472541262666784,
        0.01973119702153231,
        0.01457117317536094,
        0.004118008780434023
    ],
    "collision": true,
    "joint_limit_violation": true,
    "self_collision": true,
    "physical_violations": true,
    "config_smoothness": -4.956387177952448,
    "eff_smoothness": -5.595416253198568,
    "eff_position_path_length": 127.86950007248736,
    "eff_orientation_path_length": 6304.149017059488,
    "physical_success": false,
    "time": 18.87070345878601,
    "num_steps": 51,
    "trajectory_w": [
        [
            -7.53201150894165,
            -7.169240951538086,
            -0.8655534386634827,
            0.0,
            0.0,
            0.0,
            0.0,
            0.0,
            0.0,
            0.0
        ],
        [
            -7.6986165046691895,
            -6.747867107391357,
            -1.3371999263763428,
            0.8413844108581543,
            0.8503963947296143,
            -2.958198308944702,
            0.9331743717193604,
            -0.2370738983154297,
            0.2706797122955322,
            0.5684683322906494
        ],
        [
            -6.5267229080200195,
            -6.959627628326416,
            -1.7639131546020508,
            1.7360327243804932,
            1.689629077911377,
            -5.711136817932129,
            1.8000991344451904,
            -0.393967866897583,
            0.7339339256286621,
            1.1171252727508545
        ],
        [
            -6.845231533050537,
            -7.4069437980651855,
            -2.1562416553497314,
            2.659701108932495,
            2.5044901371002197,
            -8.152548789978027,
            2.582598924636841,
            -0.4586062431335449,
            1.3864831924438477,
            1.5968658924102783
        ],
        [
            -5.87323522567749,
            -7.72036600112915,
            -2.561681032180786,
            3.530128240585327,
            3.263868570327759,
            -10.254817962646484,
            3.3026788234710693,
            -0.47597646713256836,
            2.070188283920288,
            1.9683372974395752
        ],
        [
            -8.59144115447998,
            -3.929903984069824,
            -3.922058343887329,
            1.3620102405548096,
            1.6400461196899414,
            -4.216980934143066,
            3.3110644817352295,
            -0.7015690803527832,
            0.019898176193237305,
            -0.17336821556091309
        ],
        [
            -11.007447242736816,
            -0.8003140687942505,
            -3.7139408588409424,
            -1.2642077207565308,
            -1.5991237163543701,
            3.462648630142212,
            2.202570676803589,
            -1.7070924043655396,
            -0.039266109466552734,
            -1.1403858661651611
        ],
        [
            -12.444604873657227,
            -0.05659165233373642,
            -0.02017766237258911,
            -0.8838155269622803,
            -0.718468427658081,
            5.3079328536987305,
            -1.9696588516235352,
            -1.3763182163238525,
            1.932481050491333,
            -1.2715389728546143
        ],
        [
            -12.990108489990234,
            -0.6658546328544617,
            3.718855381011963,
            0.47698426246643066,
            -2.810487747192383,
            4.044692039489746,
            -3.2971396446228027,
            0.17026734352111816,
            1.281121015548706,
            -1.581787347793579
        ],
        [
            -12.815869331359863,
            -0.9601046442985535,
            3.8716416358947754,
            2.730623483657837,
            -3.4656620025634766,
            2.989642858505249,
            -3.3305962085723877,
            2.334909677505493,
            1.806382417678833,
            -1.8006230592727661
        ],
        [
            -11.499846458435059,
            -0.45193958282470703,
            2.6402251720428467,
            3.569209337234497,
            -2.4720005989074707,
            3.0558860301971436,
            -0.41663527488708496,
            1.719801664352417,
            2.319190740585327,
            -2.8649697303771973
        ],
        [
            -8.623987197875977,
            -0.36633312702178955,
            1.6182777881622314,
            3.561598062515259,
            -2.4911956787109375,
            3.5302112102508545,
            1.6069724559783936,
            0.06186223030090332,
            0.2951841354370117,
            -3.7118144035339355
        ],
        [
            -4.788419246673584,
            -1.6020960807800293,
            1.157059907913208,
            3.3549420833587646,
            -3.7888426780700684,
            4.163644790649414,
            1.3781087398529053,
            -1.018218994140625,
            -1.0383353233337402,
            -2.698096752166748
        ],
        [
            -2.3318686485290527,
            -2.7117185592651367,
            -0.03450280427932739,
            2.71808123588562,
            -0.7507600784301758,
            3.3736164569854736,
            2.4977447986602783,
            -2.8194074630737305,
            -0.20016562938690186,
            -0.8924407958984375
        ],
        [
            -2.765575885772705,
            -2.68845796585083,
            -0.701775848865509,
            1.6256678104400635,
            0.2320561408996582,
            0.7746090888977051,
            3.431577444076538,
            -4.269283294677734,
            0.3584165573120117,
            -0.5920116901397705
        ],
        [
            -6.094452381134033,
            -1.9801689386367798,
            -0.18975621461868286,
            0.6050846576690674,
            -3.060460090637207,
            0.46211695671081543,
            1.9509413242340088,
            -4.920834064483643,
            -0.5666337013244629,
            -0.8928172588348389
        ],
        [
            -10.454950332641602,
            -2.3184010982513428,
            1.149566888809204,
            0.4015381336212158,
            -3.4860033988952637,
            2.688615560531616,
            1.6434462070465088,
            -4.737676620483398,
            0.8772120475769043,
            0.7628922462463379
        ],
        [
            -13.335945129394531,
            -3.7307426929473877,
            2.484922170639038,
            2.8625552654266357,
            -3.3907625675201416,
            3.484199285507202,
            1.998448133468628,
            -2.962170362472534,
            1.4567174911499023,
            2.0870654582977295
        ],
        [
            -14.400293350219727,
            -4.651169300079346,
            1.8403513431549072,
            4.4585466384887695,
            -3.1020002365112305,
