{
    "collision_depths": [],
    "collision": false,
    "joint_limit_violation": false,
    "self_collision": false,
    "physical_violations": false,
    "config_smoothness": -5.7239690730479404,
    "eff_smoothness": -5.706731899137713,
    "eff_position_path_length": 41.61282276041625,
    "eff_orientation_path_length": 1613.8246186477813,
    "physical_success": true,
    "time": 1.2401373386383057,
    "num_steps": 51,
    "trajectory_w": [
        [
            -3.5891942977905273,
            -5.035084247589111,
            0.17808234691619873,
            0.0,
            0.0,
            0.0,
            0.0,
            0.0,
            0.0,
            0.0
        ],
        [
            -2.503380537033081,
            -4.790225982666016,
            0.11238610744476318,
            -0.03136873245239258,
            0.9613237380981445,
            -0.17954182624816895,
            0.34422993659973145,
            -0.10070943832397461,
            0.026012182235717773,
            -0.10116267204284668
        ],
        [
            -3.3900160789489746,
            -4.972184658050537,
            0.1289600133895874,
            -0.029806137084960938,
            0.16982674598693848,
            -0.045308589935302734,
            0.06797480583190918,
            -0.028917789459228516,
            -0.003990888595581055,
            0.013288736343383789
        ],
        [
            -3.4128687381744385,
            -5.0221781730651855,
            0.14714181423187256,
            -0.027414560317993164,
            0.17734694480895996,
            -0.031084775924682617,
            0.030907392501831055,
            -0.02379584312438965,
            -0.004373788833618164,
            0.0015597343444824219
        ],
        [
            -3.421450614929199,
            -5.040445804595947,
            0.15465033054351807,
            -0.023942947387695312,
            0.18136978149414062,
            -0.033647775650024414,
            0.017487764358520508,
            -0.019034385681152344,
            -0.004445075988769531,
            -0.0022089481353759766
        ],
        [
            -2.8189690113067627,
            -4.887967586517334,
            0.12315213680267334,
            -0.03398537635803223,
            0.6645567417144775,
            -0.12336325645446777,
            0.21680760383605957,
            -0.05866694450378418,
            0.010479927062988281,
            -0.07492947578430176
        ],
        [
            -3.411586046218872,
            -5.0345540046691895,
            0.15733230113983154,
            -0.023295879364013672,
            0.19379425048828125,
            -0.037084341049194336,
            0.020964384078979492,
            -0.02092766761779785,
            -0.003545999526977539,
            -0.0016560554504394531
        ],
        [
            -3.0061864852905273,
            -4.855167865753174,
            0.127191424369812,
            -0.028859376907348633,
            0.5208802223205566,
            -0.10053801536560059,
            0.20403814315795898,
            -0.05750083923339844,
            -0.005722522735595703,
            -0.015213727951049805
        ],
        [
            -3.41788387298584,
            -5.016775608062744,
            0.14991486072540283,
            -0.02716851234436035,
            0.1779623031616211,
            -0.03359556198120117,
            0.03289985656738281,
            -0.025178194046020508,
            -0.0036416053771972656,
            0.004694461822509766
        ],
        [
            -3.078810214996338,
            -4.9521260261535645,
            0.13403666019439697,
            -0.043843746185302734,
            0.43695902824401855,
            -0.08627700805664062,
            0.12970328330993652,
            -0.03302192687988281,
            0.002359628677368164,
            -0.06397557258605957
        ],
        [
            -3.099147319793701,
            -4.959925651550293,
            0.1434098482131958,
            -0.025681734085083008,
            0.4335660934448242,
            -0.10378122329711914,
            0.10277223587036133,
            -0.026744842529296875,
            0.008571863174438477,
            -0.03613471984863281
        ],
        [
            -3.324850082397461,
            -4.929215908050537,
            0.122702956199646,
            -0.03603005409240723,
            0.23557186126708984,
            -0.04851579666137695,
            0.10681271553039551,
            -0.04970884323120117,
            -0.0054666996002197266,
            0.011023521423339844
        ],
        [
            -2.481610059738159,
            -4.786220073699951,
            0.11170876026153564,
            -0.031227588653564453,
            0.9796266555786133,
            -0.181901216506958,
            0.3511936664581299,
            -0.10347795486450195,
            0.02672266960144043,
            -0.10477185249328613
        ],
        [
            -3.3968522548675537,
            -4.980912208557129,
            0.13037168979644775,
            -0.029301166534423828,
            0.1645965576171875,
            -0.042285919189453125,
            0.061089515686035156,
            -0.027308225631713867,
            -0.004366159439086914,
            0.012712240219116211
        ],
        [
            -2.579787015914917,
            -4.80641508102417,
            0.11564838886260986,
            -0.0321049690246582,
            0.8937363624572754,
            -0.1687607765197754,
            0.3190321922302246,
            -0.08991146087646484,
            0.0222320556640625,
            -0.09040355682373047
        ],
        [
            -3.2698898315429688,
            -5.0326457023620605,
            0.14870798587799072,
            -0.02939915657043457,
            0.2878410816192627,
            -0.05568504333496094,
            0.054490089416503906,
            -0.02179551124572754,
            -0.001512289047241211,
            -0.02452993392944336
        ],
        [
            -2.6121556758880615,
            -4.81366491317749,
            0.11720407009124756,
            -0.0321354866027832,
            0.8652598857879639,
            -0.1638011932373047,
            0.3077685832977295,
            -0.08557486534118652,
            0.02044534683227539,
            -0.08618998527526855
        ],
        [
            -3.400956392288208,
            -4.977797985076904,
            0.13017308712005615,
            -0.029714584350585938,
            0.1593472957611084,
            -0.042810916900634766,
            0.06371188163757324,
            -0.028901338577270508,
            -0.004754304885864258,
            0.015360832214355469
        ],
        [
            -3.4023985862731934,
            -4.985158443450928,
            0.13276445865631104,
            -0.0292966365814209,
            0.1646556854248047,
            -0.04147148132324219,
            0.05784964561462402,
            -0.027318716049194336,
            -0.003968477249145508,
            0.012845993041992188
        ],
        [
            -3.4073967933654785,
            -4.969289779663086,
            0.13022005558013916,
            -0.030549049377441406,
            0.1562964916229248,
            -0.04348254203796387,
            0.0688169002532959,
            -0.032541751861572266,
            -0.0049364566802978516,
            0.017564773559570312
        ],
        [
            -3.0869343280792236,
            -4.89771842956543,
            0.1503545045852661,
            -0.009835481643676758,
            0.44701099395751953,
            -0.11926031112670898,
            0.12047767639160156,
            -0.024652957916259766,
            0.009596824645996094,
            -0.012618541717529297
        ],
        [
            -2.4908902645111084,
            -4.787242889404297,
            0.11184036731719971,
            -0.031317710876464844,
            0.9719464778900146,
            -0.18123698234558105,
