{
    "collision_depths": [],
    "collision": false,
    "joint_limit_violation": false,
    "self_collision": false,
    "physical_violations": false,
    "config_smoothness": -5.511633578184424,
    "eff_smoothness": -5.587592211814701,
    "eff_position_path_length": 31.766957229794375,
    "eff_orientation_path_length": 928.3451633954714,
    "physical_success": true,
    "time": 1.2859704494476318,
    "num_steps": 51,
    "trajectory_w": [
        [
            -4.4051666259765625,
            -5.590465545654297,
            -1.9179235696792603,
            0.0,
            0.0,
            0.0,
            0.0,
            0.0,
            0.0,
            0.0
        ],
        [
            -4.556835651397705,
            -6.2098774909973145,
            -1.9495121240615845,
            -0.05423927307128906,
            0.40552639961242676,
            -0.17444491386413574,
            0.10307717323303223,
            -0.06018495559692383,
            -0.11698627471923828,
            -0.027730941772460938
        ],
        [
            -4.576407432556152,
            -5.830564498901367,
            -1.942586064338684,
            -0.021109819412231445,
            0.18015503883361816,
            -0.07975029945373535,
            -0.013319730758666992,
            -0.03594207763671875,
            -0.07239484786987305,
            0.010821342468261719
        ],
        [
            -4.491192817687988,
            -5.856054782867432,
            -1.9431098699569702,
            -0.03235888481140137,
            0.16027116775512695,
            -0.09790277481079102,
            0.04503583908081055,
            -0.04640364646911621,
            -0.06917619705200195,
            0.02215123176574707
        ],
        [
            -4.697162628173828,
            -6.483043670654297,
            -1.9640005826950073,
            -0.0395510196685791,
            0.6044971942901611,
            -0.2248706817626953,
            0.1360635757446289,
            -0.09361624717712402,
            -0.14543306827545166,
            -0.034989118576049805
        ],
        [
            -4.5775885581970215,
            -5.834237575531006,
            -1.9406071901321411,
            -0.021557092666625977,
            0.18309998512268066,
            -0.08160066604614258,
            -0.01256704330444336,
            -0.035190582275390625,
            -0.07261943817138672,
            0.009017705917358398
        ],
        [
            -4.4899516105651855,
            -5.855160713195801,
            -1.9460355043411255,
            -0.03192901611328125,
            0.15891289710998535,
            -0.09675979614257812,
            0.04465484619140625,
            -0.048126935958862305,
            -0.06922650337219238,
            0.025510787963867188
        ],
        [
            -4.649680137634277,
            -6.244018077850342,
            -1.9625736474990845,
            -0.05128073692321777,
            0.43314361572265625,
            -0.17006158828735352,
            0.07552146911621094,
            -0.04708719253540039,
            -0.12161123752593994,
            -0.06001400947570801
        ],
        [
            -4.685321807861328,
            -6.425990581512451,
            -1.9658323526382446,
            -0.044344186782836914,
            0.559981107711792,
            -0.20840764045715332,
            0.11765837669372559,
            -0.07889842987060547,
            -0.14051413536071777,
            -0.04620099067687988
        ],
        [
            -4.639924049377441,
            -6.0070013999938965,
            -1.9510968923568726,
            -0.019875764846801758,
            0.2898688316345215,
            -0.12235808372497559,
            0.013871431350708008,
            -0.046553850173950195,
            -0.09328794479370117,
            0.0003044605255126953
        ],
        [
            -4.486642360687256,
            -5.952695846557617,
            -1.955044150352478,
            -0.03607511520385742,
            0.21242380142211914,
            -0.11131143569946289,
            0.06607770919799805,
            -0.062296152114868164,
            -0.08422040939331055,
            0.01804518699645996
        ],
        [
            -4.741484642028809,
            -6.618810176849365,
            -1.9722017049789429,
            -0.044289588928222656,
            0.7021596431732178,
            -0.24837756156921387,
            0.16411614418029785,
            -0.10202884674072266,
            -0.15616333484649658,
            -0.05755162239074707
        ],
        [
            -4.737735271453857,
            -6.605826377868652,
            -1.9709266424179077,
            -0.0434260368347168,
            0.6930184364318848,
            -0.2460620403289795,
            0.16156625747680664,
            -0.10166096687316895,
            -0.15530455112457275,
            -0.054854631423950195
        ],
        [
            -4.556431293487549,
            -5.855269432067871,
            -1.9696592092514038,
            -0.017363309860229492,
            0.17316412925720215,
            -0.07086515426635742,
            0.0002276897430419922,
            -0.05142784118652344,
            -0.07706761360168457,
            0.03249192237854004
        ],
        [
            -4.58701753616333,
            -6.266392707824707,
            -1.9475764036178589,
            -0.040041446685791016,
            0.45032262802124023,
            -0.1875302791595459,
            0.11166620254516602,
            -0.08700275421142578,
            -0.125177264213562,
            0.0013582706451416016
        ],
        [
            -4.577539443969727,
            -5.83341646194458,
            -1.9410477876663208,
            -0.021181583404541016,
            0.1822803020477295,
            -0.08121871948242188,
            -0.012880802154541016,
            -0.035242319107055664,
            -0.07260918617248535,
            0.009772300720214844
        ],
        [
            -4.581799507141113,
            -5.842419624328613,
            -1.9385865926742554,
            -0.021865367889404297,
            0.18918609619140625,
            -0.0846109390258789,
            -0.011570930480957031,
            -0.03475213050842285,
            -0.07372212409973145,
            0.0071790218353271484
        ],
        [
            -4.726365089416504,
            -6.564599514007568,
            -1.9690548181533813,
            -0.04253506660461426,
            0.662771463394165,
            -0.23842167854309082,
            0.1514725685119629,
            -0.09782266616821289,
            -0.15213632583618164,
            -0.0499119758605957
        ],
        [
            -4.579380035400391,
            -5.84218692779541,
            -1.931406855583191,
            -0.02419900894165039,
            0.19075489044189453,
            -0.08684921264648438,
            -0.009642839431762695,
            -0.0327455997467041,
            -0.07359766960144043,
            0.002216815948486328
        ],
        [
            -4.486303329467773,
            -5.884450435638428,
            -1.950020432472229,
            -0.03343963623046875,
            0.17211294174194336,
            -0.10068655014038086,
            0.05241584777832031,
            -0.053298234939575195,
            -0.0742042064666748,
            0.023595809936523438
        ],
        [
            -4.740745544433594,
            -6.6152119636535645,
            -1.9712823629379272,
            -0.04310417175292969,
            0.6994278430938721,
            -0.24764013290405273,
            0.1631450653076172,
            -0.1027979850769043,
            -0.155845046043396,
            -0.055816650390625
        ],
        [
            -4.71981143951416,
            -6.542425155639648,
            -1.9658902883529663,
            -0.04028058052062988,
            0.6470210552215576,
            -0.23458528518676758,
            0.14760994911193848,
