{
    "collision_depths": [
        0.036748993239495736,
        0.03819842693663363,
        0.013453631223745403,
        0.07488990828777888,
        0.07379241365365241,
        0.016870864622521797,
        0.01842565001984455,
        0.02616150448013438,
        0.018889161054833157,
        0.020480191279192334,
        0.020069615845167813,
        0.022815592086300716,
        0.01521609550892434,
        0.018815795610811755,
        0.0034378765642322268,
        0.04367511579234004,
        0.017488925552119342,
        0.06311658639274449,
        0.017630591032396965,
        0.02675552685507178,
        0.07438861997175909,
        0.09686102905764127,
        0.12712908413148674,
        0.03311435442368391,
        0.04374284762442366,
        0.08402514445000163,
        0.15360336861377574,
        0.14019414049712597,
        0.14592419600645964,
        0.0388332761222364,
        0.003259182946928666,
        0.012130849289058304,
        0.04579910908537852,
        0.020417682836584627,
        0.01975131723625082,
        0.00030181956262254175,
        0.11565908556228414
    ],
    "collision": true,
    "joint_limit_violation": true,
    "self_collision": true,
    "physical_violations": true,
    "config_smoothness": -3.6259425325089083,
    "eff_smoothness": -5.120693507693794,
    "eff_position_path_length": 122.20763170800596,
    "eff_orientation_path_length": 6506.546919602418,
    "physical_success": false,
    "time": 4.700654029846191,
    "num_steps": 51,
    "trajectory_w": [
        [
            -10.763200759887695,
            -8.962141990661621,
            -2.790836811065674,
            0.0,
            0.0,
            0.0,
            0.0,
            0.0,
            0.0,
            0.0
        ],
        [
            -12.453218460083008,
            -10.581422805786133,
            -2.8240787982940674,
            -2.2605862617492676,
            1.3664536476135254,
            0.7145419120788574,
            1.6949727535247803,
            2.061119794845581,
            -1.3454171419143677,
            1.186265230178833
        ],
        [
            -12.532471656799316,
            -12.953476905822754,
            -2.906308650970459,
            -4.237763404846191,
            2.3684628009796143,
            1.3355739116668701,
            3.1883575916290283,
            3.8635404109954834,
            -2.4918417930603027,
            2.199747323989868
        ],
        [
            -13.865516662597656,
            -14.74882698059082,
            -3.067936897277832,
            -5.83427619934082,
            2.9377281665802,
            1.8816163539886475,
            4.437687873840332,
            5.344813346862793,
            -3.4025938510894775,
            2.98465895652771
        ],
        [
            -13.952373504638672,
            -16.98567771911621,
            -3.308338165283203,
            -7.129232883453369,
            3.265721559524536,
            2.431627035140991,
            5.520833969116211,
            6.618166923522949,
            -4.129639625549316,
            3.5946662425994873
        ],
        [
            -15.115092277526855,
            -16.25403594970703,
            -4.600133895874023,
            -4.408825874328613,
            3.466557264328003,
            4.224058151245117,
            4.077436447143555,
            6.090821266174316,
            -2.0812673568725586,
            2.06980299949646
        ],
        [
            -14.832114219665527,
            -14.740519523620605,
            -3.905061721801758,
            -3.863640308380127,
            4.397530555725098,
            4.923975944519043,
            -0.06647682189941406,
            5.709244728088379,
            -1.8326926231384277,
            0.8827059268951416
        ],
        [
            -12.270545959472656,
            -12.976997375488281,
            -3.1092159748077393,
            -7.318297386169434,
            4.689309120178223,
            3.0491697788238525,
            -1.7754285335540771,
            5.817079544067383,
            -4.415995121002197,
            0.691889762878418
        ],
        [
            -8.967096328735352,
            -10.455955505371094,
            -4.725957870483398,
            -8.384860038757324,
            3.7029483318328857,
            -0.4452176094055176,
            0.8601441383361816,
            5.137443542480469,
            -4.518581390380859,
            -0.041989803314208984
        ],
        [
            -7.530694484710693,
            -5.492536544799805,
            -4.427678108215332,
            -8.528133392333984,
            5.309090614318848,
            -2.3803677558898926,
            2.5632174015045166,
            4.73124885559082,
            -4.199349403381348,
            -0.5079665184020996
        ],
        [
            -9.541141510009766,
            -2.730008602142334,
            -0.8762242794036865,
            -9.762960433959961,
            5.934191703796387,
            -3.863098621368408,
            3.735765218734741,
            2.6622393131256104,
            -2.71268367767334,
            2.3569090366363525
        ],
        [
            -13.56492805480957,
            -2.5268020629882812,
            1.952380657196045,
            -9.864020347595215,
            4.736469268798828,
            -4.365787506103516,
            4.611127853393555,
            1.5387146472930908,
            1.1652963161468506,
            5.6084699630737305
        ],
        [
            -16.623737335205078,
            -3.7002694606781006,
            2.4247841835021973,
            -7.9782819747924805,
            1.8392574787139893,
            -4.2575459480285645,
            5.148662567138672,
            2.8246090412139893,
            2.377228021621704,
            5.938388824462891
        ],
        [
            -18.372594833374023,
            -5.071252346038818,
            1.693453311920166,
            -4.3441972732543945,
            0.7592089176177979,
            -2.9048819541931152,
            5.669939041137695,
            4.416269302368164,
            -2.3611083030700684,
            4.9243927001953125
        ],
        [
            -19.425403594970703,
            -5.942233562469482,
            0.548323392868042,
            -0.6855485439300537,
            1.0403282642364502,
            0.7837705612182617,
            6.693791389465332,
            4.942251205444336,
            -4.509852409362793,
            4.9853010177612305
        ],
        [
            -20.367080688476562,
            -6.11425256729126,
            -0.8830411434173584,
            -1.0054657459259033,
            -0.2402811050415039,
            2.8490817546844482,
            6.318815231323242,
            3.414588689804077,
            -4.726407051086426,
            5.1037187576293945
        ],
        [
            -20.821470260620117,
            -6.014029026031494,
            -1.1667916774749756,
            -3.9177889823913574,
            0.3020353317260742,
            1.2508447170257568,
            4.996726036071777,
            1.7838633060455322,
            -4.5665082931518555,
            4.835580825805664
        ],
        [
            -20.288724899291992,
            -6.172635078430176,
            -0.9206182956695557,
            -5.392358779907227,
            0.9524474143981934,
            2.0223801136016846,
            2.5644943714141846,
            2.495743989944458,
            -4.90010929107666,
            5.811772346496582
        ],
        [
            -19.068941116333008,
            -6.467019557952881,
            -0.9154155254364014,
            -5.361352920532227,
            3.0124309062957764,
            4.416688919067383,
            -0.7595365047454834,
            4.691440582275391,
            -2.4501113891601562,
            7.147821426391602
        ],
        [
            -18.309295654296875,
            -6.061520099639893,
