{
    "collision_depths": [
        0.1868344367575721,
        0.17683345776523626,
        0.20487009697012643,
        0.19486911797779066,
        0.07205038546581378,
        0.06204940647347819,
        0.010939695911184545,
        0.020939165294794844,
        0.07106930893734309,
        0.04771504000214895,
        0.05963413391885004,
        0.021548887478044843,
        0.08391989171355983,
        0.01608144349330197,
        0.02188326740464346,
        0.02201028641222332,
        0.078644084235495,
        0.2456137071946421,
        0.058736714760137025,
        0.05873736918517453,
        0.15851787630552372,
        0.07193175504878377,
        0.17701899581465452,
        0.03187327033510258,
        0.1531055415864035,
        0.15299350098318937,
        0.24561312630757404,
        0.1416512796673884,
        0.13928250402431572,
        0.06803649189897129,
        0.1440177388912243,
        0.29254188399658987,
        0.17697094821451526,
        0.07544952968433712,
        0.02959923426183659,
        0.07503760563295621,
        0.06429802429057813,
        0.09090329217055393,
        0.01614846792022421,
        0.008747215389346566,
        0.20872144942125,
        0.14679983105291716,
        0.04718997671055065,
        0.03489121859990267,
        0.06756681907007024,
        0.07756681907007028,
        0.008360379145301706,
        0.032837068276808865,
        0.00437502474758851,
        0.01416234876088166,
        0.025878894750051774,
        0.020793044642335303,
        0.008602239370375965,
        0.00560011673619366,
        0.015467496898807968,
        0.11017504891622878,
        0.11585161599188291,
        0.048265920764925634,
        0.059302187719789984,
        0.06671990942117297,
        0.03808585035473351,
        0.000678864731101822,
        0.0007648472430979627
    ],
    "collision": true,
    "joint_limit_violation": true,
    "self_collision": true,
    "physical_violations": true,
    "config_smoothness": -3.500374298732841,
    "eff_smoothness": -4.43378599012569,
    "eff_position_path_length": 134.19191730992512,
    "eff_orientation_path_length": 6023.987036121989,
    "physical_success": false,
    "time": 5.179240703582764,
    "num_steps": 51,
    "trajectory_w": [
        [
            -5.920799732208252,
            -6.209651470184326,
            -1.3897500038146973,
            0.0,
            0.0,
            0.0,
            0.0,
            0.0,
            0.0,
            0.0
        ],
        [
            -6.549349308013916,
            -5.206705570220947,
            -0.6350381374359131,
            -0.4054532051086426,
            0.6703681945800781,
            0.18718910217285156,
            0.7257881164550781,
            0.37633609771728516,
            -1.4100843667984009,
            0.6098566055297852
        ],
        [
            -7.852823734283447,
            -5.119532585144043,
            0.14134907722473145,
            -0.7761721611022949,
            1.1996290683746338,
            0.2848389148712158,
            1.3717372417449951,
            0.7502498626708984,
            -2.1623096466064453,
            1.2301795482635498
        ],
        [
            -7.49463415145874,
            -3.8468244075775146,
            0.9278862476348877,
            -1.1227211952209473,
            1.552685260772705,
            0.3021714687347412,
            1.9310433864593506,
            1.1395680904388428,
            -2.03340744972229,
            1.8565561771392822
        ],
        [
            -7.784949779510498,
            -3.6899642944335938,
            1.7016866207122803,
            -1.4769351482391357,
            1.7589595317840576,
            0.3013901710510254,
            2.4540913105010986,
            1.572270154953003,
            -1.3150755167007446,
            2.454334020614624
        ],
        [
            -6.023658275604248,
            -2.0736300945281982,
            0.8592979907989502,
            -1.538311243057251,
            -0.2668095827102661,
            1.1614434719085693,
            3.2475459575653076,
            3.4020683765411377,
            1.3645050525665283,
            0.7979111671447754
        ],
        [
            -5.275462627410889,
            -2.2692203521728516,
            -1.4063749313354492,
            0.9460499286651611,
            -1.186010718345642,
            2.3847405910491943,
            2.6482598781585693,
            4.6168107986450195,
            -1.9353686571121216,
            -3.0214529037475586
        ],
        [
            -5.094759464263916,
            -3.071533203125,
            -2.372645139694214,
            0.41600918769836426,
            0.09113526344299316,
            4.771000862121582,
            0.09176993370056152,
            5.403324127197266,
            -3.3353943824768066,
            -3.378678798675537
        ],
        [
            -5.647053241729736,
            -2.1815695762634277,
            -1.796062707901001,
            -4.333868026733398,
            2.208752393722534,
            7.345816612243652,
            -3.073448657989502,
            7.229857444763184,
            -1.6993157863616943,
            -1.5291972160339355
        ],
        [
            -7.889340877532959,
            -0.20561371743679047,
            0.42839646339416504,
            -5.825339317321777,
            2.943645715713501,
            6.195399284362793,
            -5.109126091003418,
            8.262980461120605,
            -1.9445332288742065,
            -2.1324267387390137
        ],
        [
            -10.833049774169922,
            0.039417169988155365,
            2.8070387840270996,
            -4.740581512451172,
            2.90266489982605,
            3.555769681930542,
            -5.734569549560547,
            7.358580589294434,
            -2.699366807937622,
            -2.125227689743042
        ],
        [
            -12.411606788635254,
            -1.9167534112930298,
            2.046677350997925,
            -5.033761024475098,
            2.7673304080963135,
            1.8895795345306396,
            -1.7990050315856934,
            5.279242515563965,
            -3.663175106048584,
            -0.3789241313934326
        ],
        [
            -12.20615005493164,
            -4.603856563568115,
            -0.43657898902893066,
            -5.721245765686035,
            0.5320332050323486,
            1.4385135173797607,
            2.569648027420044,
            2.7527759075164795,
            -4.288517951965332,
            1.006450891494751
        ],
        [
            -11.447369575500488,
            -6.100246429443359,
            -3.049449920654297,
            -5.109378337860107,
            0.7052395343780518,
            1.230027437210083,
            0.7418868541717529,
            2.1153533458709717,
            -3.7369256019592285,
            0.1462082862854004
        ],
        [
            -10.6829252243042,
            -6.146790027618408,
            -3.679520606994629,
            -2.4690322875976562,
            2.81086802482605,
            2.168154001235962,
            -3.2549796104431152,
            4.871692657470703,
            -2.007340669631958,
            -0.3401315212249756
        ],
        [
            -8.63272762298584,
            -5.99221134185791,
            -2.405386447906494,
            0.17051315307617188,
            1.5009312629699707,
            2.3264825344085693,
            -3.9280529022216797,
            5.709467887878418,
            -1.9298444986343384,
            2.1898481845855713
        ],
        [
            -4.896529197692871,
            -6.0607476234436035,
            -1.2859797477722168,
            0.8445560932159424,
            -0.7135286331176758,
            -0.217437744140625,
            -2.163167715072632,
            3.75799298286438,
            -0.9466806650161743,
            5.56125545501709
        ],
        [
