{
    "collision_depths": [
        0.00206888908289784,
        0.028442080236483605,
        0.05407660084814535,
        0.14987534551934587,
        0.022058451037979845,
        0.1858743292012679
    ],
    "collision": true,
    "joint_limit_violation": true,
    "self_collision": true,
    "physical_violations": true,
    "config_smoothness": -3.927539828078386,
    "eff_smoothness": -4.341206394570331,
    "eff_position_path_length": 110.75482949038502,
    "eff_orientation_path_length": 6351.142147781497,
    "physical_success": false,
    "time": 5.312030553817749,
    "num_steps": 51,
    "trajectory_w": [
        [
            -2.796191692352295,
            -0.4661799967288971,
            -0.34106576442718506,
            0.0,
            0.0,
            0.0,
            0.0,
            0.0,
            0.0,
            0.0
        ],
        [
            -4.838048458099365,
            0.7207177877426147,
            1.0978444814682007,
            -2.1416897773742676,
            -0.5535386800765991,
            0.42005014419555664,
            0.9207885265350342,
            1.1401698589324951,
            0.28673362731933594,
            0.8258085250854492
        ],
        [
            -7.049742221832275,
            2.4563348293304443,
            2.3060145378112793,
            -4.022958278656006,
            -1.0408679246902466,
            0.6742043495178223,
            1.8124473094940186,
            2.177393674850464,
            0.4052393436431885,
            1.6136410236358643
        ],
        [
            -8.090303421020508,
            2.126652240753174,
            3.1785244941711426,
            -5.5479230880737305,
            -1.4605591297149658,
            0.7068970203399658,
            2.649984121322632,
            3.057589292526245,
            0.28748655319213867,
            2.329345941543579
        ],
        [
            -9.619996070861816,
            2.950974941253662,
            3.7810959815979004,
            -6.7882184982299805,
            -1.8670127391815186,
            0.5687909126281738,
            3.438682794570923,
            3.7838919162750244,
            -0.01578044891357422,
            2.9579317569732666
        ],
        [
            -9.957995414733887,
            1.1892658472061157,
            1.4406479597091675,
            -4.055422782897949,
            -3.1821165084838867,
            -1.6862998008728027,
            2.9891135692596436,
            1.8689453601837158,
            -2.1405463218688965,
            1.7260925769805908
        ],
        [
            -10.362898826599121,
            -0.2937260866165161,
            1.2200921773910522,
            -2.3938794136047363,
            -3.269374132156372,
            -3.026172399520874,
            -1.1728063821792603,
            0.8520784378051758,
            -2.5869791507720947,
            1.3621346950531006
        ],
        [
            -10.637911796569824,
            -0.32546332478523254,
            2.1176185607910156,
            -3.506772041320801,
            -2.6855831146240234,
            -2.267476797103882,
            -2.8913092613220215,
            1.418846845626831,
            -0.8790887594223022,
            0.675384521484375
        ],
        [
            -10.390317916870117,
            1.4758561849594116,
            2.104043483734131,
            -4.373208522796631,
            -3.132629871368408,
            -1.6874746084213257,
            -0.24170398712158203,
            0.9943130016326904,
            0.029598236083984375,
            -0.9784162044525146
        ],
        [
            -9.951157569885254,
            3.520249128341675,
            3.037895679473877,
            -4.947519302368164,
            -2.885164737701416,
            -1.5374789237976074,
            3.052767038345337,
            0.6268985271453857,
            -0.5618075132369995,
            -2.0533652305603027
        ],
        [
            -10.141769409179688,
            3.897676706314087,
            5.150717258453369,
            -4.285624027252197,
            -1.7878310680389404,
            0.7088205814361572,
            5.159786224365234,
            1.1259968280792236,
            1.0449719429016113,
            -2.4483559131622314
        ],
        [
            -11.131478309631348,
            1.9567620754241943,
            3.7879223823547363,
            -1.4559717178344727,
            2.1151273250579834,
            3.4042441844940186,
            3.2139666080474854,
            3.199876546859741,
            1.7259008884429932,
            -2.1011810302734375
        ],
        [
            -11.873207092285156,
            0.016184773296117783,
            -0.36448824405670166,
            1.0049183368682861,
            5.884309768676758,
            4.437869071960449,
            -1.386885404586792,
            4.07872200012207,
            1.1835699081420898,
            -2.2485687732696533
        ],
        [
            -11.078025817871094,
            0.6130030751228333,
            -1.1718305349349976,
            -0.9796855449676514,
            5.711361885070801,
            3.533277750015259,
            -3.511528491973877,
            3.0037882328033447,
            2.228090524673462,
            -2.6511611938476562
        ],
        [
            -9.508151054382324,
            3.186110019683838,
            0.27490532398223877,
            -5.589216232299805,
            3.0946834087371826,
            3.2809855937957764,
            -2.2890257835388184,
            1.1588852405548096,
            -1.0960111618041992,
            -3.4327285289764404
        ],
        [
            -8.790972709655762,
            5.730262756347656,
            3.633303642272949,
            -7.399476051330566,
            -2.1918036937713623,
            4.688931465148926,
            2.559091806411743,
            1.5120465755462646,
            -3.2695586681365967,
            -3.525205612182617
        ],
        [
            -9.089797019958496,
            6.598295211791992,
            6.981780529022217,
            -6.607510089874268,
            -3.509769916534424,
            6.194585800170898,
            4.0652055740356445,
            2.892134428024292,
            -1.0357999801635742,
            -1.641027808189392
        ],
        [
            -10.026397705078125,
            5.124528884887695,
            7.320092678070068,
            -5.957840919494629,
            -2.535693883895874,
            6.196887016296387,
            -1.4388262033462524,
            5.0301055908203125,
            -0.9072751998901367,
            1.2751343250274658
        ],
        [
            -10.5758695602417,
            3.424149751663208,
            4.11116361618042,
            -5.824624061584473,
            -2.079559803009033,
            4.839171409606934,
            -4.186958312988281,
            5.986510276794434,
            -0.4349856376647949,
            0.9060404300689697
        ],
        [
            -9.82891845703125,
            3.7977943420410156,
            -0.14136254787445068,
            -4.618191719055176,
            -0.08871603012084961,
            3.0727784633636475,
            -2.373255968093872,
            2.8386218547821045,
            0.20145368576049805,
            -0.5073206424713135
        ],
        [
            -8.533483505249023,
            6.032962799072266,
            0.2223747968673706,
            -3.982936382293701,
            1.5056712627410889,
            2.1289069652557373,
            -0.6925806999206543,
            0.46923136711120605,
            0.8812801837921143,
            -0.27596259117126465
        ],
        [
            -7.475318908691406,
            8.252812385559082,
            5.61655855178833,
            -3.860243320465088,
            1.1796255111694336,
            1.3180177211761475,
            -0.3055737018585205,
            2.014723539352417,
            3.1558315753936768,
