{
    "collision_depths": [
        0.005594023992569078,
        0.005755819535749191,
        0.01838740672836963,
        0.0008076599671134569,
        0.1776022847626511,
        0.057459764791957274,
        0.010600043020883156,
        0.013290087467221844,
        0.0012588944939168696,
        0.0011320028274033553,
        0.00737342969457891,
        0.008240523913085353,
        0.014420946336915945,
        0.052335068897170024,
        0.045139696804497295,
        0.056668457060427224,
        0.018741329769807125,
        0.03735258845214595,
        0.03868220646842563,
        0.02934298977499673,
        0.003093472963693836,
        0.04081191502966448,
        0.02116903418728069,
        0.04577256634278663
    ],
    "collision": true,
    "joint_limit_violation": true,
    "self_collision": true,
    "physical_violations": true,
    "config_smoothness": -4.455189811011809,
    "eff_smoothness": -5.846635793265735,
    "eff_position_path_length": 131.05344210862307,
    "eff_orientation_path_length": 6126.772249399596,
    "physical_success": false,
    "time": 4.999797821044922,
    "num_steps": 51,
    "trajectory_w": [
        [
            -9.256786346435547,
            -7.552268028259277,
            1.2163355350494385,
            0.0,
            0.0,
            0.0,
            0.0,
            0.0,
            0.0,
            0.0
        ],
        [
            -10.061382293701172,
            -6.8773369789123535,
            0.8557016849517822,
            -0.6476068496704102,
            0.24149489402770996,
            0.003994941711425781,
            0.13868498802185059,
            0.4872775077819824,
            -0.061621904373168945,
            0.948192834854126
        ],
        [
            -9.97672176361084,
            -7.124095916748047,
            0.5789296627044678,
            -1.2006126642227173,
            0.3287689685821533,
            0.024885177612304688,
            0.4674959182739258,
            0.9166653156280518,
            -0.4205423593521118,
            1.9044954776763916
        ],
        [
            -10.519865989685059,
            -5.647523880004883,
            0.4552004337310791,
            -1.6293022632598877,
            0.16832971572875977,
            0.12624621391296387,
            1.0361459255218506,
            1.2908761501312256,
            -1.1692869663238525,
            2.8663413524627686
        ],
        [
            -10.13675594329834,
            -5.899441719055176,
            0.5039732456207275,
            -1.9571818113327026,
            -0.19786858558654785,
            0.3662445545196533,
            1.7381927967071533,
            1.6633903980255127,
            -2.142625093460083,
            3.8160836696624756
        ],
        [
            -6.363570690155029,
            -11.48694896697998,
            3.95908784866333,
            -0.8373379707336426,
            -2.2534847259521484,
            4.011735916137695,
            0.9754266738891602,
            3.871488332748413,
            -2.668649673461914,
            3.7765157222747803
        ],
        [
            -3.3842508792877197,
            -17.06669807434082,
            5.707685470581055,
            -0.9495222568511963,
            -0.6927759647369385,
            5.933014869689941,
            -5.0135345458984375,
            8.67423152923584,
            -2.706481695175171,
            1.7493007183074951
        ],
        [
            -2.674692392349243,
            -19.19131851196289,
            4.224334716796875,
            -2.4321749210357666,
            0.9577169418334961,
            4.223972320556641,
            -8.364230155944824,
            10.72222900390625,
            -3.0160813331604004,
            1.3827850818634033
        ],
        [
            -3.497292995452881,
            -18.566612243652344,
            1.912940263748169,
            -3.0472612380981445,
            1.2465331554412842,
            1.1027367115020752,
            -6.517025947570801,
            8.442065238952637,
            -2.1476852893829346,
            1.5171964168548584
        ],
        [
            -4.9332685470581055,
            -17.231218338012695,
            1.7413420677185059,
            -3.7193963527679443,
            1.1694483757019043,
            -0.5656652450561523,
            -2.783946990966797,
            5.62748908996582,
            -2.349907398223877,
            1.4829847812652588
        ],
        [
            -6.327515125274658,
            -16.0954647064209,
            4.26492166519165,
            -4.005166530609131,
            1.1354458332061768,
            0.17849969863891602,
            0.7169501781463623,
            3.093578577041626,
            -1.1276613473892212,
            1.9974544048309326
        ],
        [
            -7.8545637130737305,
            -14.974082946777344,
            5.5303802490234375,
            -2.706447124481201,
            0.6311278343200684,
            0.781836986541748,
            0.25721287727355957,
            1.6661245822906494,
            -0.7503708600997925,
            1.6766269207000732
        ],
        [
            -9.412400245666504,
            -13.762188911437988,
            4.71323823928833,
            -1.3125944137573242,
            0.25800108909606934,
            -0.05681800842285156,
            -1.9927709102630615,
            2.019428014755249,
            -0.4855152368545532,
            0.9698150157928467
        ],
        [
            -10.559578895568848,
            -12.76091194152832,
            2.4063830375671387,
            -4.055984020233154,
            3.3725311756134033,
            -1.391278624534607,
            -2.8573827743530273,
            1.0751945972442627,
            0.21436190605163574,
            0.9512736797332764
        ],
        [
            -11.058506965637207,
            -12.762982368469238,
            1.626476526260376,
            -5.399651527404785,
            3.5946476459503174,
            -0.37848353385925293,
            -1.472003698348999,
            -0.5897238254547119,
            2.114572286605835,
            -0.20498061180114746
        ],
        [
            -11.174029350280762,
            -13.7454252243042,
            1.7826826572418213,
            -2.5170962810516357,
            1.0219717025756836,
            2.4323136806488037,
            -2.724318027496338,
            1.4101355075836182,
            -0.39286255836486816,
            -0.9772906303405762
        ],
        [
            -12.595141410827637,
            -14.139776229858398,
            2.894044876098633,
            0.7125909328460693,
            -0.3378176689147949,
            3.797198534011841,
            -3.9901700019836426,
            6.100171089172363,
            -3.921649217605591,
            1.335003137588501
        ],
        [
            -14.814986228942871,
            -12.464960098266602,
            2.5133252143859863,
            0.3400857448577881,
            0.7069807052612305,
            3.9105098247528076,
            -4.0082292556762695,
            6.280302047729492,
            -2.3650577068328857,
            3.3659584522247314
        ],
        [
            -14.993613243103027,
            -9.951495170593262,
            2.0447709560394287,
            -1.8298591375350952,
            1.2415177822113037,
            1.383143663406372,
            -1.7503936290740967,
            2.366497278213501,
            0.2813246250152588,
            2.01810622215271
        ],
        [
            -11.5409574508667,
            -9.873666763305664,
            2.6047134399414062,
            -3.487999677658081,
            -3.705503225326538,
            0.11290574073791504,
            2.0161402225494385,
            -1.6641619205474854,
            -1.4145488739013672,
            0.2734522819519043
        ],
        [
            -7.036600112915039,
            -13.257246971130371,
