{
    "collision_depths": [
        0.1626323577738431,
        0.15263326579962555,
        0.09120592734009922,
        0.012784122212609793,
        0.11564625239764996,
        0.007146221448988953,
        0.017145678788525222,
        0.11005139330825055,
        0.07856124710209815,
        0.06856026810976269,
        0.08787170240775846,
        0.005123920922360909,
        0.040201879105632866,
        0.016959654549593854,
        0.08530905636733505,
        0.11129386838578981,
        0.12234525873225033,
        0.029953788650928733,
        0.02574167897988483,
        0.11100980030572202,
        0.08569197946665777,
        0.04016690087190338,
        0.12088304834666001,
        0.09972392312413361,
        0.07051304816179776,
        0.016155871064256228,
        0.11801802513696304,
        0.12265419776363849,
        0.02965613282728369,
        0.11195014441511006,
        0.07227360029222872,
        0.06929851948075832,
        0.05872366651803802,
        0.006748032452810454,
        0.08226919911090111,
        0.018726383513346077,
        0.10736030574152715,
        0.10078588034617231,
        0.07570976419492574,
        0.020733481903392338,
        0.04879511086515591,
        0.015955679207065622,
        0.06924063456474085,
        0.12312557352631955,
        0.00605360910277517,
        0.0200086893703629,
        0.13248998335819964,
        0.132428768755242,
        0.15064183264246875,
        0.1417646226570813,
        0.1894217294684202,
        0.08678638489897895,
        0.19718064080445494,
        0.24616383746013185,
        0.052709946430291865,
        0.32764311072431374,
        0.12929663078350007,
        0.08206875469196602,
        0.007442419097228831,
        0.004352254822061458
    ],
    "collision": true,
    "joint_limit_violation": true,
    "self_collision": true,
    "physical_violations": true,
    "config_smoothness": -3.9630106999936237,
    "eff_smoothness": -4.755678263101473,
    "eff_position_path_length": 148.68674186369566,
    "eff_orientation_path_length": 5557.763364280754,
    "physical_success": false,
    "time": 5.034279108047485,
    "num_steps": 51,
    "trajectory_w": [
        [
            -6.3197855949401855,
            -6.344553470611572,
            -1.2163772583007812,
            0.0,
            0.0,
            0.0,
            0.0,
            0.0,
            0.0,
            0.0
        ],
        [
            -7.519367218017578,
            -4.801431179046631,
            0.050657033920288086,
            -3.9652037620544434,
            1.1708638668060303,
            0.9900643825531006,
            -0.05932927131652832,
            -0.24746489524841309,
            -0.9480932950973511,
            -0.3205831050872803
        ],
        [
            -9.521282196044922,
            -3.300344228744507,
            1.213681936264038,
            -7.4172468185424805,
            2.0168120861053467,
            1.8505289554595947,
            -0.07357072830200195,
            -0.48216891288757324,
            -1.7468490600585938,
            -0.6219882965087891
        ],
        [
            -9.506847381591797,
            -3.2207419872283936,
            2.2093207836151123,
            -10.186110496520996,
            2.4576094150543213,
            2.5735909938812256,
            -0.01767730712890625,
            -0.701960563659668,
            -2.357668161392212,
            -0.8811876773834229
        ],
        [
            -10.643808364868164,
            -2.497957706451416,
            3.0411996841430664,
            -12.411518096923828,
            2.6414778232574463,
            3.2272918224334717,
            0.11426901817321777,
            -0.9114797115325928,
            -2.8221139907836914,
            -1.0824346542358398
        ],
        [
            -7.984228610992432,
            -0.9769165515899658,
            1.2874276638031006,
            -7.62053108215332,
            1.2466609477996826,
            3.4036624431610107,
            1.7900574207305908,
            -0.7104339599609375,
            -0.8741289377212524,
            0.16909098625183105
        ],
        [
            -4.787064552307129,
            1.1585049629211426,
            1.6901390552520752,
            -6.598231315612793,
            -0.28581905364990234,
            2.7218215465545654,
            2.327759027481079,
            0.6588952541351318,
            1.947303056716919,
            1.0631701946258545
        ],
        [
            -2.5495731830596924,
            2.7137553691864014,
            3.4436721801757812,
            -7.976545333862305,
            -1.1738739013671875,
            2.156916379928589,
            1.1990294456481934,
            2.710336446762085,
            0.4030487537384033,
            -0.057198524475097656
        ],
        [
            -2.017611026763916,
            2.704477310180664,
            4.687136650085449,
            -6.3219170570373535,
            0.12006354331970215,
            3.7159459590911865,
            -0.993465781211853,
            4.112410545349121,
            1.4736301898956299,
            1.0506999492645264
        ],
        [
            -3.7667315006256104,
            0.7474322319030762,
            3.324282646179199,
            -3.900731325149536,
            2.954223871231079,
            4.215518951416016,
            -2.5817174911499023,
            3.9158194065093994,
            1.4468259811401367,
            2.0572636127471924
        ],
        [
            -7.770467758178711,
            -2.6896328926086426,
            0.8045384883880615,
            -3.7307300567626953,
            2.0427229404449463,
            1.870149850845337,
            -2.8680267333984375,
            1.2178623676300049,
            0.49547600746154785,
            -1.084726333618164
        ],
        [
            -12.168747901916504,
            -5.506289005279541,
            -0.569911003112793,
            -4.895954132080078,
            0.04069042205810547,
            0.27331066131591797,
            -0.7287030220031738,
            -1.0249793529510498,
            -0.15495216846466064,
            -4.298303127288818
        ],
        [
            -15.193025588989258,
            -5.1474609375,
            -1.3582215309143066,
            -7.670231819152832,
            1.1064136028289795,
            1.2014992237091064,
            0.3115575313568115,
            -0.03875470161437988,
            -2.770325183868408,
            -5.239398956298828
        ],
        [
            -16.693340301513672,
            -2.6790454387664795,
            -1.187950611114502,
            -8.474542617797852,
            2.389989137649536,
            2.6073620319366455,
            0.47104763984680176,
            2.757751703262329,
            -2.4676103591918945,
            -3.4816226959228516
        ],
        [
            -16.79844093322754,
            -0.5753127932548523,
            0.5576879978179932,
            -7.412365913391113,
            4.323918342590332,
            3.4817073345184326,
            -0.22928667068481445,
            5.317104339599609,
            -3.878157615661621,
            -1.360720157623291
        ],
        [
            -14.721567153930664,
            0.577589213848114,
            0.9457333087921143,
            -6.202026844024658,
            5.163390159606934,
            4.0438337326049805,
            -0.36725616455078125,
            5.732773780822754,
            -3.9199323654174805,
            1.0535900592803955
        ],
        [
            -10.50192928314209,
            1.0725951194763184,
            0.6024706363677979,
            -4.858277320861816,
            4.970820426940918,
            3.3258163928985596,
            1.5245778560638428,
            4.461075782775879,
            0.46016621589660645,
            3.7646090984344482
        ],
        [
            -7.022867679595947,
            0.9497696757316589,
