{
    "collision_depths": [
        0.10568146023483178,
        0.09568146023483268,
        0.13560458365306852,
        0.12600277639064125,
        0.15018616556968029,
        0.14509148745577288,
        0.134681917879928,
        0.05439586573102884,
        0.14235345051554885,
        0.07654230363799215,
        0.08674316320247932,
        0.11421506559657757,
        0.07647106160496635,
        0.21262768798227102,
        0.17087091958898146,
        0.08922566610040546,
        0.1754767827862176,
        0.20159319012908083,
        0.11972572939863654,
        0.18942441336677618,
        0.12718982961597813,
        0.19741122507179473,
        0.1054083250785311,
        0.14965181162256655,
        0.08384641424332491,
        0.024469836961656454,
        0.024342249346753792,
        0.09005862828747502,
        0.07040248060315873,
        0.17608768026897942,
        0.18608768026897976,
        0.02582423226349406,
        0.007861263677270192,
        0.025032113473761188,
        0.009541814607696328,
        0.02186444448720227,
        0.028503460959773873,
        0.027992864077190167,
        0.003664707935081207,
        0.02104453888518181,
        0.02600254387318992,
        0.026283336641460077,
        0.002018880459045855,
        0.02283033741191588,
        0.0006582999858297373,
        0.011707674169760816,
        0.24835034485385077,
        0.23835034485384884,
        0.11020221036100407,
        0.10020221036100307,
        0.12000379249342592,
        0.11000379249342403,
        0.00289952847200569,
        0.006227501215360294,
        0.032914497065404974,
        0.03136543647263952,
        0.0031178458983812814,
        0.038135279042592334,
        0.028135279042590444,
        0.02170767416976271,
        0.0035905060500995337,
        0.013590506050101429,
        0.012338711223317474,
        0.009212188502834943,
        0.001841307564615482,
        0.1957545934994573,
        0.20575459349945618,
        0.14585779329389983,
        0.042888288349412176
    ],
    "collision": true,
    "joint_limit_violation": true,
    "self_collision": true,
    "physical_violations": true,
    "config_smoothness": -4.354340303318177,
    "eff_smoothness": -4.860991750221769,
    "eff_position_path_length": 141.63174882561069,
    "eff_orientation_path_length": 6273.408560679644,
    "physical_success": false,
    "time": 5.241714239120483,
    "num_steps": 51,
    "trajectory_w": [
        [
            -0.8766381144523621,
            -6.728933811187744,
            1.5634255409240723,
            0.0,
            0.0,
            0.0,
            0.0,
            0.0,
            0.0,
            0.0
        ],
        [
            -1.5681062936782837,
            -6.615495681762695,
            2.043405294418335,
            -1.1381006240844727,
            -0.5425379276275635,
            1.4409706592559814,
            -1.0143582820892334,
            1.575892686843872,
            -1.2859745025634766,
            0.2076094150543213
        ],
        [
            -2.7217423915863037,
            -7.126212120056152,
            2.503676652908325,
            -2.1610701084136963,
            -1.1539098024368286,
            2.622853994369507,
            -1.6387531757354736,
            3.0048654079437256,
            -2.4027929306030273,
            0.540416955947876
        ],
        [
            -2.236971378326416,
            -6.424034595489502,
            2.9375975131988525,
            -3.0319643020629883,
            -1.8240976333618164,
            3.45530104637146,
            -1.7080628871917725,
            4.1988525390625,
            -3.2817978858947754,
            1.0533325672149658
        ],
        [
            -2.756270170211792,
            -6.867978572845459,
            3.3397133350372314,
            -3.7846527099609375,
            -2.4732823371887207,
            4.030092239379883,
            -1.334280252456665,
            5.186073303222656,
            -3.9511842727661133,
            1.6967575550079346
        ],
        [
            -1.2941035032272339,
            -8.967630386352539,
            2.7062113285064697,
            -2.895587682723999,
            -0.6233522891998291,
            1.9373977184295654,
            3.1735103130340576,
            3.6103932857513428,
            -1.6326403617858887,
            2.338562250137329
        ],
        [
            0.746303379535675,
            -12.790185928344727,
            0.5499053001403809,
            -0.7392172813415527,
            1.174830675125122,
            0.8728358745574951,
            1.5557401180267334,
            5.187675476074219,
            -2.3838729858398438,
            -1.3618837594985962
        ],
        [
            1.6912035942077637,
            -15.303598403930664,
            -0.9589221477508545,
            2.2751858234405518,
            -1.706836223602295,
            0.4165198802947998,
            -2.6334729194641113,
            7.668031692504883,
            -4.463265895843506,
            -4.140549659729004
        ],
        [
            0.5545913577079773,
            -15.416970252990723,
            -1.5861620903015137,
            4.104213714599609,
            -2.2800300121307373,
            -0.11892890930175781,
            -4.226075649261475,
            7.227168083190918,
            -3.410644292831421,
            -2.0329647064208984
        ],
        [
            -1.2465934753417969,
            -14.352682113647461,
            0.9136340618133545,
            3.319460153579712,
            -0.28923237323760986,
            -0.7651288509368896,
            -5.953042030334473,
            5.5302886962890625,
            -0.9826877117156982,
            1.4251630306243896
        ],
        [
            -2.295621395111084,
            -13.491375923156738,
            4.51091194152832,
            -1.1207988262176514,
            2.371027708053589,
            -0.24952363967895508,
            -5.374647617340088,
            4.490015029907227,
            2.2137463092803955,
            3.7845208644866943
        ],
        [
            -2.416423797607422,
            -13.121593475341797,
            5.748087406158447,
            -5.207695960998535,
            2.3817389011383057,
            1.4388859272003174,
            -4.561833381652832,
            3.9859368801116943,
            -0.07177901268005371,
            3.047518491744995
        ],
        [
            -2.5483920574188232,
            -12.938948631286621,
            5.426536560058594,
            -6.336456775665283,
            1.6994705200195312,
            0.8735272884368896,
            -4.751990795135498,
            3.95192551612854,
            -2.9655632972717285,
            0.8045732975006104
        ],
        [
            -3.843409538269043,
            -12.125531196594238,
            3.530806303024292,
            -3.64921236038208,
            -0.7785553932189941,
            -0.48503589630126953,
            -3.4070205688476562,
            5.3627729415893555,
            -4.007905960083008,
            0.20272040367126465
        ],
        [
            -6.214935302734375,
            -10.697064399719238,
            1.7128710746765137,
            -0.6059002876281738,
            -0.6023873090744019,
            0.47738218307495117,
            -1.818357229232788,
            4.716592788696289,
            -4.112936973571777,
            1.9258568286895752
        ],
        [
            -8.398573875427246,
            -8.949645042419434,
            2.272961378097534,
            -0.5849201679229736,
            -0.8005846738815308,
            2.1839706897735596,
            -2.6220896244049072,
            3.606839895248413,
            -2.7104434967041016,
            3.4431374073028564
        ],
        [
            -8.463356971740723,
            -7.813608169555664,
            3.828997850418091,
            -3.1776585578918457,
