{
    "collision_depths": [
        0.019771647732731785,
        0.020499921259754864,
        0.00017265228058133223,
        0.01008943777277509,
        0.03329293162813259,
        0.0393420906531296,
        0.02811371997132936,
        0.016556273747801078,
        0.0404336002909349,
        0.019658688756406407,
        0.045205879778349965,
        0.02539665205553947,
        0.024717542191949982,
        0.01012432949405825,
        0.009557915433193228,
        0.07022535550331784,
        0.051871051246347354,
        0.06436922432204792,
        0.01064856047266766,
        0.020111231414662478,
        0.11836222200713523,
        0.005206162471687475,
        0.06004955632646563,
        0.05057920660680337,
        0.059905463023756024,
        0.051605436706166574,
        0.05172158908761252,
        0.003581372875049757,
        0.03300563476596853,
        0.03568299677736596,
        0.022511471551016158,
        0.021087667071567878,
        0.022033066193079716,
        0.03802182832822925,
        0.027933332701230724,
        0.004413779426161548,
        0.0038768272400457513,
        0.04192644018225053,
        0.039512891679508964,
        0.09047468543680934,
        0.012523896785626244,
        0.15301845250379337,
        0.05310164712183347,
        0.0672766939493336
    ],
    "collision": true,
    "joint_limit_violation": true,
    "self_collision": true,
    "physical_violations": true,
    "config_smoothness": -4.069458327036075,
    "eff_smoothness": -4.552544244371686,
    "eff_position_path_length": 144.81368019049057,
    "eff_orientation_path_length": 6383.891544231102,
    "physical_success": false,
    "time": 5.32559871673584,
    "num_steps": 51,
    "trajectory_w": [
        [
            -5.604093074798584,
            -5.37080192565918,
            -1.5684843063354492,
            0.0,
            0.0,
            0.0,
            0.0,
            0.0,
            0.0,
            0.0
        ],
        [
            -9.155954360961914,
            -6.202052116394043,
            -1.0565173625946045,
            -1.4379314184188843,
            1.8770387172698975,
            1.5316040515899658,
            -0.44185423851013184,
            0.9729092121124268,
            -0.03484296798706055,
            -0.7114381790161133
        ],
        [
            -11.045439720153809,
            -7.444952011108398,
            -0.5112388134002686,
            -2.786168098449707,
            3.360830545425415,
            2.8159453868865967,
            -0.8921539783477783,
            1.8954522609710693,
            -0.07771897315979004,
            -1.3276817798614502
        ],
        [
            -13.1210298538208,
            -7.033240795135498,
            0.0869591236114502,
            -4.025739669799805,
            4.404163360595703,
            3.7926580905914307,
            -1.352664828300476,
            2.742981195449829,
            -0.18120074272155762,
            -1.8104619979858398
        ],
        [
            -13.658175468444824,
            -7.353819370269775,
            0.7516167163848877,
            -5.237991809844971,
            5.193826675415039,
            4.58064079284668,
            -1.8330490589141846,
            3.5277493000030518,
            -0.3782740831375122,
            -2.1854496002197266
        ],
        [
            -9.361005783081055,
            -3.7138617038726807,
            2.916836738586426,
            -7.280036926269531,
            4.74803352355957,
            4.565359115600586,
            -2.4606127738952637,
            3.4150068759918213,
            -2.2065718173980713,
            -1.0889616012573242
        ],
        [
            -5.4769206047058105,
            -2.140366315841675,
            5.0129804611206055,
            -6.799810409545898,
            4.546933174133301,
            6.049647331237793,
            -0.5759317874908447,
            2.2911884784698486,
            -1.4816100597381592,
            -0.16218066215515137
        ],
        [
            -5.474818229675293,
            -4.45548152923584,
            4.1428422927856445,
            -2.4708218574523926,
            3.046452283859253,
            5.169843673706055,
            -0.3505077362060547,
            0.43328332901000977,
            -1.8483555316925049,
            -1.518861174583435
        ],
        [
            -8.967487335205078,
            -9.044588088989258,
            2.1801111698150635,
            1.5663740634918213,
            2.7764217853546143,
            2.4483134746551514,
            -0.8835065364837646,
            -0.3006432056427002,
            -4.8708648681640625,
            -2.518820285797119
        ],
        [
            -11.850190162658691,
            -12.038420677185059,
            1.526970624923706,
            1.6208465099334717,
            2.1940362453460693,
            1.7715322971343994,
            1.9055593013763428,
            1.1577880382537842,
            -4.82816219329834,
            -0.8761007785797119
        ],
        [
            -11.909627914428711,
            -12.280933380126953,
            1.1339142322540283,
            -0.8779940605163574,
            0.5644240379333496,
            2.877955675125122,
            2.2553322315216064,
            4.033174514770508,
            -6.568296432495117,
            0.6217126846313477
        ],
        [
            -8.938240051269531,
            -11.025519371032715,
            0.571941614151001,
            -0.5159752368927002,
            -0.6255065202713013,
            4.840188980102539,
            0.7654664516448975,
            3.041233777999878,
            -4.756207466125488,
            0.5557870864868164
        ],
        [
            -4.57989501953125,
            -8.952872276306152,
            1.655775785446167,
            1.5947115421295166,
            2.012188673019409,
            5.821239471435547,
            0.29381775856018066,
            0.4131126403808594,
            -0.7432177066802979,
            -0.7657382488250732
        ],
        [
            -1.7594249248504639,
            -6.700667858123779,
            1.9172084331512451,
            0.7765769958496094,
            3.6063315868377686,
            4.8320770263671875,
            -0.16769003868103027,
            0.3339371681213379,
            0.08442091941833496,
            -0.46922874450683594
        ],
        [
            -0.3443209230899811,
            -4.756256580352783,
            -0.5723040103912354,
            -2.1899962425231934,
            2.7865235805511475,
            3.674752950668335,
            -0.9690955877304077,
            2.5012075901031494,
            -2.617004871368408,
            2.609243154525757
        ],
        [
            0.4784069061279297,
            -3.122114896774292,
            -0.955284833908081,
            -3.784670829772949,
            3.044398546218872,
            2.3816978931427,
            -1.2969108819961548,
            5.699357032775879,
            -1.7323768138885498,
            5.2693681716918945
        ],
        [
            -1.035994529724121,
            -3.742182731628418,
            1.2064025402069092,
            -3.3804824352264404,
            3.391380548477173,
            2.8584415912628174,
            -2.6521244049072266,
            7.141354560852051,
            2.069084405899048,
            3.5213983058929443
        ],
        [
            -4.802950382232666,
            -7.0220818519592285,
            2.5904808044433594,
            -1.859170913696289,
            0.6344854831695557,
            4.535944938659668,
            -2.3975212574005127,
            5.947498321533203,
            1.824652910232544,
            -1.4656423330307007
        ],
        [
            -8.74057388305664,
            -10.725419998168945,
            1.7623560428619385,
            -3.5373778343200684,
            0.08135032653808594,
            6.251943588256836,
