{
    "collision_depths": [
        0.08459983311561911,
        0.031221513919947496,
        0.20750405991588977,
        0.09964407933954872,
        0.00819289073209203,
        0.17524718712551673,
        0.18524718712551658,
        0.04394132169682275,
        0.004045639367704301,
        0.017522692072397428,
        0.12389693624523213,
        0.1452774543627111,
        0.14406221104248873,
        0.13090001367726067,
        0.10018760544733196,
        0.061119083772963594,
        0.0870719956701248,
        0.07877265104536235,
        0.04492304576217043,
        0.007112320780580772,
        0.03888652149389171,
        0.0862908673710614,
        0.06853627458100398,
        0.0551991613111249,
        0.00613674012887766,
        0.14479079012695562,
        0.3006486120660191,
        0.2656485841084261,
        0.027298944231815954,
        0.05991526557547659,
        0.024915237618052914,
        0.10375169076910493,
        0.03330134558616406,
        0.055619309992485606,
        0.05492686578113093,
        0.043745498697126295,
        0.028228045777445046,
        0.27477668380459885,
        0.02787355630419975
    ],
    "collision": true,
    "joint_limit_violation": true,
    "self_collision": true,
    "physical_violations": true,
    "config_smoothness": -3.96803157825696,
    "eff_smoothness": -4.620316845698731,
    "eff_position_path_length": 133.3551828266436,
    "eff_orientation_path_length": 6260.346361250053,
    "physical_success": false,
    "time": 5.067921161651611,
    "num_steps": 51,
    "trajectory_w": [
        [
            -8.110434532165527,
            -8.891828536987305,
            -0.6938371658325195,
            0.0,
            0.0,
            0.0,
            0.0,
            0.0,
            0.0,
            0.0
        ],
        [
            -10.211095809936523,
            -4.593697547912598,
            0.5988204479217529,
            -1.678753137588501,
            -0.7235690355300903,
            1.0047123432159424,
            0.7371644973754883,
            1.8541266918182373,
            0.36310768127441406,
            -0.2552366256713867
        ],
        [
            -10.773473739624023,
            -1.0196256637573242,
            1.7389304637908936,
            -3.2674202919006348,
            -1.2358508110046387,
            1.9094183444976807,
            1.464428186416626,
            3.5014288425445557,
            0.631244421005249,
            -0.4791445732116699
        ],
        [
            -12.494693756103516,
            1.3659101724624634,
            2.6380321979522705,
            -4.738163948059082,
            -1.4761462211608887,
            2.6895382404327393,
            2.1767489910125732,
            4.876401901245117,
            0.6864778995513916,
            -0.6507713794708252
        ],
        [
            -12.423055648803711,
            3.4337897300720215,
            3.3165292739868164,
            -6.134255409240723,
            -1.53744375705719,
            3.382237672805786,
            2.86328387260437,
            6.056796073913574,
            0.47374773025512695,
            -0.7677912712097168
        ],
        [
            -10.840241432189941,
            2.0587334632873535,
            0.8120405673980713,
            -6.45903205871582,
            -0.5402183532714844,
            2.821204423904419,
            2.854606866836548,
            4.888036727905273,
            -4.693037033081055,
            -0.07813191413879395
        ],
        [
            -8.592216491699219,
            0.6646565198898315,
            -0.6746306419372559,
            -4.970068454742432,
            0.5960831642150879,
            0.7277090549468994,
            3.5473172664642334,
            3.7069742679595947,
            -4.494326114654541,
            -0.7527179718017578
        ],
        [
            -6.290292739868164,
            -0.2631114423274994,
            -1.8178980350494385,
            -0.0019571781158447266,
            0.16987252235412598,
            -1.0778040885925293,
            3.1118557453155518,
            2.683112859725952,
            -0.40971839427948,
            -0.7535059452056885
        ],
        [
            -6.919105052947998,
            0.16590911149978638,
            -2.2390382289886475,
            3.4873406887054443,
            -0.8874868154525757,
            0.05696582794189453,
            1.657611608505249,
            3.0288078784942627,
            -0.8100956678390503,
            -0.7767748832702637
        ],
        [
            -8.272750854492188,
            1.3128818273544312,
            -1.0092039108276367,
            2.3484151363372803,
            0.31998252868652344,
            1.8270843029022217,
            -0.15492701530456543,
            5.209439277648926,
            -2.5912270545959473,
            -0.49556875228881836
        ],
        [
            -8.755865097045898,
            1.828206181526184,
            1.8052332401275635,
            -0.6371495723724365,
            0.8687982559204102,
            2.081880807876587,
            0.6159694194793701,
            6.412227630615234,
            0.40175747871398926,
            -1.1429033279418945
        ],
        [
            -7.896763801574707,
            1.154520034790039,
            1.1770870685577393,
            0.0071790218353271484,
            1.2890880107879639,
            1.0554649829864502,
            2.006723165512085,
            4.659272193908691,
            2.577427625656128,
            -1.7671719789505005
        ],
        [
            -6.915761470794678,
            -0.2817462682723999,
            -1.4025251865386963,
            3.0486390590667725,
            -1.132030963897705,
            0.9401156902313232,
            3.0716235637664795,
            2.2326834201812744,
            -0.405678391456604,
            -0.31387996673583984
        ],
        [
            -8.108304023742676,
            -1.1220594644546509,
            -2.533188819885254,
            3.1555392742156982,
            -3.0230932235717773,
            0.6349687576293945,
            1.88993239402771,
            1.165132761001587,
            -4.664475917816162,
            1.5013859272003174
        ],
        [
            -11.360547065734863,
            -2.016115188598633,
            -1.6709725856781006,
            -0.36082935333251953,
            -3.5162503719329834,
            -0.834402322769165,
            -2.4184508323669434,
            3.105788469314575,
            -3.580690383911133,
            0.032343149185180664
        ],
        [
            -14.405207633972168,
            -3.5018763542175293,
            1.9299571514129639,
            -3.4567415714263916,
            0.06484222412109375,
            -0.31560492515563965,
            -2.0074424743652344,
            5.098343849182129,
            0.04730105400085449,
            -0.8681657314300537
        ],
        [
            -15.734339714050293,
            -5.2816853523254395,
            5.598966598510742,
            -4.2850446701049805,
            1.4828546047210693,
            1.304353952407837,
            1.403419017791748,
            4.358450889587402,
            1.4251172542572021,
            -0.1925063133239746
        ],
        [
            -15.62278938293457,
            -6.487720966339111,
            7.066405296325684,
            -5.418596267700195,
            0.32475829124450684,
            3.2982308864593506,
            1.3993701934814453,
            2.2366292476654053,
            0.056915283203125,
            0.18813395500183105
        ],
        [
            -14.925997734069824,
            -7.318303108215332,
            6.052705764770508,
            -6.555788516998291,
            -0.7978969812393188,
            3.686171770095825,
            -0.9489686489105225,
            0.42120909690856934,
            0.8981120586395264,
            -1.8570303916931152
        ],
        [
