{
    "collision_depths": [
        0.10730463249022612,
        0.016171188209763866,
        0.015524297552936734,
        0.008488029041863803,
        0.09770669290520123,
        0.11216171169000302,
        0.030976330678767858,
        0.1314462523922762,
        0.029603669725628515,
        0.20036052114187655,
        0.004829026351032748,
        0.03580105916613575,
        0.03746124014885262,
        0.012951337587090935,
        0.028781020292299245,
        0.04919010224438265,
        0.24450420625401592,
        0.02676387702117339,
        0.027054621039702187,
        0.03145096112343989,
        0.011785557198547379,
        0.025795578906719695,
        0.0015746956521829304,
        0.022789353288309434,
        0.1913490342518727,
        0.0132235722856273,
        0.13029764647520997,
        0.12083810363552036,
        0.17491777081025847,
        0.15980172299980222,
        0.2052237136447242,
        0.17548537775925208,
        0.1508639441196767,
        0.14365981522354104,
        0.13080833176035486,
        0.30253431987864465,
        0.3125343198786446,
        0.0021403345243560497,
        0.038807916864367735,
        0.028807916864367514,
        0.045652695129235116,
        0.03565269512923477,
        0.029130950194963343,
        0.019130950194962963,
        0.029052728710066332,
        0.019052728710066108,
        0.10511942048702083,
        0.025132504546694266,
        0.04930697276279889,
        0.22413743085967455,
        0.13415719590154332,
        0.2047085663911255,
        0.09344621192431082,
        0.1447473116426635,
        0.11101230374975511,
        0.02635307808986812,
        0.02501750251302732,
        0.04493981178484146,
        0.03493981178484231,
        0.15224379706933058
    ],
    "collision": true,
    "joint_limit_violation": true,
    "self_collision": true,
    "physical_violations": true,
    "config_smoothness": -4.284015036465738,
    "eff_smoothness": -6.904457933138618,
    "eff_position_path_length": 147.66743029854112,
    "eff_orientation_path_length": 6228.393321141274,
    "physical_success": false,
    "time": 5.046377182006836,
    "num_steps": 51,
    "trajectory_w": [
        [
            -6.258371829986572,
            -6.795358657836914,
            -1.3942080736160278,
            0.0,
            0.0,
            0.0,
            0.0,
            0.0,
            0.0,
            0.0
        ],
        [
            -5.9626312255859375,
            -4.109170436859131,
            -1.0080770254135132,
            -1.4948102235794067,
            0.018415451049804688,
            1.2890193462371826,
            -0.4939703941345215,
            1.4732463359832764,
            0.29924654960632324,
            1.197376012802124
        ],
        [
            -4.911016941070557,
            -2.5631964206695557,
            -0.49461162090301514,
            -2.9061496257781982,
            -0.0021600723266601562,
            2.3896424770355225,
            -0.8401858806610107,
            2.7545878887176514,
            0.7343032360076904,
            2.399627447128296
        ],
        [
            -5.35002326965332,
            -0.6415087580680847,
            0.21150219440460205,
            -4.207450866699219,
            -0.030935049057006836,
            3.268242120742798,
            -0.9919670820236206,
            3.7428414821624756,
            1.3318052291870117,
            3.609217405319214
        ],
        [
            -5.0277791023254395,
            -0.3651863932609558,
            1.0864087343215942,
            -5.434484004974365,
            -0.026645421981811523,
            4.007373809814453,
            -1.0223878622055054,
            4.478363037109375,
            2.0106379985809326,
            4.833098411560059
        ],
        [
            -10.591535568237305,
            -8.381254196166992,
            4.060431480407715,
            -5.638474464416504,
            0.8414895534515381,
            3.408745050430298,
            -0.5549972057342529,
            1.800910234451294,
            1.4063165187835693,
            6.389580726623535
        ],
        [
            -13.305095672607422,
            -14.021153450012207,
            4.503535270690918,
            -5.147622108459473,
            0.014244556427001953,
            1.88857102394104,
            0.7331526279449463,
            0.7966094017028809,
            -2.062711238861084,
            6.302268981933594
        ],
        [
            -11.629143714904785,
            -13.392000198364258,
            2.4011616706848145,
            -4.373445510864258,
            0.33503198623657227,
            1.203298807144165,
            2.2933332920074463,
            2.7333972454071045,
            -4.928881645202637,
            2.4338185787200928
        ],
        [
            -7.326160430908203,
            -8.586139678955078,
            0.4062563180923462,
            -1.6610203981399536,
            -1.4488192796707153,
            1.8021719455718994,
            2.285977602005005,
            4.619635581970215,
            -6.012452602386475,
            -0.21916556358337402
        ],
        [
            -4.677351951599121,
            -3.894629716873169,
            -0.5582238435745239,
            0.7549407482147217,
            -2.8992795944213867,
            3.57857346534729,
            0.8315985202789307,
            5.555927276611328,
            -4.703108787536621,
            1.1924545764923096
        ],
        [
            -6.25438928604126,
            -1.5672167539596558,
            -0.4968069791793823,
            -1.1242990493774414,
            -1.251429796218872,
            4.354437828063965,
            2.159477949142456,
            6.454221725463867,
            -5.064910888671875,
            3.7571098804473877
        ],
        [
            -9.945955276489258,
            -0.5271471738815308,
            -0.6132851839065552,
            -6.124974250793457,
            2.342355489730835,
            3.9102938175201416,
            2.876516580581665,
            8.501940727233887,
            -5.659534454345703,
            4.835132598876953
        ],
        [
            -10.666467666625977,
            -0.03109947219491005,
            -0.22282063961029053,
            -6.247203826904297,
            1.825291395187378,
            3.695277452468872,
            1.5867135524749756,
            8.646384239196777,
            -5.076028823852539,
            4.395072937011719
        ],
        [
            -7.305080890655518,
            0.05639241635799408,
            0.13120949268341064,
            -1.2481986284255981,
            -1.6284756660461426,
            5.358952522277832,
            0.8212323188781738,
            5.7458696365356445,
            -4.949773788452148,
            3.9524528980255127
        ],
        [
            -2.2355198860168457,
            -1.340459942817688,
            -0.437404990196228,
            -1.2361234426498413,
            -2.6498544216156006,
            7.699064254760742,
            1.0473897457122803,
            3.011584997177124,
            -2.9108657836914062,
            2.05121111869812
        ],
        [
            1.120938777923584,
            -3.625016450881958,
            -1.3829151391983032,
            -6.879361152648926,
            -1.699131727218628,
            7.146538734436035,
            3.6284048557281494,
            1.069488763809204,
            -1.7360095977783203,
            -0.14127683639526367
        ],
        [
            1.8444631099700928,
            -4.359658718109131,
            -2.1779675483703613,
            -9.626653671264648,
            1.2439210414886475,
            2.8211939334869385,
            3.605531930923462,
            0.25023508071899414,
            -1.8395111560821533,
            -0.3506958484649658
        ],
        [
            0.6625704169273376,
            -2.714827537536621,
