{
    "collision_depths": [
        0.02288142055357674,
        0.008556520424924097,
        0.033913810528594227,
        0.16333021676874415,
        0.10869837012364175,
        0.008843809099907455,
        0.003159879481925208,
        0.05449543392025801,
        0.04449445492792903,
        0.08335291366301094,
        0.07335361131755451
    ],
    "collision": true,
    "joint_limit_violation": true,
    "self_collision": true,
    "physical_violations": true,
    "config_smoothness": -4.369307341301577,
    "eff_smoothness": -4.9947574171590325,
    "eff_position_path_length": 152.12088699273502,
    "eff_orientation_path_length": 6385.223230916654,
    "physical_success": false,
    "time": 5.147627592086792,
    "num_steps": 51,
    "trajectory_w": [
        [
            -7.55320930480957,
            -8.333308219909668,
            -0.34606561064720154,
            0.0,
            0.0,
            0.0,
            0.0,
            0.0,
            0.0,
            0.0
        ],
        [
            -8.043535232543945,
            -12.525806427001953,
            1.0415517091751099,
            -1.3798707723617554,
            1.6597905158996582,
            1.0366237163543701,
            0.16042780876159668,
            -0.6808328628540039,
            0.14021658897399902,
            1.253929853439331
        ],
        [
            -7.285045146942139,
            -16.00493049621582,
            2.334998846054077,
            -2.441570997238159,
            2.9157979488372803,
            1.7309234142303467,
            0.23130106925964355,
            -1.4569499492645264,
            0.17130446434020996,
            2.525376081466675
        ],
        [
            -8.055636405944824,
            -19.4324893951416,
            3.504828691482544,
            -3.086487293243408,
            3.635474443435669,
            1.9720232486724854,
            0.1850118637084961,
            -2.354658603668213,
            0.04577159881591797,
            3.791071653366089
        ],
        [
            -7.411415100097656,
            -21.508975982666016,
            4.603255271911621,
            -3.4430150985717773,
            3.9533278942108154,
            1.8836190700531006,
            0.06501650810241699,
            -3.320375919342041,
            -0.1946777105331421,
            5.0156660079956055
        ],
        [
            -8.990689277648926,
            -17.779823303222656,
            5.425615310668945,
            -2.1197986602783203,
            0.5291659832000732,
            -1.254022240638733,
            -0.9095096588134766,
            -3.4656825065612793,
            -1.415560245513916,
            4.099954605102539
        ],
        [
            -12.645054817199707,
            -14.020354270935059,
            5.3636322021484375,
            -4.636896133422852,
            1.6894028186798096,
            -1.60402512550354,
            -4.614965438842773,
            -0.01874232292175293,
            -2.799018621444702,
            0.10713410377502441
        ],
        [
            -16.111330032348633,
            -11.476760864257812,
            4.848833084106445,
            -7.638257026672363,
            3.4388654232025146,
            1.3240630626678467,
            -5.324345111846924,
            5.351594924926758,
            -4.741933345794678,
            -2.493089437484741
        ],
        [
            -16.043628692626953,
            -9.761795043945312,
            3.9480276107788086,
            -6.41030216217041,
            2.651517152786255,
            3.576014757156372,
            -3.6957545280456543,
            8.18873119354248,
            -5.280489921569824,
            -2.370203971862793
        ],
        [
            -12.094416618347168,
            -9.029590606689453,
            4.220307350158691,
            -1.5128326416015625,
            2.004229784011841,
            2.6979548931121826,
            -1.908866047859192,
            5.37213134765625,
            -1.4839701652526855,
            -0.6345245838165283
        ],
        [
            -6.586409091949463,
            -9.539407730102539,
            4.877925872802734,
            1.6858704090118408,
            1.9313900470733643,
            0.6892457008361816,
            0.9596412181854248,
            2.272843599319458,
            0.7255465984344482,
            1.8034999370574951
        ],
        [
            -2.9022204875946045,
            -10.470152854919434,
            3.0938990116119385,
            1.6290395259857178,
            2.18645977973938,
            -0.16085219383239746,
            1.7823431491851807,
            1.261425256729126,
            -1.1373353004455566,
            1.0578153133392334
        ],
        [
            -2.555166482925415,
            -10.388551712036133,
            0.7497159242630005,
            -0.5484802722930908,
            2.6853177547454834,
            1.0833666324615479,
            0.6021378040313721,
            2.3603312969207764,
            -2.6519381999969482,
            -0.8552665710449219
        ],
        [
            -4.717121601104736,
            -8.943780899047852,
            0.8049975633621216,
            -4.088296413421631,
            2.7157552242279053,
            3.973491907119751,
            -2.9337961673736572,
            5.164860725402832,
            -3.2848730087280273,
            0.29510068893432617
        ],
        [
            -7.935444355010986,
            -7.548492431640625,
            1.6971079111099243,
            -6.245773792266846,
            3.1242830753326416,
            5.656522750854492,
            -3.7747137546539307,
            5.890689849853516,
            -4.147926330566406,
            0.6436798572540283
        ],
        [
            -10.484665870666504,
            -7.63629674911499,
            0.953137993812561,
            -4.669577598571777,
            3.9634721279144287,
            6.129076957702637,
            -4.191654682159424,
            5.040732383728027,
            -5.434413909912109,
            -0.29158997535705566
        ],
        [
            -10.437152862548828,
            -8.835103034973145,
            1.521487832069397,
            -1.0058329105377197,
            5.951728820800781,
            6.837270736694336,
            -5.91423225402832,
            5.0643157958984375,
            -2.188979148864746,
            0.7770287990570068
        ],
        [
            -8.574814796447754,
            -9.448441505432129,
            2.7580325603485107,
            -1.2750871181488037,
            6.213350296020508,
            5.542847633361816,
            -5.2900471687316895,
            5.533379554748535,
            -0.6949384212493896,
            3.255279779434204
        ],
        [
            -6.468935012817383,
            -8.224790573120117,
            3.4741623401641846,
            -4.6460371017456055,
            6.15177059173584,
            0.8811347484588623,
            -1.5148824453353882,
            3.6728527545928955,
            0.045819997787475586,
            2.5392043590545654
        ],
        [
            -5.618398189544678,
            -6.689065456390381,
            2.700856924057007,
            -5.190524101257324,
            1.8686282634735107,
            -1.7074828147888184,
            0.537837028503418,
            3.4123036861419678,
            -0.8731669187545776,
            -0.24009060859680176
        ],
        [
            -6.730363845825195,
            -8.008458137512207,
            1.9215971231460571,
            -1.5656375885009766,
            0.8264145851135254,
            0.4304502010345459,
            -3.281862735748291,
            5.802767753601074,
            0.27172183990478516,
            -0.8794300556182861
        ],
        [
            -9.346322059631348,
            -11.571840286254883,
            2.818413496017456,
            1.828916311264038,
            0.8101222515106201,
