{
    "collision_depths": [
        0.09106728004865051,
        0.09422385752909075,
        0.14246537215783084,
        0.220530745039935,
        0.2201266151698243,
        0.04148751978681322,
        0.03148751978681295,
        0.049369854122852996,
        0.039369854122855444,
        0.04507037178187437,
        0.03507037178210085,
        0.23011843492056497,
        0.011128782185312396,
        0.24045309717027616,
        0.011238002576359702,
        0.03253893284153436,
        0.1297273554546201,
        0.16947833948394087,
        0.07745379551026012,
        0.06050067688502545,
        0.07528142115128646,
        0.0023336756308733166,
        0.036973465606431236,
        0.09196359692502339,
        0.07366842567970275,
        0.0948071628681045,
        0.02455145847371869,
        0.036905705523197746,
        0.029566098417672753,
        0.024537927544304953,
        0.036634507540297456,
        0.03026182953574292,
        0.11949952928994437,
        0.026016645313917727,
        0.07660160576978713,
        0.00884470079188706,
        0.07111884069443847,
        0.026728689047154936,
        0.005161026442046145,
        0.00618009212452015,
        0.03256000177412811,
        0.014886071516149409,
        0.04778770975390757,
        0.015198600557753423,
        0.010361980161350436,
        0.005427267398790061,
        0.004859064876305984,
        0.006827172564648052,
        0.021915232357488997,
        0.00434845403540224,
        0.001366435359930899,
        0.015005139947678674,
        0.015132986368103543,
        0.011722260582585083
    ],
    "collision": true,
    "joint_limit_violation": true,
    "self_collision": true,
    "physical_violations": true,
    "config_smoothness": -4.194420363761326,
    "eff_smoothness": -6.194844300078198,
    "eff_position_path_length": 147.72061861274017,
    "eff_orientation_path_length": 6153.879825128957,
    "physical_success": false,
    "time": 5.397921323776245,
    "num_steps": 51,
    "trajectory_w": [
        [
            -0.47620803117752075,
            -6.153827667236328,
            1.7389192581176758,
            0.0,
            0.0,
            0.0,
            0.0,
            0.0,
            0.0,
            0.0
        ],
        [
            -1.8239604234695435,
            -8.231287002563477,
            1.6535258293151855,
            0.877953290939331,
            -1.3991888761520386,
            0.8526580333709717,
            -1.0295746326446533,
            1.679945707321167,
            -0.3776664733886719,
            0.6909060478210449
        ],
        [
            -2.07352876663208,
            -10.342106819152832,
            1.529576063156128,
            1.6756131649017334,
            -2.49149227142334,
            1.497314214706421,
            -1.9920070171356201,
            3.234299898147583,
            -0.8035612106323242,
            1.424999475479126
        ],
        [
            -3.52954363822937,
            -10.70531177520752,
            1.344618320465088,
            2.3461081981658936,
            -3.1668174266815186,
            1.8816864490509033,
            -2.888584613800049,
            4.608151435852051,
            -1.3340274095535278,
            2.197862386703491
        ],
        [
            -3.4416401386260986,
            -11.746172904968262,
            1.11405348777771,
            2.910308599472046,
            -3.537710189819336,
            2.102605104446411,
            -3.750906229019165,
            5.843820571899414,
            -1.96220064163208,
            2.9572103023529053
        ],
        [
            1.2028852701187134,
            -10.367427825927734,
            0.4920257329940796,
            2.6370723247528076,
            -1.2851800918579102,
            1.8084852695465088,
            -3.9237990379333496,
            5.128294944763184,
            -3.3752262592315674,
            1.9025661945343018
        ],
        [
            5.619791507720947,
            -10.0781888961792,
            -0.10668981075286865,
            3.0951106548309326,
            -0.6776138544082642,
            3.811049699783325,
            -1.2427186965942383,
            3.784126043319702,
            -3.3327794075012207,
            0.41413259506225586
        ],
        [
            5.716179847717285,
            -11.189740180969238,
            2.1440958976745605,
            0.9946181774139404,
            -0.5099902153015137,
            4.038008689880371,
            1.685373067855835,
            0.9363434314727783,
            -3.3874833583831787,
            0.657120943069458
        ],
        [
            1.2140039205551147,
            -12.642807006835938,
            6.046496391296387,
            -2.5464162826538086,
            2.017153024673462,
            0.9328815937042236,
            1.3682658672332764,
            0.8503444194793701,
            0.7939863204956055,
            0.5391218662261963
        ],
        [
            -4.307498455047607,
            -13.93986988067627,
            6.109341621398926,
            -2.1286168098449707,
            4.146984100341797,
            -0.09402608871459961,
            -1.3451474905014038,
            2.637188196182251,
            3.333690881729126,
            1.7655360698699951
        ],
        [
            -6.800203800201416,
            -14.060284614562988,
            3.516636610031128,
            -0.09345245361328125,
            1.2876012325286865,
            2.4554383754730225,
            -4.045901775360107,
            2.263084650039673,
            -0.26687848567962646,
            3.121752977371216
        ],
        [
            -6.374569892883301,
            -13.666274070739746,
            3.483304738998413,
            0.44508862495422363,
            -1.742081880569458,
            2.572702169418335,
            -5.724573135375977,
            2.0807740688323975,
            -0.4490821361541748,
            1.2638719081878662
        ],
        [
            -4.567785263061523,
            -13.331256866455078,
            4.741827964782715,
            -0.20681548118591309,
            -2.3633322715759277,
            0.7085261344909668,
            -5.248579978942871,
            3.2805140018463135,
            0.96274733543396,
            1.0098917484283447
        ],
        [
            -2.388864040374756,
            -13.150126457214355,
            6.216372489929199,
            -1.588409423828125,
            -1.5572218894958496,
            -0.28702616691589355,
            -1.3643218278884888,
            2.9511163234710693,
            1.9078831672668457,
            2.8765475749969482
        ],
        [
            0.11844996362924576,
            -13.20071029663086,
            6.258213043212891,
            -2.3429970741271973,
            -1.878584861755371,
            -0.27912378311157227,
            1.4555761814117432,
            1.5771534442901611,
            1.2563509941101074,
            2.4916632175445557
        ],
        [
            3.1102383136749268,
            -13.252628326416016,
            4.996626853942871,
            -3.1337008476257324,
            -0.6140795946121216,
            0.6110363006591797,
            -2.543682098388672,
            3.4310948848724365,
            0.34504032135009766,
            1.1183383464813232
        ],
        [
            5.681703090667725,
            -13.493343353271484,
            4.296109199523926,
            -4.166378021240234,
            -1.695542335510254,
            0.8130474090576172,
            -6.643620491027832,
            6.689726829528809,
            -3.2509734630584717,
            0.9944698810577393
        ],
        [
            6.008415699005127,
            -13.9782133102417,
            5.769797325134277,
            -3.584949493408203,
            0.5062496662139893,
            0.456207275390625,
            -9.341606140136719,
            6.335813522338867,
