{
    "collision_depths": [],
    "collision": true,
    "joint_limit_violation": true,
    "self_collision": true,
    "physical_violations": true,
    "config_smoothness": -4.3538553819670005,
    "eff_smoothness": -5.893208227452282,
    "eff_position_path_length": 130.9483371727349,
    "eff_orientation_path_length": 6022.439742306528,
    "physical_success": false,
    "time": 5.093609094619751,
    "num_steps": 51,
    "trajectory_w": [
        [
            -6.73049259185791,
            -6.180576324462891,
            -1.3938409090042114,
            0.0,
            0.0,
            0.0,
            0.0,
            0.0,
            0.0,
            0.0
        ],
        [
            -6.312914848327637,
            -8.19179916381836,
            -0.9008218050003052,
            -0.8744456768035889,
            0.37969493865966797,
            -0.6568613052368164,
            -1.213677167892456,
            1.1952884197235107,
            -0.5786954164505005,
            0.30840134620666504
        ],
        [
            -5.531008720397949,
            -8.519658088684082,
            -0.4235600233078003,
            -1.6231236457824707,
            0.9316821098327637,
            -1.2938405275344849,
            -2.3285176753997803,
            2.388453722000122,
            -0.9504057168960571,
            0.6235110759735107
        ],
        [
            -6.524521827697754,
            -9.474875450134277,
            0.019439339637756348,
            -2.222689628601074,
            1.7455685138702393,
            -1.8468300104141235,
            -3.3394527435302734,
            3.571979284286499,
            -1.0599404573440552,
            0.9599936008453369
        ],
        [
            -7.0360493659973145,
            -9.136743545532227,
            0.40461695194244385,
            -2.757676362991333,
            2.7602627277374268,
            -2.265420436859131,
            -4.317971229553223,
            4.735365867614746,
            -1.0252350568771362,
            1.3436024188995361
        ],
        [
            -11.817061424255371,
            -7.267585277557373,
            -1.3346737623214722,
            -4.5248308181762695,
            5.650172233581543,
            -0.04771614074707031,
            -5.281630039215088,
            4.963849067687988,
            -1.3036738634109497,
            3.381981134414673
        ],
        [
            -13.899088859558105,
            -3.963226556777954,
            -3.2253670692443848,
            -8.31975269317627,
            7.944275856018066,
            -0.33194398880004883,
            -1.863033413887024,
            3.393568754196167,
            -1.392511010169983,
            4.992424964904785
        ],
        [
            -12.536737442016602,
            -1.0746896266937256,
            -2.7322750091552734,
            -8.497133255004883,
            3.6786324977874756,
            -0.14626288414001465,
            2.958401918411255,
            1.5614988803863525,
            1.849982500076294,
            5.012765884399414
        ],
        [
            -10.96613597869873,
            -0.05958031862974167,
            0.20771610736846924,
            -4.289473533630371,
            -2.35392165184021,
            2.5202653408050537,
            3.724435567855835,
            2.582616090774536,
            3.389244794845581,
            2.937199354171753
        ],
        [
            -11.312617301940918,
            -2.827479839324951,
            1.09437096118927,
            -2.4827890396118164,
            -1.9525730609893799,
            4.115734100341797,
            1.332543134689331,
            4.3031415939331055,
            -0.5645939111709595,
            1.7869837284088135
        ],
        [
            -12.30976676940918,
            -8.989052772521973,
            0.5252867937088013,
            -4.136981964111328,
            0.4333469867706299,
            2.7754948139190674,
            -0.11676645278930664,
            2.161250352859497,
            -4.462614059448242,
            2.3834569454193115
        ],
        [
            -12.479178428649902,
            -14.453840255737305,
            0.41898882389068604,
            -6.660965919494629,
            0.30846357345581055,
            -0.3509407043457031,
            -0.4144752025604248,
            -0.8624417781829834,
            -4.66339111328125,
            1.6113545894622803
        ],
        [
            -12.252420425415039,
            -15.821662902832031,
            -0.6773265600204468,
            -8.247475624084473,
            2.4063475131988525,
            -1.4749739170074463,
            -1.9935795068740845,
            -1.3326810598373413,
            -3.004777193069458,
            0.32535791397094727
        ],
        [
            -12.331603050231934,
            -13.74168586730957,
            0.8359581232070923,
            -9.834507942199707,
            6.635251998901367,
            -1.4090054035186768,
            -2.316178321838379,
            -0.558497428894043,
            1.6453440189361572,
            1.1636383533477783
        ],
        [
            -12.90996265411377,
            -9.862227439880371,
            4.365296363830566,
            -10.851634979248047,
            5.069331169128418,
            -1.154141902923584,
            2.1212642192840576,
            -0.8627431392669678,
            4.124528884887695,
            1.8447034358978271
        ],
        [
            -13.636266708374023,
            -6.28933048248291,
            5.190425872802734,
            -9.148757934570312,
            2.568063974380493,
            0.012139558792114258,
            4.479828834533691,
            -0.1730036735534668,
            2.704414129257202,
            1.655055284500122
        ],
        [
            -13.94213581085205,
            -5.193702220916748,
            1.6733051538467407,
            -5.361583232879639,
            1.672917366027832,
            1.1487419605255127,
            2.0170624256134033,
            0.21489286422729492,
            -0.10392129421234131,
            2.2482340335845947
        ],
        [
            -13.782063484191895,
            -6.281375408172607,
            -2.229593276977539,
            -4.998081207275391,
            1.9495031833648682,
            0.8265213966369629,
            -3.2948157787323,
            1.2695415019989014,
            -3.0220015048980713,
            3.5222508907318115
        ],
        [
            -13.560199737548828,
            -7.566671371459961,
            -4.207115650177002,
            -6.548826217651367,
            3.202296018600464,
            0.4861176013946533,
            -4.455603122711182,
            3.600377321243286,
            -4.2601213455200195,
            5.014415740966797
        ],
        [
            -13.301458358764648,
            -8.066390037536621,
            -4.535828590393066,
            -6.750888824462891,
            1.9390432834625244,
            1.2223303318023682,
            -2.8727331161499023,
            4.774467468261719,
            -3.0700032711029053,
            4.008079528808594
        ],
        [
            -13.36872673034668,
            -7.761449813842773,
            -2.0232996940612793,
            -9.077553749084473,
            3.848853349685669,
            2.526278257369995,
            -1.9028327465057373,
            4.015154838562012,
            -2.111048698425293,
            1.0820057392120361
        ],
        [
            -13.703941345214844,
            -7.015748023986816,
            1.5970417261123657,
            -10.42918586730957,
            3.557323694229126,
            4.0378828048706055,
            -0.6334645748138428,
            2.7416670322418213,
            -0.5212531089782715,
            -0.9445254802703857
        ],
        [
            -14.225833892822266,
            -5.954610824584961,
            2.4886913299560547,
            -7.635663032531738,
