{
    "collision_depths": [
        0.012449815904328145,
        0.011200498349382816,
        0.0027885916604005055,
        0.1260709440137982,
        0.062021756741412144,
        0.09982283079624776,
        0.1367168753388276,
        0.0034537436444781193,
        0.02721815357520951,
        0.2869469417978842,
        0.03839596963262663,
        0.24786161758206,
        0.04828785604955156,
        0.0422539625217863,
        0.05042541067426223,
        0.09314517976969945,
        0.007392789230197887,
        0.00023405792443974405,
        0.0025857974931141705,
        0.12891093853299063,
        0.07331278533160365,
        0.08489048690814167,
        0.014601774044857381,
        0.07002587744388805,
        0.02869870046951134,
        0.04254986491064944,
        0.08172054164265831,
        0.01869441825627685,
        0.072733088351015,
        0.01864573333476841,
        0.07502860374127383,
        0.07821729872766793,
        0.0008545332302918094,
        0.0036495048891420833,
        0.3383419725482874,
        0.006005612888057595,
        0.006005612888057594,
        0.008689856588941116,
        0.009345017819480071,
        0.00934511207188815,
        0.06417839491797422,
        0.03207318193167815,
        0.030648089106517756,
        0.029053457675606006,
        0.022406226173638494,
        0.33012932580395493,
        0.08511992661571796,
        0.2528076161560536,
        0.022959220811234964,
        0.12050857025104768
    ],
    "collision": true,
    "joint_limit_violation": true,
    "self_collision": true,
    "physical_violations": true,
    "config_smoothness": -4.4034251120520205,
    "eff_smoothness": -4.370230520198534,
    "eff_position_path_length": 174.9592001594642,
    "eff_orientation_path_length": 6176.46143646446,
    "physical_success": false,
    "time": 5.379696369171143,
    "num_steps": 51,
    "trajectory_w": [
        [
            -4.767823219299316,
            -6.205263614654541,
            -1.7430530786514282,
            0.0,
            0.0,
            0.0,
            0.0,
            0.0,
            0.0,
            0.0
        ],
        [
            -1.4676352739334106,
            -4.377928733825684,
            -1.325231671333313,
            -1.2531683444976807,
            -0.2483060359954834,
            0.13582253456115723,
            -0.933449387550354,
            2.073495626449585,
            -0.6271877288818359,
            -0.13842558860778809
        ],
        [
            2.2668981552124023,
            -1.9539746046066284,
            -0.8422144651412964,
            -2.3304595947265625,
            -0.5596914291381836,
            0.336029052734375,
            -1.6882548332214355,
            3.9775192737579346,
            -1.0809022188186646,
            -0.2601654529571533
        ],
        [
            3.902635335922241,
            -0.7450897097587585,
            -0.2420428991317749,
            -3.180155038833618,
            -0.9754743576049805,
            0.6564126014709473,
            -2.2385799884796143,
            5.625946044921875,
            -1.3088082075119019,
            -0.36927151679992676
        ],
        [
            6.002066135406494,
            0.8256852626800537,
            0.4786030054092407,
            -3.8686838150024414,
            -1.4930758476257324,
            1.0963804721832275,
            -2.695962429046631,
            7.034406661987305,
            -1.3686671257019043,
            -0.47815895080566406
        ],
        [
            -0.7910674214363098,
            -2.8192689418792725,
            2.9963040351867676,
            -3.303624391555786,
            -3.347170352935791,
            3.0651676654815674,
            -3.722536563873291,
            3.9582278728485107,
            0.06989860534667969,
            -0.6508257389068604
        ],
        [
            -8.417130470275879,
            -5.266898155212402,
            3.817812442779541,
            -4.125794410705566,
            -3.0268502235412598,
            3.415428400039673,
            -3.128934383392334,
            1.391549825668335,
            -0.5134391784667969,
            -0.4732193946838379
        ],
        [
            -9.927539825439453,
            -3.8589377403259277,
            3.590819835662842,
            -6.1532440185546875,
            -2.1169772148132324,
            2.296443223953247,
            -3.3014559745788574,
            4.10782527923584,
            -0.8691775798797607,
            0.4108004570007324
        ],
        [
            -5.624686241149902,
            -0.8424017429351807,
            2.356907367706299,
            -7.530135154724121,
            -1.7113006114959717,
            -0.310915470123291,
            -2.843576669692993,
            7.774317741394043,
            -0.8982834815979004,
            2.8194000720977783
        ],
        [
            -1.2502055168151855,
            0.586751401424408,
            1.3239489793777466,
            -6.6486310958862305,
            -0.4697408676147461,
            -3.812136650085449,
            -0.032311201095581055,
            6.981493949890137,
            1.8034858703613281,
            3.5727627277374268
        ],
        [
            0.7811465263366699,
            0.6563805341720581,
            -0.3801325559616089,
            -7.40955924987793,
            0.27907490730285645,
            -4.256158828735352,
            2.405639886856079,
            3.250572919845581,
            -0.38386213779449463,
            1.663177728652954
        ],
        [
            0.6972455382347107,
            0.7229317426681519,
            -0.3598445653915405,
            -8.8975248336792,
            0.8800296783447266,
            -2.2446706295013428,
            2.9580514430999756,
            -0.3718278408050537,
            -0.8648892641067505,
            -1.6304244995117188
        ],
        [
            -0.6479846835136414,
            0.2263251543045044,
            0.13639461994171143,
            -7.696486473083496,
            0.9080255031585693,
            -0.2925543785095215,
            0.17313551902770996,
            -1.574494481086731,
            -1.0396332740783691,
            -3.812406301498413
        ],
        [
            -2.6981616020202637,
            -2.666297674179077,
            -2.296900749206543,
            -4.885784149169922,
            0.6179933547973633,
            2.0751426219940186,
            -2.482835292816162,
            0.08627748489379883,
            -1.7330670356750488,
            -3.009885549545288
        ],
        [
            -5.888323783874512,
            -5.421652317047119,
            -3.3410162925720215,
            -2.3262948989868164,
            -1.4886021614074707,
            4.877041816711426,
            -1.6456772089004517,
            2.911604642868042,
            -3.2502384185791016,
            -0.1904606819152832
        ],
        [
            -9.493189811706543,
            -6.7145676612854,
            -0.7493265867233276,
            -0.7882683277130127,
            -2.5296449661254883,
            6.4763031005859375,
            -2.056765079498291,
            5.471785545349121,
            -3.0401551723480225,
            -0.08252382278442383
        ],
        [
            -12.199630737304688,
            -7.182764053344727,
            2.4512381553649902,
            -2.6935598850250244,
            -1.5652025938034058,
            6.184147834777832,
            -1.9970107078552246,
            7.959198951721191,
            -2.3494949340820312,
            -2.6084368228912354
        ],
        [
            -12.842474937438965,
            -8.27169418334961,
            2.440652370452881,
            -5.659787178039551,
            -1.7303253412246704,
            4.273970603942871,
            0.8643887042999268,
            8.236958503723145,
            -1.7881336212158203,
            -2.0392961502075195
        ],
        [
