{
    "collision_depths": [
        0.11249504371442157,
        0.04988537097084691,
        0.04465001411383532,
        0.01634954095799856,
        0.06706187357503814,
        0.0006745450736961278,
        0.009082813505640785,
        0.008513354906830134,
        0.05712837008109432,
        0.06139620693490257,
        0.06839590029286596,
        0.04470732785117704,
        0.11311329730438209,
        0.0017605344185241695,
        0.013970137366971275,
        0.04532952348352216,
        0.001724958202578263,
        0.07429631282002175,
        0.021365202395854647,
        0.06711722954029803,
        0.07097924051545926,
        0.13353891248885244,
        0.1302513488179714,
        0.03085875098540775,
        0.04794063117183265,
        0.028110780911701907,
        0.09849729823802501,
        0.0004070627422443247,
        0.0023020616022433843,
        0.001736584015833737
    ],
    "collision": true,
    "joint_limit_violation": true,
    "self_collision": true,
    "physical_violations": true,
    "config_smoothness": -3.6943360001316465,
    "eff_smoothness": -3.4682242890463915,
    "eff_position_path_length": 147.35688049513777,
    "eff_orientation_path_length": 6249.250934687103,
    "physical_success": false,
    "time": 5.228501796722412,
    "num_steps": 51,
    "trajectory_w": [
        [
            -12.871170997619629,
            -7.768065452575684,
            0.8696041107177734,
            0.0,
            0.0,
            0.0,
            0.0,
            0.0,
            0.0,
            0.0
        ],
        [
            -12.772613525390625,
            -7.259209156036377,
            -0.014746665954589844,
            -3.7971556186676025,
            0.24707460403442383,
            0.7092859745025635,
            -0.40340304374694824,
            1.654449224472046,
            -1.355468988418579,
            0.0788261890411377
        ],
        [
            -12.515157699584961,
            -8.251380920410156,
            -0.8515429496765137,
            -7.157629013061523,
            0.29436564445495605,
            1.2202069759368896,
            -0.5291681289672852,
            3.19697642326355,
            -2.571159839630127,
            0.1982569694519043
        ],
        [
            -12.35395622253418,
            -7.321931838989258,
            -1.6167933940887451,
            -9.93420124053955,
            0.10386919975280762,
            1.504084825515747,
            -0.2892425060272217,
            4.560003280639648,
            -3.6212072372436523,
            0.36754417419433594
        ],
        [
            -11.953265190124512,
            -7.91159200668335,
            -2.3160481452941895,
            -12.239291191101074,
            -0.21217679977416992,
            1.6696984767913818,
            0.18953204154968262,
            5.759119987487793,
            -4.584352493286133,
            0.5715067386627197
        ],
        [
            -9.635004043579102,
            -8.564249992370605,
            -1.2909035682678223,
            -8.055575370788574,
            -0.15996527671813965,
            1.9607388973236084,
            1.1121432781219482,
            4.251691818237305,
            -5.128098487854004,
            1.602538824081421
        ],
        [
            -6.795973300933838,
            -9.125123023986816,
            2.5041558742523193,
            -5.862192153930664,
            0.2518656253814697,
            3.3206241130828857,
            -1.7916653156280518,
            4.026878356933594,
            -3.5703225135803223,
            4.548173904418945
        ],
        [
            -5.342766284942627,
            -9.560112953186035,
            5.272957801818848,
            -6.097352981567383,
            -0.4848693609237671,
            4.513345718383789,
            -2.740288734436035,
            4.8107757568359375,
            -2.541349172592163,
            5.997647285461426
        ],
        [
            -6.11572790145874,
            -11.150870323181152,
            4.124238967895508,
            -4.589527130126953,
            0.5596249103546143,
            4.956560134887695,
            -0.834604024887085,
            4.871343612670898,
            1.093986988067627,
            3.786186933517456
        ],
        [
            -8.524810791015625,
            -14.757771492004395,
            2.163433313369751,
            -1.8230335712432861,
            2.050010919570923,
            4.174643516540527,
            -2.929326057434082,
            5.899029731750488,
            1.0387418270111084,
            0.11882781982421875
        ],
        [
            -10.97789478302002,
            -17.400327682495117,
            4.042030334472656,
            -1.8226369619369507,
            2.7182252407073975,
            3.9731991291046143,
            -5.624013900756836,
            6.1281328201293945,
            -0.43468189239501953,
            -1.5946699380874634
        ],
        [
            -13.284116744995117,
            -16.424694061279297,
            4.211417198181152,
            -4.254715442657471,
            2.205798864364624,
            2.867408514022827,
            -3.570317268371582,
            4.204483985900879,
            -0.4050353765487671,
            -0.8720059394836426
        ],
        [
            -16.249317169189453,
            -12.104220390319824,
            2.0384247303009033,
            -5.082556247711182,
            0.9842860698699951,
            1.3509557247161865,
            -1.1837120056152344,
            2.621678113937378,
            -0.7609273195266724,
            0.08125567436218262
        ],
        [
            -18.302888870239258,
            -6.727827548980713,
            1.949613332748413,
            -2.5468311309814453,
            0.14708328247070312,
            2.257164239883423,
            0.09136009216308594,
            1.1071155071258545,
            0.8923218250274658,
            0.3403587341308594
        ],
        [
            -18.279281616210938,
            -3.428943395614624,
            2.7049553394317627,
            -2.3072104454040527,
            0.9967353343963623,
            4.106925964355469,
            -1.0025866031646729,
            2.197361707687378,
            2.030710458755493,
            0.2692270278930664
        ],
        [
            -16.812009811401367,
            -3.35079026222229,
            1.3768806457519531,
            -4.851564407348633,
            1.296586275100708,
            4.923540115356445,
            -4.681211471557617,
            4.969141006469727,
            -0.21389532089233398,
            -0.05120110511779785
        ],
        [
            -14.615311622619629,
            -5.295714378356934,
            0.7415530681610107,
            -4.976926803588867,
            1.4346139430999756,
            3.3911359310150146,
            -7.608437538146973,
            4.918018341064453,
            -3.136691093444824,
            -0.6307699680328369
        ],
        [
            -13.28679084777832,
            -6.395360946655273,
            1.6352441310882568,
            -2.3814210891723633,
            -0.4507533311843872,
            1.7503979206085205,
            -7.311155319213867,
            2.550654172897339,
            -3.542698383331299,
            -2.4493930339813232
        ],
        [
            -13.934937477111816,
            -5.7761616706848145,
            2.9565670490264893,
            -2.246962070465088,
            -3.238048553466797,
            2.987168073654175,
            -4.955491065979004,
            2.0110018253326416,
            -1.5695421695709229,
            -3.0296030044555664
        ],
        [
            -14.1508150100708,
            -5.177492141723633,
            5.319375038146973,
            -3.335981845855713,
            -2.1008758544921875,
            4.465635299682617,
            -2.0449352264404297,
            3.100372076034546,
