{
    "collision_depths": [
        0.034151015664083455,
        0.026169461981392743,
        0.009277341391477501,
        0.1661294757363865,
        0.003473845321358507,
        0.016855659455191824,
        0.018276899436791616,
        0.02067792170961072,
        0.07083277610032801,
        0.027803503284770277,
        0.20633367815595285,
        0.2894426924308854,
        0.03057173312098115,
        0.3333300435011034,
        0.28250424072837876,
        0.03743528713030584,
        0.027605996912895135,
        0.021114110662676926,
        0.03731471736963267,
        0.034859074157295014,
        0.3448551329793442,
        0.24083628592017411,
        0.03830000767988899,
        0.01612617444726989,
        0.017670705289511958,
        0.0052730971903934346,
        0.016852274592578393,
        0.018303079513613246,
        0.03327514477432034,
        0.0053738401818742764,
        0.029843052397850504,
        0.02284334339963972,
        0.03321170256143111,
        0.014794051820901667,
        0.025835004646885203,
        0.0400190608119534,
        0.014780542378794323,
        0.002913126572321011,
        0.024465532541452843,
        0.003396737049864729,
        0.0057856039244327745,
        0.02259070219622554,
        0.03846500586921639,
        0.018495312938676702
    ],
    "collision": true,
    "joint_limit_violation": true,
    "self_collision": true,
    "physical_violations": true,
    "config_smoothness": -4.38544495120235,
    "eff_smoothness": -3.5509907352022436,
    "eff_position_path_length": 134.71575087228965,
    "eff_orientation_path_length": 6425.2446498553645,
    "physical_success": false,
    "time": 4.888740539550781,
    "num_steps": 51,
    "trajectory_w": [
        [
            -7.685751438140869,
            -7.236352443695068,
            -0.693682074546814,
            0.0,
            0.0,
            0.0,
            0.0,
            0.0,
            0.0,
            0.0
        ],
        [
            -7.691118240356445,
            -7.060091972351074,
            1.1587971448898315,
            -1.3755548000335693,
            0.6487300395965576,
            1.9293973445892334,
            -0.3847768306732178,
            2.3910715579986572,
            0.18526196479797363,
            1.5197503566741943
        ],
        [
            -7.191938400268555,
            -6.910551071166992,
            2.86436128616333,
            -2.605072021484375,
            1.1218242645263672,
            3.6492326259613037,
            -0.6969850063323975,
            4.585726737976074,
            0.30510997772216797,
            2.901456594467163
        ],
        [
            -9.521066665649414,
            -6.875448226928711,
            4.371893405914307,
            -3.655134439468384,
            1.414778232574463,
            5.115599632263184,
            -0.8692599534988403,
            6.526140213012695,
            0.37132811546325684,
            4.058712959289551
        ],
        [
            -10.446849822998047,
            -6.733681678771973,
            5.737300395965576,
            -4.602830410003662,
            1.6539742946624756,
            6.412694931030273,
            -0.8634285926818848,
            8.262313842773438,
            0.4532153606414795,
            5.023381233215332
        ],
        [
            -11.47566032409668,
            -7.6536545753479,
            5.2929863929748535,
            -5.441015720367432,
            2.9825713634490967,
            4.860628128051758,
            2.9789412021636963,
            6.2491960525512695,
            1.7388336658477783,
            3.9245522022247314
        ],
        [
            -11.435956954956055,
            -8.459198951721191,
            3.347893238067627,
            -6.936180114746094,
            1.4678905010223389,
            -0.13538599014282227,
            3.88905930519104,
            2.9537484645843506,
            -0.309794545173645,
            5.272121429443359
        ],
        [
            -12.31367301940918,
            -8.612059593200684,
            2.2661070823669434,
            -8.175065040588379,
            1.161632776260376,
            -2.585646152496338,
            0.9953742027282715,
            4.025806427001953,
            -0.43644583225250244,
            5.280965805053711
        ],
        [
            -15.075129508972168,
            -8.48960018157959,
            2.180675983428955,
            -7.780805587768555,
            2.02665638923645,
            0.8349506855010986,
            -0.8274356126785278,
            7.919726371765137,
            -0.6718267202377319,
            1.1098525524139404
        ],
        [
            -17.45458984375,
            -8.789732933044434,
            1.5691975355148315,
            -5.546027183532715,
            -1.5227206945419312,
            3.8586342334747314,
            1.0028271675109863,
            9.180747032165527,
            -2.320596218109131,
            -3.8100802898406982
        ],
        [
            -16.865808486938477,
            -9.920158386230469,
            0.141914963722229,
            -1.9064326286315918,
            -3.790078639984131,
            3.236616373062134,
            2.682965040206909,
            6.019330024719238,
            -3.1325578689575195,
            -4.5374298095703125
        ],
        [
            -12.579544067382812,
            -11.497803688049316,
            -1.0941425561904907,
            0.46212148666381836,
            -2.997605323791504,
            4.016628265380859,
            -0.06602311134338379,
            2.2891337871551514,
            0.3188505172729492,
            -0.8864691257476807
        ],
        [
            -7.273780822753906,
            -11.81291675567627,
            -1.3337150812149048,
            0.6781179904937744,
            -2.925191640853882,
            4.942736625671387,
            -1.1220428943634033,
            0.7006359100341797,
            0.2711524963378906,
            1.3522250652313232
        ],
        [
            -3.635862350463867,
            -9.654751777648926,
            0.3165796995162964,
            -0.03472113609313965,
            -3.072604179382324,
            4.268429756164551,
            0.03876662254333496,
            1.4130065441131592,
            -0.7920318841934204,
            -0.5616903305053711
        ],
        [
            -2.119823932647705,
            -7.403501510620117,
            1.778777003288269,
            -1.1950606107711792,
            0.2100083827972412,
            3.311116933822632,
            0.4419128894805908,
            2.8363358974456787,
            2.6554367542266846,
            -0.5560367107391357
        ],
        [
            -1.6652685403823853,
            -7.100921630859375,
            2.188535213470459,
            -2.196843385696411,
            0.4693467617034912,
            2.2335245609283447,
            1.1223180294036865,
            1.65370774269104,
            3.690167188644409,
            3.068679094314575
        ],
        [
            -2.7227399349212646,
            -9.284421920776367,
            3.1782774925231934,
            -4.850837707519531,
            0.4176161289215088,
            -1.2840397357940674,
            -0.30780673027038574,
            0.4781341552734375,
            2.599067449569702,
            6.362723350524902
        ],
        [
            -6.674264430999756,
            -11.489994049072266,
            3.189361095428467,
            -6.855809211730957,
            2.1995394229888916,
            -3.3341312408447266,
            -1.3063050508499146,
            1.6286470890045166,
            0.7763259410858154,
            5.949742317199707
        ],
        [
            -12.817266464233398,
            -10.715001106262207,
            0.7441290616989136,
            -6.304447650909424,
            3.459266424179077,
            -1.5232493877410889,
            -0.05576610565185547,
