{
    "collision_depths": [
        0.04929943657493868,
        0.024582066276775123,
        0.016796054832241326,
        0.027129304369294907,
        0.006869975920381595,
        0.002712598547097368,
        0.027647529926574335,
        0.06240280803400446,
        0.08264477446589244,
        0.009080525439577797,
        0.008687172717816877,
        0.017285254468923855,
        0.020229459103388803,
        0.03912249324561961,
        0.047970111442936496,
        0.019582596442476813,
        0.07236913575769843,
        0.19769087228588436
    ],
    "collision": true,
    "joint_limit_violation": true,
    "self_collision": true,
    "physical_violations": true,
    "config_smoothness": -3.5243547688610595,
    "eff_smoothness": -4.377619242065301,
    "eff_position_path_length": 141.37568980707107,
    "eff_orientation_path_length": 6309.573365122384,
    "physical_success": false,
    "time": 5.078878402709961,
    "num_steps": 51,
    "trajectory_w": [
        [
            -9.474478721618652,
            -9.336901664733887,
            0.17461851239204407,
            0.0,
            0.0,
            0.0,
            0.0,
            0.0,
            0.0,
            0.0
        ],
        [
            -10.915112495422363,
            -10.865574836730957,
            0.9786312580108643,
            -0.3501565456390381,
            -0.155256986618042,
            0.10471963882446289,
            -1.206839680671692,
            1.2445824146270752,
            -0.2873910665512085,
            0.0020601749420166016
        ],
        [
            -10.972314834594727,
            -12.970268249511719,
            1.6388564109802246,
            -0.675532341003418,
            -0.44280362129211426,
            0.12114882469177246,
            -2.278148651123047,
            2.342425584793091,
            -0.7096987962722778,
            0.07162308692932129
        ],
        [
            -12.250798225402832,
            -13.761945724487305,
            2.1023764610290527,
            -1.0144882202148438,
            -0.8830581903457642,
            0.07956242561340332,
            -3.1542153358459473,
            3.226099729537964,
            -1.2682746648788452,
            0.24524402618408203
        ],
        [
            -12.214591979980469,
            -15.193397521972656,
            2.4243345260620117,
            -1.4157886505126953,
            -1.3965941667556763,
            0.07604289054870605,
            -3.8804993629455566,
            3.9326303005218506,
            -1.8586395978927612,
            0.5181055068969727
        ],
        [
            -11.249967575073242,
            -13.24851131439209,
            1.9251503944396973,
            -3.249189853668213,
            -1.391945481300354,
            2.8061797618865967,
            -2.9858238697052,
            2.8345797061920166,
            -0.4159785509109497,
            2.5631983280181885
        ],
        [
            -10.702186584472656,
            -11.616169929504395,
            3.640109062194824,
            -3.0020437240600586,
            -1.3910558223724365,
            5.832247734069824,
            -2.583730936050415,
            3.876755952835083,
            1.4713134765625,
            4.142836570739746
        ],
        [
            -11.786628723144531,
            -11.985215187072754,
            4.715787887573242,
            -0.8110432624816895,
            0.6683506965637207,
            6.038147926330566,
            -4.343132495880127,
            5.899277687072754,
            0.027225017547607422,
            2.9857380390167236
        ],
        [
            -13.799816131591797,
            -13.606163024902344,
            4.8487138748168945,
            -0.8471553325653076,
            2.5863630771636963,
            5.483720779418945,
            -4.771527290344238,
            6.318731307983398,
            -1.4318642616271973,
            0.34066057205200195
        ],
        [
            -14.581108093261719,
            -13.630610466003418,
            2.4612669944763184,
            -3.6332321166992188,
            3.036888837814331,
            5.163277626037598,
            -3.851414680480957,
            6.176227569580078,
            -1.4238922595977783,
            -2.2989182472229004
        ],
        [
            -13.027841567993164,
            -10.633695602416992,
            0.8939306735992432,
            -5.221108436584473,
            0.6079416275024414,
            4.568626403808594,
            -3.0055010318756104,
            5.518641471862793,
            -1.7999365329742432,
            -2.0397114753723145
        ],
        [
            -10.386175155639648,
            -5.987555027008057,
            1.6852517127990723,
            -4.547204494476318,
            -0.00921940803527832,
            5.695162773132324,
            -2.014443874359131,
            3.985036611557007,
            -1.5336880683898926,
            0.2236933708190918
        ],
        [
            -8.523494720458984,
            -3.0926997661590576,
            1.2779560089111328,
            -2.5348989963531494,
            2.0919063091278076,
            6.32008171081543,
            -3.190432071685791,
            3.230242967605591,
            1.6739616394042969,
            0.5258345603942871
        ],
        [
            -8.342018127441406,
            -3.1157023906707764,
            1.1058082580566406,
            -1.1223053932189941,
            1.056577444076538,
            4.9361114501953125,
            -1.5548509359359741,
            1.3956053256988525,
            2.0959513187408447,
            -0.7494659423828125
        ],
        [
            -9.160529136657715,
            -6.254215240478516,
            2.38906192779541,
            -2.531686305999756,
            -1.4055073261260986,
            3.911898374557495,
            1.615081548690796,
            -0.4593851566314697,
            -0.11425447463989258,
            -0.540372371673584
        ],
        [
            -10.104084014892578,
            -10.644820213317871,
            4.247315406799316,
            -5.089974403381348,
            -1.797452688217163,
            3.4361231327056885,
            2.483705759048462,
            -0.6773240566253662,
            -0.5945085287094116,
            0.5854997634887695
        ],
        [
            -10.474531173706055,
            -12.430938720703125,
            3.850405216217041,
            -8.008381843566895,
            0.654956579208374,
            1.8388698101043701,
            -0.04584026336669922,
            0.74550461769104,
            0.2416386604309082,
            0.7915220260620117
        ],
        [
            -10.871411323547363,
            -10.955009460449219,
            1.7132673263549805,
            -8.310028076171875,
            2.23698353767395,
            1.0683410167694092,
            -3.376220226287842,
            3.064422369003296,
            -1.2760558128356934,
            2.812497854232788
        ],
        [
            -11.998021125793457,
            -7.391179084777832,
            1.6887860298156738,
            -5.48415470123291,
            1.340703010559082,
            4.759922027587891,
            -5.335278034210205,
            5.221818923950195,
            -1.4585299491882324,
            5.816957473754883
        ],
        [
            -13.538429260253906,
            -4.5876030921936035,
            1.8590760231018066,
            -1.9049570560455322,
            1.0466985702514648,
            7.346169471740723,
            -6.842536926269531,
            6.970729827880859,
            -2.1974287033081055,
            7.232856750488281
        ],
        [
            -13.482412338256836,
            -3.710573673248291,
            2.0652146339416504,
            -0.6897385120391846,
            -1.4378000497817993,
            6.253811836242676,
            -5.317763328552246,
            6.941830635070801,
