{
    "collision_depths": [
        0.054146487035019154,
        0.0380414119511034,
        0.04769438718543975,
        0.02332575521093405,
        0.051488088730751724,
        0.029981558796122167,
        0.0014895785736380091,
        0.07236669952875785,
        0.002660599162038239,
        0.0002558003910919342,
        0.030012716851498263,
        0.07236902091769813,
        0.22606367600114632,
        0.016637129023794404
    ],
    "collision": true,
    "joint_limit_violation": true,
    "self_collision": true,
    "physical_violations": true,
    "config_smoothness": -4.1216992517268505,
    "eff_smoothness": -5.965272328917759,
    "eff_position_path_length": 109.53732308478685,
    "eff_orientation_path_length": 6141.58714694522,
    "physical_success": false,
    "time": 4.999862909317017,
    "num_steps": 51,
    "trajectory_w": [
        [
            -9.492149353027344,
            -9.301288604736328,
            0.3528461456298828,
            0.0,
            0.0,
            0.0,
            0.0,
            0.0,
            0.0,
            0.0
        ],
        [
            -9.188382148742676,
            -8.557286262512207,
            -0.003679990768432617,
            -2.0606279373168945,
            0.9809081554412842,
            -0.21661615371704102,
            0.693997859954834,
            0.8539206981658936,
            0.014771223068237305,
            0.7911112308502197
        ],
        [
            -8.564362525939941,
            -6.5003252029418945,
            -0.4277491569519043,
            -3.6920173168182373,
            1.6621849536895752,
            -0.46580028533935547,
            1.3049850463867188,
            1.6416079998016357,
            0.21942496299743652,
            1.5856826305389404
        ],
        [
            -8.754408836364746,
            -6.079748630523682,
            -0.9108918905258179,
            -4.719972610473633,
            1.959320306777954,
            -0.7192902565002441,
            1.7551357746124268,
            2.3696110248565674,
            0.6513397693634033,
            2.379783868789673
        ],
        [
            -8.522943496704102,
            -4.522236347198486,
            -1.3824306726455688,
            -5.267477512359619,
            2.0109379291534424,
            -0.9229741096496582,
            2.018120527267456,
            3.0941178798675537,
            1.1794342994689941,
            3.167741537094116
        ],
        [
            -10.87893009185791,
            -6.939517974853516,
            0.527686357498169,
            0.08542585372924805,
            0.5625607967376709,
            1.0865166187286377,
            -1.1594597101211548,
            4.697426795959473,
            0.3215792179107666,
            3.6526167392730713
        ],
        [
            -12.005285263061523,
            -10.0601224899292,
            4.421619415283203,
            2.7220256328582764,
            -1.8539044857025146,
            3.8586132526397705,
            -1.3222832679748535,
            5.150407791137695,
            1.0164117813110352,
            3.5868289470672607
        ],
        [
            -11.577784538269043,
            -12.157029151916504,
            5.577300071716309,
            1.325197458267212,
            -0.9737391471862793,
            5.797476768493652,
            -0.30129027366638184,
            2.5996363162994385,
            0.2370929718017578,
            2.8495538234710693
        ],
        [
            -11.270302772521973,
            -12.488489151000977,
            3.032618761062622,
            -1.8033428192138672,
            2.989337205886841,
            5.741072654724121,
            0.9274215698242188,
            0.2496030330657959,
            -0.9990576505661011,
            1.6602427959442139
        ],
        [
            -12.331212997436523,
            -11.953805923461914,
            0.4942779541015625,
            -5.5596232414245605,
            3.085156202316284,
            1.3458049297332764,
            1.7481591701507568,
            -0.41330885887145996,
            -0.03333473205566406,
            0.08930110931396484
        ],
        [
            -14.059839248657227,
            -12.46298599243164,
            0.30114006996154785,
            -9.371781349182129,
            2.6534759998321533,
            -4.073731422424316,
            0.5491433143615723,
            2.7583491802215576,
            -0.9301283359527588,
            1.0312020778656006
        ],
        [
            -14.9617280960083,
            -13.954901695251465,
            1.8280656337738037,
            -10.522820472717285,
            1.4995713233947754,
            -4.0753278732299805,
            -2.2823643684387207,
            7.364341735839844,
            -4.5997161865234375,
            2.6112091541290283
        ],
        [
            -14.711066246032715,
            -14.80186653137207,
            3.3473002910614014,
            -7.514586448669434,
            0.9717006683349609,
            2.001307725906372,
            -3.1203861236572266,
            8.70523452758789,
            -6.033718109130859,
            2.1992642879486084
        ],
        [
            -13.16179370880127,
            -15.238365173339844,
            3.860834836959839,
            -1.2329962253570557,
            2.568923234939575,
            5.834020614624023,
            -3.9050183296203613,
            7.121888160705566,
            -4.081996917724609,
            3.6889331340789795
        ],
        [
            -11.766815185546875,
            -15.99805736541748,
            1.8731625080108643,
            1.9500586986541748,
            3.306812047958374,
            4.052817344665527,
            -2.319366216659546,
            4.23615837097168,
            -0.08064603805541992,
            4.001521110534668
        ],
        [
            -12.552621841430664,
            -17.270631790161133,
            -0.6101160049438477,
            -1.1076016426086426,
            1.382396936416626,
            -0.338700532913208,
            -2.059574842453003,
            3.669785261154175,
            0.14275622367858887,
            1.377485990524292
        ],
        [
            -14.344765663146973,
            -18.36263656616211,
            -2.385927677154541,
            -5.041088581085205,
            -1.706587553024292,
            -2.102001667022705,
            -3.084557294845581,
            6.266716003417969,
            -2.6035947799682617,
            -1.6291993856430054
        ],
        [
            -15.497918128967285,
            -18.130464553833008,
            -2.1967217922210693,
            -6.421011447906494,
            0.18757176399230957,
            -0.9954895973205566,
            -1.0744678974151611,
            6.815996170043945,
            -0.04170823097229004,
            -1.986578345298767
        ],
        [
            -14.58169937133789,
            -17.261503219604492,
            0.580507755279541,
            -4.40109395980835,
            1.134413480758667,
            0.43501925468444824,
            0.1506342887878418,
            5.915248870849609,
            2.477679967880249,
            -0.7313783168792725
        ],
        [
            -12.199504852294922,
            -17.080738067626953,
            3.8674986362457275,
            -2.0079827308654785,
            1.2342567443847656,
            1.9592230319976807,
            -0.8570959568023682,
            5.122260093688965,
            -0.22434604167938232,
            -0.13257503509521484
        ],
        [
            -11.267912864685059,
            -17.520084381103516,
            6.168215751647949,
            -3.7760009765625,
            1.7687079906463623,
            2.4940850734710693,
            -2.8185904026031494,
            4.919676780700684,
            -4.498471260070801,
            -0.3724486827850342
        ],
        [
            -12.867694854736328,
