{
    "collision_depths": [
        0.07897504952437817,
        0.019898951951842988,
        0.00607532712400137,
        0.025773824739053076,
        0.12845682835740668,
        0.1284568214794321,
        0.009999563659689265,
        0.1877383246148385,
        0.07977548468427237,
        0.14323551368054163,
        0.16748978222703448,
        0.26418478801170886,
        0.07348399580688947,
        0.005599995828939289,
        0.02750355101279948,
        0.03627574609783367,
        0.003571377333232175,
        0.034053002123211766,
        0.0016919195331246417,
        0.010086189468285638,
        0.007450501462225612,
        0.015063836762136042,
        0.18512817996461753,
        0.1851295030349422,
        0.06074997912544149,
        0.1971117252502976,
        0.14404638854543805,
        0.14630164390537484,
        0.1464380812251076
    ],
    "collision": true,
    "joint_limit_violation": true,
    "self_collision": true,
    "physical_violations": true,
    "config_smoothness": -3.3500029767070374,
    "eff_smoothness": -4.559402568193288,
    "eff_position_path_length": 148.1180641971042,
    "eff_orientation_path_length": 6265.929083822441,
    "physical_success": false,
    "time": 5.25408148765564,
    "num_steps": 51,
    "trajectory_w": [
        [
            -7.179073810577393,
            -6.384186744689941,
            -1.0465494394302368,
            0.0,
            0.0,
            0.0,
            0.0,
            0.0,
            0.0,
            0.0
        ],
        [
            -8.02664566040039,
            -6.660366535186768,
            0.12635958194732666,
            -0.026238679885864258,
            0.08577108383178711,
            2.133436918258667,
            0.312971830368042,
            0.10068726539611816,
            -0.38439691066741943,
            0.1313467025756836
        ],
        [
            -7.753169059753418,
            -7.627213001251221,
            1.21770441532135,
            -0.03570365905761719,
            0.13633370399475098,
            4.025958061218262,
            0.8137235641479492,
            0.24262332916259766,
            -0.6761571168899536,
            0.347214937210083
        ],
        [
            -9.079913139343262,
            -8.537527084350586,
            2.1964821815490723,
            -0.07865619659423828,
            0.17285847663879395,
            5.6260786056518555,
            1.572540521621704,
            0.4759688377380371,
            -0.866946816444397,
            0.6817624568939209
        ],
        [
            -9.120201110839844,
            -9.988204956054688,
            3.080528736114502,
            -0.21923470497131348,
            0.2211606502532959,
            7.029293060302734,
            2.498741388320923,
            0.8342993259429932,
            -1.0312485694885254,
            1.1103508472442627
        ],
        [
            -11.974104881286621,
            -12.47991943359375,
            2.7962441444396973,
            -3.3109357357025146,
            0.9593081474304199,
            5.725506782531738,
            3.0440380573272705,
            4.045135498046875,
            -2.384298801422119,
            2.6642820835113525
        ],
        [
            -15.314220428466797,
            -12.830296516418457,
            2.649629592895508,
            -5.804818153381348,
            2.5850565433502197,
            2.56120228767395,
            -0.4527137279510498,
            5.645923614501953,
            -2.6611387729644775,
            3.758559465408325
        ],
        [
            -18.454519271850586,
            -10.392253875732422,
            2.1305270195007324,
            -6.000038146972656,
            6.235766410827637,
            -0.38425540924072266,
            -4.193215370178223,
            4.766199111938477,
            -4.864748954772949,
            3.7184011936187744
        ],
        [
            -18.902355194091797,
            -6.823040962219238,
            1.5518351793289185,
            -3.8648736476898193,
            3.3994252681732178,
            0.25636887550354004,
            -4.6097211837768555,
            4.586170196533203,
            -2.814213752746582,
            4.273336410522461
        ],
        [
            -16.4774112701416,
            -3.9747016429901123,
            2.492475986480713,
            -3.7687554359436035,
            0.9433083534240723,
            3.017510175704956,
            -2.9222776889801025,
            4.243902206420898,
            0.9712345600128174,
            3.33247447013855
        ],
        [
            -11.771615982055664,
            -2.6662864685058594,
            2.50112247467041,
            -5.576436996459961,
            0.5356359481811523,
            3.8524038791656494,
            -1.029050350189209,
            3.0994818210601807,
            2.0874388217926025,
            2.5132029056549072
        ],
        [
            -7.245072841644287,
            -3.2245309352874756,
            -0.17305505275726318,
            -5.01573371887207,
            0.4165010452270508,
            3.295199155807495,
            -1.1654469966888428,
            1.998765230178833,
            1.5336024761199951,
            3.6586453914642334
        ],
        [
            -5.361332416534424,
            -3.276376724243164,
            -2.2277002334594727,
            -1.827838659286499,
            -1.502481460571289,
            3.9982564449310303,
            -1.3494012355804443,
            1.5408656597137451,
            -1.3876020908355713,
            4.875380516052246
        ],
        [
            -5.986420154571533,
            -2.4380815029144287,
            -1.1764165163040161,
            1.32259202003479,
            -1.629448413848877,
            3.860180139541626,
            -0.9770007133483887,
            1.126962423324585,
            -1.3644499778747559,
            5.064698219299316
        ],
        [
            -7.229620456695557,
            -1.574840784072876,
            0.3031197786331177,
            1.056708574295044,
            0.47122788429260254,
            3.481513261795044,
            -1.1940099000930786,
            1.6779730319976807,
            -0.007544279098510742,
            4.944093704223633
        ],
        [
            -7.039276599884033,
            -2.4240188598632812,
            0.5070291757583618,
            -2.2752585411071777,
            3.2025716304779053,
            5.023845672607422,
            -0.0007574558258056641,
            1.2241380214691162,
            -0.40730953216552734,
            3.2583115100860596
        ],
        [
            -5.03278112411499,
            -5.502791881561279,
            0.6610428094863892,
            -2.5879671573638916,
            0.986384391784668,
            4.718144416809082,
            1.863163709640503,
            -1.8119274377822876,
            1.0088746547698975,
            1.4306185245513916
        ],
        [
            -2.919623851776123,
            -8.660041809082031,
            0.24609911441802979,
            -2.375239849090576,
            2.442128896713257,
            3.653656244277954,
            0.41147541999816895,
            -1.9026204347610474,
            -2.187697410583496,
            1.24678635597229
        ],
        [
            -1.685389518737793,
            -9.084386825561523,
            0.6672631502151489,
            -2.967390775680542,
            3.1442410945892334,
            4.176784515380859,
            -2.9885010719299316,
            2.1352121829986572,
            -2.6452829837799072,
            2.0534656047821045
        ],
        [
            -2.291393518447876,
            -7.719523906707764,
            2.1482319831848145,
            -3.957624912261963,
            1.7512915134429932,
            5.6616411209106445,
            -3.8725929260253906,
            4.650087356567383,
            0.6351761817932129,
            2.006150484085083
