{
    "collision_depths": [
        0.26752324937317196,
        0.03004331211455436,
        0.11678110267510958,
        0.0063714132308848445,
        0.11032161622987098,
        0.13130169026655208,
        0.14685608149421253,
        0.06991567737971033,
        0.15959275419929736,
        0.00835108455414466,
        0.03281213468580695,
        0.0007292518569717247,
        0.034420384527774774,
        0.01900438829772855,
        0.06182172045311584,
        0.010506324435478246,
        0.12491077930371411,
        0.11491133863277449,
        0.027391235125563497,
        0.03739221411789788,
        0.012223219719883147,
        0.04555509343423695,
        0.054773526735226334,
        0.017767200164533627,
        0.12044096638219563,
        0.05978978118623738,
        0.2689497599900737,
        0.2908724785964596,
        0.3008724785964591
    ],
    "collision": true,
    "joint_limit_violation": true,
    "self_collision": true,
    "physical_violations": true,
    "config_smoothness": -4.371806768158629,
    "eff_smoothness": -5.099156597303792,
    "eff_position_path_length": 143.82344274873807,
    "eff_orientation_path_length": 5875.362100459294,
    "physical_success": false,
    "time": 4.86917519569397,
    "num_steps": 51,
    "trajectory_w": [
        [
            -5.704129695892334,
            -6.561996936798096,
            -1.5667405128479004,
            0.0,
            0.0,
            0.0,
            0.0,
            0.0,
            0.0,
            0.0
        ],
        [
            -6.248335361480713,
            -3.016122341156006,
            -1.8627090454101562,
            -0.6069185733795166,
            1.1592695713043213,
            -0.2617053985595703,
            -0.9051945209503174,
            1.0043165683746338,
            -0.755889892578125,
            0.39806079864501953
        ],
        [
            -7.713638782501221,
            0.5925149917602539,
            -2.108396053314209,
            -1.154286503791809,
            2.343127489089966,
            -0.5492708683013916,
            -1.6027412414550781,
            1.921255350112915,
            -1.3818719387054443,
            0.7183575630187988
        ],
        [
            -7.994964122772217,
            1.8458207845687866,
            -2.2717292308807373,
            -1.625701665878296,
            3.532574415206909,
            -0.8093612194061279,
            -1.988351583480835,
            2.718780755996704,
            -1.8327528238296509,
            0.9078066349029541
        ],
        [
            -9.012092590332031,
            3.5727334022521973,
            -2.3354415893554688,
            -2.0388550758361816,
            4.668997764587402,
            -0.9631428718566895,
            -2.100572109222412,
            3.426408529281616,
            -2.163738965988159,
            0.9641549587249756
        ],
        [
            -5.970351219177246,
            0.10642462223768234,
            -0.29733967781066895,
            -1.6889432668685913,
            2.613170862197876,
            2.282885789871216,
            1.3859426975250244,
            3.1991021633148193,
            -1.9896183013916016,
            -0.9828832149505615
        ],
        [
            -5.171191692352295,
            -3.2087953090667725,
            0.9769852161407471,
            -2.861290454864502,
            -0.5829111337661743,
            4.931861877441406,
            2.1180779933929443,
            2.8061258792877197,
            -2.5590169429779053,
            -0.5766031742095947
        ],
        [
            -7.215829372406006,
            -5.3321051597595215,
            0.629112958908081,
            -4.433183193206787,
            -1.4620301723480225,
            5.537529945373535,
            1.4629642963409424,
            1.4082186222076416,
            -0.9733792543411255,
            1.5273172855377197
        ],
        [
            -11.167268753051758,
            -5.946737289428711,
            1.018930196762085,
            -4.410380840301514,
            0.49474644660949707,
            4.392746925354004,
            1.938110589981079,
            1.4334123134613037,
            -1.4568426609039307,
            3.2467877864837646
        ],
        [
            -12.818434715270996,
            -5.087822437286377,
            2.34421706199646,
            -2.0631632804870605,
            1.8107659816741943,
            2.376600503921509,
            -0.6922811269760132,
            1.7808268070220947,
            -3.8453903198242188,
            2.806757688522339
        ],
        [
            -10.855280876159668,
            -2.5735957622528076,
            4.197584629058838,
            0.011078357696533203,
            2.5518414974212646,
            2.329312562942505,
            -4.4513020515441895,
            1.0649611949920654,
            -2.094721794128418,
            0.8879058361053467
        ],
        [
            -6.286531448364258,
            0.3663572072982788,
            5.262816905975342,
            -1.298241376876831,
            2.6527750492095947,
            2.6620237827301025,
            -3.854724884033203,
            0.85760498046875,
            2.518404722213745,
            0.38617444038391113
        ],
        [
            -3.143882989883423,
            1.1830394268035889,
            5.459701061248779,
            -4.730800151824951,
            2.4713804721832275,
            2.7525808811187744,
            -0.636013388633728,
            1.5340359210968018,
            3.3221476078033447,
            1.0597026348114014
        ],
        [
            -4.558073043823242,
            1.1081616878509521,
            2.759098529815674,
            -6.371880531311035,
            0.7876389026641846,
            2.6993234157562256,
            -1.036146879196167,
            1.6629908084869385,
            -0.4418625831604004,
            1.2213962078094482
        ],
        [
            -9.082578659057617,
            0.8040064573287964,
            -0.4735729694366455,
            -4.617138862609863,
            -2.1903955936431885,
            2.3955633640289307,
            -4.742827415466309,
            2.8612782955169678,
            -3.419703483581543,
            0.11780762672424316
        ],
        [
            -12.040095329284668,
            0.28937292098999023,
            -0.8373236656188965,
            -1.2217445373535156,
            -2.928683280944824,
            3.7149412631988525,
            -5.8614501953125,
            4.195260047912598,
            -1.1309864521026611,
            -1.1174957752227783
        ],
        [
            -10.867451667785645,
            -1.1109619140625,
            0.3888413906097412,
            -1.4186744689941406,
            -0.08060359954833984,
            5.479611396789551,
            -4.786318778991699,
            3.31531023979187,
            -0.20068657398223877,
            -2.085078239440918
        ],
        [
            -6.541877269744873,
            -3.7476587295532227,
            1.8545386791229248,
            -5.738873481750488,
            1.5729045867919922,
            5.376960754394531,
            -3.3219892978668213,
            1.2447245121002197,
            -0.9745981693267822,
            -2.3905186653137207
        ],
        [
            -2.6718151569366455,
            -6.233767032623291,
            3.0908989906311035,
            -7.079135894775391,
            0.2601926326751709,
            4.664125442504883,
            -2.261322259902954,
            0.6099138259887695,
            -1.0105036497116089,
            -0.7797400951385498
        ],
        [
            -2.3046796321868896,
            -6.099112510681152,
            3.8970322608947754,
            -3.9682188034057617,
            -2.130404233932495,
            5.151003837585449,
            -1.5451048612594604,
            1.66914963722229,
            -0.18121337890625,
