{
    "collision_depths": [
        0.02424137415581117,
        0.031401369206245366,
        0.017249484263742506,
        0.07694210095277401,
        0.03307396112931731,
        0.07440741220608443,
        0.0835734774680594,
        0.068226572767269,
        0.09693391757462946,
        0.08879435932382435,
        0.10295275219452789,
        0.009930132126921433,
        0.05891314375826675,
        0.0025277182292594985,
        0.09587118319171441,
        0.05275875731283142,
        0.054210200051125694,
        0.08050035218700943,
        0.11027048851249854,
        0.023913184697344162,
        0.0918859250534935
    ],
    "collision": true,
    "joint_limit_violation": true,
    "self_collision": true,
    "physical_violations": true,
    "config_smoothness": -4.4399888815779995,
    "eff_smoothness": -5.767798612633853,
    "eff_position_path_length": 139.4774556332165,
    "eff_orientation_path_length": 6482.716522962075,
    "physical_success": false,
    "time": 4.976190567016602,
    "num_steps": 51,
    "trajectory_w": [
        [
            -9.632047653198242,
            -7.751468658447266,
            -0.17024314403533936,
            0.0,
            0.0,
            0.0,
            0.0,
            0.0,
            0.0,
            0.0
        ],
        [
            -10.936532020568848,
            -10.467920303344727,
            1.6727689504623413,
            -0.05065584182739258,
            1.369842290878296,
            0.8564658164978027,
            -2.2796382904052734,
            1.9104492664337158,
            -0.16587507724761963,
            -0.30498623847961426
        ],
        [
            -13.697515487670898,
            -13.908534049987793,
            3.473391532897949,
            -0.14369487762451172,
            2.3592445850372314,
            1.6693675518035889,
            -4.462803840637207,
            3.6991469860076904,
            -0.4200286865234375,
            -0.5659728050231934
        ],
        [
            -15.48852825164795,
            -15.919861793518066,
            5.219940185546875,
            -0.3563227653503418,
            2.9037392139434814,
            2.4639036655426025,
            -6.522067070007324,
            5.33880615234375,
            -0.7967497110366821,
            -0.7786595821380615
        ],
        [
            -18.3392333984375,
            -18.253808975219727,
            6.923545837402344,
            -0.739558219909668,
            3.219470262527466,
            3.288022756576538,
            -8.460833549499512,
            6.882973670959473,
            -1.2605209350585938,
            -0.9692585468292236
        ],
        [
            -19.08528709411621,
            -16.95479393005371,
            7.079097747802734,
            -4.886951923370361,
            4.059142112731934,
            4.834383964538574,
            -6.921969413757324,
            6.989443778991699,
            -2.546706199645996,
            -0.9218769073486328
        ],
        [
            -18.591594696044922,
            -15.785491943359375,
            4.657047271728516,
            -7.3364763259887695,
            4.712454795837402,
            3.7973978519439697,
            -1.861243486404419,
            5.257043838500977,
            -4.009461402893066,
            0.49146270751953125
        ],
        [
            -16.971895217895508,
            -14.676985740661621,
            3.481863498687744,
            -5.726576328277588,
            4.7415008544921875,
            3.1341774463653564,
            0.45842671394348145,
            2.79374098777771,
            -4.864830017089844,
            1.686310052871704
        ],
        [
            -15.364944458007812,
            -12.762463569641113,
            2.61794376373291,
            -3.267721176147461,
            1.967695951461792,
            3.060579538345337,
            2.874800443649292,
            1.2568118572235107,
            -4.583178520202637,
            2.3201239109039307
        ],
        [
            -15.131330490112305,
            -9.743467330932617,
            0.32151615619659424,
            -3.7900257110595703,
            -0.1490464210510254,
            0.2001323699951172,
            3.8608686923980713,
            2.7426607608795166,
            -4.62755012512207,
            1.1958820819854736
        ],
        [
            -15.60802173614502,
            -6.638311862945557,
            -0.5389546155929565,
            -4.287300109863281,
            -1.2927075624465942,
            -2.825045347213745,
            2.9292075634002686,
            3.9745638370513916,
            -2.3036866188049316,
            -2.0223960876464844
        ],
        [
            -15.510143280029297,
            -3.821706771850586,
            1.1918600797653198,
            -3.1085212230682373,
            -0.6841691732406616,
            -2.0527591705322266,
            -0.6408183574676514,
            4.580585479736328,
            -1.2225573062896729,
            -2.8683810234069824
        ],
        [
            -14.43664264678955,
            -2.067493200302124,
            4.195074081420898,
            -3.6838197708129883,
            1.9485352039337158,
            1.671140432357788,
            -4.453270435333252,
            4.627211570739746,
            -3.7214510440826416,
            -0.26607441902160645
        ],
        [
            -12.358841896057129,
            -2.6630425453186035,
            5.551424980163574,
            -5.02980899810791,
            2.3413941860198975,
            3.373356580734253,
            -5.537946701049805,
            2.5735628604888916,
            -4.124682426452637,
            2.702446699142456
        ],
        [
            -10.312423706054688,
            -5.636143207550049,
            4.688899993896484,
            -4.510873794555664,
            2.595154047012329,
            1.3194677829742432,
            -5.678863048553467,
            0.2604362964630127,
            -4.646909713745117,
            2.5499074459075928
        ],
        [
            -9.120949745178223,
            -9.67859935760498,
            4.318179130554199,
            -4.225916385650635,
            1.4907331466674805,
            -0.5457286834716797,
            -2.404815196990967,
            0.6049089431762695,
            -3.1831202507019043,
            0.3406209945678711
        ],
        [
            -8.916573524475098,
            -13.76680850982666,
            4.3087968826293945,
            -4.494806289672852,
            2.3518192768096924,
            -0.8747937679290771,
            1.3864805698394775,
            3.2278401851654053,
            -2.3606362342834473,
            -1.5479708909988403
        ],
        [
            -9.310935974121094,
            -16.181581497192383,
            3.3809561729431152,
            -3.7865331172943115,
            3.0721137523651123,
            0.4587833881378174,
            0.7850198745727539,
            4.477234840393066,
            -3.887573003768921,
            -0.48209142684936523
        ],
        [
            -9.405077934265137,
            -17.258792877197266,
            3.2770285606384277,
            -3.0572688579559326,
            4.651888847351074,
            2.1051647663116455,
            -2.233431577682495,
            3.9840567111968994,
            -3.3107235431671143,
            1.3431479930877686
        ],
        [
            -8.63067626953125,
            -16.9958438873291,
            4.331211090087891,
            -4.987703323364258,
            4.4674530029296875,
            2.8544728755950928,
            -4.203330039978027,
            2.746368646621704,
            -2.0653090476989746,
            -0.7006473541259766
        ],
        [
            -7.504847526550293,
            -15.17435073852539,
            4.631542205810547,
            -8.719183921813965,
            1.4750070571899414,
            1.9966919422149658,
