{
    "collision_depths": [
        0.051191047759159496,
        0.014389380094484736,
        0.029616793675631626,
        0.08701232533424347,
        0.13328412159264552,
        0.05016269081187116,
        0.1456449884067085,
        0.13176210695053725,
        0.09697313539642785,
        0.0898066213919648,
        0.08394756843987701,
        0.13439996770245402,
        0.042075490775384125,
        0.05730603471090893,
        0.051891450803019774,
        0.0592405760943603,
        0.019277883624383905,
        0.07350138678239396,
        0.03788324924139165,
        0.05031627164954565,
        0.09838365920070284,
        0.05995122200451139,
        0.028909896878454175,
        0.09844692727837179,
        0.16351285781930208,
        0.09835065490724941,
        0.060489272201954436,
        0.09856429174861543,
        0.09856431585955104,
        0.027380083592055526,
        0.02192634919086452,
        0.02677719491576306,
        0.007212610622668682,
        0.0315067627387253,
        0.021506762738723775,
        0.08930864816407208,
        0.0793086481640703,
        0.011427173592702488,
        0.02142717359270423,
        0.07677875110806331,
        0.1063916745897301,
        0.1932938532280198,
        0.2032938532280211
    ],
    "collision": true,
    "joint_limit_violation": true,
    "self_collision": true,
    "physical_violations": true,
    "config_smoothness": -4.152314615725432,
    "eff_smoothness": -4.731767984632252,
    "eff_position_path_length": 139.2898872993157,
    "eff_orientation_path_length": 5834.66318652911,
    "physical_success": false,
    "time": 5.344394683837891,
    "num_steps": 51,
    "trajectory_w": [
        [
            -5.1868767738342285,
            -0.35911959409713745,
            -0.1695283204317093,
            0.0,
            0.0,
            0.0,
            0.0,
            0.0,
            0.0,
            0.0
        ],
        [
            -6.662071704864502,
            2.411006450653076,
            0.951718270778656,
            -2.13830828666687,
            -1.0236271619796753,
            0.8241844177246094,
            -0.059484004974365234,
            0.39256882667541504,
            -0.23319995403289795,
            -0.3030259609222412
        ],
        [
            -8.685186386108398,
            3.8427531719207764,
            1.9718011617660522,
            -4.077461242675781,
            -1.6584606170654297,
            1.427062749862671,
            -0.29421162605285645,
            0.7535393238067627,
            -0.36331236362457275,
            -0.5940306186676025
        ],
        [
            -8.781766891479492,
            5.617243766784668,
            2.8228540420532227,
            -5.781372547149658,
            -1.707627773284912,
            1.7010457515716553,
            -0.792826771736145,
            1.101045846939087,
            -0.33708441257476807,
            -0.8507716655731201
        ],
        [
            -10.15361499786377,
            6.474982738494873,
            3.4980740547180176,
            -7.348102569580078,
            -1.2398103475570679,
            1.6790759563446045,
            -1.5019540786743164,
            1.4894068241119385,
            -0.17051219940185547,
            -1.0517358779907227
        ],
        [
            -11.480663299560547,
            6.78523063659668,
            1.0048373937606812,
            -7.95212459564209,
            5.966923713684082,
            -2.796022891998291,
            -3.9845306873321533,
            4.066011428833008,
            1.4381017684936523,
            0.3572990894317627
        ],
        [
            -11.147117614746094,
            6.966485500335693,
            -0.7065809369087219,
            -7.778346061706543,
            7.317584991455078,
            -4.53681755065918,
            -4.12906551361084,
            6.743497848510742,
            -0.5152859687805176,
            1.7182118892669678
        ],
        [
            -8.275839805603027,
            7.005911350250244,
            0.6531800627708435,
            -5.7509613037109375,
            5.899341583251953,
            -3.682852029800415,
            -1.92331862449646,
            6.525208473205566,
            1.9071612358093262,
            2.854746103286743
        ],
        [
            -6.042582035064697,
            5.689089298248291,
            4.682339191436768,
            -3.0954058170318604,
            3.037825345993042,
            -1.2346636056900024,
            -1.9346919059753418,
            4.974569320678711,
            2.955082654953003,
            3.1722095012664795
        ],
        [
            -6.804342746734619,
            3.8535385131835938,
            6.112870693206787,
            -1.341896891593933,
            0.8859210014343262,
            1.1354291439056396,
            -3.261988639831543,
            4.240467071533203,
            0.9104504585266113,
            2.2816684246063232
        ],
        [
            -8.152165412902832,
            3.5983383655548096,
            3.0166945457458496,
            -3.120633840560913,
            1.5849151611328125,
            2.009413003921509,
            -1.7287719249725342,
            3.549708127975464,
            -1.6158547401428223,
            2.0807178020477295
        ],
        [
            -7.537863254547119,
            4.799259662628174,
            1.5589250326156616,
            -4.311217308044434,
            2.3244354724884033,
            0.6575849056243896,
            0.019037723541259766,
            2.4192001819610596,
            1.3180630207061768,
            2.641042947769165
        ],
        [
            -6.683300971984863,
            6.249366760253906,
            2.128274440765381,
            -5.006308555603027,
            2.3092586994171143,
            0.30382323265075684,
            -0.07732224464416504,
            3.162477731704712,
            0.7312545776367188,
            -0.39734649658203125
        ],
        [
            -7.669328689575195,
            7.365396976470947,
            2.648860454559326,
            -5.736783027648926,
            0.9050776958465576,
            -0.1113896369934082,
            -1.4366198778152466,
            1.6378047466278076,
            0.1698446273803711,
            -5.305375099182129
        ],
        [
            -9.760737419128418,
            7.606204509735107,
            2.7618141174316406,
            -5.361865997314453,
            0.8061273097991943,
            0.11601519584655762,
            -1.2470146417617798,
            0.43993520736694336,
            1.5385205745697021,
            -5.5651044845581055
        ],
        [
            -11.215131759643555,
            5.49186372756958,
            3.35496187210083,
            -5.597019195556641,
            -0.25387895107269287,
            1.648754358291626,
            0.334613561630249,
            1.7719776630401611,
            2.1362903118133545,
            -0.8529853820800781
        ],
        [
            -11.862872123718262,
            0.886359691619873,
            4.127267360687256,
            -5.995046138763428,
            0.8152139186859131,
            1.0369203090667725,
            2.582719564437866,
            1.3849995136260986,
            2.417264223098755,
            4.841024398803711
        ],
        [
            -12.10659408569336,
            -3.138864755630493,
            3.378203868865967,
            -3.999150276184082,
            1.969580888748169,
            -3.3947043418884277,
            3.023252248764038,
            -0.6648871898651123,
            -0.7157511711120605,
            6.51683235168457
        ],
        [
            -12.307218551635742,
            -4.152344226837158,
            3.8941619396209717,
            -0.9530942440032959,
            1.4223849773406982,
            -5.212723731994629,
            2.1372382640838623,
            -2.1290762424468994,
