{
    "collision_depths": [
        0.08464925530612648,
        0.1305728235391908,
        0.1620620021024129,
        0.08576554997331233,
        0.09576558698251499,
        0.05263093112455202,
        0.06100757085103114,
        0.060483680391242335,
        0.12777001562605397,
        0.15352736275891454,
        0.2839572457506381,
        0.29395734156195463,
        0.08258095889256606,
        0.14677615579061715,
        0.2409574044042461,
        0.19073913898636582,
        0.17692941885613225,
        0.15500469627395716,
        0.0968953821985996,
        0.059013972383210864,
        0.06257028099165012,
        0.04554691292682128,
        0.0386169336110414,
        0.007447534145405248,
        0.020373643698725456,
        0.0032619538417058115,
        0.002559945817993719,
        0.01937177066285097,
        0.06863617182229113,
        0.013784192946751192,
        0.020417682836608275,
        0.020110746493845845,
        0.04741455180338692,
        0.015082723545766582,
        0.04314781663969559,
        0.03411616390134874,
        0.01583496333923402,
        0.03790359567195756,
        0.051437558162501784,
        0.05679653716589744,
        0.0098782487604958,
        0.015838362218594776,
        0.0003243510775009245,
        0.10287335684732216,
        0.049399379003413894,
        0.10883451921620729,
        0.049382748423888935,
        0.07432871649410615,
        0.015225646444661197,
        0.037544609832813526,
        0.031389585909358385,
        0.020417682836762985,
        0.04646186863874724,
        0.026163504005601038,
        0.1303548019082665,
        0.06992327502498241,
        0.07091087263152604,
        0.04962997594238709,
        0.016194499600831386,
        0.018188857479441153,
        0.020294965280313118,
        0.011238019866290071,
        0.029101592502674526,
        0.027502751262625982,
        0.014802659142737684,
        0.012797994211529277
    ],
    "collision": true,
    "joint_limit_violation": true,
    "self_collision": true,
    "physical_violations": true,
    "config_smoothness": -3.5695058517167877,
    "eff_smoothness": -3.966653097632741,
    "eff_position_path_length": 125.61825711317461,
    "eff_orientation_path_length": 6144.083152561351,
    "physical_success": false,
    "time": 5.333935260772705,
    "num_steps": 51,
    "trajectory_w": [
        [
            -10.541049003601074,
            -8.938895225524902,
            3.139594793319702,
            0.0,
            0.0,
            0.0,
            0.0,
            0.0,
            0.0,
            0.0
        ],
        [
            -10.433588981628418,
            -10.585092544555664,
            3.4530999660491943,
            -0.9362301826477051,
            0.7758996486663818,
            1.572486162185669,
            -1.1867228746414185,
            2.0727908611297607,
            -0.8590325117111206,
            1.7278525829315186
        ],
        [
            -9.140677452087402,
            -13.072281837463379,
            3.8452413082122803,
            -1.775540828704834,
            1.3595585823059082,
            2.8620474338531494,
            -2.2168054580688477,
            3.9229724407196045,
            -1.4056048393249512,
            3.2728798389434814
        ],
        [
            -8.966614723205566,
            -13.804429054260254,
            4.374370098114014,
            -2.4839611053466797,
            1.684105396270752,
            3.7663486003875732,
            -3.0264227390289307,
            5.463618278503418,
            -1.4939250946044922,
            4.552524566650391
        ],
        [
            -7.777688503265381,
            -15.531182289123535,
            5.041555881500244,
            -3.0903449058532715,
            1.8041388988494873,
            4.377076148986816,
            -3.6606674194335938,
            6.752851486206055,
            -1.1986749172210693,
            5.611618995666504
        ],
        [
            -7.9839324951171875,
            -15.605443000793457,
            7.547723770141602,
            -1.9220002889633179,
            -0.2057337760925293,
            1.403611421585083,
            -2.393711566925049,
            4.182366371154785,
            2.833364248275757,
            3.0808265209198
        ],
        [
            -9.226163864135742,
            -13.805680274963379,
            7.106997966766357,
            1.077789545059204,
            0.932837724685669,
            -0.45035791397094727,
            -2.981466770172119,
            1.2680590152740479,
            -0.0471186637878418,
            0.006229877471923828
        ],
        [
            -10.554984092712402,
            -9.470516204833984,
            5.758517265319824,
            4.334141731262207,
            0.7762811183929443,
            1.3830020427703857,
            -1.8537700176239014,
            -0.0321497917175293,
            -0.656682014465332,
            -1.0675263404846191
        ],
        [
            -10.503105163574219,
            -4.5552473068237305,
            4.014455318450928,
            2.9133870601654053,
            -1.6337518692016602,
            4.6349992752075195,
            0.6535770893096924,
            0.5514316558837891,
            -2.4833507537841797,
            1.4667651653289795
        ],
        [
            -9.678299903869629,
            -1.5558501482009888,
            1.7683820724487305,
            -4.161088943481445,
            -0.5707305669784546,
            5.924770355224609,
            -0.6826810836791992,
            2.5354702472686768,
            -5.40092134475708,
            2.2841055393218994
        ],
        [
            -9.528057098388672,
            -1.8387112617492676,
            1.4291359186172485,
            -6.168586730957031,
            2.3006207942962646,
            5.654811859130859,
            -2.786322832107544,
            2.7921221256256104,
            -3.672335386276245,
            1.7790987491607666
        ],
        [
            -10.34478759765625,
            -4.8942646980285645,
            2.5418500900268555,
            -3.7793030738830566,
            1.9357883930206299,
            4.500497817993164,
            -4.501738548278809,
            1.8230712413787842,
            1.1902434825897217,
            2.4065444469451904
        ],
        [
            -11.221597671508789,
            -7.678796768188477,
            1.5215612649917603,
            -1.407015085220337,
            0.6559946537017822,
            3.659254312515259,
            -3.4976871013641357,
            2.86492657661438,
            1.5841445922851562,
            2.5627329349517822
        ],
        [
            -12.5067138671875,
            -7.802310466766357,
            1.2974274158477783,
            1.258469820022583,
            -1.8428751230239868,
            4.126947402954102,
            -1.1513206958770752,
            4.169929504394531,
            -0.5712924003601074,
            1.8218052387237549
        ],
        [
            -14.716509819030762,
            -5.399205207824707,
            4.310265064239502,
            1.2190325260162354,
            -0.5187381505966187,
            4.501669883728027,
            1.070253610610962,
            2.9458796977996826,
            0.9349977970123291,
            3.0619757175445557
        ],
        [
            -16.364337921142578,
            -2.6135854721069336,
            5.773163318634033,
            -0.946037769317627,
            4.610637664794922,
            4.531847953796387,
            -1.3763184547424316,
            3.452552080154419,
            0.681887149810791,
            4.814149856567383
        ],
        [
            -16.45626449584961,
            -1.6094691753387451,
            4.588339328765869,
            -2.5639712810516357,
            4.146274566650391,
            3.9580013751983643,
            -1.5537662506103516,
            4.249747276306152,
