{
    "collision_depths": [
        0.12819692224470894,
        0.0027294909176145106,
        0.1600489739767842,
        0.006436141850600285,
        0.08682807876604663,
        0.08592207656106804,
        0.11752818698189822,
        0.08465460225134837,
        0.11408403848502652,
        0.04356083519242001,
        0.22580611647669313,
        0.17057598426336454,
        0.08790451090718601,
        0.1472541953579899,
        0.01802016350606201,
        0.1063269067967827,
        0.2463768983257361,
        0.26153331058100626,
        0.12012038354489171,
        0.06683533178995735,
        0.08824219170005611,
        0.2067748318914655,
        0.045281981604100414,
        0.12083618373964825,
        0.1180333397627293,
        0.03384583474336328,
        0.04257772252145907,
        0.11773447451345541,
        0.10751604821708081,
        0.018339446677433854,
        0.0031314131407935474,
        0.014636132420085409,
        0.005445754513701844,
        0.0012608721966556932,
        0.0003035156141758501,
        0.005345592923198382,
        0.0070118763563636576,
        0.06245208373500796,
        0.09589271149012178,
        0.10215469558236645,
        0.07640218222228579,
        0.2034893962341291,
        0.17080431436157975,
        0.0931826285053402,
        0.1809133058337997,
        0.009207998224310253,
        0.0053423023925487124,
        0.004401986312559493,
        0.11503903019915221,
        0.028912974896981056,
        0.02832056820386023,
        0.0716335204293297,
        0.339572725179727,
        0.3495727251797265,
        0.05164605890012681,
        0.04164605890012729,
        0.00510799176391053,
        0.009912603561310188,
        0.09319915937747666
    ],
    "collision": true,
    "joint_limit_violation": true,
    "self_collision": true,
    "physical_violations": true,
    "config_smoothness": -4.008680290666933,
    "eff_smoothness": -4.076259230293361,
    "eff_position_path_length": 148.03267013695316,
    "eff_orientation_path_length": 5765.824836202233,
    "physical_success": false,
    "time": 5.230620384216309,
    "num_steps": 51,
    "trajectory_w": [
        [
            -0.5712135434150696,
            -6.175327777862549,
            1.740889549255371,
            0.0,
            0.0,
            0.0,
            0.0,
            0.0,
            0.0,
            0.0
        ],
        [
            1.5360578298568726,
            -7.582053184509277,
            2.9994986057281494,
            -1.2009674310684204,
            0.8930950164794922,
            1.132704496383667,
            -0.6183171272277832,
            2.1437466144561768,
            -0.5384124517440796,
            0.5721909999847412
        ],
        [
            4.335629463195801,
            -7.448282241821289,
            4.214638710021973,
            -2.3699073791503906,
            1.5665552616119385,
            2.0622594356536865,
            -1.2293356657028198,
            3.975393533706665,
            -1.0689880847930908,
            1.1188085079193115
        ],
        [
            5.670038223266602,
            -8.261984825134277,
            5.3575239181518555,
            -3.4988298416137695,
            1.9541327953338623,
            2.7174618244171143,
            -1.8373889923095703,
            5.364898681640625,
            -1.6127607822418213,
            1.627967119216919
        ],
        [
            7.593270778656006,
            -7.632645606994629,
            6.431462287902832,
            -4.594010829925537,
            2.1631672382354736,
            3.1587421894073486,
            -2.4482979774475098,
            6.4030914306640625,
            -2.201616048812866,
            2.0999796390533447
        ],
        [
            5.67909574508667,
            -5.016826629638672,
            6.215644836425781,
            -4.886009216308594,
            1.6280698776245117,
            0.8964431285858154,
            -2.9843430519104004,
            3.5193207263946533,
            -3.965932846069336,
            1.5208017826080322
        ],
        [
            2.0975825786590576,
            -5.1095051765441895,
            5.04151725769043,
            -4.0434746742248535,
            0.9862494468688965,
            -0.5677554607391357,
            -2.6305105686187744,
            3.6242806911468506,
            -3.386964797973633,
            -0.26758527755737305
        ],
        [
            -1.1712363958358765,
            -8.802326202392578,
            3.856794595718384,
            -4.407196044921875,
            -0.2522752285003662,
            -0.6539831161499023,
            -0.483900785446167,
            4.5696916580200195,
            -2.502718448638916,
            -1.2877905368804932
        ],
        [
            -1.6743998527526855,
            -12.644550323486328,
            4.478402137756348,
            -5.656293869018555,
            1.2449061870574951,
            1.6904399394989014,
            1.199063777923584,
            4.984312057495117,
            -0.2914658784866333,
            1.0763003826141357
        ],
        [
            0.4635275602340698,
            -13.853501319885254,
            5.223783493041992,
            -5.3390092849731445,
            1.3129887580871582,
            4.2474365234375,
            1.5158021450042725,
            4.102012634277344,
            -1.8109841346740723,
            4.251070022583008
        ],
        [
            3.3271656036376953,
            -13.153145790100098,
            6.031960487365723,
            -4.324650764465332,
            -0.6318494081497192,
            4.55348014831543,
            0.4161679744720459,
            2.2960927486419678,
            -3.351215362548828,
            4.241100311279297
        ],
        [
            4.368176460266113,
            -12.141075134277344,
            6.88568115234375,
            -3.8715384006500244,
            -1.7099591493606567,
            2.520782709121704,
            -0.8153331279754639,
            0.7181501388549805,
            -2.7619457244873047,
            1.6074540615081787
        ],
        [
            2.4538733959198,
            -12.085869789123535,
            7.362678527832031,
            -2.0176682472229004,
            -0.7777045965194702,
            -0.26998066902160645,
            -2.3386547565460205,
            1.3443706035614014,
            -1.281951904296875,
            -1.0583996772766113
        ],
        [
            -1.5617876052856445,
            -12.953526496887207,
            7.885948181152344,
            -0.4007885456085205,
            1.4892408847808838,
            -0.9602582454681396,
            -1.587369680404663,
            4.034065246582031,
            -0.4734642505645752,
            -0.6324975490570068
        ],
        [
            -5.497786998748779,
            -13.45743465423584,
            8.00035285949707,
            -2.485560417175293,
            3.599358320236206,
            0.6469228267669678,
            -0.6554832458496094,
            4.664735794067383,
            0.6791274547576904,
            0.7067685127258301
        ],
        [
            -7.072262763977051,
            -12.82846736907959,
            5.696112632751465,
            -3.7631118297576904,
            3.0075581073760986,
            3.646733045578003,
            -1.3179092407226562,
            3.2320973873138428,
            -0.35575973987579346,
            1.347374677658081
        ],
        [
            -5.415205478668213,
            -11.98686408996582,
            1.508852481842041,
            -2.7493069171905518,
            -1.5940604209899902,
            4.616053581237793,
            -2.3320868015289307,
            2.525879144668579,
            -1.6845316886901855,
            2.054638624191284
        ],
        [
            -0.24970528483390808,
            -12.295670509338379,
            -1.5161614418029785,
            -2.607600688934326,
