{
    "collision_depths": [
        0.04986427014678414,
        0.059742295289771624,
        0.19087056231671048,
        0.13461533941130252,
        0.1268140912664826,
        0.1283692535582384,
        0.14640862986994913,
        0.12758664776863865,
        0.11758691305511434,
        0.08833814212390331,
        0.10082447968875925,
        0.058741703652118706,
        0.08099302876488194,
        0.04167161103608451,
        0.08912696675906248,
        0.014642628385829463,
        0.08160086480215752,
        0.06108087720458346,
        0.03009210165999326,
        0.020092985012845194,
        0.006631227495011258,
        0.006749298245882774,
        0.0011785237774648352,
        0.005888346117703511,
        0.01627104212258369,
        0.02627202111491924,
        0.017256811220101392,
        0.00725768460764957,
        0.022476257906609537,
        0.012477086631630526,
        0.0018143466238605605,
        0.031028847861106733,
        0.00346854719638495,
        0.021029662763394536,
        0.23640665767101957,
        0.02807918679882565,
        0.009628361821117657,
        0.03774401619291777,
        0.04936372198311699,
        0.0175110603770709,
        0.1577018978635727,
        0.14770091887123668,
        0.05249006914312853,
        0.07111491407735152,
        0.02901551416372435,
        0.06335805980244026,
        0.04692527610534018,
        3.602851427305058e-06,
        0.09106817932275772,
        0.028990125151112295,
        0.008258553935116148,
        0.22865574618869838,
        0.002910607397476011,
        0.10668915179440218,
        0.1335292602067596,
        0.0026123578924867595,
        0.004303187825777049,
        0.04849278022393352,
        0.0026194896306316858,
        0.05733005921283755,
        0.05735030676635819,
        0.021358039771651596,
        0.006772669253746772,
        0.0062104559819852485
    ],
    "collision": true,
    "joint_limit_violation": true,
    "self_collision": true,
    "physical_violations": true,
    "config_smoothness": -3.8771634963350117,
    "eff_smoothness": -4.594344788887728,
    "eff_position_path_length": 131.80162047453751,
    "eff_orientation_path_length": 5788.391997105047,
    "physical_success": false,
    "time": 5.035247802734375,
    "num_steps": 51,
    "trajectory_w": [
        [
            -5.87027645111084,
            -5.768945693969727,
            -1.5681554079055786,
            0.0,
            0.0,
            0.0,
            0.0,
            0.0,
            0.0,
            0.0
        ],
        [
            -4.998018741607666,
            -4.7223005294799805,
            -1.727652668952942,
            -0.9923126697540283,
            -1.267980933189392,
            0.13677978515625,
            0.17383527755737305,
            -0.1520991325378418,
            -1.2436319589614868,
            -0.8776760101318359
        ],
        [
            -5.443102836608887,
            -4.752593517303467,
            -1.8589106798171997,
            -1.9246447086334229,
            -2.324263334274292,
            0.2161242961883545,
            0.25217723846435547,
            -0.2919321060180664,
            -2.108368396759033,
            -1.7128982543945312
        ],
        [
            -5.198027610778809,
            -3.557452917098999,
            -1.9464236497879028,
            -2.8259260654449463,
            -2.9889211654663086,
            0.258162260055542,
            0.20971274375915527,
            -0.40877866744995117,
            -2.461923360824585,
            -2.4838192462921143
        ],
        [
            -6.122306823730469,
            -3.4018428325653076,
            -2.0032520294189453,
            -3.758483409881592,
            -3.2398431301116943,
            0.3203287124633789,
            0.07942867279052734,
            -0.492936372756958,
            -2.450342893600464,
            -3.1865193843841553
        ],
        [
            -8.59957504272461,
            -3.012040376663208,
            -1.9797934293746948,
            -5.981208801269531,
            2.9702908992767334,
            1.7090322971343994,
            -0.8439623117446899,
            0.4868149757385254,
            0.027761220932006836,
            -2.1733620166778564
        ],
        [
            -11.031271934509277,
            -3.0970187187194824,
            -2.9610650539398193,
            -5.113006591796875,
            2.1869962215423584,
            2.6855509281158447,
            -0.37909412384033203,
            1.6829636096954346,
            -1.6715528964996338,
            -0.46501946449279785
        ],
        [
            -11.976495742797852,
            -2.3828792572021484,
            -2.1775875091552734,
            -2.8792052268981934,
            -2.450599193572998,
            3.137096643447876,
            1.6691272258758545,
            1.3742773532867432,
            -3.5916829109191895,
            -0.3409109115600586
        ],
        [
            -11.397510528564453,
            -0.5664567351341248,
            -1.7480601072311401,
            -5.288529872894287,
            1.6918485164642334,
            3.810962438583374,
            0.3527047634124756,
            2.277557611465454,
            -4.290724754333496,
            -1.0298354625701904
        ],
        [
            -9.120291709899902,
            1.2586578130722046,
            -0.6093357801437378,
            -8.401986122131348,
            5.636747360229492,
            3.819624185562134,
            -3.524251937866211,
            3.610161066055298,
            -4.894557952880859,
            1.8193070888519287
        ],
        [
            -4.995859622955322,
            1.8831145763397217,
            1.7806326150894165,
            -9.544867515563965,
            5.669175148010254,
            2.50638747215271,
            -3.306461811065674,
            3.2583205699920654,
            -1.7189905643463135,
            2.825763463973999
        ],
        [
            -0.9684601426124573,
            1.797311544418335,
            5.078873634338379,
            -8.00483512878418,
            2.7939460277557373,
            2.226280450820923,
            -1.721306324005127,
            0.4116199016571045,
            0.35059475898742676,
            -0.1320805549621582
        ],
        [
            0.7620610594749451,
            1.7067639827728271,
            5.489985466003418,
            -4.037555694580078,
            -0.06185650825500488,
            4.668152809143066,
            1.2072358131408691,
            -2.374514579772949,
            1.603389024734497,
            -1.4821363687515259
        ],
        [
            -0.27607229351997375,
            1.8533533811569214,
            3.4601898193359375,
            -2.7617058753967285,
            -1.852770209312439,
            5.980589866638184,
            3.0894901752471924,
            -2.2146244049072266,
            -0.07245707511901855,
            -0.8529300689697266
        ],
        [
            -3.6695716381073,
            1.6863969564437866,
            1.329668641090393,
            -5.282623291015625,
            0.4785318374633789,
            4.447239875793457,
            3.942664384841919,
            -0.04382061958312988,
            0.9388165473937988,
            -1.007552146911621
        ],
        [
            -7.860871315002441,
            0.6024032831192017,
            0.20922338962554932,
            -8.210039138793945,
            4.564929008483887,
            2.8018057346343994,
            3.6886274814605713,
            2.844890832901001,
            1.692694902420044,
            -2.333313465118408
        ],
        [
            -10.271317481994629,
            -1.0743910074234009,
            0.7910023927688599,
            -9.428672790527344,
            3.4898107051849365,
            1.7444202899932861,
            3.3209831714630127,
            3.792511224746704,
