{
    "collision_depths": [
        0.1754123822803246,
        0.21246929448461924,
        0.37958269824683794,
        0.11066116053110425,
        0.10963534788194927,
        0.1644839479171859,
        0.04401254672588695,
        0.22121107927741512,
        0.2522905997435077,
        0.17503206380269198,
        0.1663823912221274,
        0.12838523155620912,
        0.12250440069580949,
        0.11002013949796556,
        0.11112386653236755,
        0.06348816847736327,
        0.04527751827032129,
        0.10533753228106417,
        0.06794908951768827,
        0.05413814852919326,
        0.04850998793978247,
        0.04960255617946044,
        0.08762371207078434,
        0.21464628187398618
    ],
    "collision": true,
    "joint_limit_violation": true,
    "self_collision": true,
    "physical_violations": true,
    "config_smoothness": -4.240787564818921,
    "eff_smoothness": -5.760467721975577,
    "eff_position_path_length": 130.2112362409647,
    "eff_orientation_path_length": 6242.925722106554,
    "physical_success": false,
    "time": 5.057604074478149,
    "num_steps": 51,
    "trajectory_w": [
        [
            -8.88502025604248,
            -8.327398300170898,
            1.3921889066696167,
            0.0,
            0.0,
            0.0,
            0.0,
            0.0,
            0.0,
            0.0
        ],
        [
            -10.27511215209961,
            -10.176063537597656,
            0.7026113271713257,
            -2.181318759918213,
            0.3133983612060547,
            1.3621933460235596,
            0.23155951499938965,
            1.5926930904388428,
            -1.2110978364944458,
            0.9158389568328857
        ],
        [
            -12.272628784179688,
            -12.487374305725098,
            0.10479772090911865,
            -4.145267009735107,
            0.46352052688598633,
            2.584193468093872,
            0.559459924697876,
            3.00117564201355,
            -2.2070906162261963,
            1.766981840133667
        ],
        [
            -12.654069900512695,
            -13.48475170135498,
            -0.35502445697784424,
            -5.806614398956299,
            0.36588287353515625,
            3.6372616291046143,
            0.9828777313232422,
            4.135341644287109,
            -2.9193530082702637,
            2.511772394180298
        ],
        [
            -14.336568832397461,
            -15.068375587463379,
            -0.6835170984268188,
            -7.226398468017578,
            0.07152795791625977,
            4.589255332946777,
            1.4185278415679932,
            5.045737266540527,
            -3.432560920715332,
            3.1457250118255615
        ],
        [
            -16.46588897705078,
            -13.907444953918457,
            1.7634650468826294,
            -5.4982404708862305,
            -1.7836337089538574,
            4.546957015991211,
            0.09099411964416504,
            3.0703227519989014,
            -1.8023749589920044,
            1.4579260349273682
        ],
        [
            -17.40264129638672,
            -13.196284294128418,
            5.530900955200195,
            -4.958993434906006,
            -1.4188194274902344,
            2.4915177822113037,
            -1.0052963495254517,
            2.159421682357788,
            0.8362956047058105,
            -0.5732331275939941
        ],
        [
            -15.761614799499512,
            -13.233026504516602,
            7.710253715515137,
            -6.1971821784973145,
            0.21056842803955078,
            -1.2772735357284546,
            1.3714239597320557,
            -0.31084132194519043,
            3.342102289199829,
            -0.7783055305480957
        ],
        [
            -10.742140769958496,
            -14.100320816040039,
            5.444029808044434,
            -4.256316184997559,
            1.0874931812286377,
            -3.039677858352661,
            1.1942250728607178,
            -0.9295251369476318,
            1.1267952919006348,
            1.337099313735962
        ],
        [
            -4.934614658355713,
            -15.4056978225708,
            3.938796043395996,
            -0.01481771469116211,
            2.377225160598755,
            -1.3766379356384277,
            -5.205517768859863,
            3.8931901454925537,
            -2.2920913696289062,
            2.2824981212615967
        ],
        [
            -1.6226565837860107,
            -15.718992233276367,
            6.435020446777344,
            0.2658352851867676,
            3.15177321434021,
            0.0236968994140625,
            -9.756183624267578,
            6.884442329406738,
            -3.8036136627197266,
            1.0059187412261963
        ],
        [
            -1.189085841178894,
            -14.37302303314209,
            5.2040815353393555,
            -2.3048415184020996,
            2.9141175746917725,
            0.03951430320739746,
            -7.237701416015625,
            4.073138236999512,
            -2.09873628616333,
            -0.5760293006896973
        ],
        [
            -2.3094446659088135,
            -13.948861122131348,
            0.0461277961730957,
            -3.9806971549987793,
            2.506978750228882,
            -0.26518726348876953,
            -3.588104486465454,
            1.3302586078643799,
            -1.0525126457214355,
            -1.3686176538467407
        ],
        [
            -2.843573570251465,
            -15.235499382019043,
            -2.176577091217041,
            -3.1949191093444824,
            -0.09651613235473633,
            -0.15560030937194824,
            -2.5155751705169678,
            2.551448106765747,
            -0.7918429374694824,
            -0.4458274841308594
        ],
        [
            -2.489436626434326,
            -16.658340454101562,
            -0.8575607538223267,
            -2.1146340370178223,
            -2.373619318008423,
            -0.6886591911315918,
            -2.0117673873901367,
            3.8856871128082275,
            -2.194922685623169,
            0.5418076515197754
        ],
        [
            -2.4796671867370605,
            -17.183012008666992,
            1.491012692451477,
            -4.586859703063965,
            -2.093122959136963,
            -1.7359455823898315,
            0.05016779899597168,
            3.7816312313079834,
            -3.7260639667510986,
            0.8202974796295166
        ],
        [
            -3.745859146118164,
            -16.5214900970459,
            2.3696365356445312,
            -6.995251655578613,
            1.6347310543060303,
            -0.865685224533081,
            1.4336678981781006,
            3.87312912940979,
            -2.1816394329071045,
            0.5060727596282959
        ],
        [
            -6.050629615783691,
            -15.268096923828125,
            1.532028079032898,
            -5.536588191986084,
            1.8612239360809326,
            0.8199014663696289,
            -0.3491971492767334,
            3.8062288761138916,
            -2.886488437652588,
            0.4836897850036621
        ],
        [
            -8.48786735534668,
            -14.106983184814453,
            0.5464891195297241,
            -1.7067984342575073,
            3.2095835208892822,
            1.182889699935913,
            -2.606226921081543,
            3.3529975414276123,
            -2.08341121673584,
            0.8601977825164795
        ],
        [
            -9.766804695129395,
            -13.698064804077148,
            0.18059313297271729,
            -0.3156168460845947,
            2.1228153705596924,
            -0.28404951095581055,
            -3.3246212005615234,
            2.0721848011016846,
            -1.7211788892745972,
            0.09329938888549805
        ],
        [
            -8.641007423400879,
            -13.463951110839844,
            1.6490167379379272,
