{
    "collision_depths": [
        0.08903771555184917,
        0.12470919360224968,
        0.0670027787843551,
        0.010818495579026659,
        0.0709088870479039,
        0.061517574008745995,
        0.2411247463541877
    ],
    "collision": true,
    "joint_limit_violation": true,
    "self_collision": true,
    "physical_violations": true,
    "config_smoothness": -4.3380849301358255,
    "eff_smoothness": -5.054347329255102,
    "eff_position_path_length": 146.80941224710645,
    "eff_orientation_path_length": 6311.615188880215,
    "physical_success": false,
    "time": 4.917365074157715,
    "num_steps": 51,
    "trajectory_w": [
        [
            -0.43041449785232544,
            -6.955776214599609,
            1.7428429126739502,
            0.0,
            0.0,
            0.0,
            0.0,
            0.0,
            0.0,
            0.0
        ],
        [
            2.4372127056121826,
            -5.720076560974121,
            1.6335911750793457,
            -1.7076340913772583,
            1.4320602416992188,
            -0.2084965705871582,
            -0.29810452461242676,
            0.10057377815246582,
            -0.8358379602432251,
            1.0622990131378174
        ],
        [
            5.8100080490112305,
            -3.0979390144348145,
            1.5281972885131836,
            -3.402052402496338,
            2.540377378463745,
            -0.4354095458984375,
            -0.5524580478668213,
            0.23715949058532715,
            -1.7677968740463257,
            1.980327844619751
        ],
        [
            7.343922138214111,
            -1.7044636011123657,
            1.4105064868927002,
            -5.113572120666504,
            3.1997592449188232,
            -0.6447403430938721,
            -0.7462085485458374,
            0.4447817802429199,
            -2.8467845916748047,
            2.6875879764556885
        ],
        [
            9.066776275634766,
            0.5874232053756714,
            1.2557084560394287,
            -6.881173610687256,
            3.519055128097534,
            -0.7880568504333496,
            -0.8881402015686035,
            0.7460947036743164,
            -4.027987480163574,
            3.2135326862335205
        ],
        [
            3.6891930103302,
            -1.9251782894134521,
            -0.047014594078063965,
            -8.893861770629883,
            0.711979866027832,
            1.1608250141143799,
            -0.7063050270080566,
            3.123192548751831,
            -5.088861465454102,
            1.0897552967071533
        ],
        [
            -3.0627312660217285,
            -5.1431097984313965,
            -0.468472957611084,
            -6.077295780181885,
            1.248810052871704,
            3.131540060043335,
            -2.4630510807037354,
            3.6269266605377197,
            -3.38059139251709,
            -0.6735184192657471
        ],
        [
            -7.552246570587158,
            -7.067080497741699,
            3.3719868659973145,
            -2.2314648628234863,
            0.9558007717132568,
            3.8716628551483154,
            -3.1668293476104736,
            2.4671242237091064,
            0.470400333404541,
            -0.2893698215484619
        ],
        [
            -8.359993934631348,
            -7.814305782318115,
            5.931685447692871,
            -2.838737964630127,
            1.6889898777008057,
            1.2988851070404053,
            -1.7646949291229248,
            2.6954996585845947,
            1.5875294208526611,
            2.2348835468292236
        ],
        [
            -6.016422748565674,
            -10.112351417541504,
            2.4341907501220703,
            -3.774299144744873,
            0.16306042671203613,
            -2.1806564331054688,
            0.6292605400085449,
            4.300468444824219,
            -1.6711198091506958,
            4.569291114807129
        ],
        [
            -2.9996094703674316,
            -13.415166854858398,
            -1.6821520328521729,
            -2.9654107093811035,
            0.3521113395690918,
            -2.3546206951141357,
            2.090721845626831,
            5.410712242126465,
            -2.668686866760254,
            6.016116142272949
        ],
        [
            -2.1579794883728027,
            -14.707987785339355,
            -2.049154281616211,
            -0.5951499938964844,
            -0.25162386894226074,
            0.1463925838470459,
            -0.1372213363647461,
            4.878365516662598,
            -4.6293439865112305,
            4.113429069519043
        ],
        [
            -3.7717132568359375,
            -14.006755828857422,
            -0.3606984615325928,
            4.4033050537109375,
            0.6962301731109619,
            3.0850627422332764,
            -2.0938355922698975,
            2.430821657180786,
            -1.8077274560928345,
            -0.1767876148223877
        ],
        [
            -5.9154438972473145,
            -11.576759338378906,
            1.6652297973632812,
            5.4702863693237305,
            2.0391108989715576,
            4.023553848266602,
            -3.373251438140869,
            0.48586368560791016,
            0.6936690807342529,
            -2.9657185077667236
        ],
        [
            -7.167899131774902,
            -8.863171577453613,
            1.2919220924377441,
            1.170539140701294,
            2.3922832012176514,
            3.2491233348846436,
            -1.3579126596450806,
            -0.0076749324798583984,
            0.4795956611633301,
            -2.1945981979370117
        ],
        [
            -6.80549955368042,
            -8.65939998626709,
            -0.37567925453186035,
            -4.377737522125244,
            2.6988794803619385,
            1.5979630947113037,
            -2.6510238647460938,
            1.4770495891571045,
            0.1308426856994629,
            0.8850762844085693
        ],
        [
            -5.029941558837891,
            -11.259502410888672,
            -1.2946453094482422,
            -6.384659767150879,
            2.9268295764923096,
            0.5114965438842773,
            -3.939830780029297,
            4.065797805786133,
            0.6214532852172852,
            2.3826754093170166
        ],
        [
            -2.9581103324890137,
            -14.219084739685059,
            0.3183310031890869,
            -5.604115009307861,
            3.942441701889038,
            1.0401041507720947,
            -1.120054841041565,
            5.065830230712891,
            1.2551617622375488,
            0.7160859107971191
        ],
        [
            -1.6380120515823364,
            -15.527517318725586,
            0.9391975402832031,
            -4.5802178382873535,
            2.05818772315979,
            1.9279496669769287,
            1.1595079898834229,
            5.2557525634765625,
            -2.098923683166504,
            -0.4260983467102051
        ],
        [
            -2.2089686393737793,
            -15.336048126220703,
            1.0626494884490967,
            -3.8946619033813477,
            -0.9791030883789062,
            0.9144613742828369,
            -0.16870784759521484,
            5.5824995040893555,
            -4.276967525482178,
            0.2976987361907959
        ],
        [
            -4.495199203491211,
            -13.822772026062012,
            3.1299304962158203,
            -3.950685977935791,
            -1.895656704902649,
            2.153310537338257,
            0.46544885635375977,
            6.0626420974731445,
            -0.9155287742614746,
            0.4066963195800781
        ],
        [
            -6.396823883056641,
            -11.006534576416016,
            4.3874335289001465,
            -3.334678888320923,
            -3.411738872528076,
            3.3026607036590576,
            -0.1993238925933838,
