{
    "collision_depths": [
        0.17243493956104328,
        0.18090933559198902,
        0.23874405567902623,
        0.1408586353013015,
        0.2434804013091282,
        0.2721722056707774,
        0.08539335198334747,
        0.0876870526974001,
        0.00375918170127629,
        0.0654629614893513,
        0.06726213204912519,
        0.04622944493708606,
        0.04336264180313904,
        0.014458402024981212,
        0.08409942358756904,
        0.004224356825574052,
        0.0038892436747864543,
        0.0015235430325981876,
        0.10232280131623434,
        0.031930683800752604,
        0.037434708505170965,
        0.13380863441204696,
        0.049629494128173655,
        0.03444942908411185
    ],
    "collision": true,
    "joint_limit_violation": true,
    "self_collision": true,
    "physical_violations": true,
    "config_smoothness": -3.877845492382905,
    "eff_smoothness": -4.8705932060849415,
    "eff_position_path_length": 148.1162935123267,
    "eff_orientation_path_length": 6377.086750197455,
    "physical_success": false,
    "time": 5.310773849487305,
    "num_steps": 51,
    "trajectory_w": [
        [
            -10.176552772521973,
            -1.350953459739685,
            -2.6187620162963867,
            0.0,
            0.0,
            0.0,
            0.0,
            0.0,
            0.0,
            0.0
        ],
        [
            -12.681621551513672,
            0.06202667951583862,
            -2.1540417671203613,
            -1.1468334197998047,
            0.03151965141296387,
            0.011750459671020508,
            -0.03281688690185547,
            1.062530279159546,
            -1.2582069635391235,
            1.4200584888458252
        ],
        [
            -15.119063377380371,
            0.40198183059692383,
            -1.7220590114593506,
            -2.308670997619629,
            0.08216238021850586,
            -0.10115408897399902,
            -0.1019439697265625,
            2.1081302165985107,
            -2.5038363933563232,
            2.80629563331604
        ],
        [
            -16.648256301879883,
            2.178319215774536,
            -1.370814561843872,
            -3.5073976516723633,
            0.173828125,
            -0.3374347686767578,
            -0.22136664390563965,
            3.150070905685425,
            -3.7445292472839355,
            4.137712478637695
        ],
        [
            -18.08658218383789,
            2.514291286468506,
            -1.1418259143829346,
            -4.73560905456543,
            0.2998993396759033,
            -0.6056690216064453,
            -0.37537503242492676,
            4.219795227050781,
            -4.990138053894043,
            5.435769081115723
        ],
        [
            -12.590291023254395,
            3.2467868328094482,
            -3.8816893100738525,
            -5.0110392570495605,
            0.570530891418457,
            0.740929126739502,
            -1.058121681213379,
            6.698759078979492,
            -5.464596271514893,
            6.365124702453613
        ],
        [
            -6.723690986633301,
            2.165137767791748,
            -4.7183146476745605,
            -0.8964123725891113,
            0.659229040145874,
            3.587404489517212,
            -2.465956211090088,
            8.396078109741211,
            -2.5696401596069336,
            5.468840599060059
        ],
        [
            -4.590181350708008,
            -0.03244216740131378,
            -3.8517093658447266,
            1.410917043685913,
            -0.47289276123046875,
            5.153622627258301,
            -1.9332900047302246,
            8.248311042785645,
            -2.519137382507324,
            4.713753700256348
        ],
        [
            -7.1218647956848145,
            -2.3703582286834717,
            -1.8223488330841064,
            -1.993696689605713,
            -0.24338293075561523,
            5.029396057128906,
            -1.895369052886963,
            7.59567928314209,
            -3.09077787399292,
            4.655270576477051
        ],
        [
            -10.757375717163086,
            -3.577742099761963,
            -0.37993407249450684,
            -4.265856742858887,
            0.7798657417297363,
            3.9404146671295166,
            -3.9324045181274414,
            5.9120588302612305,
            -0.8410928249359131,
            2.9963018894195557
        ],
        [
            -10.946107864379883,
            -2.9877254962921143,
            -0.21088528633117676,
            -2.1644930839538574,
            1.9413435459136963,
            2.3112294673919678,
            -5.015909194946289,
            4.560606956481934,
            -0.3367950916290283,
            -0.04566788673400879
        ],
        [
            -7.363379001617432,
            -1.4375886917114258,
            1.5880374908447266,
            -1.4515070915222168,
            3.3728129863739014,
            2.8609793186187744,
            -5.118940830230713,
            6.407228469848633,
            -0.5932762622833252,
            -0.925762414932251
        ],
        [
            -3.7072062492370605,
            -0.4937688410282135,
            2.0662078857421875,
            -4.8815507888793945,
            3.1781561374664307,
            4.0389404296875,
            -4.6139235496521,
            9.265958786010742,
            0.23644375801086426,
            0.685044527053833
        ],
        [
            -3.439967393875122,
            -0.3643673062324524,
            -1.1769459247589111,
            -6.036898612976074,
            1.5277791023254395,
            3.2851622104644775,
            -4.958062171936035,
            8.444802284240723,
            -3.1573896408081055,
            1.9520952701568604
        ],
        [
            -6.67107629776001,
            -0.7402999401092529,
            -4.933669090270996,
            -2.912128448486328,
            0.5714175701141357,
            1.5890929698944092,
            -4.911733150482178,
            4.110692977905273,
            -4.718711853027344,
            3.4959933757781982
        ],
        [
            -10.875568389892578,
            -0.8305203914642334,
            -6.306700229644775,
            0.0338594913482666,
            2.652966260910034,
            1.0821921825408936,
            -4.795952796936035,
            -0.1400611400604248,
            -2.7873716354370117,
            4.419660568237305
        ],
        [
            -15.656235694885254,
            0.07011203467845917,
            -4.970337390899658,
            -0.4210081100463867,
            3.1259543895721436,
            0.39154720306396484,
            -3.859686851501465,
            -2.00229549407959,
            -0.9917322397232056,
            4.411174774169922
        ],
        [
            -18.511474609375,
            1.4398714303970337,
            -2.9695205688476562,
            -3.6158299446105957,
            0.543076753616333,
            0.3436276912689209,
            -0.5501482486724854,
            -0.7917723655700684,
            -3.9313864707946777,
            3.6944682598114014
        ],
        [
            -17.600608825683594,
            2.3536863327026367,
            -2.6181418895721436,
            -6.271080017089844,
            1.1940884590148926,
            1.6289093494415283,
            1.2543888092041016,
            2.011139154434204,
            -3.4424564838409424,
            1.6944901943206787
        ],
        [
            -14.116188049316406,
            2.830678939819336,
            -2.2642149925231934,
            -5.585969924926758,
            0.66650390625,
            2.4969022274017334,
            0.2695121765136719,
            3.8390610218048096,
            -2.7449951171875,
            0.7135426998138428
        ],
        [
            -10.109492301940918,
            2.775231122970581,
            -1.9794847965240479,
