{
    "collision_depths": [
        0.35676280635614405,
        0.3467635498314716,
        0.11842643290102843,
        0.10842545390869227,
        0.22214609782783742,
        0.0029064156576554343,
        0.07346922100094658,
        0.031869682871210406,
        0.12795646783149317,
        0.1531309576771384,
        0.24557811706166077,
        0.1416162606057513,
        0.1330736322812692,
        0.09669214189870551,
        0.21142640936573037,
        0.19619033620754942,
        0.16947378134315869,
        0.14630090678761856,
        0.015618631862141415,
        0.015625427667686882,
        0.08052453048740336,
        0.015447598377934546,
        0.08789114621530023,
        0.016081952932981678,
        0.06208875802683251,
        0.04683538762905312,
        0.038160061987175094,
        0.3471211677856913,
        0.19134696847543,
        0.11368093665322226,
        0.012888950073184495,
        0.011164971151278813,
        0.06932891946802712,
        0.05394488329358884,
        0.060288919455151004,
        0.06026388399077456,
        0.07511106714289761,
        0.07152722198809583,
        0.23505250859570118,
        0.2461993041203819,
        0.15302794533256434,
        0.12777306946020606,
        0.03317662558528718,
        0.013043841344076495,
        0.02119703184803797,
        0.0020911473972782995,
        0.0009602538175136687,
        0.03280217602267459,
        0.1034214521494427,
        0.08413867106604797,
        0.10342146309635569,
        0.12283473396839101,
        0.08528908457480554,
        0.14540390528480676,
        0.1437254999507763,
        0.01699442679730415,
        0.04421873072972722,
        0.051360460150487855,
        0.05095470596416617,
        0.07234231974050624,
        0.05317723984062892,
        0.10066737590289773,
        0.0694522924694012,
        0.06045594984108682,
        0.004017313877595588,
        0.06297243450554754
    ],
    "collision": true,
    "joint_limit_violation": true,
    "self_collision": true,
    "physical_violations": true,
    "config_smoothness": -3.37247666515836,
    "eff_smoothness": -3.9513420124477734,
    "eff_position_path_length": 149.9355853221503,
    "eff_orientation_path_length": 5806.248479664679,
    "physical_success": false,
    "time": 5.299666166305542,
    "num_steps": 51,
    "trajectory_w": [
        [
            -4.273849964141846,
            -6.057361602783203,
            -1.914740800857544,
            0.0,
            0.0,
            0.0,
            0.0,
            0.0,
            0.0,
            0.0
        ],
        [
            -6.449519157409668,
            -5.790689468383789,
            -1.6003930568695068,
            -1.1932566165924072,
            0.6616735458374023,
            -0.4480135440826416,
            -0.016003847122192383,
            0.37742114067077637,
            -0.4989054203033447,
            0.6237797737121582
        ],
        [
            -7.786187171936035,
            -4.971154689788818,
            -1.21171236038208,
            -2.2951924800872803,
            1.2807016372680664,
            -1.0016088485717773,
            -0.022892475128173828,
            0.7802999019622803,
            -0.9613888263702393,
            1.1852667331695557
        ],
        [
            -10.626764297485352,
            -4.555276393890381,
            -0.7071805000305176,
            -3.288585901260376,
            1.834789514541626,
            -1.6377874612808228,
            -0.03072977066040039,
            1.2393043041229248,
            -1.4082648754119873,
            1.6461870670318604
        ],
        [
            -11.923317909240723,
            -3.4912960529327393,
            -0.0947117805480957,
            -4.219888687133789,
            2.3283941745758057,
            -2.25396466255188,
            -0.0428926944732666,
            1.7701575756072998,
            -1.8790087699890137,
            2.015620470046997
        ],
        [
            -10.806893348693848,
            -2.2385122776031494,
            1.8745574951171875,
            -4.622442245483398,
            2.0198562145233154,
            -0.2841000556945801,
            -0.10811638832092285,
            3.6857635974884033,
            -2.8352174758911133,
            1.3059794902801514
        ],
        [
            -6.632727146148682,
            -1.7686021327972412,
            2.8039357662200928,
            -3.8735885620117188,
            3.2794716358184814,
            2.0725910663604736,
            -0.6746780872344971,
            4.1578521728515625,
            -0.3431771993637085,
            2.000436544418335
        ],
        [
            0.2738988399505615,
            -2.207214832305908,
            3.8859689235687256,
            -3.585367441177368,
            2.657803773880005,
            3.985893487930298,
            -2.061356782913208,
            3.9219305515289307,
            1.049008846282959,
            2.1385481357574463
        ],
        [
            4.475025653839111,
            -2.43365216255188,
            5.182857513427734,
            -3.132671356201172,
            -0.5958477258682251,
            5.489789009094238,
            -5.000414848327637,
            3.7088510990142822,
            2.197192907333374,
            0.9478456974029541
        ],
        [
            5.557312488555908,
            -2.6807987689971924,
            5.679876327514648,
            -2.402355194091797,
            -3.8783812522888184,
            6.571464538574219,
            -6.0294389724731445,
            2.376584768295288,
            1.3634581565856934,
            0.10142731666564941
        ],
        [
            4.244928359985352,
            -3.973982572555542,
            4.282563209533691,
            -1.1083288192749023,
            -3.639536142349243,
            5.9169206619262695,
            -4.105724334716797,
            0.7610146999359131,
            0.7009785175323486,
            0.49017882347106934
        ],
        [
            0.49726539850234985,
            -6.159679889678955,
            1.8348588943481445,
            -0.15552186965942383,
            -1.5957841873168945,
            3.7621238231658936,
            -1.4298131465911865,
            -0.170318603515625,
            0.24381256103515625,
            2.045461893081665
        ],
        [
            -4.893247604370117,
            -7.385106563568115,
            -0.27739381790161133,
            -1.9868353605270386,
            -1.0662044286727905,
            2.2480976581573486,
            2.435163736343384,
            -0.14598655700683594,
            -1.1862130165100098,
            4.001674652099609
        ],
        [
            -8.57752799987793,
            -6.2879438400268555,
            0.3389406204223633,
            -5.12379264831543,
            0.5152983665466309,
            2.360595941543579,
            1.5311810970306396,
            4.648735046386719,
            -3.5117058753967285,
            3.492168664932251
        ],
        [
            -8.024788856506348,
            -2.683130979537964,
            3.0482852458953857,
            -5.684922218322754,
            2.5160162448883057,
            2.928056478500366,
            -4.055948734283447,
            9.526309967041016,
            -3.5541696548461914,
            1.0213181972503662
        ],
        [
            -6.525892734527588,
            0.9301587343215942,
            3.625481367111206,
            -2.4009101390838623,
            2.3357112407684326,
            3.123105764389038,
            -6.907596588134766,
            8.937499046325684,
            -3.0027921199798584,
            -0.11298561096191406
        ],
        [
            -6.681961536407471,
            2.523036479949951,
            2.101674795150757,
            -0.6550619602203369,
            2.7222301959991455,
            3.5323307514190674,
            -4.282945156097412,
            5.732332229614258,
