{
    "collision_depths": [
        0.03476404657074538,
        0.030251826856049113,
        0.06308426959278318,
        0.07293399304004375,
        0.0865001929941225,
        0.08509436956306596,
        0.10933140054593798,
        0.013239157633199954,
        0.046983958342808316,
        0.029869652517247988,
        0.039291549250232816,
        0.04377304006524699,
        0.011115911861754674,
        0.05413294058205791,
        0.032940118917574784,
        0.009615571553756017,
        0.16776276295415277,
        0.010080708389954628,
        0.0523343108722633,
        0.03831682707158803,
        0.042551272039285624,
        0.038122966712716935,
        0.03496917957919446,
        0.08359886144799263,
        0.048114395736302676,
        0.008759159303332745,
        0.019920315561591385,
        0.06878955967572083,
        0.08157122884094542,
        0.025905006583004098,
        0.1163004324395606,
        0.1631431183709103,
        0.08054100868471165,
        0.1459838739722439,
        0.06059827056365398,
        0.01598391889327465,
        0.013611509132293061,
        0.014874724404488861,
        0.03802328329844166,
        0.013779534077714777,
        0.013938589399503423,
        0.20828572158615885,
        0.00484164748749488,
        0.009880821387193716,
        0.0003803198403860187,
        0.003090054974891512,
        0.010867920992908052,
        0.010987407035311833,
        0.01670457973015958,
        0.0031569015391553286,
        0.06523786461110055,
        0.06165261955358507,
        0.04940918190280255,
        0.05407975286772845,
        0.12339892922703019,
        0.004036658896360636,
        0.004477049042281863,
        0.008027533881754185,
        0.009059416525824166,
        0.002553684791225762,
        0.02903845484875089,
        0.009186414731459496,
        0.009425527324012205,
        0.04525244646721964,
        0.013025197481252708,
        0.04721433802562421
    ],
    "collision": true,
    "joint_limit_violation": true,
    "self_collision": true,
    "physical_violations": true,
    "config_smoothness": -4.796077354987696,
    "eff_smoothness": -5.404939181709992,
    "eff_position_path_length": 139.0327448038463,
    "eff_orientation_path_length": 5983.340746392902,
    "physical_success": false,
    "time": 5.397596836090088,
    "num_steps": 51,
    "trajectory_w": [
        [
            -6.285934925079346,
            -5.61577844619751,
            -1.3950227499008179,
            0.0,
            0.0,
            0.0,
            0.0,
            0.0,
            0.0,
            0.0
        ],
        [
            -10.33456039428711,
            -5.151106357574463,
            -1.4467240571975708,
            -0.7972583770751953,
            1.1504440307617188,
            1.927687406539917,
            0.8763165473937988,
            1.5058739185333252,
            -1.0717767477035522,
            -0.4749889373779297
        ],
        [
            -13.329778671264648,
            -3.8653178215026855,
            -1.4040354490280151,
            -1.5230329036712646,
            2.1090738773345947,
            3.5632083415985107,
            1.6644408702850342,
            2.8096530437469482,
            -1.8662160634994507,
            -0.8086440563201904
        ],
        [
            -16.4081974029541,
            -4.874258041381836,
            -1.2099274396896362,
            -2.186241626739502,
            2.8489043712615967,
            4.819918632507324,
            2.2605669498443604,
            3.8050692081451416,
            -2.295105218887329,
            -0.9160254001617432
        ],
        [
            -18.001144409179688,
            -4.861773490905762,
            -0.8809515237808228,
            -2.8420870304107666,
            3.4471518993377686,
            5.812932014465332,
            2.614806890487671,
            4.539249420166016,
            -2.474700450897217,
            -0.798821210861206
        ],
        [
            -15.51528263092041,
            -8.662696838378906,
            1.0403250455856323,
            -4.201716423034668,
            2.7978456020355225,
            4.119421005249023,
            -2.1593470573425293,
            2.296147108078003,
            -1.180239200592041,
            2.9052493572235107
        ],
        [
            -13.919034004211426,
            -11.94667911529541,
            1.4293302297592163,
            -5.009366989135742,
            3.655033826828003,
            2.987279176712036,
            -4.832550048828125,
            3.3068597316741943,
            -1.7595014572143555,
            3.2986056804656982
        ],
        [
            -13.522984504699707,
            -13.249946594238281,
            2.7062888145446777,
            -5.2690839767456055,
            3.227618932723999,
            0.4150421619415283,
            -3.6137006282806396,
            4.255283355712891,
            -4.996375560760498,
            -0.24193811416625977
        ],
        [
            -13.185715675354004,
            -12.740185737609863,
            4.242889881134033,
            -4.890841484069824,
            2.803802728652954,
            -1.6391830444335938,
            -3.3599085807800293,
            2.4999611377716064,
            -3.8134989738464355,
            -1.6870641708374023
        ],
        [
            -12.599742889404297,
            -10.920310974121094,
            3.1411995887756348,
            -4.352989673614502,
            2.840970754623413,
            -0.7923033237457275,
            -3.644304037094116,
            0.7454121112823486,
            -3.4006264209747314,
            0.5600075721740723
        ],
        [
            -12.211623191833496,
            -9.079994201660156,
            1.427134394645691,
            -3.941246509552002,
            2.810724973678589,
            -0.5307102203369141,
            -2.308039665222168,
            0.42893409729003906,
            -3.6876626014709473,
            1.5623371601104736
        ],
        [
            -12.475494384765625,
            -8.131152153015137,
            1.792345404624939,
            -4.950876235961914,
            2.441490411758423,
            -1.5258851051330566,
            -1.7809230089187622,
            0.5518908500671387,
            -3.139253616333008,
            1.2844069004058838
        ],
        [
            -12.738313674926758,
            -7.642656326293945,
            0.8580340147018433,
            -6.8818888664245605,
            4.029396057128906,
            -3.053706169128418,
            -5.167322158813477,
            1.3240125179290771,
            -4.760284423828125,
            2.6199028491973877
        ],
        [
            -11.204939842224121,
            -6.585280895233154,
            -0.7864638566970825,
            -6.443933010101318,
            3.637798547744751,
            -3.9567601680755615,
            -5.944005012512207,
            1.6862366199493408,
            -3.6403744220733643,
            4.557611465454102
        ],
        [
            -7.95966100692749,
            -4.468895435333252,
            -0.369817852973938,
            -4.09658670425415,
            2.8971173763275146,
            -3.0050408840179443,
            -1.8308825492858887,
            0.1337599754333496,
            0.21728253364562988,
            4.293731689453125
        ],
        [
            -6.250837326049805,
            -2.291018486022949,
            1.5391262769699097,
            -3.429107666015625,
            2.040515661239624,
            -0.5619814395904541,
            1.7237780094146729,
            -2.2722363471984863,
            -0.3915902376174927,
            1.5221798419952393
        ],
        [
            -7.054174900054932,
            -0.7944464087486267,
            1.4965590238571167,
            -5.512343406677246,
            0.9133939743041992,
            3.1443564891815186,
            2.1500399112701416,
