{
    "collision_depths": [
        0.05107098009886983,
        0.05107093741527531,
        0.18069868395449748,
        0.1576520011266164,
        0.00750131508892639,
        0.09240753102447814,
        0.0530211569353868,
        0.13390016616372147,
        0.12389918717100291,
        0.32436108939172564,
        0.13407853541508033,
        0.041883928227187735,
        0.037169846330771514,
        0.03905310168506922,
        0.034054446291698535,
        0.04052452123325929,
        0.0241118121218431,
        0.034121576392654764,
        0.314361089451837,
        0.1260912070641459,
        0.004168455864551478,
        0.005907915920555732,
        0.03347855207926272,
        0.06568691728815405,
        0.051001134347349444,
        0.06223513995558867,
        0.05998367182185967,
        0.03947927973003403,
        0.07261597701097612,
        0.01845266131388809,
        0.028043031946816996,
        0.06972670581236086,
        0.051273842923232935,
        0.059554915073447894,
        0.034857766428287404,
        0.06929391013750988,
        0.058654544516971344,
        0.022974828232847896,
        0.007319180381484016,
        0.024431875653643215,
        0.08400027721873628,
        0.06063528162844726,
        0.050635281628447736,
        0.07400027721873678,
        0.04874783183906984,
        0.05874783183906943,
        0.012053743092929885,
        0.002053743092948094,
        0.03498843533153204,
        0.035585807019329944,
        0.03582493946604724,
        0.090165815693891,
        0.010671033297614319,
        0.01930011230015983,
        0.2271902373092482,
        0.13396549093346224,
        0.24613600451548112,
        0.15433549946732433,
        0.15280704642916787,
        0.14570330422290273,
        0.07795224155699886,
        0.04200837893321951,
        0.08323536509146995,
        0.043193374058015425,
        0.04493875997323449
    ],
    "collision": true,
    "joint_limit_violation": true,
    "self_collision": true,
    "physical_violations": true,
    "config_smoothness": -4.632200826023773,
    "eff_smoothness": -5.969295476930415,
    "eff_position_path_length": 142.2926020879672,
    "eff_orientation_path_length": 6608.111140058676,
    "physical_success": false,
    "time": 5.310959100723267,
    "num_steps": 51,
    "trajectory_w": [
        [
            -6.3825201988220215,
            -7.085540771484375,
            -1.3931002616882324,
            0.0,
            0.0,
            0.0,
            0.0,
            0.0,
            0.0,
            0.0
        ],
        [
            -6.401852607727051,
            -3.4671339988708496,
            -0.7591071128845215,
            -2.540489673614502,
            1.0100324153900146,
            0.6588215827941895,
            -0.0915534496307373,
            1.9501774311065674,
            -0.36349964141845703,
            -0.7087340354919434
        ],
        [
            -7.426112651824951,
            -1.6381220817565918,
            -0.10785937309265137,
            -4.748821258544922,
            1.8561227321624756,
            1.119236707687378,
            -0.14894437789916992,
            3.603983163833618,
            -0.6955677270889282,
            -1.213875412940979
        ],
        [
            -7.5929460525512695,
            0.35652679204940796,
            0.5641024112701416,
            -6.501357078552246,
            2.458705186843872,
            1.3472120761871338,
            -0.16979265213012695,
            4.8422651290893555,
            -0.9698675870895386,
            -1.4173357486724854
        ],
        [
            -8.41772747039795,
            0.6414573192596436,
            1.2455432415008545,
            -7.8682146072387695,
            2.868415117263794,
            1.4465644359588623,
            -0.16265344619750977,
            5.75626277923584,
            -1.2011759281158447,
            -1.3606712818145752
        ],
        [
            -6.464375019073486,
            -3.360701560974121,
            1.7580349445343018,
            -3.0307767391204834,
            0.9605073928833008,
            1.0480287075042725,
            0.5586841106414795,
            2.76244854927063,
            -1.7671655416488647,
            1.800752878189087
        ],
        [
            -4.769662380218506,
            -5.522711277008057,
            2.228032350540161,
            1.1564733982086182,
            -1.1250990629196167,
            -0.01444864273071289,
            1.9364144802093506,
            1.1188242435455322,
            -4.174136638641357,
            1.1009395122528076
        ],
        [
            -4.4317450523376465,
            -4.595970630645752,
            2.349858522415161,
            -1.1142523288726807,
            -3.313154935836792,
            -0.2889597415924072,
            2.4830753803253174,
            1.1246521472930908,
            -3.5186195373535156,
            -3.3575358390808105
        ],
        [
            -7.2566938400268555,
            -2.4080262184143066,
            1.490668535232544,
            -3.5925111770629883,
            -3.0390496253967285,
            0.9293544292449951,
            0.5348472595214844,
            1.7251269817352295,
            -1.363065481185913,
            -5.389303207397461
        ],
        [
            -11.55553150177002,
            -1.8668084144592285,
            -0.327073335647583,
            -2.1937367916107178,
            2.8359086513519287,
            1.9266297817230225,
            -4.015995025634766,
            5.139928817749023,
            -0.9882866144180298,
            -3.5675950050354004
        ],
        [
            -14.820260047912598,
            -3.9319710731506348,
            -0.3932669162750244,
            -0.3731536865234375,
            3.8300540447235107,
            1.4734580516815186,
            -5.86941385269165,
            7.228726387023926,
            0.43485522270202637,
            -0.3906838893890381
        ],
        [
            -15.421982765197754,
            -7.477720737457275,
            0.5401895046234131,
            -2.4731080532073975,
            0.8471176624298096,
            0.6791830062866211,
            -4.484500408172607,
            6.548704147338867,
            -0.9733785390853882,
            0.867173433303833
        ],
        [
            -13.891539573669434,
            -9.831934928894043,
            2.498913049697876,
            -5.059167861938477,
            -0.42649316787719727,
            0.4691812992095947,
            -3.522740364074707,
            3.9714982509613037,
            -2.2807672023773193,
            0.7443506717681885
        ],
        [
            -10.299434661865234,
            -9.301246643066406,
            3.688352108001709,
            -3.7347571849823,
            -2.6117963790893555,
            1.1481192111968994,
            -3.2330455780029297,
            1.2508213520050049,
            -1.3611544370651245,
            -0.747420072555542
        ],
        [
            -5.658740997314453,
            -6.2570481300354,
            3.9007229804992676,
            -1.802345633506775,
            -1.265498399734497,
            1.7025277614593506,
            -3.9973039627075195,
            -0.36597299575805664,
            -1.948991298675537,
            -2.8006069660186768
        ],
        [
            -2.888373613357544,
            -2.8129818439483643,
            3.0564236640930176,
            -2.3392131328582764,
            1.6006321907043457,
            2.41329026222229,
            -1.7986094951629639,
            -0.4906730651855469,
            -2.246985673904419,
            -1.8941282033920288
        ],
        [
            -4.461307048797607,
            -1.5766435861587524,
            1.0689928531646729,
            -2.2246382236480713,
            1.1724016666412354,
            3.3331186771392822,
            0.43825364112854004,
            -0.43461084365844727,
