{
    "collision_depths": [
        0.10564351764106825,
        0.11432232493359014,
        0.07612892761574545,
        0.01810288933306538,
        0.013339693163112091,
        0.031640406543201306,
        0.04362283745784672,
        0.011321593198910728,
        0.21981526821376254,
        0.05198402186634872
    ],
    "collision": true,
    "joint_limit_violation": true,
    "self_collision": true,
    "physical_violations": true,
    "config_smoothness": -4.536413253172286,
    "eff_smoothness": -5.035564015836977,
    "eff_position_path_length": 139.31738304581995,
    "eff_orientation_path_length": 6256.033761458521,
    "physical_success": false,
    "time": 5.188856363296509,
    "num_steps": 51,
    "trajectory_w": [
        [
            -8.435492515563965,
            -9.169052124023438,
            1.5668574571609497,
            0.0,
            0.0,
            0.0,
            0.0,
            0.0,
            0.0,
            0.0
        ],
        [
            -10.961657524108887,
            -10.646702766418457,
            3.2948193550109863,
            -2.1582047939300537,
            -0.15237784385681152,
            2.078185796737671,
            0.8829362392425537,
            0.18338680267333984,
            -0.3833276033401489,
            0.22810029983520508
        ],
        [
            -13.57721996307373,
            -10.701111793518066,
            4.88472843170166,
            -4.0735979080200195,
            -0.3728426694869995,
            3.6799256801605225,
            1.8103148937225342,
            0.29400634765625,
            -0.9856325387954712,
            0.5780460834503174
        ],
        [
            -13.970175743103027,
            -11.413103103637695,
            6.283318519592285,
            -5.654484748840332,
            -0.6520931720733643,
            4.615256309509277,
            2.778032064437866,
            0.2820577621459961,
            -1.8469735383987427,
            1.1102898120880127
        ],
        [
            -15.24798583984375,
            -10.816030502319336,
            7.544198989868164,
            -6.96717643737793,
            -0.927588701248169,
            5.015832901000977,
            3.7494566440582275,
            0.13570213317871094,
            -2.8043384552001953,
            1.7972424030303955
        ],
        [
            -14.157339096069336,
            -7.859663009643555,
            6.916105270385742,
            -4.580298900604248,
            0.2806253433227539,
            -0.9509234428405762,
            4.221506118774414,
            -2.3739173412323,
            -1.4972398281097412,
            4.107964515686035
        ],
        [
            -11.095833778381348,
            -6.883937358856201,
            4.8560075759887695,
            -3.1621036529541016,
            1.668471336364746,
            -1.74508798122406,
            4.6548051834106445,
            -1.7862790822982788,
            -0.7819417715072632,
            3.9374477863311768
        ],
        [
            -5.636877536773682,
            -8.976085662841797,
            4.05704927444458,
            -2.759012222290039,
            1.8632490634918213,
            1.443256139755249,
            0.21803689002990723,
            3.8931596279144287,
            -2.269185781478882,
            3.6210052967071533
        ],
        [
            -0.7645763158798218,
            -11.473756790161133,
            6.105030059814453,
            -4.198936462402344,
            4.361513137817383,
            0.8768494129180908,
            -5.226310729980469,
            7.598749160766602,
            -1.4898591041564941,
            4.94813346862793
        ],
        [
            0.8928030729293823,
            -11.95901870727539,
            7.466183662414551,
            -6.874668121337891,
            6.378116607666016,
            -1.4740383625030518,
            -3.2494962215423584,
            4.6895036697387695,
            0.2691500186920166,
            4.2427473068237305
        ],
        [
            0.18024615943431854,
            -11.972397804260254,
            6.872598648071289,
            -8.122923851013184,
            5.37278938293457,
            -0.8138892650604248,
            -0.2923548221588135,
            0.5291738510131836,
            -0.22483694553375244,
            0.7297685146331787
        ],
        [
            -0.6879523396492004,
            -12.711482048034668,
            5.618471145629883,
            -6.171107292175293,
            1.6583623886108398,
            1.3386433124542236,
            -0.29131436347961426,
            1.042015790939331,
            -2.7130415439605713,
            -0.37279677391052246
        ],
        [
            -0.8870498538017273,
            -13.349160194396973,
            6.630988121032715,
            -5.251849174499512,
            -0.029758214950561523,
            1.9235146045684814,
            0.2964601516723633,
            1.188112497329712,
            -1.502729058265686,
            0.8944642543792725
        ],
        [
            -0.5714384913444519,
            -12.915054321289062,
            6.762192726135254,
            -5.4534077644348145,
            2.4381215572357178,
            0.6574695110321045,
            -2.433866500854492,
            0.3197758197784424,
            -0.3463723659515381,
            0.8441472053527832
        ],
        [
            -0.5520508885383606,
            -11.194989204406738,
            5.493960857391357,
            -4.6084442138671875,
            2.4497616291046143,
            0.6804370880126953,
            -4.092388153076172,
            -0.12688422203063965,
            0.49687671661376953,
            0.3398869037628174
        ],
        [
            -1.4911303520202637,
            -9.12281322479248,
            3.4096946716308594,
            -2.6638388633728027,
            1.0692532062530518,
            2.208322763442993,
            -2.6211113929748535,
            -1.0762932300567627,
            -0.9883648157119751,
            2.3294708728790283
        ],
        [
            -3.8712518215179443,
            -9.501704216003418,
            3.008284091949463,
            -3.0268001556396484,
            0.6326959133148193,
            2.901460886001587,
            -0.3317606449127197,
            -0.5829322338104248,
            0.07003355026245117,
            5.114355087280273
        ],
        [
            -7.576513290405273,
            -12.959091186523438,
            4.521529197692871,
            -5.406655311584473,
            1.0956392288208008,
            1.2383601665496826,
            -0.04576444625854492,
            0.716421365737915,
            3.607562780380249,
            6.425806045532227
        ],
        [
            -8.58297061920166,
            -16.274539947509766,
            6.81648063659668,
            -6.462265968322754,
            1.3708643913269043,
            0.06846165657043457,
            0.9482762813568115,
            1.2731435298919678,
            4.494741439819336,
            4.08303165435791
        ],
        [
            -5.601758003234863,
            -17.180875778198242,
            8.324917793273926,
            -4.430717945098877,
            3.0211803913116455,
            0.7857246398925781,
            -2.3143603801727295,
            3.6389405727386475,
            -0.11106991767883301,
            2.663170576095581
        ],
        [
            -2.1010899543762207,
            -15.563700675964355,
            8.32375431060791,
            -2.999488353729248,
            3.2904932498931885,
            0.8556640148162842,
            -5.683324337005615,
            4.275842666625977,
            -3.519008159637451,
            1.359043836593628
        ],
        [
            -1.217118740081787,
            -12.267289161682129,
            5.131283760070801,
            -3.6909406185150146,
            -0.6756255626678467,
