{
    "collision_depths": [
        0.059862743821169795,
        0.04986274382116711,
        0.07505161926571562,
        0.009175647847046818,
        0.0422420370456127,
        0.18956692800875588,
        0.22678508494668445
    ],
    "collision": true,
    "joint_limit_violation": true,
    "self_collision": true,
    "physical_violations": true,
    "config_smoothness": -4.093150110105991,
    "eff_smoothness": -5.822803329173147,
    "eff_position_path_length": 165.26504522747263,
    "eff_orientation_path_length": 6665.909413850805,
    "physical_success": false,
    "time": 5.389436721801758,
    "num_steps": 51,
    "trajectory_w": [
        [
            -1.4227319955825806,
            -6.693271636962891,
            1.392764925956726,
            0.0,
            0.0,
            0.0,
            0.0,
            0.0,
            0.0,
            0.0
        ],
        [
            1.071597695350647,
            -9.367331504821777,
            1.6404162645339966,
            -1.1691480875015259,
            -0.684532642364502,
            0.3855440616607666,
            0.25412821769714355,
            -0.593219518661499,
            -1.2029014825820923,
            0.10401773452758789
        ],
        [
            2.944422960281372,
            -10.660948753356934,
            1.9068440198898315,
            -2.2297706604003906,
            -1.253797173500061,
            0.6267783641815186,
            0.32775330543518066,
            -1.0749094486236572,
            -2.156456708908081,
            0.2572755813598633
        ],
        [
            5.512639999389648,
            -13.086742401123047,
            2.2395734786987305,
            -3.1440281867980957,
            -1.6615347862243652,
            0.6948797702789307,
            0.10418152809143066,
            -1.3726649284362793,
            -2.751948833465576,
            0.4772055149078369
        ],
        [
            6.669747829437256,
            -14.052682876586914,
            2.6800007820129395,
            -3.9349563121795654,
            -1.9497359991073608,
            0.6602308750152588,
            -0.3875851631164551,
            -1.4815895557403564,
            -3.054795026779175,
            0.7424666881561279
        ],
        [
            1.7854208946228027,
            -12.762557983398438,
            5.473804473876953,
            -2.5568742752075195,
            -1.0256328582763672,
            0.33637070655822754,
            -4.0019426345825195,
            1.7177026271820068,
            -0.12563490867614746,
            0.7833716869354248
        ],
        [
            -4.021148204803467,
            -12.151009559631348,
            5.667788505554199,
            0.15117096900939941,
            0.43438053131103516,
            1.022050142288208,
            -4.327014923095703,
            2.9296505451202393,
            -1.2024136781692505,
            -1.5507636070251465
        ],
        [
            -5.92816686630249,
            -12.62952709197998,
            1.6566771268844604,
            2.1517083644866943,
            0.568455696105957,
            1.1033885478973389,
            -4.814465045928955,
            2.566230058670044,
            -2.988138437271118,
            -2.714675188064575
        ],
        [
            -3.1615660190582275,
            -12.370617866516113,
            -0.9114874601364136,
            1.652552843093872,
            -1.4231715202331543,
            0.24097466468811035,
            -3.8839170932769775,
            0.03388500213623047,
            -3.533581256866455,
            -1.2736797332763672
        ],
        [
            1.6927392482757568,
            -10.905303001403809,
            0.7327786684036255,
            0.2238001823425293,
            -3.4602906703948975,
            1.1156342029571533,
            -1.9142429828643799,
            -2.56538462638855,
            -3.5154507160186768,
            0.4760744571685791
        ],
        [
            4.905862331390381,
            -9.30400562286377,
            4.38512659072876,
            -0.23887944221496582,
            -3.202066421508789,
            1.1037352085113525,
            -0.08575105667114258,
            -3.2377312183380127,
            -0.7760601043701172,
            2.639597177505493
        ],
        [
            4.858428955078125,
            -8.71996021270752,
            4.614101409912109,
            -0.049317121505737305,
            -0.22104358673095703,
            0.43493103981018066,
            -0.9323145151138306,
            -1.267922043800354,
            -1.242591381072998,
            3.390815019607544
        ],
        [
            1.8892425298690796,
            -9.645563125610352,
            4.079493045806885,
            -1.0295329093933105,
            0.8690836429595947,
            0.44581103324890137,
            -0.20580720901489258,
            0.5440011024475098,
            0.9272956848144531,
            1.7620518207550049
        ],
        [
            -1.5392495393753052,
            -11.25352954864502,
            4.366250514984131,
            -1.5561946630477905,
            -0.8750942945480347,
            0.8831841945648193,
            -0.3065943717956543,
            1.8083441257476807,
            -0.427803635597229,
            -0.41183900833129883
        ],
        [
            -2.5096921920776367,
            -12.518919944763184,
            4.620026111602783,
            -2.297236919403076,
            -1.512668251991272,
            1.2699120044708252,
            0.25194549560546875,
            3.8093059062957764,
            -4.964446067810059,
            0.451183557510376
        ],
        [
            -0.715417742729187,
            -12.792656898498535,
            3.5331592559814453,
            -2.8822836875915527,
            -0.5723471641540527,
            0.27790212631225586,
            -0.6387665271759033,
            6.008204460144043,
            -4.945490837097168,
            2.2123749256134033
        ],
        [
            2.2356133460998535,
            -12.849320411682129,
            2.4534482955932617,
            -2.2023158073425293,
            0.3835315704345703,
            -1.5265663862228394,
            -3.198621988296509,
            5.345473289489746,
            -2.047260284423828,
            2.5896451473236084
        ],
        [
            4.190121173858643,
            -13.761213302612305,
            2.8832483291625977,
            -0.23230266571044922,
            1.3802165985107422,
            -2.630641460418701,
            -3.872036933898926,
            3.4136202335357666,
            -2.3456428050994873,
            0.17242002487182617
        ],
        [
            4.096785545349121,
            -15.039950370788574,
            4.815929889678955,
            1.8946731090545654,
            0.3541262149810791,
            -2.896291971206665,
            -4.900650501251221,
            2.6383445262908936,
            -6.071442604064941,
            -1.3685013055801392
        ],
        [
            2.2716987133026123,
            -15.500195503234863,
            5.002609729766846,
            3.39699387550354,
            -2.1523964405059814,
            -0.659482479095459,
            -4.5186991691589355,
            1.3972280025482178,
            -2.5394127368927,
            -1.607022762298584
        ],
        [
            1.4051182270050049,
            -15.475058555603027,
            4.354894638061523,
            1.1801340579986572,
            -3.2266182899475098,
            3.8458292484283447,
            -2.2938015460968018,
            0.8726327419281006,
            -0.7832452058792114,
            -2.3068153858184814
        ],
        [
            2.944406509399414,
            -13.81997299194336,
            3.9149012565612793,
            -3.7560510635375977,
            -1.6578943729400635,
            5.552794456481934,
            0.5038115978240967,
