{
    "collision_depths": [
        0.08305291604354914,
        0.01204050104210791,
        0.03919789445800789,
        0.05081390428878541,
        0.0607376851129811,
        0.03459921712488372,
        0.03183718772272773,
        0.0948074196398635,
        0.11213873641545224,
        0.009504194623692543,
        0.034588549449824264,
        0.06072197685359228,
        0.023241691145920354,
        0.060694029647847945,
        0.001264199572559523,
        0.0345639540485994,
        0.0037606212589275565,
        0.05371935873451127,
        0.13779514580400357,
        0.07837883272436165,
        0.1455246999862086,
        0.027403915431526652,
        0.019262123781674457,
        0.0022146224879621822,
        0.10766635120916192,
        0.007315350140358818,
        0.08875725223990745,
        0.09167892309185424,
        0.07252429835590067,
        0.0559107302575315,
        0.05090125872949736,
        0.13187741865870573,
        0.04745095157698145,
        0.22187688795068486,
        0.05571263198461333,
        0.021070998815907623,
        0.04465244763688338,
        0.025476875234257547,
        0.031936523863660735,
        0.022572050610816078,
        0.023645614806189166,
        0.04521283973882816,
        0.01291215709077678,
        0.03206608605052469,
        0.014308335093860534,
        0.012111741295367875,
        0.01065052432964966,
        0.030770434862973078,
        0.039603649437784084,
        0.010457343701089344
    ],
    "collision": true,
    "joint_limit_violation": true,
    "self_collision": true,
    "physical_violations": true,
    "config_smoothness": -3.5502118467151003,
    "eff_smoothness": -4.1858120117932875,
    "eff_position_path_length": 146.52146409363118,
    "eff_orientation_path_length": 6372.537204655406,
    "physical_success": false,
    "time": 5.1845574378967285,
    "num_steps": 51,
    "trajectory_w": [
        [
            -2.035623788833618,
            -6.862600326538086,
            1.0440387725830078,
            0.0,
            0.0,
            0.0,
            0.0,
            0.0,
            0.0,
            0.0
        ],
        [
            -0.12516652047634125,
            -10.266213417053223,
            1.3458161354064941,
            0.6686546802520752,
            -0.06434941291809082,
            1.2030665874481201,
            -1.6201835870742798,
            1.1049253940582275,
            -1.3787319660186768,
            -0.2574758529663086
        ],
        [
            0.48619869351387024,
            -13.799924850463867,
            1.719583511352539,
            1.1659319400787354,
            -0.07019734382629395,
            2.27067494392395,
            -3.1595458984375,
            2.3819615840911865,
            -2.5819661617279053,
            -0.4430122375488281
        ],
        [
            2.437340021133423,
            -16.992210388183594,
            2.2214949131011963,
            1.3882133960723877,
            0.026075124740600586,
            3.1873905658721924,
            -4.61756706237793,
            3.8848531246185303,
            -3.565109968185425,
            -0.5290482044219971
        ],
        [
            2.726236581802368,
            -20.028236389160156,
            2.8524696826934814,
            1.3630998134613037,
            0.1978747844696045,
            4.025921821594238,
            -6.054648399353027,
            5.546017646789551,
            -4.401808261871338,
            -0.5236356258392334
        ],
        [
            2.5680177211761475,
            -17.848169326782227,
            5.409914970397949,
            -1.6347981691360474,
            0.4848639965057373,
            4.704877853393555,
            -8.012547492980957,
            8.1397066116333,
            -3.499847650527954,
            1.4399645328521729
        ],
        [
            3.401296615600586,
            -14.607068061828613,
            6.687310218811035,
            -1.794273853302002,
            0.5490961074829102,
            4.405765533447266,
            -8.513388633728027,
            7.790488243103027,
            -0.6970107555389404,
            3.89104962348938
        ],
        [
            4.588293075561523,
            -12.095342636108398,
            6.980184555053711,
            0.14197850227355957,
            2.8316986560821533,
            4.502208709716797,
            -6.620527267456055,
            5.973438262939453,
            1.4102022647857666,
            4.563459396362305
        ],
        [
            4.431884765625,
            -11.589900970458984,
            6.031193733215332,
            -0.49924278259277344,
            4.681756019592285,
            5.093930244445801,
            -3.5052812099456787,
            4.517706871032715,
            -0.4594310522079468,
            2.563528299331665
        ],
        [
            2.2472922801971436,
            -12.832392692565918,
            5.180178642272949,
            -4.862524032592773,
            4.301573753356934,
            4.852416038513184,
            -1.642271637916565,
            4.304859161376953,
            -2.186222791671753,
            -0.40581703186035156
        ],
        [
            -0.4572277367115021,
            -14.171910285949707,
            6.172146797180176,
            -7.757696151733398,
            1.8839690685272217,
            3.7394020557403564,
            -2.2144556045532227,
            5.471502304077148,
            -4.036202430725098,
            -2.437638998031616
        ],
        [
            -2.066112756729126,
            -13.82188892364502,
            7.239645957946777,
            -7.287696838378906,
            -0.07834291458129883,
            3.343096971511841,
            -4.242358684539795,
            5.6258955001831055,
            -3.1133100986480713,
            -2.3421199321746826
        ],
        [
            -2.91890025138855,
            -11.754934310913086,
            6.122653961181641,
            -5.038538455963135,
            -0.10833859443664551,
            2.511080026626587,
            -4.008106231689453,
            3.738422155380249,
            -2.6071255207061768,
            -2.3091511726379395
        ],
        [
            -4.3853936195373535,
            -9.459999084472656,
            4.424535751342773,
            -2.3724751472473145,
            0.6439859867095947,
            0.5934576988220215,
            -0.8494561910629272,
            2.040933847427368,
            -2.0746350288391113,
            -2.337738513946533
        ],
        [
            -6.3459858894348145,
            -9.226494789123535,
            1.945084810256958,
            0.9479153156280518,
            -0.9530984163284302,
            -0.9769399166107178,
            -0.8708745241165161,
            3.805497884750366,
            -0.40059423446655273,
            -2.0979056358337402
        ],
        [
            -6.713466644287109,
            -9.373469352722168,
            0.3095405101776123,
            1.6973459720611572,
            -2.992992877960205,
            -0.9587547779083252,
            -4.063776016235352,
            5.359537124633789,
            -0.3806396722793579,
            -2.1126022338867188
        ],
        [
            -4.732107639312744,
            -9.02468490600586,
            2.223416566848755,
            -0.7724230289459229,
            -0.604300856590271,
            1.1991856098175049,
            -5.960134506225586,
            3.307983160018921,
            0.09244227409362793,
            -0.7569687366485596
        ],
        [
            -2.2269678115844727,
            -7.476163864135742,
            4.827419281005859,
            -2.581749200820923,
            2.318079710006714,
            1.6737754344940186,
            -2.812217950820923,
            -1.1245198249816895,
            -3.5735440254211426,
            2.8898708820343018
        ],
        [
            -1.1362684965133667,
