{
    "collision_depths": [
        0.09344852638276893,
        0.04028645634007393,
        0.0302864563400745,
        0.05497596460022519,
        0.011349412010902823,
        0.02702658618127027,
        0.05170109959478268,
        0.01960682732641071,
        0.009302420772025125,
        0.01558040427486395,
        0.00759563219180927,
        0.03272059777800934,
        0.0006258564257192547,
        0.0347168196390371,
        0.22929998614900104,
        0.19429999214519864,
        0.02066853827035452,
        0.04858793087066679,
        0.0585879308706662,
        0.03516203939864703,
        0.04975086526564834,
        0.06884180374896491,
        0.006647984101024411
    ],
    "collision": true,
    "joint_limit_violation": true,
    "self_collision": true,
    "physical_violations": true,
    "config_smoothness": -3.9483553391911568,
    "eff_smoothness": -4.920178976329353,
    "eff_position_path_length": 167.51367423036868,
    "eff_orientation_path_length": 6600.793312220268,
    "physical_success": false,
    "time": 5.026883125305176,
    "num_steps": 51,
    "trajectory_w": [
        [
            -10.282845497131348,
            -7.955406188964844,
            0.871691882610321,
            0.0,
            0.0,
            0.0,
            0.0,
            0.0,
            0.0,
            0.0
        ],
        [
            -6.875521659851074,
            -9.050222396850586,
            1.5976049900054932,
            -1.7016805410385132,
            2.1060898303985596,
            -0.16678428649902344,
            -1.7855647802352905,
            0.21738266944885254,
            -1.0520073175430298,
            1.9478905200958252
        ],
        [
            -4.6695098876953125,
            -10.415672302246094,
            2.4245128631591797,
            -3.2200639247894287,
            4.048556327819824,
            -0.3578341007232666,
            -3.4562556743621826,
            0.5126814842224121,
            -1.9368207454681396,
            3.6908013820648193
        ],
        [
            -1.3326021432876587,
            -11.930977821350098,
            3.3765764236450195,
            -4.510019302368164,
            5.707489013671875,
            -0.550600528717041,
            -4.937943935394287,
            0.9327623844146729,
            -2.5881459712982178,
            5.1628313064575195
        ],
        [
            0.1958290934562683,
            -13.150314331054688,
            4.3860344886779785,
            -5.659966468811035,
            7.048065185546875,
            -0.7051446437835693,
            -6.240176200866699,
            1.4608776569366455,
            -3.0757088661193848,
            6.448215484619141
        ],
        [
            -2.165797233581543,
            -9.673737525939941,
            4.799578666687012,
            -5.474128246307373,
            1.7620623111724854,
            0.32280492782592773,
            -4.542019844055176,
            2.8406898975372314,
            -2.1679117679595947,
            5.778609275817871
        ],
        [
            -7.212883949279785,
            -6.4704413414001465,
            4.71941614151001,
            -4.1072492599487305,
            0.6105844974517822,
            0.43909382820129395,
            -2.542442560195923,
            1.8466918468475342,
            -1.1868488788604736,
            4.458402633666992
        ],
        [
            -11.76415729522705,
            -4.904891014099121,
            5.15408992767334,
            -1.578586459159851,
            0.9318020343780518,
            0.19512200355529785,
            -1.2932348251342773,
            -0.49950456619262695,
            0.031781911849975586,
            2.0719797611236572
        ],
        [
            -12.934760093688965,
            -4.282956600189209,
            4.111225128173828,
            0.831557035446167,
            -2.427703619003296,
            1.0069425106048584,
            -0.30617189407348633,
            -1.009263038635254,
            -3.987727642059326,
            1.2944018840789795
        ],
        [
            -10.480791091918945,
            -3.522458076477051,
            3.765779495239258,
            -1.0095458030700684,
            -1.8638123273849487,
            2.4087088108062744,
            1.5825178623199463,
            -1.1854157447814941,
            -5.954909324645996,
            3.9560482501983643
        ],
        [
            -7.688661098480225,
            -2.302267074584961,
            4.645421028137207,
            -3.1811106204986572,
            -0.1619739532470703,
            1.1010544300079346,
            2.305372476577759,
            -1.7129679918289185,
            -4.961968898773193,
            5.031076431274414
        ],
        [
            -7.429363250732422,
            -1.5417653322219849,
            6.575523376464844,
            -3.209327220916748,
            0.7759208679199219,
            -2.25117826461792,
            0.6651020050048828,
            -1.3719868659973145,
            -3.360339641571045,
            1.4354493618011475
        ],
        [
            -9.705288887023926,
            -1.5820058584213257,
            7.504670143127441,
            -3.7504944801330566,
            2.151247262954712,
            -2.6017518043518066,
            -4.806892395019531,
            0.5377082824707031,
            -2.1957526206970215,
            -2.9110395908355713
        ],
        [
            -12.550045013427734,
            -1.6739097833633423,
            4.68060827255249,
            -4.039745330810547,
            0.4285929203033447,
            -1.413673758506775,
            -3.860499858856201,
            2.578697443008423,
            -2.255504846572876,
            -3.2369096279144287
        ],
        [
            -13.558146476745605,
            -2.2021901607513428,
            1.445087194442749,
            -4.959864616394043,
            -1.797102689743042,
            -1.5905060768127441,
            -0.42533373832702637,
            1.6416289806365967,
            -1.9174073934555054,
            -0.5308716297149658
        ],
        [
            -12.488455772399902,
            -4.701964378356934,
            -0.7034404873847961,
            -5.987199783325195,
            -0.19351792335510254,
            -0.5847747325897217,
            -1.0300253629684448,
            0.04753232002258301,
            0.4604060649871826,
            1.7159059047698975
        ],
        [
            -10.40772533416748,
            -9.482511520385742,
            -2.35745906829834,
            -4.550651550292969,
            -0.12205719947814941,
            2.980104684829712,
            -0.05104708671569824,
            -0.03469514846801758,
            -0.647897481918335,
            2.546457052230835
        ],
        [
            -9.566685676574707,
            -15.202058792114258,
            -1.237107515335083,
            -2.3439183235168457,
            -0.8068424463272095,
            4.437621116638184,
            1.6075446605682373,
            2.2200100421905518,
            -4.629413604736328,
            2.980947256088257
        ],
        [
            -9.253920555114746,
            -16.686279296875,
            1.1135883331298828,
            -0.36339664459228516,
            -0.3411964178085327,
            2.208789110183716,
            1.1486659049987793,
            4.91331672668457,
            -6.2787628173828125,
            3.554757833480835
        ],
        [
            -9.188858985900879,
            -12.462224006652832,
            2.1432390213012695,
            0.9295895099639893,
            0.4420349597930908,
            -0.33062744140625,
            -2.4689176082611084,
            5.318158149719238,
            -2.5935120582580566,
            2.8794095516204834
        ],
        [
            -10.381033897399902,
            -6.618570327758789,
            3.2321529388427734,
            0.19623899459838867,
