{
    "collision_depths": [
        0.0031435141600452115,
        0.020892121582229365,
        0.032187220730319904,
        0.12382284274053479,
        0.12342068028089725,
        0.13406839317663838,
        0.14081692759334946,
        0.12963017195911541,
        0.055362758425247016,
        0.03238963503244924,
        0.02612423980188133,
        0.010371574240950199,
        0.006351690404178101,
        0.01229914427631662,
        0.03759147308998051,
        0.011987518086013893,
        0.014786136542214848,
        0.03602760923728924,
        0.10225231682920177,
        0.0984364699765316,
        0.07737202471034194,
        0.02572095671979174,
        0.06140203907678042,
        0.017011430296322072
    ],
    "collision": true,
    "joint_limit_violation": true,
    "self_collision": true,
    "physical_violations": true,
    "config_smoothness": -4.213124055888622,
    "eff_smoothness": -5.331239363490804,
    "eff_position_path_length": 138.17290277435478,
    "eff_orientation_path_length": 6441.436321194521,
    "physical_success": false,
    "time": 5.196406364440918,
    "num_steps": 51,
    "trajectory_w": [
        [
            -7.733544826507568,
            -10.501053810119629,
            0.5209434032440186,
            0.0,
            0.0,
            0.0,
            0.0,
            0.0,
            0.0,
            0.0
        ],
        [
            -12.742668151855469,
            -9.183429718017578,
            1.4223542213439941,
            -1.8010658025741577,
            -0.2367398738861084,
            0.6156282424926758,
            0.6754086017608643,
            0.8044133186340332,
            -1.0684175491333008,
            1.6166422367095947
        ],
        [
            -15.579283714294434,
            -8.379499435424805,
            2.290572166442871,
            -3.460455894470215,
            -0.29157280921936035,
            1.1133759021759033,
            1.3805010318756104,
            1.624760389328003,
            -1.858573317527771,
            3.0440151691436768
        ],
        [
            -18.836742401123047,
            -7.3119215965271,
            3.123293399810791,
            -4.930060386657715,
            -0.11735224723815918,
            1.4509336948394775,
            2.070411443710327,
            2.4943807125091553,
            -2.3200364112854004,
            4.189227104187012
        ],
        [
            -20.185726165771484,
            -6.897899627685547,
            3.9305953979492188,
            -6.253546714782715,
            0.19395852088928223,
            1.6581695079803467,
            2.6597983837127686,
            3.4382646083831787,
            -2.634608745574951,
            5.106350898742676
        ],
        [
            -18.18912696838379,
            -8.601114273071289,
            3.966823101043701,
            -4.772277355194092,
            0.5236530303955078,
            0.016370773315429688,
            -0.8054859638214111,
            5.877811431884766,
            -4.03498649597168,
            3.3097269535064697
        ],
        [
            -15.06385612487793,
            -9.543389320373535,
            2.5434350967407227,
            -0.9456572532653809,
            -0.36905837059020996,
            -0.9333841800689697,
            -4.742940902709961,
            6.093297004699707,
            -2.0065348148345947,
            3.268472909927368
        ],
        [
            -11.378769874572754,
            -8.801246643066406,
            0.3791828155517578,
            1.7276365756988525,
            -1.113268494606018,
            -2.649230480194092,
            -3.0760879516601562,
            4.186600685119629,
            -1.082546591758728,
            3.5680148601531982
        ],
        [
            -7.582574367523193,
            -8.451423645019531,
            0.15566205978393555,
            2.8519928455352783,
            -2.9897847175598145,
            -2.9927706718444824,
            -0.1190500259399414,
            3.018876791000366,
            0.4211719036102295,
            2.20113205909729
        ],
        [
            -4.525906085968018,
            -10.080085754394531,
            -0.2602367401123047,
            3.023392915725708,
            -4.140348434448242,
            -0.43206024169921875,
            -0.6998898983001709,
            3.048326253890991,
            -0.27043187618255615,
            0.4185214042663574
        ],
        [
            -3.0128204822540283,
            -12.823579788208008,
            -0.501154899597168,
            2.150005578994751,
            -2.172353982925415,
            1.8161604404449463,
            0.2531263828277588,
            1.5093114376068115,
            -3.317089080810547,
            1.242682695388794
        ],
        [
            -3.098191499710083,
            -14.167560577392578,
            1.0927071571350098,
            1.1140587329864502,
            -0.003556489944458008,
            0.7697906494140625,
            3.5468337535858154,
            -1.3374069929122925,
            -4.965159893035889,
            2.920952081680298
        ],
        [
            -5.478002071380615,
            -12.329524993896484,
            1.920231819152832,
            -1.5669653415679932,
            0.5071365833282471,
            0.48497986793518066,
            3.242299795150757,
            -2.217542886734009,
            -1.4971389770507812,
            4.583392143249512
        ],
        [
            -8.831562995910645,
            -8.881150245666504,
            0.4569108486175537,
            -5.252299785614014,
            1.060912847518921,
            1.2918117046356201,
            1.1050665378570557,
            -1.057471513748169,
            -0.7750614881515503,
            5.5377960205078125
        ],
        [
            -10.685189247131348,
            -6.157665729522705,
            -1.1176862716674805,
            -6.3411664962768555,
            0.3675224781036377,
            1.4783918857574463,
            -1.5786653757095337,
            -0.06597137451171875,
            -2.094644546508789,
            4.820731163024902
        ],
        [
            -10.738510131835938,
            -4.957671165466309,
            -1.0903407335281372,
            -3.41878342628479,
            -2.351924419403076,
            1.1496045589447021,
            -1.7046234607696533,
            -0.47897887229919434,
            -3.7431938648223877,
            2.077120542526245
        ],
        [
            -10.006863594055176,
            -4.90296745300293,
            0.7634308338165283,
            -0.5448923110961914,
            -2.9710183143615723,
            0.6542274951934814,
            0.36232686042785645,
            -0.46048498153686523,
            -1.856691598892212,
            0.2510111331939697
        ],
        [
            -9.822630882263184,
            -6.110532760620117,
            2.9037528038024902,
            -0.06273508071899414,
            -1.6510231494903564,
            0.8999326229095459,
            -1.456664800643921,
            1.1179091930389404,
            1.1452977657318115,
            0.8227789402008057
        ],
        [
            -11.161653518676758,
            -7.821727275848389,
            3.186713695526123,
            -1.2753665447235107,
            0.6455996036529541,
            2.8772289752960205,
            -2.2754852771759033,
            3.2131507396698,
            2.3053810596466064,
            -0.22498512268066406
        ],
        [
            -13.682543754577637,
            -8.765555381774902,
            3.739729404449463,
            0.8310303688049316,
            -0.9004462957382202,
            4.617550849914551,
            -0.10710692405700684,
            5.101815223693848,
            2.2072227001190186,
            -2.0124504566192627
        ],
        [
            -15.35558032989502,
            -8.336539268493652,
            4.1819071769714355,
