{
    "collision_depths": [
        0.14378016390824414,
        0.04916667089193604,
        0.06517225497323621,
        0.15475046522492528,
        0.031096769453232562,
        0.08900996748328995,
        0.029018530473381605,
        0.2954891262542739,
        0.02135369070655242,
        0.021028729903794133,
        0.05127682290671605,
        0.04336506513178695,
        0.04457693302680889,
        0.04570064474596447,
        0.04570064474598258,
        0.027214167816176776,
        0.005280010057150771,
        0.12075410351735932,
        0.20876045105575855,
        0.2130540089311497,
        0.1749778588662046,
        0.19575625520452541,
        0.0601426645230995,
        0.02746799527271764,
        0.02683320839311274,
        0.06988304662887283,
        0.009125603342959282,
        0.019125603342959947,
        0.007561832587099753,
        0.010051222601465811,
        0.02032462078785712,
        0.010324620787857335,
        0.017623540279077896,
        0.007623540279077277,
        0.014319622349144301,
        0.024319622349144965,
        0.13561409345193262,
        0.12561409345220378,
        0.06257020629989452,
        0.05754794048729669,
        0.0293165638631097,
        0.031524212819735636,
        0.01076949599907208,
        0.04332508480552563,
        0.03595730101793806,
        0.0008832003767464775,
        0.005157646067651137,
        0.016508772683304803,
        0.012029198289119476,
        0.013546344687827783,
        0.021864759872304514,
        0.04142229336102805,
        0.036963421768211185,
        0.005870982649383852
    ],
    "collision": true,
    "joint_limit_violation": true,
    "self_collision": true,
    "physical_violations": true,
    "config_smoothness": -4.543740108214995,
    "eff_smoothness": -6.373524254133265,
    "eff_position_path_length": 149.115992700185,
    "eff_orientation_path_length": 6304.2301213933015,
    "physical_success": false,
    "time": 5.07630729675293,
    "num_steps": 51,
    "trajectory_w": [
        [
            -1.4855096340179443,
            -5.5591888427734375,
            1.3895468711853027,
            0.0,
            0.0,
            0.0,
            0.0,
            0.0,
            0.0,
            0.0
        ],
        [
            -4.060485363006592,
            -10.974567413330078,
            1.3715219497680664,
            -0.3744478225708008,
            -0.8264694213867188,
            1.61350417137146,
            -0.535717248916626,
            2.3761041164398193,
            0.5322420597076416,
            0.10531187057495117
        ],
        [
            -6.2569050788879395,
            -14.706255912780762,
            1.4110608100891113,
            -0.7156851291656494,
            -1.5815991163253784,
            3.0593373775482178,
            -1.0867931842803955,
            4.685779571533203,
            0.8506650924682617,
            0.1666867733001709
        ],
        [
            -5.885873794555664,
            -18.88947296142578,
            1.5193228721618652,
            -1.0264368057250977,
            -2.190412998199463,
            4.296220779418945,
            -1.6850953102111816,
            6.923619270324707,
            0.8717541694641113,
            0.14904022216796875
        ],
        [
            -5.797105312347412,
            -21.086061477661133,
            1.6704668998718262,
            -1.3241643905639648,
            -2.597198963165283,
            5.409128189086914,
            -2.352437973022461,
            9.113780975341797,
            0.6693809032440186,
            0.03133201599121094
        ],
        [
            0.49626266956329346,
            -19.543508529663086,
            2.3994500637054443,
            -1.3810898065567017,
            1.849205732345581,
            5.5497894287109375,
            -4.7402544021606445,
            10.07791519165039,
            -1.698913335800171,
            -2.6254305839538574
        ],
        [
            4.908523082733154,
            -18.16548728942871,
            3.8993723392486572,
            -0.9516680240631104,
            4.472297668457031,
            4.779306411743164,
            -7.055570602416992,
            8.962736129760742,
            -3.1496400833129883,
            -4.917380332946777
        ],
        [
            5.968352317810059,
            -15.738204002380371,
            3.9488937854766846,
            -1.9090145826339722,
            2.651158094406128,
            3.5267913341522217,
            -5.94966459274292,
            6.680584907531738,
            -4.768794536590576,
            -4.014347076416016
        ],
        [
            5.381698131561279,
            -12.862208366394043,
            3.433985471725464,
            -3.5073609352111816,
            0.7254867553710938,
            2.5416877269744873,
            -4.447633266448975,
            4.686065673828125,
            -4.4442548751831055,
            -0.4570765495300293
        ],
        [
            4.282580375671387,
            -11.169365882873535,
            4.454512596130371,
            -1.8710062503814697,
            1.081604242324829,
            2.439363718032837,
            -2.8459908962249756,
            4.804155349731445,
            -3.4701805114746094,
            1.9564578533172607
        ],
        [
            2.606769561767578,
            -11.013453483581543,
            5.830270290374756,
            1.8115861415863037,
            0.6839418411254883,
            3.4435293674468994,
            -5.3510541915893555,
            6.450688362121582,
            -0.6146930456161499,
            2.9893639087677
        ],
        [
            0.5245553851127625,
            -10.982097625732422,
            6.827434062957764,
            2.8371927738189697,
            -0.22772693634033203,
            4.662990570068359,
            -7.372051239013672,
            6.595058441162109,
            2.318162679672241,
            3.535780191421509
        ],
        [
            -1.5437794923782349,
            -10.878495216369629,
            4.166038513183594,
            2.4558327198028564,
            -0.16963887214660645,
            4.770191192626953,
            -4.215127944946289,
            4.91765022277832,
            1.2213339805603027,
            2.1460120677948
        ],
        [
            -2.335123062133789,
            -11.961517333984375,
            1.6144084930419922,
            3.274606943130493,
            -1.7144300937652588,
            5.558032035827637,
            -1.0253880023956299,
            5.27432918548584,
            -2.151400089263916,
            1.1303350925445557
        ],
        [
            -0.5497236847877502,
            -13.061205863952637,
            1.1640222072601318,
            3.513312578201294,
            -0.031316518783569336,
            5.234436988830566,
            -1.3005549907684326,
            5.721637725830078,
            -3.990159273147583,
            1.5183780193328857
        ],
        [
            2.9446821212768555,
            -12.791600227355957,
            2.980712652206421,
            2.3918144702911377,
            2.198791265487671,
            2.393198251724243,
            -2.8397769927978516,
            4.165104866027832,
            -2.6091344356536865,
            2.1732418537139893
        ],
        [
            5.546291351318359,
            -12.206390380859375,
            4.979240417480469,
            0.14457440376281738,
            0.060677289962768555,
            0.35245537757873535,
            -1.7632170915603638,
            2.9482014179229736,
            -2.472099542617798,
            2.7520744800567627
        ],
        [
            6.267622947692871,
            -13.344358444213867,
            6.661884784698486,
            -4.1583333015441895,
            -2.818087577819824,
            2.2202985286712646,
            -1.581369400024414,
            6.190268516540527,
