{
    "collision_depths": [
        0.2335505493915494,
        0.040430709015685524,
        0.0404306711388231,
        0.2118971136921402,
        0.015439769178360742,
        0.053110913946758244,
        0.03106083006339118,
        0.053793286568528886,
        0.048775672517957586,
        0.0018433195931408643,
        0.038641159010903786,
        0.05596099913023285,
        0.04424840649592199,
        0.000507203618243534,
        0.08674852011935869,
        0.03025482786974805,
        0.09083119799753693,
        0.014490164826082418,
        0.15046776450405783,
        0.10747497841961817,
        0.019134365567404475,
        0.020706868800286375,
        0.3395126126597415,
        0.24980019604495535,
        0.0727946738109539,
        0.04769387267737889,
        0.06493770016429098
    ],
    "collision": true,
    "joint_limit_violation": true,
    "self_collision": true,
    "physical_violations": true,
    "config_smoothness": -3.7538569281253733,
    "eff_smoothness": -4.636408988356673,
    "eff_position_path_length": 168.8987615925604,
    "eff_orientation_path_length": 5764.375309291831,
    "physical_success": false,
    "time": 4.95378041267395,
    "num_steps": 51,
    "trajectory_w": [
        [
            -5.806797027587891,
            -7.255623817443848,
            -2.4453158378601074,
            0.0,
            0.0,
            0.0,
            0.0,
            0.0,
            0.0,
            0.0
        ],
        [
            -4.168866157531738,
            -4.977137565612793,
            -1.7948839664459229,
            -2.3018219470977783,
            1.9166619777679443,
            0.44542980194091797,
            -1.7861547470092773,
            2.163548707962036,
            -1.6623961925506592,
            -0.9834809303283691
        ],
        [
            -3.9754598140716553,
            -2.291006565093994,
            -0.9646174907684326,
            -4.385293006896973,
            3.649080991744995,
            0.8616464138031006,
            -3.492952346801758,
            4.130453109741211,
            -3.203092098236084,
            -1.831134557723999
        ],
        [
            -2.3576998710632324,
            0.3970785140991211,
            0.0929572582244873,
            -6.186669826507568,
            5.138689994812012,
            1.2726762294769287,
            -5.090424537658691,
            5.808608055114746,
            -4.545215129852295,
            -2.477512836456299
        ],
        [
            -2.211810350418091,
            2.7335894107818604,
            1.2816216945648193,
            -7.7842302322387695,
            6.415903091430664,
            1.7236077785491943,
            -6.581355094909668,
            7.234999656677246,
            -5.694491386413574,
            -2.9547131061553955
        ],
        [
            0.16174300014972687,
            -0.9443302154541016,
            1.8627266883850098,
            -6.732298851013184,
            3.801525831222534,
            3.3236615657806396,
            -5.615198135375977,
            4.603132247924805,
            -3.78989315032959,
            -1.173819661140442
        ],
        [
            1.6364516019821167,
            -5.049846649169922,
            -1.4474799633026123,
            -5.402745723724365,
            1.7683742046356201,
            3.141080617904663,
            -4.251315116882324,
            2.372347593307495,
            -2.723642110824585,
            0.323594331741333
        ],
        [
            1.9624006748199463,
            -8.149864196777344,
            -5.340395927429199,
            -5.07625675201416,
            3.362508535385132,
            2.8820302486419678,
            -1.899109125137329,
            2.773991823196411,
            -3.3723697662353516,
            2.1581356525421143
        ],
        [
            0.561651349067688,
            -10.594794273376465,
            -4.687190532684326,
            -4.535884857177734,
            1.5322132110595703,
            2.5206220149993896,
            2.3598544597625732,
            3.446995973587036,
            -3.073948383331299,
            2.973790407180786
        ],
        [
            -2.0325610637664795,
            -11.499879837036133,
            -1.510840654373169,
            -3.723405599594116,
            1.4141323566436768,
            1.132488489151001,
            2.4151413440704346,
            3.0679900646209717,
            -1.3526184558868408,
            3.791692018508911
        ],
        [
            -4.694434642791748,
            -9.714195251464844,
            -0.13291668891906738,
            -2.3749313354492188,
            2.4037458896636963,
            0.8592660427093506,
            -0.482560396194458,
            1.5733850002288818,
            0.18659543991088867,
            3.799560308456421
        ],
        [
            -5.892979621887207,
            -6.879678249359131,
            -0.27631402015686035,
            -1.8847970962524414,
            3.4803497791290283,
            1.5462620258331299,
            -1.5076099634170532,
            1.129342794418335,
            -1.1557726860046387,
            1.3967936038970947
        ],
        [
            -5.184874057769775,
            -5.8621602058410645,
            -0.5517847537994385,
            -3.7275285720825195,
            4.020098686218262,
            -0.34409332275390625,
            -1.3829737901687622,
            2.883955717086792,
            -3.969064235687256,
            -0.21849822998046875
        ],
        [
            -3.5463502407073975,
            -8.410927772521973,
            -0.7926986217498779,
            -5.038088321685791,
            2.034166097640991,
            -2.97149395942688,
            0.3392913341522217,
            3.1027157306671143,
            -1.3146685361862183,
            2.028505563735962
        ],
        [
            -2.3972201347351074,
            -10.50830078125,
            1.1955740451812744,
            -4.212427616119385,
            1.837639570236206,
            -2.863450050354004,
            1.8321173191070557,
            2.5432045459747314,
            0.416034460067749,
            3.8225057125091553
        ],
        [
            -1.5275284051895142,
            -9.785582542419434,
            4.467276096343994,
            -2.1132588386535645,
            3.3339602947235107,
            -1.2976229190826416,
            0.14272022247314453,
            2.1384012699127197,
            3.2198283672332764,
            3.051811456680298
        ],
        [
            0.03337203711271286,
            -6.944862365722656,
            5.069389820098877,
            -3.8994710445404053,
            3.5766961574554443,
            2.0768845081329346,
            -1.4779021739959717,
            2.677384614944458,
            -0.13566207885742188,
            2.161907911300659
        ],
        [
            2.4303627014160156,
            -4.642279624938965,
            2.686990261077881,
            -7.680685043334961,
            2.2404062747955322,
            5.5351762771606445,
            0.20665550231933594,
            5.5618791580200195,
            -5.154148101806641,
            2.7148077487945557
        ],
        [
            4.143366813659668,
            -3.842311143875122,
            0.031569719314575195,
            -8.022150039672852,
            -0.2280576229095459,
            6.16627311706543,
            2.09741473197937,
            8.130629539489746,
            -3.8342037200927734,
            3.473958730697632
        ],
        [
            3.403353214263916,
            -2.6777291297912598,
            -0.6481502056121826,
            -5.498763561248779,
            0.16058659553527832,
            4.204669952392578,
            0.48319196701049805,
            7.5610857009887695,
            -2.088827610015869,
            2.1529433727264404
        ],
        [
            0.40121224522590637,
