{
    "collision_depths": [
        0.01901128131621398,
        0.007095995681036886,
        0.12291171644017734,
        0.00016364050851674417,
        0.011087100759478519,
        0.008455241257678393,
        0.12191263818305181,
        0.061157460205031364,
        0.03595001923807481,
        0.10674112233478554,
        0.020056546579579112,
        0.05376718332151057,
        0.004415537290864456,
        0.016279429104404913,
        0.03062102027747976,
        0.011703243286711306,
        0.051739154641235345,
        0.20742346422865313,
        0.17045374689165088,
        0.36937258533119505,
        0.010245614276491842,
        0.08560692104546704
    ],
    "collision": true,
    "joint_limit_violation": true,
    "self_collision": true,
    "physical_violations": true,
    "config_smoothness": -3.8779772530622534,
    "eff_smoothness": -3.9162028795324186,
    "eff_position_path_length": 163.57423519051122,
    "eff_orientation_path_length": 6046.120208222465,
    "physical_success": false,
    "time": 4.707168102264404,
    "num_steps": 51,
    "trajectory_w": [
        [
            -7.792447566986084,
            -6.571203708648682,
            -1.9179720878601074,
            0.0,
            0.0,
            0.0,
            0.0,
            0.0,
            0.0,
            0.0
        ],
        [
            -7.652475357055664,
            -4.693678379058838,
            -0.3872182369232178,
            -2.181971788406372,
            -0.057767629623413086,
            1.941326379776001,
            0.2701230049133301,
            2.0435268878936768,
            -0.3179788589477539,
            1.1040937900543213
        ],
        [
            -8.140435218811035,
            -1.3200992345809937,
            0.9467785358428955,
            -4.010500907897949,
            -0.02159881591796875,
            3.6436398029327393,
            0.5300841331481934,
            3.8698785305023193,
            -0.6316094398498535,
            2.10410475730896
        ],
        [
            -7.7899274826049805,
            0.5672855973243713,
            1.9617712497711182,
            -5.344780921936035,
            0.10560059547424316,
            5.022185325622559,
            0.7593750953674316,
            5.391073226928711,
            -0.9218491315841675,
            2.919644594192505
        ],
        [
            -8.01677417755127,
            3.3027710914611816,
            2.6719470024108887,
            -6.277867317199707,
            0.22807669639587402,
            6.138708114624023,
            0.9469842910766602,
            6.6591644287109375,
            -1.1797388792037964,
            3.534464120864868
        ],
        [
            -7.20565938949585,
            -0.23246383666992188,
            -1.8476262092590332,
            -2.0653388500213623,
            -1.5112897157669067,
            2.9667208194732666,
            0.0389256477355957,
            4.109872817993164,
            -0.906562328338623,
            0.49961113929748535
        ],
        [
            -7.694402694702148,
            -4.4716973304748535,
            -4.867457389831543,
            -0.9591467380523682,
            -0.4990420341491699,
            -0.27590465545654297,
            -1.3078464269638062,
            2.312072992324829,
            -1.4270484447479248,
            -1.0362749099731445
        ],
        [
            -9.862298011779785,
            -7.393385887145996,
            -5.114610195159912,
            -1.7699031829833984,
            1.8878562450408936,
            -0.012273073196411133,
            -3.571305990219116,
            1.85978102684021,
            -0.9652084112167358,
            1.7328941822052002
        ],
        [
            -12.959927558898926,
            -9.35100269317627,
            -2.921009063720703,
            -2.0214667320251465,
            2.276970624923706,
            0.8534879684448242,
            -3.672435760498047,
            0.0797274112701416,
            -3.192741870880127,
            5.6649980545043945
        ],
        [
            -14.177291870117188,
            -10.59375,
            0.0980069637298584,
            -1.9416000843048096,
            1.3061506748199463,
            -1.3793659210205078,
            -1.9143764972686768,
            -2.472072124481201,
            -3.292914867401123,
            6.469315528869629
        ],
        [
            -12.396728515625,
            -10.33414363861084,
            2.8856167793273926,
            -3.7313766479492188,
            1.9356892108917236,
            -3.3524739742279053,
            -1.4305541515350342,
            -1.497904896736145,
            -0.3826465606689453,
            4.0043230056762695
        ],
        [
            -9.078055381774902,
            -8.206464767456055,
            3.529723644256592,
            -3.850344657897949,
            1.025353193283081,
            -2.7500298023223877,
            -2.535566568374634,
            1.9337265491485596,
            1.8148524761199951,
            2.3214590549468994
        ],
        [
            -7.004826068878174,
            -5.336106777191162,
            3.5443224906921387,
            -3.859055280685425,
            1.1355726718902588,
            -1.464042067527771,
            -2.8789725303649902,
            4.484072685241699,
            3.7259676456451416,
            3.4548819065093994
        ],
        [
            -6.906338214874268,
            -2.4324264526367188,
            2.0542562007904053,
            -5.091437339782715,
            1.65496826171875,
            0.7161710262298584,
            -1.2614332437515259,
            5.666135787963867,
            3.238497018814087,
            4.561166763305664
        ],
        [
            -7.367313861846924,
            0.5617918968200684,
            0.655752420425415,
            -7.514902114868164,
            0.18095684051513672,
            3.8826539516448975,
            2.212566614151001,
            6.077317237854004,
            -0.8301534652709961,
            3.4407684803009033
        ],
        [
            -7.009241580963135,
            1.8664629459381104,
            2.0302894115448,
            -6.6042399406433105,
            -2.116766929626465,
            4.61612606048584,
            4.40614128112793,
            6.428717613220215,
            1.1341662406921387,
            1.4442427158355713
        ],
        [
            -6.162171363830566,
            1.8938000202178955,
            2.921962261199951,
            -2.245123863220215,
            -1.6367650032043457,
            2.456238031387329,
            2.792696714401245,
            6.682196617126465,
            4.469916343688965,
            1.6599843502044678
        ],
        [
            -6.312251567840576,
            2.2214179039001465,
            1.834519624710083,
            2.7892754077911377,
            -0.11801624298095703,
            0.43572139739990234,
            -1.7185686826705933,
            7.996273994445801,
            3.7420217990875244,
            1.6647584438323975
        ],
        [
            -7.971860885620117,
            3.4064583778381348,
            0.9145467281341553,
            3.311713457107544,
            0.7338886260986328,
            0.31949281692504883,
            -4.266766548156738,
            9.04236125946045,
            1.791968584060669,
            0.07682180404663086
        ],
        [
            -10.084258079528809,
            4.598878383636475,
            0.6465022563934326,
            -0.5602014064788818,
            2.1040327548980713,
            2.279395341873169,
            -3.1229350566864014,
            8.918790817260742,
            0.23366737365722656,
            -1.2616724967956543
        ],
        [
            -11.546711921691895,
            4.661457061767578,
            0.9894511699676514,
            -4.64468240737915,
            1.1600041389465332,
