{
    "collision_depths": [
        0.37082637839527366,
        0.03023123456762165,
        0.050854803178565264,
        0.08125419925491244,
        0.056995637679854556,
        0.07077729869803397,
        0.06410042218905782,
        0.0487007629731817,
        0.14739704041370053,
        0.020228598111904427,
        0.020942258819077856,
        0.19143506162481158,
        0.14309216510015055,
        0.14308226703282045,
        0.12636331925994632,
        0.09908057160462477,
        0.12706532844314872,
        0.03514074836443365,
        0.07530606090923025
    ],
    "collision": true,
    "joint_limit_violation": true,
    "self_collision": true,
    "physical_violations": true,
    "config_smoothness": -4.534954288468772,
    "eff_smoothness": -4.404994172857956,
    "eff_position_path_length": 118.58022776374641,
    "eff_orientation_path_length": 6126.767982172124,
    "physical_success": false,
    "time": 5.462666273117065,
    "num_steps": 51,
    "trajectory_w": [
        [
            -7.63397741317749,
            -10.508259773254395,
            0.5225807428359985,
            0.0,
            0.0,
            0.0,
            0.0,
            0.0,
            0.0,
            0.0
        ],
        [
            -6.713929653167725,
            -11.567118644714355,
            0.7888132333755493,
            -1.095200777053833,
            0.6758472919464111,
            0.4726979732513428,
            0.7197647094726562,
            0.6162235736846924,
            0.3320026397705078,
            -0.300783634185791
        ],
        [
            -6.865822792053223,
            -12.034398078918457,
            0.9110313653945923,
            -2.058624505996704,
            1.2814970016479492,
            0.7678675651550293,
            1.394439458847046,
            1.0862882137298584,
            0.8294486999511719,
            -0.4440162181854248
        ],
        [
            -5.701931476593018,
            -12.242142677307129,
            0.8107751607894897,
            -2.8545427322387695,
            1.807654619216919,
            0.8437018394470215,
            1.9919731616973877,
            1.3767054080963135,
            1.4842791557312012,
            -0.33223795890808105
        ],
        [
            -5.946829795837402,
            -12.125540733337402,
            0.5139561891555786,
            -3.551500082015991,
            2.298699140548706,
            0.7674057483673096,
            2.5013864040374756,
            1.5647647380828857,
            2.114548921585083,
            0.022089481353759766
        ],
        [
            -5.653365612030029,
            -14.154220581054688,
            -1.7443820238113403,
            -4.455728054046631,
            3.587311029434204,
            -1.0721156597137451,
            0.6606707572937012,
            1.96309494972229,
            -2.278796434402466,
            3.6536080837249756
        ],
        [
            -6.1424055099487305,
            -17.676570892333984,
            0.563536524772644,
            -6.915611267089844,
            6.32303524017334,
            -2.9475631713867188,
            -2.161916732788086,
            3.903620958328247,
            -5.079544544219971,
            3.452435255050659
        ],
        [
            -7.545488357543945,
            -20.411602020263672,
            4.119605541229248,
            -7.713371276855469,
            3.711359739303589,
            -1.0736110210418701,
            0.6523482799530029,
            5.622733116149902,
            -2.596651077270508,
            0.2704944610595703
        ],
        [
            -8.815524101257324,
            -21.898555755615234,
            4.92416524887085,
            -4.051961421966553,
            0.7016444206237793,
            3.3586862087249756,
            1.371443510055542,
            5.976648330688477,
            0.19210457801818848,
            -1.2093192338943481
        ],
        [
            -8.722281455993652,
            -21.756298065185547,
            2.6771631240844727,
            1.6868808269500732,
            -1.5002046823501587,
            4.678906440734863,
            -0.4905834197998047,
            3.6535871028900146,
            1.2733345031738281,
            1.8542182445526123
        ],
        [
            -7.192898273468018,
            -20.144800186157227,
            0.6662105321884155,
            -0.6921634674072266,
            -1.4993610382080078,
            2.986158609390259,
            2.36968731880188,
            -0.24713540077209473,
            -0.7724496126174927,
            4.550532341003418
        ],
        [
            -5.487247467041016,
            -18.29441261291504,
            -0.618651270866394,
            -4.725336074829102,
            -0.20645689964294434,
            0.01079249382019043,
            4.30233097076416,
            -1.6954880952835083,
            -2.131253242492676,
            4.815451622009277
        ],
        [
            -5.524319648742676,
            -17.71662712097168,
            -1.686111330986023,
            -4.080968856811523,
            3.4246628284454346,
            -1.0569276809692383,
            2.4629924297332764,
            0.6576228141784668,
            0.6249029636383057,
            4.338199615478516
        ],
        [
            -6.9447174072265625,
            -19.107240676879883,
            0.9180279970169067,
            -0.5302698612213135,
            2.53495192527771,
            0.28195881843566895,
            -2.9039578437805176,
            4.610528945922852,
            1.774839162826538,
            4.486645698547363
        ],
        [
            -7.523959159851074,
            -20.123519897460938,
            5.774247646331787,
            0.7324578762054443,
            0.45262765884399414,
            1.834960699081421,
            -6.157166481018066,
            6.127699851989746,
            3.5488626956939697,
            5.003908157348633
        ],
        [
            -6.241650104522705,
            -18.463476181030273,
            8.61755657196045,
            -1.9693818092346191,
            -0.39055144786834717,
            3.536104440689087,
            -2.9540727138519287,
            3.5041935443878174,
            2.365499258041382,
            4.340188980102539
        ],
        [
            -4.338700294494629,
            -15.326081275939941,
            10.540023803710938,
            -5.595278739929199,
            0.3982210159301758,
            3.140907049179077,
            3.3940069675445557,
            1.1312425136566162,
            1.2894902229309082,
            2.6784698963165283
        ],
        [
            -3.7460715770721436,
            -13.238212585449219,
            10.420190811157227,
            -4.77484655380249,
            0.22696709632873535,
            1.1193974018096924,
            5.159549713134766,
            1.532837152481079,
            3.7302792072296143,
            1.801800012588501
        ],
        [
            -4.216148376464844,
            -13.689713478088379,
            7.923567295074463,
            0.034024715423583984,
            -0.29667913913726807,
            0.4730825424194336,
            2.124993085861206,
            3.6048805713653564,
            4.565107345581055,
            2.376701593399048
        ],
        [
            -3.881256341934204,
            -14.820208549499512,
            5.780676364898682,
            0.6884357929229736,
            -0.3537709712982178,
            1.6538941860198975,
            -0.8973702192306519,
            4.323943138122559,
            1.1833994388580322,
            2.0262644290924072
        ],
        [
            -2.543566942214966,
            -14.797576904296875,
            2.978508949279785,
            -2.0625293254852295,
            0.7669451236724854,
            1.2341382503509521,
            -0.6244852542877197,
            3.356074571609497,
