{
    "collision_depths": [
        0.2090863216501038,
        0.10805946580598207,
        0.019054137251030646,
        0.15864201329663466,
        0.018632184009345933,
        0.2072343254386094,
        0.018945846074603853,
        0.04332427377853379,
        0.13073075026645622,
        0.12072977127412127,
        0.03860099932712861,
        0.03203040140282705,
        0.10987048001979147,
        0.030586168347760456,
        0.003462208025923662,
        0.10034253210314407,
        0.012868587991976564,
        0.04370872997275807,
        0.0809901929654613,
        0.008701077754553074,
        0.11102662662667702,
        0.008970674008198306,
        0.026169638207391488,
        0.07206975740464981,
        0.028592530744453462,
        0.019541592004099,
        0.004124616389528175,
        0.002376442213647092,
        0.01959316820063568,
        0.21251989084691325
    ],
    "collision": true,
    "joint_limit_violation": true,
    "self_collision": true,
    "physical_violations": true,
    "config_smoothness": -3.9862992694527892,
    "eff_smoothness": -5.352200488547643,
    "eff_position_path_length": 156.19130891683932,
    "eff_orientation_path_length": 6481.747599309151,
    "physical_success": false,
    "time": 5.1356422901153564,
    "num_steps": 51,
    "trajectory_w": [
        [
            -7.346911907196045,
            -6.567966461181641,
            -1.0439780950546265,
            0.0,
            0.0,
            0.0,
            0.0,
            0.0,
            0.0,
            0.0
        ],
        [
            -9.220852851867676,
            -8.932195663452148,
            -0.509020209312439,
            -1.847549557685852,
            0.16800212860107422,
            0.3012208938598633,
            0.21557879447937012,
            0.06403422355651855,
            -0.8136873245239258,
            0.7275791168212891
        ],
        [
            -10.227839469909668,
            -10.007728576660156,
            0.08740794658660889,
            -3.463210344314575,
            0.2908141613006592,
            0.5399036407470703,
            0.5602660179138184,
            0.015059709548950195,
            -1.233768343925476,
            1.4531233310699463
        ],
        [
            -11.090129852294922,
            -12.304430961608887,
            0.7712110280990601,
            -4.780596733093262,
            0.33690714836120605,
            0.7323155403137207,
            1.0812139511108398,
            -0.18284249305725098,
            -1.1582603454589844,
            2.1577470302581787
        ],
        [
            -11.620905876159668,
            -12.819645881652832,
            1.5139440298080444,
            -5.900749206542969,
            0.27680206298828125,
            0.924943208694458,
            1.7209556102752686,
            -0.4781036376953125,
            -0.8155498504638672,
            2.813135862350464
        ],
        [
            -12.1073637008667,
            -8.325608253479004,
            2.3861379623413086,
            -5.456686019897461,
            -2.1881422996520996,
            1.402500867843628,
            2.7819793224334717,
            -1.2026472091674805,
            -1.2582982778549194,
            1.5870606899261475
        ],
        [
            -9.575048446655273,
            -2.5503058433532715,
            2.8992247581481934,
            -5.946207046508789,
            -1.738871455192566,
            0.6219086647033691,
            2.9064371585845947,
            -1.4118863344192505,
            -0.37714219093322754,
            -0.28411388397216797
        ],
        [
            -5.617891788482666,
            1.429755449295044,
            2.4338083267211914,
            -6.00492525100708,
            -1.2963347434997559,
            0.8332204818725586,
            3.382779359817505,
            -0.8601377010345459,
            1.2308621406555176,
            -0.49262499809265137
        ],
        [
            -3.9095911979675293,
            2.916670322418213,
            -0.24191105365753174,
            -3.6165807247161865,
            0.713787317276001,
            3.897089719772339,
            0.7296948432922363,
            2.2597501277923584,
            -0.0461883544921875,
            2.4614102840423584
        ],
        [
            -4.679789066314697,
            3.238400459289551,
            -2.6195054054260254,
            -3.183354377746582,
            3.3989031314849854,
            5.958062171936035,
            -2.378297805786133,
            6.301465034484863,
            0.425830602645874,
            5.202009201049805
        ],
        [
            -6.888980388641357,
            2.5179929733276367,
            -2.7951765060424805,
            -4.448975563049316,
            1.7709600925445557,
            6.647043228149414,
            -3.4722015857696533,
            8.560324668884277,
            -2.4483542442321777,
            5.811387062072754
        ],
        [
            -10.109618186950684,
            0.1879107803106308,
            -0.9225579500198364,
            -4.936457633972168,
            -0.07416749000549316,
            5.143986701965332,
            -1.7062296867370605,
            7.055084228515625,
            -3.151113986968994,
            4.272374153137207
        ],
        [
            -14.308069229125977,
            -2.814863681793213,
            0.7052019834518433,
            -3.3788158893585205,
            -0.05856204032897949,
            3.331284284591675,
            -1.0820070505142212,
            5.530857086181641,
            -4.090195178985596,
            2.90033221244812
        ],
        [
            -18.348251342773438,
            -4.498693943023682,
            2.8842878341674805,
            -0.5412807464599609,
            2.2770607471466064,
            2.431226968765259,
            -4.229645729064941,
            4.823909759521484,
            -3.061483144760132,
            1.5555751323699951
        ],
        [
            -20.79981231689453,
            -4.333144187927246,
            3.8833212852478027,
            0.6164040565490723,
            3.2563655376434326,
            0.8028216361999512,
            -6.212486267089844,
            4.461012840270996,
            -3.594301700592041,
            -2.479193687438965
        ],
        [
            -19.78882598876953,
            -3.5965776443481445,
            1.607542872428894,
            0.27472782135009766,
            1.266148567199707,
            1.5048997402191162,
            -3.5083069801330566,
            4.524362564086914,
            -3.5849151611328125,
            -4.603649616241455
        ],
        [
            -14.937673568725586,
            -3.4532558917999268,
            0.20634639263153076,
            -0.9985523223876953,
            -0.6737830638885498,
            3.9107882976531982,
            0.42356348037719727,
            4.602520942687988,
            -0.4011046886444092,
            -2.9681050777435303
        ],
        [
            -8.137954711914062,
            -4.188856601715088,
            -0.008543133735656738,
            -2.2564074993133545,
            -2.291616201400757,
            2.8647749423980713,
            1.236170768737793,
            2.6330344676971436,
            -0.08240604400634766,
            0.9330117702484131
        ],
        [
            -4.443009853363037,
            -4.178828716278076,
            -0.6605900526046753,
            -1.7574084997177124,
            -2.6910245418548584,
            0.7792608737945557,
            0.5510931015014648,
            0.6796150207519531,
            -1.104395866394043,
            1.7349565029144287
        ],
        [
            -4.965180397033691,
            -2.2314374446868896,
            -1.6178325414657593,
            -1.8671427965164185,
            -1.0285580158233643,
            1.7770111560821533,
            0.33240580558776855,
            0.8002197742462158,
