{
    "collision_depths": [
        0.1268607883577856,
        0.10477643712016872,
        0.1801878102590604,
        0.18567361219174072,
        0.20537352408064657,
        0.11905149944350943,
        0.1458972372639447,
        0.1632103285241559,
        0.05582881303853685,
        0.020426359508655633,
        0.01703042959113232,
        0.038011915187927195,
        0.012351795121519798,
        0.05538739648803764,
        0.025113728193858747,
        0.017281557210464274,
        0.03834010439744358,
        0.010810235146248855,
        0.05262399358041173,
        0.00171113374998164,
        0.013310515480346419,
        0.004091339239132146,
        0.03996274957254854,
        0.0491735466505743,
        0.014937918520256686,
        0.004523825803620321,
        0.05463489649702197,
        0.026278449271675892,
        0.016793174166623792,
        0.044623478391646126,
        0.019375233322109102,
        0.039332748632721286,
        0.03129547635798443,
        0.05791365353839408,
        0.056248372716572806,
        0.04428159357361307,
        0.04951898394081571,
        0.03740495100863654,
        0.018279648789569357,
        0.0444988404699302,
        0.005232491400886694,
        0.002531927076476089,
        0.0025222067083245075,
        0.0035553900097078373,
        0.05382291657361407,
        0.04128018816158936,
        0.027868342449567342,
        0.019357176838223585,
        0.07412778052832286,
        0.03690451414172491,
        0.006641225915778539,
        0.0033644261745881137,
        0.03036341671618591,
        0.0028727403638191882,
        0.026563268929971733,
        0.0666667314363843,
        0.024259380243646298,
        0.052215968961590656,
        0.05084287408065996,
        0.0077213938456075415,
        0.04203055610126341,
        0.03547916855004479,
        0.12054788467555018,
        0.058250580043927025,
        0.04967453294805848,
        0.05445890962402213,
        0.06967988416382973,
        0.12652716944462256
    ],
    "collision": true,
    "joint_limit_violation": true,
    "self_collision": true,
    "physical_violations": true,
    "config_smoothness": -4.580306785769591,
    "eff_smoothness": -5.34549700768412,
    "eff_position_path_length": 163.35880603796477,
    "eff_orientation_path_length": 5984.925324066466,
    "physical_success": false,
    "time": 5.412843704223633,
    "num_steps": 51,
    "trajectory_w": [
        [
            -6.069802761077881,
            -6.409117698669434,
            -1.3936450481414795,
            0.0,
            0.0,
            0.0,
            0.0,
            0.0,
            0.0,
            0.0
        ],
        [
            -8.43799877166748,
            -3.890418529510498,
            0.2401413917541504,
            -1.4291898012161255,
            0.11047887802124023,
            1.634284257888794,
            0.40057945251464844,
            1.398235559463501,
            -0.3067328929901123,
            -0.5864863395690918
        ],
        [
            -11.574149131774902,
            -2.3941848278045654,
            1.851752758026123,
            -2.613095760345459,
            0.13904547691345215,
            3.0787789821624756,
            0.84114670753479,
            2.696075201034546,
            -0.3600029945373535,
            -1.0956194400787354
        ],
        [
            -13.269098281860352,
            0.2710643708705902,
            3.405845880508423,
            -3.4492547512054443,
            0.07799935340881348,
            4.292021751403809,
            1.3448379039764404,
            3.8303472995758057,
            -0.09941112995147705,
            -1.4828044176101685
        ],
        [
            -15.482940673828125,
            1.2856117486953735,
            4.8853559494018555,
            -3.9936795234680176,
            -0.05176806449890137,
            5.367097854614258,
            1.9225237369537354,
            4.807825088500977,
            0.31625866889953613,
            -1.7504510879516602
        ],
        [
            -14.412725448608398,
            -1.7973034381866455,
            4.051191329956055,
            -0.5542504787445068,
            -1.2720816135406494,
            5.286969184875488,
            3.618025541305542,
            3.276715040206909,
            -0.6302046775817871,
            0.19356632232666016
        ],
        [
            -13.239102363586426,
            -6.1103949546813965,
            1.8752260208129883,
            0.21122312545776367,
            -1.6597347259521484,
            4.872099876403809,
            1.438460111618042,
            3.212585687637329,
            -1.6387312412261963,
            1.6940715312957764
        ],
        [
            -12.934671401977539,
            -8.313531875610352,
            -1.2387912273406982,
            -4.553834915161133,
            -1.544004201889038,
            4.332405090332031,
            -0.7373076677322388,
            3.976018190383911,
            -3.9388318061828613,
            0.3338932991027832
        ],
        [
            -13.453265190124512,
            -7.015195369720459,
            -2.397024393081665,
            -9.642335891723633,
            0.8398656845092773,
            2.8567965030670166,
            2.7899763584136963,
            4.240594863891602,
            -6.8002424240112305,
            -1.13275146484375
        ],
        [
            -13.061315536499023,
            -3.7330195903778076,
            -1.0625152587890625,
            -10.03359603881836,
            1.3799304962158203,
            1.4552719593048096,
            4.280997276306152,
            5.2361040115356445,
            -7.8450822830200195,
            -0.8539562225341797
        ],
        [
            -9.554689407348633,
            -0.6471790671348572,
            0.2835988998413086,
            -5.069668769836426,
            0.6448636054992676,
            2.194220781326294,
            2.8676998615264893,
            4.5629425048828125,
            -4.365767478942871,
            0.2662961483001709
        ],
        [
            -4.437148571014404,
            0.9878539443016052,
            1.6649127006530762,
            1.030376672744751,
            -1.2594578266143799,
            3.5133211612701416,
            0.45627427101135254,
            2.060204267501831,
            0.3488128185272217,
            1.1918575763702393
        ],
        [
            -1.3958604335784912,
            1.1875841617584229,
            1.557220458984375,
            0.28922057151794434,
            -2.2814579010009766,
            4.817475318908691,
            -0.6870287656784058,
            2.1141669750213623,
            2.24638295173645,
            0.5007882118225098
        ],
        [
            -2.2593305110931396,
            -1.1929844617843628,
            0.14037752151489258,
            -5.741571426391602,
            0.1651010513305664,
            4.585524559020996,
            -1.3636220693588257,
            3.9611775875091553,
            0.9727163314819336,
            0.48256921768188477
        ],
        [
            -6.128270149230957,
            -6.193938732147217,
            -2.5344316959381104,
            -9.759561538696289,
            2.6157820224761963,
            2.948645830154419,
            -0.7525820732116699,
            3.438885450363159,
            -1.095762848854065,
            1.6794617176055908
        ],
        [
            -10.039066314697266,
            -10.772468566894531,
            -4.015438079833984,
            -9.11548137664795,
            3.847203493118286,
            1.4621236324310303,
            0.12712693214416504,
            0.47788190841674805,
            -1.056159257888794,
            3.8366925716400146
        ],
        [
            -12.035564422607422,
            -11.208630561828613,
            -2.284165859222412,
            -6.384634971618652,
            2.1251728534698486,
