{
    "collision_depths": [
        0.24711547601030145,
        0.0027304621311012105,
        0.004468258667967455,
        0.03259346503109447,
        0.2190701184415834,
        0.008941707658296888,
        0.003363398566167501,
        0.0044839723710397295,
        0.004038791802463702,
        0.002568438243900632,
        0.004666334810125931,
        0.014666334810125806,
        0.006358984514136243,
        0.014721498850202009,
        0.004721498850202137,
        0.025888551500877852,
        0.019539977764371493,
        0.01894170765829676,
        0.03659507242679261,
        0.04305093535662151,
        0.0003272167849043021,
        0.0018845215908357433,
        0.01347945529623836,
        0.005730482088321495,
        0.0029183002544102953,
        0.018118309694773745,
        0.001963997018564112,
        0.17036282565481836,
        0.008617816212606847,
        0.3301863183311321,
        0.053905440779712516,
        0.04600611201619983,
        0.0025602903603075084,
        0.01111551218526282,
        0.03594078754368537,
        0.038867279042803786,
        0.1029555134593813,
        0.008626231210280253,
        0.010072698259558518,
        0.010939171268475769,
        0.01605594807516857,
        0.0004982872847601663,
        0.0018593291637497534,
        0.015207070753344458,
        0.0076418673624699075,
        0.0411726112803558,
        0.1982002003603029,
        0.09605386660837838,
        0.3130706909800636
    ],
    "collision": true,
    "joint_limit_violation": true,
    "self_collision": true,
    "physical_violations": true,
    "config_smoothness": -4.297568952601033,
    "eff_smoothness": -5.2920840494217005,
    "eff_position_path_length": 147.22602654393197,
    "eff_orientation_path_length": 6445.2415178201945,
    "physical_success": false,
    "time": 5.208186626434326,
    "num_steps": 51,
    "trajectory_w": [
        [
            -8.430006980895996,
            -8.67180061340332,
            1.5680711269378662,
            0.0,
            0.0,
            0.0,
            0.0,
            0.0,
            0.0,
            0.0
        ],
        [
            -7.8502655029296875,
            -10.880535125732422,
            2.4726219177246094,
            -1.1381971836090088,
            0.023502349853515625,
            0.43409085273742676,
            -0.6526217460632324,
            2.120445489883423,
            -0.053735971450805664,
            1.3928816318511963
        ],
        [
            -6.181021690368652,
            -13.281292915344238,
            3.315609931945801,
            -2.217337131500244,
            0.10188055038452148,
            0.6662306785583496,
            -1.1730648279190063,
            3.993903398513794,
            -0.17435312271118164,
            2.6030590534210205
        ],
        [
            -5.498771667480469,
            -13.726868629455566,
            4.064072132110596,
            -3.2302019596099854,
            0.23213768005371094,
            0.6304302215576172,
            -1.518101692199707,
            5.512999534606934,
            -0.3651489019393921,
            3.5325915813446045
        ],
        [
            -3.9160711765289307,
            -14.80874252319336,
            4.731578350067139,
            -4.205132961273193,
            0.3560771942138672,
            0.39481425285339355,
            -1.7334449291229248,
            6.720056533813477,
            -0.5649337768554688,
            4.2120513916015625
        ],
        [
            -4.602524280548096,
            -10.92164421081543,
            4.148924827575684,
            -5.052193641662598,
            -0.9965566396713257,
            -1.8829644918441772,
            -0.6187407970428467,
            2.864609479904175,
            0.1432335376739502,
            1.4376890659332275
        ],
        [
            -4.70221471786499,
            -9.657108306884766,
            2.811452865600586,
            -5.429342269897461,
            -1.7285568714141846,
            -2.1752843856811523,
            -0.22104382514953613,
            0.9880568981170654,
            -1.7473056316375732,
            0.9304831027984619
        ],
        [
            -4.159798622131348,
            -12.032737731933594,
            3.1277174949645996,
            -4.263248920440674,
            -0.9738372564315796,
            0.49828076362609863,
            0.7078080177307129,
            4.080254554748535,
            -4.4408721923828125,
            3.1287667751312256
        ],
        [
            -3.712007761001587,
            -15.028149604797363,
            4.702530384063721,
            -1.3518511056900024,
            0.07867193222045898,
            3.571492910385132,
            -0.8442628383636475,
            5.993063926696777,
            -0.6062921285629272,
            4.775777816772461
        ],
        [
            -3.728022813796997,
            -16.57417106628418,
            4.011551856994629,
            -0.8389861583709717,
            1.6599488258361816,
            3.0806591510772705,
            -3.8561666011810303,
            5.475200653076172,
            0.6307878494262695,
            5.297080039978027
        ],
        [
            -3.813969612121582,
            -16.707244873046875,
            3.699803352355957,
            -2.160322904586792,
            1.6519286632537842,
            -0.03612351417541504,
            -3.0142970085144043,
            3.4992167949676514,
            1.997016191482544,
            3.3842132091522217
        ],
        [
            -3.3303585052490234,
            -15.346693992614746,
            5.481741428375244,
            -5.220725059509277,
            1.853684663772583,
            -0.4528636932373047,
            -1.5009669065475464,
            2.6924493312835693,
            0.9571971893310547,
            1.2100613117218018
        ],
        [
            -3.361154317855835,
            -12.3350248336792,
            6.249542236328125,
            -5.882441997528076,
            1.5883519649505615,
            2.398730516433716,
            1.0962319374084473,
            2.1384222507476807,
            -0.05885815620422363,
            2.377040147781372
        ],
        [
            -4.683135509490967,
            -9.048807144165039,
            4.56123685836792,
            -1.8176931142807007,
            0.049687862396240234,
            4.469630241394043,
            2.2950775623321533,
            1.5810973644256592,
            -1.6564627885818481,
            4.072361946105957
        ],
        [
            -5.896737098693848,
            -7.357606410980225,
            3.6357131004333496,
            3.559684991836548,
            -2.1312882900238037,
            4.348416328430176,
            0.5942761898040771,
            2.5531036853790283,
            -3.624772071838379,
            4.47971248626709
        ],
        [
            -5.755323886871338,
            -6.593311309814453,
            4.839180946350098,
            4.87043571472168,
            -4.189322471618652,
            2.686169385910034,
            -1.5439432859420776,
            2.4429290294647217,
            -2.5953166484832764,
            5.742006301879883
        ],
        [
            -3.8075428009033203,
            -5.364643096923828,
            7.172732353210449,
            -0.6509730815887451,
            -0.4769555330276489,
            0.2996809482574463,
            -0.493725061416626,
            0.6624789237976074,
            1.7062287330627441,
            7.175519943237305
        ],
        [
            -1.9709540605545044,
            -4.400158405303955,
            8.1318998336792,
            -6.145145416259766,
            0.7450268268585205,
            -0.06391239166259766,
            0.32932257652282715,
            -0.2458195686340332,
            2.978896379470825,
            6.568183898925781
        ],
        [
            -2.4626569747924805,
