{
    "collision_depths": [
        0.007459698137293557,
        0.04110086876371649
    ],
    "collision": true,
    "joint_limit_violation": true,
    "self_collision": true,
    "physical_violations": true,
    "config_smoothness": -4.274068883530279,
    "eff_smoothness": -6.322055947805243,
    "eff_position_path_length": 146.1933884806488,
    "eff_orientation_path_length": 6969.920520848124,
    "physical_success": false,
    "time": 5.331117868423462,
    "num_steps": 51,
    "trajectory_w": [
        [
            -12.691530227661133,
            -7.229745388031006,
            -1.7430108785629272,
            0.0,
            0.0,
            0.0,
            0.0,
            0.0,
            0.0,
            0.0
        ],
        [
            -11.259448051452637,
            -4.12708044052124,
            -0.37132036685943604,
            -2.609705924987793,
            0.12168288230895996,
            0.5599055290222168,
            -0.762559175491333,
            0.3743462562561035,
            -0.3991982936859131,
            -0.09276938438415527
        ],
        [
            -9.457797050476074,
            -2.812687635421753,
            0.8286656141281128,
            -4.965779781341553,
            0.276583194732666,
            1.11324143409729,
            -1.3489660024642944,
            0.7312583923339844,
            -0.8777447938919067,
            -0.12720561027526855
        ],
        [
            -9.425607681274414,
            -1.1021934747695923,
            1.7739113569259644,
            -6.9836883544921875,
            0.4437992572784424,
            1.702277421951294,
            -1.7087206840515137,
            1.0584337711334229,
            -1.4418721199035645,
            -0.07824826240539551
        ],
        [
            -8.885588645935059,
            -0.7619857788085938,
            2.5018134117126465,
            -8.722979545593262,
            0.5691549777984619,
            2.368568181991577,
            -1.9041342735290527,
            1.3557546138763428,
            -2.01442813873291,
            0.03199291229248047
        ],
        [
            -13.456080436706543,
            -1.140746831893921,
            0.23424756526947021,
            -5.780893325805664,
            -1.1820662021636963,
            4.7793378829956055,
            -0.5730350017547607,
            1.4711930751800537,
            -0.4363744258880615,
            0.3156101703643799
        ],
        [
            -17.841903686523438,
            -1.0673298835754395,
            -0.20043814182281494,
            -2.976187229156494,
            -2.0279276371002197,
            4.9998979568481445,
            -0.9810738563537598,
            3.1452443599700928,
            1.8641417026519775,
            -0.8843789100646973
        ],
        [
            -19.331987380981445,
            -0.27318307757377625,
            0.2310546636581421,
            -2.7276153564453125,
            -3.0637316703796387,
            2.3012073040008545,
            -1.4406533241271973,
            3.599294424057007,
            -0.6716984510421753,
            -1.2221325635910034
        ],
        [
            -18.49182891845703,
            0.4774172306060791,
            1.303186297416687,
            -4.130800247192383,
            -3.0048532485961914,
            -1.3745633363723755,
            -2.967642068862915,
            3.0215933322906494,
            -1.36650550365448,
            1.1397325992584229
        ],
        [
            -15.711150169372559,
            0.418764591217041,
            2.2474217414855957,
            -5.711664199829102,
            -1.2428374290466309,
            -3.05460262298584,
            -3.8933908939361572,
            3.909754514694214,
            -0.08046627044677734,
            3.513401746749878
        ],
        [
            -12.035398483276367,
            -1.1154004335403442,
            3.80415678024292,
            -5.913211822509766,
            0.5586340427398682,
            -3.7985968589782715,
            -4.368541717529297,
            4.024144172668457,
            2.186791181564331,
            2.9991872310638428
        ],
        [
            -9.423054695129395,
            -3.837282657623291,
            4.039194583892822,
            -3.4951767921447754,
            0.7571601867675781,
            -3.7505688667297363,
            -3.231691360473633,
            0.32168102264404297,
            0.9996063709259033,
            1.5157511234283447
        ],
        [
            -9.526283264160156,
            -4.914892673492432,
            3.3904709815979004,
            -0.6392409801483154,
            -0.9363642930984497,
            -3.027681589126587,
            -1.1609129905700684,
            -3.8345398902893066,
            1.0817477703094482,
            1.4817683696746826
        ],
        [
            -13.418329238891602,
            -2.883626699447632,
            2.839961528778076,
            0.1678147315979004,
            -0.5543519258499146,
            -2.2352499961853027,
            -2.842571258544922,
            -4.256834506988525,
            -1.5354323387145996,
            0.6244497299194336
        ],
        [
            -17.284311294555664,
            0.8888084292411804,
            3.173366069793701,
            -1.3409333229064941,
            3.2891414165496826,
            -1.499101161956787,
            -5.310944557189941,
            -1.097346544265747,
            -2.815497398376465,
            -2.072061061859131
        ],
        [
            -17.743661880493164,
            2.920367479324341,
            2.5740208625793457,
            -1.6277941465377808,
            3.8146989345550537,
            -1.9452049732208252,
            -5.739208221435547,
            3.751363515853882,
            -1.1220886707305908,
            -1.300120234489441
        ],
        [
            -14.64769458770752,
            2.456543207168579,
            1.1268647909164429,
            1.085524320602417,
            1.9925062656402588,
            -1.2688279151916504,
            -5.026568412780762,
            6.219211578369141,
            2.4205501079559326,
            1.37168288230896
        ],
        [
            -10.401679992675781,
            0.6744701862335205,
            -0.26879560947418213,
            2.4702470302581787,
            0.22247886657714844,
            2.145123243331909,
            -5.821002960205078,
            6.575758934020996,
            1.9255330562591553,
            3.759108304977417
        ],
        [
            -7.445420742034912,
            -0.45444434881210327,
            -0.15554392337799072,
            -0.3186793327331543,
            -1.4377491474151611,
            5.062202453613281,
            -5.245868682861328,
            5.735875129699707,
            -0.9154773950576782,
            5.271418571472168
        ],
        [
            -6.892037868499756,
            0.17749527096748352,
            1.8986977338790894,
            -3.6718943119049072,
            -1.5508100986480713,
            5.020386695861816,
            -1.6400725841522217,
            4.253798484802246,
            -0.3995741605758667,
            4.264194488525391
        ],
        [
            -8.891494750976562,
            2.113142967224121,
            3.996079921722412,
            -4.981776714324951,
            -2.1928112506866455,
            2.1385233402252197,
            -1.1370996236801147,
            4.276528358459473,
            1.689481496810913,
            0.6986870765686035
        ],
        [
            -12.008598327636719,
            3.3141462802886963,
            2.3989548683166504,
            -5.261929512023926,
            -1.7094097137451172,
            -0.6058316230773926,
            -0.7698208093643188,
            3.481571912765503,
            -0.4020390510559082,
            -2.705660581588745
        ],
        [
            -14.388026237487793,
