{
    "collision_depths": [
        0.3649649969162119,
        0.005371076615430632,
        0.007004061176707483,
        0.0081813112141496,
        0.0730872672977764,
        0.02460706268889635,
        0.019612732288805678,
        0.006166885157376271,
        0.029833251372171896,
        0.01194133042118927,
        0.011378858866419216,
        0.0005650973697885963,
        0.04645643726878869,
        0.04384472348820283,
        0.005211339137972593,
        0.038146127145689185,
        0.006962718120729175,
        0.0478046978739532,
        0.04537504452787809,
        0.04791904033438497,
        0.045328588070297694,
        0.013345077933147164,
        0.025786999162965805,
        0.09188105397557202,
        0.08188145884454366,
        0.08134650430271119,
        0.18445013692459789,
        0.15710929235388613,
        0.06462277512671209,
        0.02948019893362718,
        0.02951425874072073,
        0.02700192940785436,
        0.0833856427060536,
        0.07338564270605533,
        0.019315107495891826,
        0.02931510749589009
    ],
    "collision": true,
    "joint_limit_violation": true,
    "self_collision": true,
    "physical_violations": true,
    "config_smoothness": -3.5898070178564168,
    "eff_smoothness": -4.919804754914796,
    "eff_position_path_length": 143.22327846780132,
    "eff_orientation_path_length": 6279.193353408099,
    "physical_success": false,
    "time": 4.906532526016235,
    "num_steps": 51,
    "trajectory_w": [
        [
            -2.8542850017547607,
            -5.535680294036865,
            -0.16879644989967346,
            0.0,
            0.0,
            0.0,
            0.0,
            0.0,
            0.0,
            0.0
        ],
        [
            -1.8414099216461182,
            -6.224062442779541,
            0.8683503866195679,
            -2.035168170928955,
            0.6834771633148193,
            0.04339790344238281,
            -0.8968386650085449,
            0.41411375999450684,
            -0.8028554916381836,
            0.2346327304840088
        ],
        [
            -1.547075867652893,
            -7.790820598602295,
            1.9383586645126343,
            -3.8756566047668457,
            1.2221240997314453,
            -0.019932031631469727,
            -1.5480018854141235,
            0.6592230796813965,
            -1.4388787746429443,
            0.5175113677978516
        ],
        [
            0.33137550950050354,
            -8.116633415222168,
            3.0570828914642334,
            -5.455859661102295,
            1.5444204807281494,
            -0.2162621021270752,
            -1.8629939556121826,
            0.6408488750457764,
            -1.8405535221099854,
            0.8630654811859131
        ],
        [
            1.0750014781951904,
            -8.933847427368164,
            4.2125959396362305,
            -6.8491716384887695,
            1.69000244140625,
            -0.49857068061828613,
            -1.9200103282928467,
            0.3821229934692383,
            -2.0611624717712402,
            1.252938985824585
        ],
        [
            2.1566972732543945,
            -4.510736465454102,
            5.592983245849609,
            -6.2493743896484375,
            0.18095970153808594,
            -1.0023856163024902,
            0.18783330917358398,
            -2.799442768096924,
            -0.9700467586517334,
            2.2215864658355713
        ],
        [
            1.056229591369629,
            -1.0602563619613647,
            5.119264602661133,
            -5.869818687438965,
            0.7540378570556641,
            0.6509766578674316,
            -1.8877339363098145,
            -1.5115079879760742,
            -2.6928348541259766,
            3.729173421859741
        ],
        [
            -1.9669255018234253,
            -0.6738986372947693,
            4.177751541137695,
            -4.464212417602539,
            0.4375932216644287,
            3.427072763442993,
            -6.380773544311523,
            3.5355308055877686,
            -2.0373642444610596,
            3.696627378463745
        ],
        [
            -5.295520782470703,
            -3.646092176437378,
            3.3588521480560303,
            -3.4264614582061768,
            -0.21126127243041992,
            2.7332236766815186,
            -7.5298051834106445,
            5.838164329528809,
            -1.2543017864227295,
            2.7081997394561768
        ],
        [
            -8.182415008544922,
            -7.11124849319458,
            1.9888800382614136,
            -4.807740211486816,
            0.7903711795806885,
            0.7244250774383545,
            -6.337736129760742,
            7.828329086303711,
            -2.602156162261963,
            1.7763350009918213
        ],
        [
            -9.931970596313477,
            -8.636504173278809,
            1.1580380201339722,
            -3.9496238231658936,
            0.7327287197113037,
            1.108595609664917,
            -1.8302175998687744,
            7.69099235534668,
            -2.5405216217041016,
            0.6243047714233398
        ],
        [
            -10.754476547241211,
            -9.214432716369629,
            4.6475830078125,
            -0.7273857593536377,
            -1.2662807703018188,
            -0.04418349266052246,
            4.2562103271484375,
            3.745302438735962,
            0.3352046012878418,
            0.4184441566467285
        ],
        [
            -9.923789024353027,
            -10.119608879089355,
            6.27099609375,
            -0.20983552932739258,
            -1.3671348094940186,
            -2.6727497577667236,
            1.513641119003296,
            2.095977544784546,
            0.7953193187713623,
            2.5206010341644287
        ],
        [
            -9.658035278320312,
            -11.720422744750977,
            3.2308943271636963,
            -0.46971988677978516,
            1.5209953784942627,
            -2.764117479324341,
            -3.1978440284729004,
            2.7453806400299072,
            -1.1724778413772583,
            2.4422013759613037
        ],
        [
            -9.639930725097656,
            -12.136289596557617,
            -1.180519700050354,
            1.2713568210601807,
            3.908142328262329,
            -0.29961133003234863,
            -4.022111892700195,
            3.9508273601531982,
            -2.8400325775146484,
            0.9596168994903564
        ],
        [
            -8.54285717010498,
            -10.851120948791504,
            -3.005519151687622,
            1.6238858699798584,
            2.1300456523895264,
            1.9550316333770752,
            -2.5849099159240723,
            5.733236312866211,
            -3.472163200378418,
            1.878267526626587
        ],
        [
            -6.958400249481201,
            -7.189704895019531,
            -1.3362318277359009,
            -0.9881443977355957,
            -1.3253648281097412,
            3.1433889865875244,
            -3.214574098587036,
            5.7368574142456055,
            -2.6387505531311035,
            3.062084913253784
        ],
        [
            -6.641386985778809,
            -3.0134620666503906,
            1.19088876247406,
            -0.0906364917755127,
            -1.7676599025726318,
            4.710358619689941,
            -3.904644012451172,
            3.877305746078491,
            -1.1121059656143188,
            1.2479374408721924
        ],
        [
            -7.888449192047119,
            -0.2564617395401001,
            2.6308324337005615,
            4.046331405639648,
            -1.8471380472183228,
            4.756190299987793,
            -4.293338298797607,
            2.9201009273529053,
            -0.26772379875183105,
            -0.11262083053588867
        ],
        [
            -8.733206748962402,
            1.5092196464538574,
