{
    "collision_depths": [
        0.28724361491388656,
        0.07982029828530672,
        0.08982029828530728,
        0.030590487683987644,
        0.04059048768398822,
        0.04029305300643822,
        0.050293053006438784,
        0.08398295359842695,
        0.09398295359842719,
        0.04100758729959261,
        0.0026937224481259274,
        0.2963769217643611,
        0.03439772771904301,
        0.09355096512726072,
        0.3353402531496271,
        0.02000326376360545,
        0.01065265915399818,
        0.00834338116918027,
        0.011008599822734267,
        0.02304735821981576,
        0.023045819975865224,
        0.006405469733844028,
        0.010852748516632149,
        0.007549305224214081,
        0.048377912047805526,
        0.02691872743938421,
        0.05018575022387163,
        0.042846232503735295,
        0.021945587143808117,
        0.010513775758173013,
        0.018483360387637742,
        0.004374356171762931,
        0.01848543802416153,
        0.03576310830875064,
        0.015862839695955894,
        0.04994030607343749,
        0.05152052703391472,
        0.044232092668457956,
        0.04404953206631502,
        0.04404669508582855,
        0.022104773448531175,
        0.016857752270205424,
        0.031348695248183026,
        0.004471083790910827,
        0.009374383629492623,
        0.00680245967465237,
        0.0035487511275277953,
        0.005775180841159392,
        0.010292234679807269,
        0.006144092466434309,
        0.022160321996967963,
        0.3172460525365838,
        0.2118421743606803,
        0.004748763962959822,
        0.3096702008202018,
        0.2055399070858749,
        0.11623163106556236,
        0.09230914752432208,
        0.06640023289240297,
        0.09652886851136358,
        0.24010123953043216,
        0.00028911490064253254,
        0.029232969871608734,
        0.06887045410052547,
        0.04111363730018469,
        0.05623529029052372,
        0.030570889390359797
    ],
    "collision": true,
    "joint_limit_violation": true,
    "self_collision": true,
    "physical_violations": true,
    "config_smoothness": -5.1291358080753495,
    "eff_smoothness": -7.875796665084197,
    "eff_position_path_length": 136.7959625654932,
    "eff_orientation_path_length": 5992.6792638644865,
    "physical_success": false,
    "time": 5.464618444442749,
    "num_steps": 51,
    "trajectory_w": [
        [
            -6.694272041320801,
            -8.032766342163086,
            1.9166643619537354,
            0.0,
            0.0,
            0.0,
            0.0,
            0.0,
            0.0,
            0.0
        ],
        [
            -8.218843460083008,
            -14.065707206726074,
            2.2897212505340576,
            -1.8301434516906738,
            0.9104835987091064,
            0.3182065486907959,
            -1.2419874668121338,
            0.48813843727111816,
            0.22603154182434082,
            0.2954838275909424
        ],
        [
            -8.89249324798584,
            -17.810026168823242,
            2.6003682613372803,
            -3.3699567317962646,
            1.842958688735962,
            0.503654956817627,
            -2.387925624847412,
            0.9328758716583252,
            0.3743448257446289,
            0.5802626609802246
        ],
        [
            -9.883430480957031,
            -21.413192749023438,
            2.8280868530273438,
            -4.518389701843262,
            2.761957883834839,
            0.5464801788330078,
            -3.3993358612060547,
            1.3474705219268799,
            0.3882179260253906,
            0.8559665679931641
        ],
        [
            -10.161002159118652,
            -22.865272521972656,
            3.0012083053588867,
            -5.369597434997559,
            3.592390775680542,
            0.5322127342224121,
            -4.312042236328125,
            1.7779443264007568,
            0.28590917587280273,
            1.1320035457611084
        ],
        [
            -9.432165145874023,
            -19.41730499267578,
            3.093111991882324,
            -1.7268702983856201,
            0.33167552947998047,
            1.5903246402740479,
            -4.234468936920166,
            3.460653066635132,
            -0.8102450370788574,
            1.786137342453003
        ],
        [
            -8.550162315368652,
            -16.70186996459961,
            4.327821731567383,
            4.0353546142578125,
            -4.5335516929626465,
            4.479266166687012,
            -4.97829532623291,
            5.311176300048828,
            -0.14938664436340332,
            3.2506253719329834
        ],
        [
            -9.315845489501953,
            -14.492630958557129,
            3.970527172088623,
            5.4660844802856445,
            -4.235536575317383,
            4.7873334884643555,
            -5.906510353088379,
            3.721648931503296,
            -0.8702952861785889,
            5.218686103820801
        ],
        [
            -10.95051097869873,
            -11.752699851989746,
            2.334172248840332,
            1.8677904605865479,
            0.558258056640625,
            2.7967002391815186,
            -4.275961399078369,
            1.2591493129730225,
            -1.3344489336013794,
            6.6092329025268555
        ],
        [
            -10.852341651916504,
            -9.503351211547852,
            2.0161900520324707,
            -2.393568277359009,
            3.1797802448272705,
            2.595710515975952,
            -3.3171491622924805,
            3.6430246829986572,
            0.16464471817016602,
            6.587323188781738
        ],
        [
            -7.996583938598633,
            -8.646023750305176,
            3.264474391937256,
            -4.198701858520508,
            0.5723257064819336,
            4.791875839233398,
            -3.1193463802337646,
            7.265247344970703,
            -1.6550202369689941,
            5.306341171264648
        ],
        [
            -4.622069358825684,
            -8.79994010925293,
            3.9031882286071777,
            -5.131339073181152,
            -1.4163143634796143,
            6.8063201904296875,
            -2.522869110107422,
            7.893050193786621,
            -2.3879239559173584,
            3.062856912612915
        ],
        [
            -2.0894525051116943,
            -9.272102355957031,
            2.5444517135620117,
            -5.376190185546875,
            -1.4269366264343262,
            6.050226211547852,
            -1.7827661037445068,
            5.663661956787109,
            -1.1931538581848145,
            1.5082824230194092
        ],
        [
            -2.271019697189331,
            -10.284364700317383,
            1.0189197063446045,
            -6.885959148406982,
            1.2618250846862793,
            2.4160940647125244,
            -0.269977331161499,
            4.1988115310668945,
            -1.5219826698303223,
            1.092703104019165
        ],
        [
            -4.597559452056885,
            -12.276110649108887,
            1.761932373046875,
            -8.750089645385742,
            2.4896390438079834,
            -0.48317885398864746,
            2.174222707748413,
            3.0919854640960693,
            -1.926895022392273,
            0.830906867980957
        ],
        [
            -7.338115692138672,
            -14.507453918457031,
            3.270143508911133,
            -7.598817825317383,
            0.9425561428070068,
            1.2944281101226807,
            2.3952105045318604,
            2.3857390880584717,
            -2.5340793132781982,
            -0.9062709808349609
        ],
        [
            -9.280110359191895,
            -16.024517059326172,
            4.144184112548828,
            -4.493688583374023,
            1.5788404941558838,
            4.434566497802734,
            0.7690706253051758,
