{
    "collision_depths": [
        0.02608607982081217
    ],
    "collision": true,
    "joint_limit_violation": true,
    "self_collision": true,
    "physical_violations": true,
    "config_smoothness": -3.535753339523735,
    "eff_smoothness": -4.128441917304314,
    "eff_position_path_length": 129.0786090682549,
    "eff_orientation_path_length": 6316.642049735263,
    "physical_success": false,
    "time": 5.137479305267334,
    "num_steps": 51,
    "trajectory_w": [
        [
            -7.099530220031738,
            -7.099349498748779,
            -0.8664467930793762,
            0.0,
            0.0,
            0.0,
            0.0,
            0.0,
            0.0,
            0.0
        ],
        [
            -9.367439270019531,
            -8.508517265319824,
            -0.25847703218460083,
            -1.9116898775100708,
            -0.19124555587768555,
            2.169377565383911,
            0.37813830375671387,
            0.2782156467437744,
            -0.7661945819854736,
            -0.4760551452636719
        ],
        [
            -12.628174781799316,
            -9.61017894744873,
            0.29577726125717163,
            -3.5638651847839355,
            -0.25441932678222656,
            3.9974205493927,
            0.7635097503662109,
            0.5429692268371582,
            -1.4719756841659546,
            -0.8626680374145508
        ],
        [
            -14.018110275268555,
            -10.782870292663574,
            0.7939085364341736,
            -4.894550800323486,
            -0.1425313949584961,
            5.388808250427246,
            1.1465866565704346,
            0.7902641296386719,
            -2.1203393936157227,
            -1.1177287101745605
        ],
        [
            -16.5211181640625,
            -11.472090721130371,
            1.27384614944458,
            -6.0201520919799805,
            0.06447315216064453,
            6.463326454162598,
            1.5104191303253174,
            1.0229294300079346,
            -2.744595527648926,
            -1.2505779266357422
        ],
        [
            -15.39492416381836,
            -9.396498680114746,
            2.3346567153930664,
            -5.37552547454834,
            -0.5357608795166016,
            3.673830270767212,
            0.8402936458587646,
            1.2908027172088623,
            -3.204029083251953,
            0.9865286350250244
        ],
        [
            -13.885542869567871,
            -8.237289428710938,
            3.8309056758880615,
            -4.728775978088379,
            -2.030123710632324,
            1.860992670059204,
            -1.3335829973220825,
            2.8116042613983154,
            -1.8381842374801636,
            3.53821063041687
        ],
        [
            -11.903297424316406,
            -9.181953430175781,
            4.432647228240967,
            -4.052027702331543,
            -2.238220691680908,
            2.7307488918304443,
            -2.664569616317749,
            5.397602081298828,
            -1.5631877183914185,
            5.351204872131348
        ],
        [
            -10.329524040222168,
            -11.896289825439453,
            4.64434289932251,
            -4.922530174255371,
            -0.7450125217437744,
            3.764678716659546,
            -4.224483966827393,
            6.310603141784668,
            -2.6209397315979004,
            5.3868818283081055
        ],
        [
            -10.005217552185059,
            -13.96590518951416,
            4.330800533294678,
            -6.04631233215332,
            -0.6222066879272461,
            4.008997917175293,
            -4.82490348815918,
            6.250985145568848,
            -2.526663303375244,
            4.013328552246094
        ],
        [
            -10.558918952941895,
            -13.894524574279785,
            1.8154535293579102,
            -5.036369800567627,
            0.33676624298095703,
            3.64214825630188,
            -4.1137590408325195,
            5.173200607299805,
            -2.5027596950531006,
            3.435234785079956
        ],
        [
            -11.085710525512695,
            -12.278463363647461,
            -0.26476985216140747,
            -3.856207847595215,
            1.650740385055542,
            2.3402411937713623,
            -2.2310800552368164,
            2.598219633102417,
            -0.6527963876724243,
            3.8189990520477295
        ],
        [
            -11.463262557983398,
            -9.908244132995605,
            -0.2061975598335266,
            -5.003310680389404,
            2.0403659343719482,
            -0.2266843318939209,
            1.7662675380706787,
            0.6089897155761719,
            -2.6700332164764404,
            4.232979774475098
        ],
        [
            -11.999523162841797,
            -6.870545864105225,
            1.0974149703979492,
            -7.491888999938965,
            2.4796507358551025,
            -2.2668848037719727,
            2.485712766647339,
            1.874725580215454,
            -4.738039016723633,
            4.003724098205566
        ],
        [
            -11.666106224060059,
            -3.3124642372131348,
            2.5739316940307617,
            -8.945900917053223,
            2.0603201389312744,
            0.6345722675323486,
            -1.0490806102752686,
            4.660371780395508,
            -5.1228837966918945,
            3.1707966327667236
        ],
        [
            -9.29514217376709,
            -1.0244531631469727,
            3.0338387489318848,
            -7.550110816955566,
            0.6282227039337158,
            5.184194564819336,
            -1.4588230848312378,
            3.8912103176116943,
            -4.076474189758301,
            1.4281294345855713
        ],
        [
            -5.71713399887085,
            -1.928442358970642,
            3.505547285079956,
            -4.449864864349365,
            -0.3883218765258789,
            6.891031265258789,
            2.6282780170440674,
            -0.7401175498962402,
            -1.6277551651000977,
            -0.02536463737487793
        ],
        [
            -4.246097564697266,
            -5.408996105194092,
            3.534156560897827,
            -3.3480782508850098,
            -0.308369517326355,
            6.032533645629883,
            2.8694770336151123,
            -2.6091196537017822,
            -1.0177587270736694,
            -0.9721393585205078
        ],
        [
            -7.1136794090271,
            -8.661092758178711,
            1.5377349853515625,
            -4.656606674194336,
            1.0834085941314697,
            4.413226127624512,
            -0.9323215484619141,
            0.9311516284942627,
            -3.0919387340545654,
            -0.523967981338501
        ],
        [
            -12.705222129821777,
            -9.91339111328125,
            -1.4265990257263184,
            -6.072127819061279,
            3.216110944747925,
            3.3315069675445557,
            -5.1348090171813965,
            7.427142143249512,
            -3.273164749145508,
            0.7553648948669434
        ],
        [
            -16.579505920410156,
            -8.822891235351562,
            -1.75016450881958,
            -7.424687385559082,
            0.731703519821167,
            2.9696476459503174,
            -6.732752799987793,
            12.188224792480469,
            -4.452783584594727,
            1.2216126918792725
        ],
        [
            -16.92754554748535,
            -7.765976905822754,
            0.3186129927635193,
            -8.500645637512207,
            -1.279393196105957,
            4.596114158630371,
            -4.000982284545898,
            10.239930152893066,
            -3.820671558380127,
            -0.6161072254180908
        ],
        [
            -14.573891639709473,
            -8.512043952941895,
            1.9601988792419434,
