{
    "collision_depths": [
        0.03427618788974929,
        0.023727936981186054,
        0.00778291403997565,
        0.006578564667919709,
        0.02811788617018716,
        0.028213717177905544,
        0.02091274934157115,
        0.024321323229459596,
        0.033650486021113125,
        0.00215306745089082,
        0.027379413140989677,
        0.03264909758800809,
        0.0005160308898550469,
        0.012724931490002846,
        0.0011160446685740955,
        0.04742941137226386,
        0.021986362449461862,
        0.03672907648032019,
        0.03910562330933814,
        0.008210790667557534,
        0.0037072254947563316,
        0.025222588528929446,
        0.004465109717500194,
        0.0037069493186566494,
        0.024675998469352308,
        0.06601759416234508,
        0.1176718283810343,
        0.059254062009807165,
        0.06787459826631502,
        0.08666624215578533,
        0.09536752542023466,
        0.11231493013060881,
        0.06650459029285548,
        0.06682841100746516,
        0.07754982825172815,
        0.09364582691020158,
        0.13967706831795657,
        0.1270649929781818,
        0.10946424602990834,
        0.07259784303944859,
        0.033039880102058106,
        0.01443660471718914,
        0.043963361583680034,
        0.09103528211219121,
        0.10220613052316399,
        0.10230927463112907,
        0.02950579289543692,
        0.009833997388007266,
        0.04595687597982396,
        0.04592193883692503,
        0.04338205268538095,
        0.025374816896426827,
        0.0010689373855219714,
        0.028861634879187626,
        0.05832520490605652,
        0.047746322862257225,
        0.28310544942506366,
        0.0041365807828166005,
        0.05208523732572519,
        0.041609782859371156,
        0.0019546653885684504,
        0.06287313820911115,
        0.012717653834083428,
        0.013023161434867554,
        0.12132705490284854,
        0.022869972220409273,
        0.008745234883794873,
        0.014280086193513534,
        0.046165911061590084,
        0.02502758319034962,
        0.00621987930200018,
        0.023005483274342597,
        0.03151176172440443,
        0.023016955914778,
        0.1888287847872674
    ],
    "collision": true,
    "joint_limit_violation": true,
    "self_collision": true,
    "physical_violations": true,
    "config_smoothness": -4.207715441337801,
    "eff_smoothness": -5.545916048041335,
    "eff_position_path_length": 122.32152964289162,
    "eff_orientation_path_length": 5807.375202023888,
    "physical_success": false,
    "time": 4.95531964302063,
    "num_steps": 51,
    "trajectory_w": [
        [
            -11.070996284484863,
            -7.839420795440674,
            -2.622814178466797,
            0.0,
            0.0,
            0.0,
            0.0,
            0.0,
            0.0,
            0.0
        ],
        [
            -10.393058776855469,
            -8.448234558105469,
            -1.9283432960510254,
            -0.3132944107055664,
            0.21025443077087402,
            0.20044779777526855,
            -1.1967402696609497,
            1.5056626796722412,
            0.4530017375946045,
            -0.7589437961578369
        ],
        [
            -8.984602928161621,
            -8.972448348999023,
            -1.185478925704956,
            -0.5669636726379395,
            0.26422691345214844,
            0.2789640426635742,
            -2.183302879333496,
            2.7714951038360596,
            0.9434776306152344,
            -1.5255846977233887
        ],
        [
            -9.628850936889648,
            -8.47348690032959,
            -0.37269139289855957,
            -0.7713987827301025,
            0.10983037948608398,
            0.2200334072113037,
            -2.9074034690856934,
            3.7061545848846436,
            1.4418435096740723,
            -2.3131654262542725
        ],
        [
            -8.895712852478027,
            -8.127535820007324,
            0.48883700370788574,
            -0.9837815761566162,
            -0.15796446800231934,
            0.08843803405761719,
            -3.4680845737457275,
            4.390261650085449,
            1.8646411895751953,
            -3.131474018096924
        ],
        [
            -9.578171730041504,
            -4.436455726623535,
            1.3172948360443115,
            -2.7342004776000977,
            0.3027791976928711,
            -0.3423271179199219,
            -3.0032453536987305,
            2.182002305984497,
            -1.241403579711914,
            -4.616680145263672
        ],
        [
            -10.614845275878906,
            -1.420035719871521,
            0.7007935047149658,
            -5.256918907165527,
            1.1201014518737793,
            -1.29951810836792,
            -1.5981886386871338,
            0.6924138069152832,
            -3.502739429473877,
            -5.391014099121094
        ],
        [
            -12.417351722717285,
            -1.5030452013015747,
            -1.3502495288848877,
            -6.491954326629639,
            2.0320956707000732,
            1.3348181247711182,
            -0.8410799503326416,
            2.3315131664276123,
            -2.428129196166992,
            -3.3537697792053223
        ],
        [
            -14.250834465026855,
            -3.368224620819092,
            -1.0714905261993408,
            -7.141545295715332,
            2.374274969100952,
            4.821687698364258,
            -3.0786232948303223,
            5.84578800201416,
            -2.228891611099243,
            1.5284631252288818
        ],
        [
            -15.334969520568848,
            -5.776463985443115,
            -0.4360506534576416,
            -5.210990905761719,
            2.0853030681610107,
            4.038922309875488,
            -2.6925783157348633,
            5.7359724044799805,
            -3.6471002101898193,
            3.9737322330474854
        ],
        [
            -14.989419937133789,
            -6.797820568084717,
            -0.7139527797698975,
            -2.282275676727295,
            1.9758412837982178,
            0.5960571765899658,
            1.231905221939087,
            1.3223040103912354,
            -2.787867307662964,
            2.8646047115325928
        ],
        [
            -13.186644554138184,
            -4.83286714553833,
            0.13387274742126465,
            -2.179835557937622,
            2.442444086074829,
            -1.6311519145965576,
            4.617426872253418,
            -2.3536648750305176,
            -0.9947928190231323,
            0.17402219772338867
        ],
        [
            -10.86929702758789,
            -0.39766764640808105,
            1.7805194854736328,
            -1.7870208024978638,
            2.7945291996002197,
            -1.188820481300354,
            3.5365149974823,
            -1.1835598945617676,
            0.83353590965271,
            0.4096193313598633
        ],
        [
            -9.045331001281738,
            2.4216461181640625,
            1.7997779846191406,
            1.8819224834442139,
            2.1584956645965576,
            1.3409802913665771,
            -1.1158117055892944,
            3.527549982070923,
            0.1602027416229248,
            1.1194770336151123
        ],
        [
            -8.504156112670898,
            2.661696195602417,
            0.6733572483062744,
            3.856926679611206,
            0.1503438949584961,
            3.0504839420318604,
            -3.573409080505371,
            7.818638801574707,
            -2.137674570083618,
            1.7456386089324951
        ],
        [
            -9.471429824829102,
            1.244972586631775,
            -0.5480692386627197,
            1.6923468112945557,
            1.0249249935150146,
            2.8204538822174072,
            -2.1754415035247803,
            7.859800338745117,
            -1.0444518327713013,
