{
    "collision_depths": [
        0.07140746018050373,
        0.03366344167119773,
        0.0173465905050871,
        0.17776647544236548,
        0.21786368877876605,
        0.34395681036007303,
        0.021406534039275057,
        0.0618391165058072,
        0.052357522446164276,
        0.0620521437759433,
        0.04629939371259412,
        0.048566742295073524,
        0.0073024898864371985,
        0.17253768960226165,
        0.1625376896022637,
        0.040945842155740805,
        0.02926567514699002,
        0.06695327644972134,
        0.02770487858441932,
        0.0214682764722539,
        0.07276101143216157,
        0.04157910149600559,
        0.056952985863094656,
        0.06718645395728728,
        0.02601203755470424,
        0.018298816430288134,
        0.008298816430287619,
        0.08041690082686213,
        0.0014931853233782688,
        0.059003659535675046,
        0.11756363639315012,
        0.126770943277464,
        0.09873031322513791,
        0.11140117395869649,
        0.09751932193940632,
        0.049356830338341304,
        0.05127232383079893,
        0.00643796290751864,
        0.09735137669887194,
        0.08127015227371885,
        0.11943409840512811,
        0.018397692704928054,
        0.07692839401564978,
        0.08164490472127708,
        0.03825444643350119,
        0.04692172797985537,
        0.09841549636147244,
        0.030569758848538842,
        0.03399418730589505,
        0.011141120468104317,
        0.02315551824080532,
        0.022533363246694027,
        0.0692484964091416,
        0.07765667604493198,
        0.08765667604493452,
        0.001375137684371151,
        0.0018458714226667712,
        0.006150026196488274,
        0.10058506387816744,
        0.09197789327602618,
        0.1369526528308287,
        0.09706910049566178,
        0.08760476490310071,
        0.06808723517306027,
        0.05070199209549469,
        0.07293286828298379,
        0.09706912230134156,
        0.13417673958774512,
        0.02986486418441196,
        0.07462128644845079,
        0.013973602927672028
    ],
    "collision": true,
    "joint_limit_violation": true,
    "self_collision": true,
    "physical_violations": true,
    "config_smoothness": -3.9778131893878643,
    "eff_smoothness": -5.191667118152411,
    "eff_position_path_length": 128.70656102419483,
    "eff_orientation_path_length": 6376.922057977297,
    "physical_success": false,
    "time": 5.235222816467285,
    "num_steps": 51,
    "trajectory_w": [
        [
            -4.6810383796691895,
            -1.1595991849899292,
            0.35485923290252686,
            0.0,
            0.0,
            0.0,
            0.0,
            0.0,
            0.0,
            0.0
        ],
        [
            -4.989801406860352,
            0.3657098114490509,
            0.2773071527481079,
            -0.8478200435638428,
            -1.29303777217865,
            -0.8158936500549316,
            -1.1102110147476196,
            0.02810835838317871,
            -0.13223505020141602,
            0.49365234375
        ],
        [
            -4.341131687164307,
            2.7143659591674805,
            0.26094377040863037,
            -1.566701889038086,
            -2.3597004413604736,
            -1.6204969882965088,
            -2.101973295211792,
            0.15956759452819824,
            -0.38380515575408936,
            0.9467694759368896
        ],
        [
            -4.205411911010742,
            3.240215301513672,
            0.34552323818206787,
            -2.1114273071289062,
            -3.1103739738464355,
            -2.3566648960113525,
            -2.965118646621704,
            0.4567251205444336,
            -0.7796090841293335,
            1.3165004253387451
        ],
        [
            -3.7473549842834473,
            4.855151653289795,
            0.5276838541030884,
            -2.5166940689086914,
            -3.6156363487243652,
            -2.96616268157959,
            -3.773956060409546,
            0.9119002819061279,
            -1.2229853868484497,
            1.582707166671753
        ],
        [
            -7.0680413246154785,
            1.663822054862976,
            2.1063523292541504,
            -1.1077780723571777,
            -1.0688551664352417,
            -0.4449300765991211,
            -5.042306900024414,
            3.6766555309295654,
            -0.15827059745788574,
            -0.195784330368042
        ],
        [
            -8.781747817993164,
            -2.653735876083374,
            2.197347640991211,
            -0.9719858169555664,
            1.1754398345947266,
            -0.2456967830657959,
            -5.711533546447754,
            4.4210615158081055,
            -0.47290468215942383,
            -0.44757556915283203
        ],
        [
            -8.098458290100098,
            -7.101746559143066,
            0.49765288829803467,
            -1.1537071466445923,
            2.03031849861145,
            -2.2852303981781006,
            -5.886003494262695,
            3.814225435256958,
            -2.052645683288574,
            0.5963132381439209
        ],
        [
            -7.667623043060303,
            -10.196457862854004,
            -0.1467834711074829,
            -1.7670316696166992,
            3.6464388370513916,
            -1.7272130250930786,
            -6.308382987976074,
            3.636791944503784,
            -3.4088845252990723,
            1.658691644668579
        ],
        [
            -8.156583786010742,
            -11.166072845458984,
            1.496292233467102,
            -2.4216156005859375,
            4.761562347412109,
            0.778336763381958,
            -7.217900276184082,
            3.5507400035858154,
            -4.581689834594727,
            0.8087036609649658
        ],
        [
            -7.929697513580322,
            -9.518366813659668,
            1.7593685388565063,
            -3.293217897415161,
            3.8235065937042236,
            2.4036543369293213,
            -4.921868801116943,
            2.534282922744751,
            -2.7887234687805176,
            0.23632168769836426
        ],
        [
            -6.218306541442871,
            -7.030738353729248,
            0.6737803220748901,
            -1.1905378103256226,
            2.9917056560516357,
            2.0345499515533447,
            -2.1937143802642822,
            3.31245493888855,
            -1.0858417749404907,
            2.1381871700286865
        ],
        [
            -5.050815582275391,
            -5.884875774383545,
            -1.0612050294876099,
            1.502556562423706,
            2.1883413791656494,
            0.6383004188537598,
            -2.8398828506469727,
            5.365703582763672,
            -1.3362363576889038,
            3.1849262714385986
        ],
        [
            -4.8689446449279785,
            -6.143444538116455,
            -1.0974936485290527,
            1.1477010250091553,
            0.433596134185791,
            -0.39948463439941406,
            -4.001121997833252,
            6.374134063720703,
            -2.523789405822754,
            1.4812638759613037
        ],
        [
            -5.721523284912109,
            -7.281972408294678,
            0.9682196378707886,
            -3.353055238723755,
            0.5767223834991455,
            -1.4537194967269897,
            -3.4571964740753174,
            5.276177406311035,
            -4.271828651428223,
            -0.21274876594543457
        ],
        [
            -7.270602226257324,
            -8.335739135742188,
            3.794802188873291,
            -6.083001136779785,
            0.7194361686706543,
            -2.4854092597961426,
            -4.2408318519592285,
            2.397075891494751,
            -6.587224960327148,
            -0.4342038631439209
        ],
        [
            -8.74622631072998,
            -7.52964448928833,
            6.355757713317871,
