{
    "collision_depths": [
        0.14680924143607726,
        0.27269049169957593,
        0.011941765067549072,
        0.012792979989424953,
        0.18889327024364116,
        0.02958443977986545,
        0.06496984493182767,
        0.024012107732284155,
        0.07147984822961764,
        0.04723039412410694,
        0.031403526229216466,
        0.020061576191967988,
        0.05605765828846095,
        0.02968646496517563,
        0.18624520849755116,
        0.19319287736516066,
        0.31166089766156385,
        0.01799263164753759,
        0.019339824220095805,
        0.0008194197822967104,
        0.0935606010361748,
        0.05979768651363738,
        0.035449749746617645,
        0.015153933589639268,
        0.005708332139744997,
        0.025237080655492777,
        0.024846480673306033,
        0.009968329436512529,
        0.017040370228342344,
        0.031036451895382552,
        0.20320528823506942,
        0.012810089148272606,
        0.04214247343692663,
        0.003782505267990933,
        0.03081853026898841,
        0.05429602061193384,
        0.0745577778915938,
        0.07026656503841394,
        0.05408391140721689,
        0.022923071693869868,
        0.05537079922626358,
        0.0479874312362647,
        0.028854258619902207,
        0.03776866191264663,
        0.006939810574500864,
        0.019916785560461163,
        0.07557827908312507,
        0.02939424942367997,
        0.09952680451994086,
        0.05535413542711558,
        0.009426110209631263,
        0.03231966589469773,
        0.03673919468617524,
        0.03597243761769619,
        0.03076738647541887,
        0.032454903390912865,
        0.020196965692794826,
        0.07715049192562125,
        0.05011867845824454,
        0.187306435334911,
        0.07537492820887322,
        0.05718595946846586,
        0.0025045706936171683,
        0.0052578223250837755,
        0.012263223307388285,
        0.049362690179043135,
        0.054272673467421886,
        0.032246823014269975,
        0.03898883243422997,
        0.22127543017333529,
        0.3179357772442637,
        0.19614727801879056
    ],
    "collision": true,
    "joint_limit_violation": true,
    "self_collision": true,
    "physical_violations": true,
    "config_smoothness": -4.705370275165748,
    "eff_smoothness": -6.383547541860453,
    "eff_position_path_length": 149.48491560873092,
    "eff_orientation_path_length": 6402.828359449601,
    "physical_success": false,
    "time": 5.005590438842773,
    "num_steps": 51,
    "trajectory_w": [
        [
            -8.255871772766113,
            -6.659335136413574,
            -1.743038535118103,
            0.0,
            0.0,
            0.0,
            0.0,
            0.0,
            0.0,
            0.0
        ],
        [
            -4.9254984855651855,
            -3.15159010887146,
            -0.16979897022247314,
            -2.4799556732177734,
            0.4280514717102051,
            1.8243391513824463,
            -0.9642068147659302,
            0.2198469638824463,
            0.3694486618041992,
            0.15191245079040527
        ],
        [
            -3.2865524291992188,
            -1.1254922151565552,
            1.1849983930587769,
            -4.671228885650635,
            0.8555223941802979,
            3.496534585952759,
            -1.846225619316101,
            0.5052635669708252,
            0.45838260650634766,
            0.42966175079345703
        ],
        [
            -0.9531863331794739,
            0.8231030106544495,
            2.1906890869140625,
            -6.496267318725586,
            1.2720367908477783,
            4.9970197677612305,
            -2.6083874702453613,
            0.9234621524810791,
            0.1548142433166504,
            0.8897411823272705
        ],
        [
            -0.10731509327888489,
            1.5767631530761719,
            2.878966808319092,
            -8.072997093200684,
            1.6621806621551514,
            6.404180526733398,
            -3.2762694358825684,
            1.5031826496124268,
            -0.4643056392669678,
            1.5014722347259521
        ],
        [
            -1.4859082698822021,
            -0.20972323417663574,
            -1.0419062376022339,
            -7.278637886047363,
            1.5009942054748535,
            6.627463340759277,
            -2.6454715728759766,
            4.995823860168457,
            -3.9301280975341797,
            3.842691659927368
        ],
        [
            -2.6266751289367676,
            -2.9986281394958496,
            -1.0462313890457153,
            -6.601594924926758,
            3.149543046951294,
            4.225159645080566,
            -0.7387852668762207,
            5.153397560119629,
            -1.5132617950439453,
            4.265659332275391
        ],
        [
            -3.676445722579956,
            -4.436821460723877,
            3.7149624824523926,
            -6.061487197875977,
            2.981440782546997,
            0.6826858520507812,
            1.6043050289154053,
            1.4697902202606201,
            3.8724801540374756,
            3.429269552230835
        ],
        [
            -5.5606369972229,
            -2.0264649391174316,
            4.229111194610596,
            -7.189287185668945,
            2.397695302963257,
            0.13421130180358887,
            0.823073148727417,
            1.4025170803070068,
            1.6789979934692383,
            1.1100866794586182
        ],
        [
            -8.091767311096191,
            2.959641933441162,
            2.47328519821167,
            -9.02747631072998,
            2.0866739749908447,
            2.1165244579315186,
            -5.618846893310547,
            6.518451690673828,
            -3.9105420112609863,
            -0.8503537178039551
        ],
        [
            -9.041760444641113,
            5.349954128265381,
            1.6110886335372925,
            -8.663432121276855,
            3.9688074588775635,
            2.3278872966766357,
            -8.075471878051758,
            9.432331085205078,
            -3.513012409210205,
            -1.3160645961761475
        ],
        [
            -7.682837009429932,
            3.6678078174591064,
            2.4009547233581543,
            -5.8745832443237305,
            6.253740310668945,
            0.028474092483520508,
            -6.455076217651367,
            7.742036819458008,
            1.0570321083068848,
            -0.8536059856414795
        ],
        [
            -5.810073375701904,
            0.21029117703437805,
            1.913986086845398,
            -3.308171272277832,
            5.051002502441406,
            0.7833237648010254,
            -3.275536298751831,
            5.687200546264648,
            0.03805351257324219,
            0.40397095680236816
        ],
        [
            -5.629659652709961,
            -1.7734878063201904,
            0.9988025426864624,
            -2.6428661346435547,
            1.4806880950927734,
            2.6105964183807373,
            -0.1537768840789795,
            5.955467224121094,
            -2.2727131843566895,
            2.72111439704895
        ],
        [
            -7.437994003295898,
            -1.1983702182769775,
            2.182534694671631,
            -4.768021583557129,
            0.6246650218963623,
            4.777422904968262,
            0.06734180450439453,
            8.245565414428711,
            -1.003600835800171,
            5.051382064819336
        ],
        [
            -9.054245948791504,
            -1.6519051790237427,
            2.0492753982543945,
            -4.308234214782715,
            -0.2724064588546753,
            3.4634621143341064,
            1.1121387481689453,
            5.925203323364258,
            1.7186920642852783,
            4.39975643157959
        ],
        [
            -10.40463638305664,
            -4.799246788024902,
