{
    "collision_depths": [
        0.01032479835581657,
        0.030592222346073943,
        0.052662646285367126,
        0.07221144724944845,
        0.011639873387870018,
        0.016416070097697896,
        0.02240634163404095,
        0.04590712727966345,
        0.038076459446614946,
        0.017145508875351878,
        0.04222575337461747,
        0.024189635398599547,
        0.023872253486878395,
        0.017014205448200134,
        0.012359285561387115,
        0.013773557421799296,
        0.0062315021287692555,
        0.0020322348936727746,
        0.0740332280488964,
        0.06261460831422808,
        0.00643088135629422,
        0.0350335799851269,
        0.05369380896168325,
        4.428374758235476e-05,
        0.006484339095551295,
        0.052774946936070974,
        0.05414228506336717,
        0.027978958328084492,
        0.01592558837701429,
        0.10379254476453217,
        0.0857013215130946,
        0.10113604376432891,
        0.005316525172980091,
        0.029932190870068213,
        0.014250717258047621,
        0.004250717258047188,
        0.013745845739005343,
        0.003745845739005196,
        0.017978958328084594,
        0.005925588377014533,
        0.2966605667060127,
        0.30666056670601266,
        0.07678894209153544,
        0.0867889420915359,
        0.009649874405299746,
        0.029241272536842576,
        0.032837612720549164,
        0.02877847643716742,
        0.002142974670222369,
        0.1717212671103004,
        0.09750974537325531,
        0.0882154327632812,
        0.2157089889462132,
        0.21283690061163732,
        0.11554827221708693,
        0.12381586796606271,
        0.16938159033118325,
        0.08829012338338044,
        0.18655936624236086,
        0.15495100730623082,
        0.12156065559098436,
        0.08845701350229224,
        0.10308442405948134,
        0.10748609179562371,
        0.1086951997640656,
        0.06031131687466317,
        0.07018528652591528,
        0.0006623128241665951,
        0.025600134858964695,
        0.04629619097799005,
        0.0013156447182446631,
        0.04968879630260712,
        0.05450192679892264,
        0.12629558747553601
    ],
    "collision": true,
    "joint_limit_violation": true,
    "self_collision": true,
    "physical_violations": true,
    "config_smoothness": -4.308963408915862,
    "eff_smoothness": -5.216433545069932,
    "eff_position_path_length": 120.79977621436844,
    "eff_orientation_path_length": 6350.839186848233,
    "physical_success": false,
    "time": 5.0308239459991455,
    "num_steps": 51,
    "trajectory_w": [
        [
            -7.7469587326049805,
            -6.864948272705078,
            -0.8704745173454285,
            0.0,
            0.0,
            0.0,
            0.0,
            0.0,
            0.0,
            0.0
        ],
        [
            -8.866470336914062,
            -6.282519340515137,
            -1.8282299041748047,
            -1.6695231199264526,
            1.0393340587615967,
            0.08742165565490723,
            0.05218029022216797,
            -0.7735002040863037,
            -1.4596281051635742,
            0.29572248458862305
        ],
        [
            -8.729211807250977,
            -6.086763381958008,
            -2.6648683547973633,
            -3.153078079223633,
            1.898503065109253,
            0.05696558952331543,
            0.24943900108337402,
            -1.276236653327942,
            -2.6224453449249268,
            0.6253094673156738
        ],
        [
            -10.446276664733887,
            -5.900030612945557,
            -3.296355962753296,
            -4.4019622802734375,
            2.5543954372406006,
            -0.11584806442260742,
            0.6401476860046387,
            -1.373829960823059,
            -3.3662502765655518,
            1.0081760883331299
        ],
        [
            -10.82507038116455,
            -5.77540922164917,
            -3.713545322418213,
            -5.508688926696777,
            3.1274821758270264,
            -0.3871119022369385,
            1.166107177734375,
            -1.1219260692596436,
            -3.7814245223999023,
            1.4423191547393799
        ],
        [
            -13.024818420410156,
            -4.551357269287109,
            -0.28224533796310425,
            -5.270510673522949,
            4.516277313232422,
            -1.5772062540054321,
            1.9109671115875244,
            3.324859380722046,
            -0.9266220331192017,
            2.3438236713409424
        ],
        [
            -13.814545631408691,
            -3.0015320777893066,
            1.2482471466064453,
            -3.17254376411438,
            4.034881591796875,
            -1.2843071222305298,
            -1.0398943424224854,
            3.2026116847991943,
            -1.683241605758667,
            1.0281336307525635
        ],
        [
            -12.491519927978516,
            -0.8823354244232178,
            0.6989884972572327,
            -0.016390562057495117,
            1.7291269302368164,
            1.3188936710357666,
            -3.6604490280151367,
            0.13259673118591309,
            -0.13679635524749756,
            -2.0430006980895996
        ],
        [
            -10.379222869873047,
            1.210900902748108,
            0.3739343285560608,
            -0.9646594524383545,
            -0.9821329116821289,
            3.3005573749542236,
            -3.825981616973877,
            -0.9546327590942383,
            -0.0567929744720459,
            -3.38312029838562
        ],
        [
            -9.525214195251465,
            2.4264416694641113,
            1.9519968032836914,
            -6.245603561401367,
            0.6819045543670654,
            2.67533802986145,
            -3.6539735794067383,
            0.799483060836792,
            -1.8671352863311768,
            -0.6280174255371094
        ],
        [
            -11.018709182739258,
            1.9398914575576782,
            1.9270501136779785,
            -9.349140167236328,
            5.343175888061523,
            1.1258623600006104,
            -5.692651271820068,
            4.554527282714844,
            -3.05143666267395,
            3.2183187007904053
        ],
        [
            -12.99002456665039,
            0.34290024638175964,
            1.2172694206237793,
            -7.2708845138549805,
            4.353860855102539,
            2.096484422683716,
            -6.226129531860352,
            6.21422004699707,
            -2.2352852821350098,
            4.279829025268555
        ],
        [
            -14.081188201904297,
            -0.7675220370292664,
            0.5952001214027405,
            -5.060080528259277,
            3.161470651626587,
            3.9232804775238037,
            -4.507652282714844,
            6.240320205688477,
            -1.5999094247817993,
            4.052257537841797
        ],
        [
            -13.77550983428955,
            -0.8335314989089966,
            0.06316906213760376,
            -4.850058555603027,
            0.47448277473449707,
            4.16214656829834,
            -0.5110058784484863,
            5.508543968200684,
            -2.288058280944824,
            2.482307195663452
        ],
        [
            -12.59277629852295,
            -1.005356788635254,
            -0.03532975912094116,
            -5.808890342712402,
            0.8829283714294434,
            1.3495562076568604,
            0.25702571868896484,
            4.342768669128418,
            -4.067211627960205,
            -1.1285514831542969
        ],
        [
            -11.548227310180664,
            -2.153472661972046,
            0.9292750954627991,
            -5.134747505187988,
            2.312412977218628,
            -1.850306510925293,
            -1.1583731174468994,
            1.2503840923309326,
            -4.986563205718994,
            -3.237630605697632
        ],
