{
    "collision_depths": [
        0.24202678367364205,
        0.1252824130432587,
        0.08352388801452479,
        0.18581566121438983,
        0.018585219002838653,
        0.019529564943818543,
        0.07580736875624516,
        0.10075703075589845,
        0.10073013140118829,
        0.1925831876099958,
        0.19934994861905353,
        0.1683927295203983,
        0.08518674775375137,
        0.09512245847942154,
        0.021046910777640378,
        0.002453113199092423,
        0.07436920035409327,
        0.08619896919738325,
        0.08213600158448978,
        0.036030687415312866,
        0.06406744341865886,
        0.07500647271231062,
        0.05729461138998952,
        0.01584157926508288,
        0.08778817383035102,
        0.016103663510215287,
        0.008075666430198648,
        0.022654946633833325,
        0.08989539289261604,
        0.07127115878421748,
        0.0703745078434502,
        0.1735679392100446,
        0.07498665225487046,
        0.09062453617047479,
        0.11737658347593087,
        0.10846582144324234,
        0.0864378720619781,
        0.03510438773356685,
        0.0669901186957508,
        0.06754221030611003,
        0.07638508673456101,
        0.05282570164898299,
        0.032876869981781486,
        0.09271621514881923,
        0.06756298666730678,
        0.01132471485007086,
        0.01774359182110037,
        0.012939614445023275,
        0.003689265230335308,
        0.009754316773576256,
        0.04248241074786286,
        0.0167828822527744,
        0.0009203640691673601,
        0.016923791516891128
    ],
    "collision": true,
    "joint_limit_violation": true,
    "self_collision": true,
    "physical_violations": true,
    "config_smoothness": -4.646507508278503,
    "eff_smoothness": -5.947439066438069,
    "eff_position_path_length": 129.37000768409294,
    "eff_orientation_path_length": 6288.0832785846105,
    "physical_success": false,
    "time": 5.224003314971924,
    "num_steps": 51,
    "trajectory_w": [
        [
            -6.9808454513549805,
            -6.361536979675293,
            -1.3939149379730225,
            0.0,
            0.0,
            0.0,
            0.0,
            0.0,
            0.0,
            0.0
        ],
        [
            -5.070730209350586,
            -5.0108489990234375,
            -0.13794851303100586,
            -2.944148063659668,
            0.2378559112548828,
            0.9822943210601807,
            0.16726303100585938,
            1.193269968032837,
            -0.34196388721466064,
            1.8400475978851318
        ],
        [
            -4.486605644226074,
            -5.163932800292969,
            1.037668228149414,
            -5.561201095581055,
            0.47901344299316406,
            1.7012584209442139,
            0.24164295196533203,
            2.340568780899048,
            -0.7002233266830444,
            3.5898702144622803
        ],
        [
            -3.7311933040618896,
            -4.2771100997924805,
            2.0876903533935547,
            -7.754548072814941,
            0.7261946201324463,
            2.0678083896636963,
            0.195556640625,
            3.3955581188201904,
            -1.1021947860717773,
            5.174258232116699
        ],
        [
            -4.118192195892334,
            -4.608509063720703,
            3.0273430347442627,
            -9.620855331420898,
            0.9731054306030273,
            2.1799566745758057,
            0.08025622367858887,
            4.323857307434082,
            -1.570101261138916,
            6.572080612182617
        ],
        [
            -8.185529708862305,
            -4.674123764038086,
            2.427154064178467,
            -6.660423278808594,
            0.4709761142730713,
            0.39789915084838867,
            0.22426962852478027,
            1.758185625076294,
            -3.0209975242614746,
            3.637010335922241
        ],
        [
            -10.983441352844238,
            -5.640988826751709,
            3.094116449356079,
            -3.992710590362549,
            -1.5991288423538208,
            2.1868350505828857,
            0.7401580810546875,
            -1.2391875982284546,
            -0.8315773010253906,
            0.6000573635101318
        ],
        [
            -11.652928352355957,
            -7.8149566650390625,
            3.7817165851593018,
            -3.8969740867614746,
            0.11949634552001953,
            2.6979739665985107,
            1.6086137294769287,
            -2.396446943283081,
            0.007273674011230469,
            1.4285800457000732
        ],
        [
            -12.243946075439453,
            -9.18575668334961,
            2.411104202270508,
            -3.9292893409729004,
            0.7711515426635742,
            -0.6858329772949219,
            2.8829338550567627,
            -2.3363304138183594,
            -3.052025318145752,
            1.2008998394012451
        ],
        [
            -12.898162841796875,
            -7.653443813323975,
            -0.21404647827148438,
            -3.61914324760437,
            -0.4897584915161133,
            -0.8543996810913086,
            3.1380832195281982,
            -0.2672543525695801,
            -5.767112731933594,
            -2.7642087936401367
        ],
        [
            -13.021936416625977,
            -4.188897132873535,
            -0.9346868991851807,
            -1.923717975616455,
            -0.44818997383117676,
            2.4387409687042236,
            0.3435976505279541,
            5.040334701538086,
            -4.62258243560791,
            -4.610668182373047
        ],
        [
            -12.698694229125977,
            -1.1805988550186157,
            1.0266075134277344,
            -0.28301429748535156,
            0.2534792423248291,
            3.6604907512664795,
            -2.2988810539245605,
            7.710354804992676,
            -0.5232182741165161,
            -2.277458906173706
        ],
        [
            -12.449944496154785,
            0.3648250699043274,
            -0.4421811103820801,
            -0.8595869541168213,
            2.5842015743255615,
            2.9180920124053955,
            -3.0182647705078125,
            7.2082929611206055,
            0.7205612659454346,
            0.5305707454681396
        ],
        [
            -12.833173751831055,
            1.168135404586792,
            -4.39252233505249,
            -1.6335630416870117,
            5.959739685058594,
            1.5725719928741455,
            -4.412557601928711,
            5.7948713302612305,
            1.0848495960235596,
            0.9223039150238037
        ],
        [
            -12.892374038696289,
            0.9264832735061646,
            -3.7749216556549072,
            -1.0654771327972412,
            4.210066795349121,
            2.281944990158081,
            -4.92970085144043,
            5.867313385009766,
            0.033629655838012695,
            0.823291540145874
        ],
        [
            -11.716235160827637,
            -0.2112429440021515,
            -0.37464284896850586,
            -2.319732427597046,
            0.2580094337463379,
            3.6715824604034424,
            -3.498185157775879,
            5.575901985168457,
            -0.8122811317443848,
            0.32579636573791504
        ],
        [
            -10.191133499145508,
            -1.50712251663208,
            1.9913702011108398,
            -2.129211902618408,
            -2.094386577606201,
            2.45222544670105,
            -4.05838680267334,
            3.348430871963501,
            -3.0008842945098877,
            -2.536428451538086
        ],
        [
            -9.83619499206543,
            -2.0757858753204346,
            2.8847286701202393,
            -0.8077511787414551,
            -3.371677875518799,
            -0.21953582763671875,
            -4.280139923095703,
