{
    "collision_depths": [
        0.1460136859097467,
        0.07007707520782662,
        0.09343355336237365,
        0.11548399849953482,
        0.005221975313743014,
        0.008197998861721664,
        0.06465230954733915,
        0.11547859180934442,
        0.16757997644725994,
        0.04356725750062857,
        0.09618620947041374,
        0.03711321548005868,
        0.052045154493020544,
        0.03158403778485262,
        0.22848303106857826,
        0.1426036180208507,
        0.07046971607293591,
        0.08798241420135715,
        0.059303012421768074,
        0.06426879468782495,
        0.08268571631454416,
        0.03539280192807557,
        0.07128570413257551,
        0.06393820591055739,
        0.14023443796866214,
        0.20178986472069518,
        0.08031758917864547,
        0.0292586576588509,
        0.053257489546637435,
        0.02623459875507268,
        0.05392130376917349,
        0.025916281503220454,
        0.025299474786827116,
        0.015694363148661072,
        0.03736898561728644,
        0.0633778012944419,
        0.01609840211815542,
        0.1790991013962949,
        0.051897847792733286,
        0.05217982374901219,
        0.10446503081951033,
        0.02051259419785792,
        0.01501709134387752,
        0.034095872383856286,
        0.009275835783939673,
        0.038154233870821334,
        0.01391232253886721,
        0.10927411242438799,
        0.0038606400407919755,
        0.07225223477435377,
        0.21983438051933385,
        0.017455260910604665,
        0.0026202412448940314,
        0.15359288118673506,
        0.002846952957982206,
        0.00490480470259899,
        0.21951434538861558,
        0.22951434538861512,
        0.02444288189635128,
        0.03444288189635321,
        0.010189852366118645,
        0.004229763692166749,
        0.02994281174426762,
        0.0233581582841781,
        0.0015932310544335138,
        0.06895532295841636,
        0.012211894313161012,
        0.14697178661295168
    ],
    "collision": true,
    "joint_limit_violation": true,
    "self_collision": true,
    "physical_violations": true,
    "config_smoothness": -3.5980167325556947,
    "eff_smoothness": -4.789377844554341,
    "eff_position_path_length": 143.75580545313977,
    "eff_orientation_path_length": 6243.833682676919,
    "physical_success": false,
    "time": 5.352949619293213,
    "num_steps": 51,
    "trajectory_w": [
        [
            -3.315553665161133,
            -2.649038314819336,
            -0.34254923462867737,
            0.0,
            0.0,
            0.0,
            0.0,
            0.0,
            0.0,
            0.0
        ],
        [
            -4.41930627822876,
            -0.5572536587715149,
            1.023447871208191,
            -2.1633360385894775,
            -0.11296367645263672,
            0.27932071685791016,
            -0.3557300567626953,
            1.7663142681121826,
            -1.2926125526428223,
            -0.7721989154815674
        ],
        [
            -5.486023426055908,
            -0.08006978780031204,
            2.36702561378479,
            -4.040829658508301,
            -0.29958808422088623,
            0.5202946662902832,
            -0.710639238357544,
            3.568497896194458,
            -2.301377534866333,
            -1.5010294914245605
        ],
        [
            -7.933449745178223,
            1.3342504501342773,
            3.6797914505004883,
            -5.558167457580566,
            -0.5767810344696045,
            0.7647981643676758,
            -1.117087960243225,
            5.4284868240356445,
            -2.938289165496826,
            -2.147254705429077
        ],
        [
            -9.621307373046875,
            1.1866188049316406,
            4.973315238952637,
            -6.842256546020508,
            -0.906409502029419,
            1.0798084735870361,
            -1.6286277770996094,
            7.328397750854492,
            -3.337949752807617,
            -2.693580389022827
        ],
        [
            -8.76009750366211,
            -0.6408010721206665,
            5.739119529724121,
            -6.3821868896484375,
            -1.3709666728973389,
            3.358006715774536,
            -4.462663650512695,
            7.830740928649902,
            -2.374467611312866,
            -0.9314155578613281
        ],
        [
            -4.333502292633057,
            -0.8680737018585205,
            5.032017707824707,
            -5.642189025878906,
            -1.5002591609954834,
            3.31902813911438,
            -4.551082611083984,
            3.7346179485321045,
            -0.8676910400390625,
            0.7630913257598877
        ],
        [
            0.2630003094673157,
            0.2511685788631439,
            4.810345649719238,
            -4.538263320922852,
            -1.0098774433135986,
            1.3226125240325928,
            -1.9546396732330322,
            -0.9650163650512695,
            -1.1294307708740234,
            -0.656867265701294
        ],
        [
            1.5374228954315186,
            0.5210769176483154,
            3.949772834777832,
            -5.000190258026123,
            1.1402225494384766,
            1.4190185070037842,
            1.06172513961792,
            -1.248143196105957,
            -1.3938924074172974,
            -2.133857011795044
        ],
        [
            -0.8883825540542603,
            -1.8732798099517822,
            2.229599714279175,
            -5.900142669677734,
            -0.28283560276031494,
            3.3154876232147217,
            1.6182701587677002,
            0.45778775215148926,
            -1.3514399528503418,
            -1.1623862981796265
        ],
        [
            -5.382688999176025,
            -7.336069107055664,
            1.4558943510055542,
            -6.000607490539551,
            -1.2938003540039062,
            3.272982358932495,
            -0.40791940689086914,
            3.3935582637786865,
            -3.159714698791504,
            0.009450197219848633
        ],
        [
            -8.981143951416016,
            -10.475081443786621,
            2.530623197555542,
            -7.148892402648926,
            -0.41474199295043945,
            1.775054693222046,
            -1.9085712432861328,
            6.654219627380371,
            -4.533489227294922,
            -1.1197352409362793
        ],
        [
            -9.427128791809082,
            -10.474291801452637,
            2.8641269207000732,
            -7.218894958496094,
            -1.3059375286102295,
            0.685673713684082,
            -3.4617574214935303,
            7.78173828125,
            -3.9179162979125977,
            -0.15616631507873535
        ],
        [
            -6.664037227630615,
            -7.933840274810791,
            1.2507566213607788,
            -4.410508155822754,
            -1.1632660627365112,
            2.5249578952789307,
            -3.9651713371276855,
            5.700713157653809,
            -2.5814366340637207,
            1.927124261856079
        ],
        [
            -2.54422926902771,
            -5.2258758544921875,
            1.450522780418396,
            -1.3540838956832886,
            -0.19804120063781738,
            5.005766868591309,
            -3.2294232845306396,
            4.338400840759277,
            -1.1359241008758545,
            2.876230001449585
        ],
        [
            0.23897573351860046,
            -5.004045009613037,
            3.1418721675872803,
            -1.1337432861328125,
            -0.0547490119934082,
            4.726523399353027,
            -1.7379271984100342,
            3.755145311355591,
            -2.5270252227783203,
            2.5455877780914307
        ],
        [
            -0.9090914130210876,
            -7.445206642150879,
            4.101312637329102,
            -3.101058006286621,
            0.7136340141296387,
