{
    "collision_depths": [
        0.022027370038503594,
        0.012028113514234827,
        0.006330954974858061,
        0.0070411579446254076,
        0.006224053305796479,
        0.017037381711106532,
        0.017521045806111843,
        0.016590753841535355,
        0.017517337647360947,
        0.04087832700368559,
        0.0013871014817166242,
        0.044655062303063875,
        0.10538471833902974,
        0.08167870890244736,
        0.07060659586421061,
        0.07507909494745296,
        0.022555695277963715,
        0.038990344309821415,
        0.08017564855229957,
        0.10709524374596825,
        0.025493452198810006,
        0.09664205091621375,
        0.058652934476716184,
        0.03162272077008613,
        0.12054196797425948,
        0.10631384359635329,
        0.05398903556489981,
        0.05376263471422935,
        0.0181490994934929
    ],
    "collision": true,
    "joint_limit_violation": true,
    "self_collision": true,
    "physical_violations": true,
    "config_smoothness": -4.113865339530512,
    "eff_smoothness": -4.186110783501997,
    "eff_position_path_length": 139.28905200192347,
    "eff_orientation_path_length": 6275.165315057999,
    "physical_success": false,
    "time": 5.105572462081909,
    "num_steps": 51,
    "trajectory_w": [
        [
            -4.607362747192383,
            -5.77279806137085,
            -1.9200279712677002,
            0.0,
            0.0,
            0.0,
            0.0,
            0.0,
            0.0,
            0.0
        ],
        [
            -5.397808074951172,
            -5.427779674530029,
            -2.161954164505005,
            0.344249963760376,
            0.18671011924743652,
            0.9002516269683838,
            0.6648194789886475,
            0.36773681640625,
            0.35168957710266113,
            0.15848278999328613
        ],
        [
            -6.965970993041992,
            -4.0342230796813965,
            -2.289712905883789,
            0.662604808807373,
            0.3276681900024414,
            1.616698980331421,
            1.2202072143554688,
            0.6980531215667725,
            0.7574071884155273,
            0.43268632888793945
        ],
        [
            -7.975985050201416,
            -4.612215995788574,
            -2.247450828552246,
            0.9011619091033936,
            0.4732856750488281,
            2.117433786392212,
            1.5965116024017334,
            1.0195090770721436,
            1.2290496826171875,
            0.8776795864105225
        ],
        [
            -9.717000961303711,
            -3.947467088699341,
            -2.048523187637329,
            1.018369436264038,
            0.7113921642303467,
            2.490652322769165,
            1.790057897567749,
            1.3974430561065674,
            1.748697280883789,
            1.4670045375823975
        ],
        [
            -12.31320571899414,
            -5.487858295440674,
            0.5585465431213379,
            -1.6826649904251099,
            3.880513906478882,
            2.246439218521118,
            -1.222233772277832,
            4.062889099121094,
            2.596661329269409,
            3.6422150135040283
        ],
        [
            -14.005722999572754,
            -7.346126556396484,
            1.43267822265625,
            -3.3030154705047607,
            3.86136794090271,
            3.053227663040161,
            -2.717902421951294,
            5.578006744384766,
            2.304319143295288,
            3.469658136367798
        ],
        [
            -13.79794979095459,
            -8.165328979492188,
            0.5935869216918945,
            -5.7610979080200195,
            1.7093818187713623,
            3.9497969150543213,
            -0.34275364875793457,
            5.2043256759643555,
            0.7886295318603516,
            -0.07398271560668945
        ],
        [
            -12.182031631469727,
            -6.433481216430664,
            0.7147951126098633,
            -9.977509498596191,
            0.6930911540985107,
            3.5451180934906006,
            2.8575055599212646,
            4.040406227111816,
            -1.6403918266296387,
            -2.170423746109009
        ],
        [
            -9.71837043762207,
            -2.5444271564483643,
            -0.41513967514038086,
            -9.758393287658691,
            0.6263828277587891,
            1.436690092086792,
            3.5270540714263916,
            2.633105516433716,
            -4.333259582519531,
            -1.672524333000183
        ],
        [
            -7.290053367614746,
            0.898606538772583,
            -2.5213263034820557,
            -5.665311813354492,
            -0.295495867729187,
            0.6833536624908447,
            2.375694513320923,
            1.8926403522491455,
            -2.5582332611083984,
            0.14007568359375
        ],
        [
            -6.759809970855713,
            1.9506980180740356,
            -2.900419235229492,
            -1.724088430404663,
            -2.0015623569488525,
            2.4404428005218506,
            1.8923728466033936,
            3.5412847995758057,
            -2.2512495517730713,
            1.6806542873382568
        ],
        [
            -8.364175796508789,
            0.023949194699525833,
            -2.7801125049591064,
            -0.37831568717956543,
            -2.0743839740753174,
            3.4050533771514893,
            0.8050422668457031,
            5.281499862670898,
            -3.312656879425049,
            1.184230089187622
        ],
        [
            -10.522411346435547,
            -4.277052879333496,
            -4.400920867919922,
            -0.3835282325744629,
            -0.9858356714248657,
            1.3848903179168701,
            -0.6023036241531372,
            4.004922866821289,
            -3.2163803577423096,
            -1.5982507467269897
        ],
        [
            -11.46793270111084,
            -8.278816223144531,
            -4.652904510498047,
            -1.1827614307403564,
            -0.12413835525512695,
            -0.7723395824432373,
            0.27295851707458496,
            0.4997437000274658,
            -2.5750622749328613,
            -3.0851426124572754
        ],
        [
            -11.002388000488281,
            -9.877707481384277,
            -2.0463151931762695,
            -3.800659656524658,
            0.8629653453826904,
            0.6972751617431641,
            2.0504791736602783,
            -2.079486846923828,
            -0.5740914344787598,
            -2.1274337768554688
        ],
        [
            -10.284534454345703,
            -8.39394760131836,
            -1.844975233078003,
            -4.982061386108398,
            0.45801711082458496,
            2.7995593547821045,
            0.3844733238220215,
            -1.162206768989563,
            -2.0182995796203613,
            -0.9005997180938721
        ],
        [
            -9.890313148498535,
            -4.946998596191406,
            -2.1697769165039062,
            -5.237488746643066,
            1.9418513774871826,
            3.141941785812378,
            -2.8174333572387695,
            3.3049514293670654,
            1.6214065551757812,
            -1.0443079471588135
        ],
        [
            -9.847190856933594,
            -1.8032231330871582,
            -1.8969295024871826,
            -4.824176788330078,
            0.6559498310089111,
            2.1223337650299072,
            -3.515598773956299,
            6.1034746170043945,
            1.200460433959961,
            -1.8952711820602417
        ],
        [
            -9.612809181213379,
            -0.11348742246627808,
            -3.129671812057495,
            -4.038208484649658,
            -2.3902430534362793,
            0.8288476467132568,
            -0.5392465591430664,
            6.427507400512695,
            -3.6712822914123535,
