{
    "collision_depths": [
        0.275101493446254,
        0.06408388461978996,
        0.026072994790224856,
        0.05408388461978883,
        0.09875955470233722,
        0.0685258651746864,
        0.31063594413381945,
        0.008812073468951895,
        0.11162345898392804,
        0.11065399017847372,
        0.08358858119242323,
        0.2928674451609119,
        0.018218168297647885,
        0.018097493325668127,
        0.03815525079609405,
        0.0899441090050105,
        0.07107705289661646,
        0.007035646999364017,
        0.007035574853374753,
        0.008453459108487302,
        0.005029405970667477,
        0.004060710054061402,
        0.0050447319679283705,
        0.006442987072861006,
        0.006700572320933665,
        0.0036082853789974126,
        0.004409788303506755,
        0.02098642310486683,
        0.024797163031879017,
        0.015946703654697837,
        0.025441229246941463,
        0.02758823195096801,
        0.022732741093939957,
        0.019045211590821252,
        0.02492457077496464,
        0.028293093877072652,
        0.026615235377875107,
        0.012339440333004754,
        0.02109506724682695,
        0.009510350870238245,
        0.017281075787399656,
        0.019757578025811705,
        0.005049572254003714,
        0.06991577610053241,
        0.08434611821024307,
        0.01860590417036998,
        0.02583988844925733,
        0.05291712232179374,
        0.011162046409555676,
        0.01331198297379298,
        0.06109598713492911,
        0.03674632172719172,
        0.0613522236890334,
        0.042242102038073846,
        0.10977702670672732,
        0.06250555137014935,
        0.028707151054646496,
        0.025679235365480554,
        0.026793981992714988,
        0.0026971037773664275,
        0.06045269219870178,
        0.04380168455980252,
        0.03440167878848776,
        0.01855305434664371,
        0.01018776049246466,
        0.1666564651152671
    ],
    "collision": true,
    "joint_limit_violation": true,
    "self_collision": true,
    "physical_violations": true,
    "config_smoothness": -4.69292228314841,
    "eff_smoothness": -6.008870846571464,
    "eff_position_path_length": 135.83337806244808,
    "eff_orientation_path_length": 6270.97488429547,
    "physical_success": false,
    "time": 5.571989297866821,
    "num_steps": 51,
    "trajectory_w": [
        [
            -5.8243327140808105,
            -8.724640846252441,
            2.0889339447021484,
            0.0,
            0.0,
            0.0,
            0.0,
            0.0,
            0.0,
            0.0
        ],
        [
            -8.622753143310547,
            -8.023140907287598,
            1.4125776290893555,
            -2.388267755508423,
            0.8482728004455566,
            2.081223249435425,
            -0.42009401321411133,
            1.7972638607025146,
            -1.352745771408081,
            -0.5770745277404785
        ],
        [
            -10.59810733795166,
            -6.361344337463379,
            0.9198780059814453,
            -4.552278995513916,
            1.5414197444915771,
            3.918240785598755,
            -0.8629426956176758,
            3.4954965114593506,
            -2.2083656787872314,
            -1.0522682666778564
        ],
        [
            -12.649531364440918,
            -6.809520721435547,
            0.7001217603683472,
            -6.417522430419922,
            2.03302264213562,
            5.452847480773926,
            -1.3750499486923218,
            5.074416160583496,
            -2.455545425415039,
            -1.3677433729171753
        ],
        [
            -14.118827819824219,
            -6.161736965179443,
            0.7156873941421509,
            -8.031092643737793,
            2.3496172428131104,
            6.789402008056641,
            -1.9988763332366943,
            6.604394912719727,
            -2.32135272026062,
            -1.5304421186447144
        ],
        [
            -12.396810531616211,
            -10.482136726379395,
            3.944878339767456,
            -5.548261642456055,
            -0.06100773811340332,
            6.244902610778809,
            -5.529282569885254,
            8.548820495605469,
            -0.19201242923736572,
            1.003722906112671
        ],
        [
            -9.147503852844238,
            -14.463756561279297,
            5.590934753417969,
            -4.23002815246582,
            -0.26133453845977783,
            5.757134437561035,
            -7.955925941467285,
            8.912659645080566,
            0.4802243709564209,
            3.169755697250366
        ],
        [
            -5.380492210388184,
            -16.044055938720703,
            3.8302576541900635,
            -5.576841354370117,
            0.13046574592590332,
            4.442148208618164,
            -3.2484371662139893,
            5.780350685119629,
            -3.2377305030822754,
            1.8527591228485107
        ],
        [
            -1.192502737045288,
            -15.299644470214844,
            0.7383922338485718,
            -7.153818130493164,
            0.028821229934692383,
            2.191727876663208,
            3.3265020847320557,
            3.567451238632202,
            -5.877952575683594,
            -1.1514945030212402
        ],
        [
            2.24080491065979,
            -13.661338806152344,
            -1.1031749248504639,
            -6.724761009216309,
            1.6341474056243896,
            0.9097464084625244,
            3.8995187282562256,
            3.543757677078247,
            -3.726243495941162,
            -3.264575719833374
        ],
        [
            4.063788414001465,
            -12.246016502380371,
            -2.3434290885925293,
            -7.832609176635742,
            4.09490966796875,
            0.16775035858154297,
            0.25766849517822266,
            3.4546597003936768,
            -4.325923442840576,
            -2.001227378845215
        ],
        [
            4.421757698059082,
            -11.230186462402344,
            0.196577787399292,
            -7.639063835144043,
            6.27294921875,
            0.1452488899230957,
            -1.8322166204452515,
            2.3419153690338135,
            -3.5326623916625977,
            1.4952948093414307
        ],
        [
            3.9541027545928955,
            -10.95171070098877,
            3.992990732192993,
            -6.037727355957031,
            5.586302757263184,
            1.1106655597686768,
            -1.8076231479644775,
            3.680795431137085,
            -0.15239202976226807,
            3.4474284648895264
        ],
        [
            3.3792884349823,
            -11.435044288635254,
            4.672817230224609,
            -8.54406452178955,
            4.032032012939453,
            1.3467490673065186,
            0.5163087844848633,
            6.26893424987793,
            0.4411509037017822,
            2.7170350551605225
        ],
        [
            2.8655638694763184,
            -11.704618453979492,
            2.3009138107299805,
            -11.923742294311523,
            4.463859558105469,
            0.02300858497619629,
            -0.868912935256958,
            8.991442680358887,
            -2.130445718765259,
            0.24220800399780273
        ],
        [
            1.3704196214675903,
            -10.810941696166992,
            1.1749625205993652,
            -8.243926048278809,
            2.9777438640594482,
            1.0160496234893799,
            -1.7608528137207031,
            7.864770889282227,
            -5.092131614685059,
            -3.310352087020874
        ],
        [
            -1.1245232820510864,
            -9.138494491577148,
            0.938730001449585,
            -0.9991028308868408,
            -0.3339806795120239,
            2.986438035964966,
            -0.6695113182067871,
            4.479952812194824,
