{
    "collision_depths": [
        0.09535595037658469,
        0.09427850357829247,
        0.059019082690509095,
        0.04685801840368446,
        0.09856647538018552,
        0.04241579907057098,
        0.16679452012073134,
        0.15679303436381556,
        0.03551493316281082,
        0.025513460613424452,
        0.042560670683095284,
        0.03255936317739345,
        0.04252363522023721,
        0.04260776075128392,
        0.06220359728351233,
        0.06776087897164466,
        0.04132541583110772,
        0.03132406352487434,
        0.0018072496167510813,
        0.007203177821869605,
        0.010956617309763012,
        0.0009552757370820631,
        0.07785597465599266,
        0.02914831471689018,
        0.01365036789817872,
        0.09861010379645159,
        0.04215176221495002,
        0.0986160682497044,
        0.0036476634709769976,
        0.09488725701556118,
        0.09046842081039476,
        0.007768713366953077,
        0.04106323104660018,
        0.04335005749751947,
        0.05401115986684281,
        0.06152372235726721
    ],
    "collision": true,
    "joint_limit_violation": true,
    "self_collision": true,
    "physical_violations": true,
    "config_smoothness": -3.8888120531156507,
    "eff_smoothness": -5.8985275349394595,
    "eff_position_path_length": 131.01177753626678,
    "eff_orientation_path_length": 5912.614480543268,
    "physical_success": false,
    "time": 5.667607307434082,
    "num_steps": 51,
    "trajectory_w": [
        [
            -10.676249504089355,
            -9.360983848571777,
            2.9619357585906982,
            0.0,
            0.0,
            0.0,
            0.0,
            0.0,
            0.0,
            0.0
        ],
        [
            -11.849287986755371,
            -11.699990272521973,
            1.9163923263549805,
            0.23702502250671387,
            0.571530818939209,
            0.023003339767456055,
            -0.4881858825683594,
            0.9354579448699951,
            -1.2319906949996948,
            1.4184939861297607
        ],
        [
            -11.927252769470215,
            -13.035057067871094,
            1.0000132322311401,
            0.5519866943359375,
            1.014251708984375,
            -0.008651018142700195,
            -0.9961916208267212,
            1.9274237155914307,
            -2.3388278484344482,
            2.74969220161438
        ],
        [
            -13.096502304077148,
            -15.318036079406738,
            0.2656581401824951,
            0.9521076679229736,
            1.2577121257781982,
            -0.08621096611022949,
            -1.5395938158035278,
            3.0148274898529053,
            -3.281787872314453,
            3.9498822689056396
        ],
        [
            -13.033458709716797,
            -16.548904418945312,
            -0.31752800941467285,
            1.3884828090667725,
            1.3366730213165283,
            -0.1778247356414795,
            -2.1043601036071777,
            4.185083389282227,
            -4.09699821472168,
            5.047331809997559
        ],
        [
            -13.330456733703613,
            -15.991469383239746,
            1.5836063623428345,
            1.2978756427764893,
            0.10718822479248047,
            -0.5581257343292236,
            -2.2743422985076904,
            6.2668609619140625,
            -2.7682251930236816,
            4.739961624145508
        ],
        [
            -13.116401672363281,
            -14.707254409790039,
            4.7773542404174805,
            0.20762372016906738,
            1.6195788383483887,
            -2.0275230407714844,
            -1.5341460704803467,
            6.54493522644043,
            -0.8341066837310791,
            3.6234138011932373
        ],
        [
            -11.734122276306152,
            -14.25686264038086,
            6.743167877197266,
            -2.416945695877075,
            0.837310791015625,
            -0.48014378547668457,
            -0.32615137100219727,
            6.962355613708496,
            -2.1985678672790527,
            1.884331464767456
        ],
        [
            -9.4016695022583,
            -15.77480411529541,
            6.8666486740112305,
            -5.730164527893066,
            0.8761990070343018,
            2.2657315731048584,
            0.5499205589294434,
            8.082782745361328,
            -1.9286049604415894,
            1.6746923923492432
        ],
        [
            -7.168635368347168,
            -17.650615692138672,
            5.6504902839660645,
            -5.152485370635986,
            1.4972374439239502,
            1.9221999645233154,
            -1.4573200941085815,
            7.663995742797852,
            1.0186500549316406,
            2.3357365131378174
        ],
        [
            -5.656435966491699,
            -18.2070369720459,
            2.679184675216675,
            -3.368655204772949,
            1.2639124393463135,
            1.6428706645965576,
            -1.9075376987457275,
            7.191521644592285,
            0.8995516300201416,
            1.8483860492706299
        ],
        [
            -5.007538318634033,
            -16.767436981201172,
            0.05978250503540039,
            -3.6310513019561768,
            2.000239133834839,
            3.364006280899048,
            -0.5811102390289307,
            5.562623977661133,
            -2.784630298614502,
            1.860586404800415
        ],
        [
            -4.764542102813721,
            -13.928077697753906,
            2.1748905181884766,
            -2.6079797744750977,
            0.8343005180358887,
            3.2565829753875732,
            -1.587172031402588,
            2.394075632095337,
            -1.939124345779419,
            2.5242888927459717
        ],
        [
            -4.336309909820557,
            -11.843008041381836,
            6.487479209899902,
            -1.7603038549423218,
            -0.8626419305801392,
            0.9783275127410889,
            -3.0512137413024902,
            0.9338982105255127,
            0.5716376304626465,
            1.6626365184783936
        ],
        [
            -4.22493839263916,
            -11.809242248535156,
            7.701324462890625,
            -1.4793606996536255,
            -2.235264301300049,
            -0.46821069717407227,
            -1.5544679164886475,
            1.2966821193695068,
            1.4725449085235596,
            0.7725410461425781
        ],
        [
            -5.276966094970703,
            -12.600809097290039,
            6.318838596343994,
            -1.009638786315918,
            -1.5556678771972656,
            -0.196854829788208,
            1.3709182739257812,
            -0.16332077980041504,
            0.09117960929870605,
            1.983165979385376
        ],
        [
            -6.852896213531494,
            -13.072368621826172,
            5.8419108390808105,
            0.217864990234375,
            -0.6716532707214355,
            3.167152166366577,
            1.7988579273223877,
            -0.7051448822021484,
            -0.8213273286819458,
            2.8874642848968506
        ],
        [
            -7.200753688812256,
            -13.350176811218262,
            5.041750907897949,
            0.43697071075439453,
            -0.28721141815185547,
            5.139845848083496,
            -0.31583094596862793,
            1.888253927230835,
            -2.165269136428833,
            2.254276990890503
        ],
        [
            -5.90283727645874,
            -12.336287498474121,
            4.199629306793213,
            0.08101344108581543,
            2.37740159034729,
            5.129655838012695,
            -5.067334175109863,
            5.494397163391113,
            -2.7827742099761963,
            1.504944086074829
        ],
        [
            -4.187828540802002,
            -8.817890167236328,
