{
    "collision_depths": [],
    "collision": true,
    "joint_limit_violation": true,
    "self_collision": true,
    "physical_violations": true,
    "config_smoothness": -4.146172691842931,
    "eff_smoothness": -4.268123391844508,
    "eff_position_path_length": 151.79429726230117,
    "eff_orientation_path_length": 6454.7062808682385,
    "physical_success": false,
    "time": 5.534907579421997,
    "num_steps": 51,
    "trajectory_w": [
        [
            -9.017984390258789,
            -8.050442695617676,
            -0.6928648948669434,
            0.0,
            0.0,
            0.0,
            0.0,
            0.0,
            0.0,
            0.0
        ],
        [
            -11.60086727142334,
            -8.68752670288086,
            -0.3590857982635498,
            -2.0172009468078613,
            1.1418023109436035,
            0.5463361740112305,
            -0.05390477180480957,
            1.7827494144439697,
            -0.544285774230957,
            -0.725008487701416
        ],
        [
            -13.909568786621094,
            -10.778947830200195,
            0.06478714942932129,
            -3.887162446975708,
            2.0874927043914795,
            1.0124633312225342,
            -0.22616362571716309,
            3.4556620121002197,
            -0.8951079845428467,
            -1.43765127658844
        ],
        [
            -16.279508590698242,
            -11.034509658813477,
            0.6194202899932861,
            -5.592883110046387,
            2.771681070327759,
            1.4020450115203857,
            -0.5696573257446289,
            4.987059593200684,
            -0.9831825494766235,
            -2.1104841232299805
        ],
        [
            -18.35675811767578,
            -12.360631942749023,
            1.2790095806121826,
            -7.229032516479492,
            3.267439126968384,
            1.7644975185394287,
            -1.0361049175262451,
            6.435916900634766,
            -0.8619605302810669,
            -2.72082781791687
        ],
        [
            -19.487550735473633,
            -9.80022144317627,
            2.7902767658233643,
            -9.664770126342773,
            1.8340160846710205,
            1.887420892715454,
            -1.8451755046844482,
            7.590415954589844,
            1.0556130409240723,
            -2.0967822074890137
        ],
        [
            -20.049917221069336,
            -8.233089447021484,
            2.408837080001831,
            -12.815864562988281,
            0.7907464504241943,
            -0.016918659210205078,
            -0.506587028503418,
            8.770483016967773,
            -1.4358279705047607,
            -3.3796422481536865
        ],
        [
            -19.721813201904297,
            -7.670353889465332,
            1.2946994304656982,
            -11.920125961303711,
            -0.015075206756591797,
            -1.0169928073883057,
            -2.120190382003784,
            8.30268383026123,
            -4.298898696899414,
            -4.09617805480957
        ],
        [
            -17.72931671142578,
            -6.577704906463623,
            1.638594388961792,
            -7.014927387237549,
            -0.9295319318771362,
            -0.05283975601196289,
            -4.325324535369873,
            4.942516326904297,
            -1.1692882776260376,
            -1.4916982650756836
        ],
        [
            -14.51960563659668,
            -4.438483238220215,
            1.5226819515228271,
            -2.7242207527160645,
            -3.100337266921997,
            2.8823468685150146,
            -3.7253830432891846,
            3.5919511318206787,
            0.9160993099212646,
            2.1143877506256104
        ],
        [
            -11.092284202575684,
            -2.602106809616089,
            1.0438010692596436,
            -1.4320883750915527,
            -5.004863739013672,
            4.029555320739746,
            -2.473256826400757,
            4.315014839172363,
            -0.39154207706451416,
            3.137023687362671
        ],
        [
            -8.82824420928955,
            -2.0863499641418457,
            0.8838860988616943,
            -4.388945579528809,
            -2.856255531311035,
            4.188323974609375,
            -1.5847282409667969,
            3.539743185043335,
            0.5884010791778564,
            0.9291236400604248
        ],
        [
            -9.714839935302734,
            -2.4874720573425293,
            0.7585017681121826,
            -7.36041259765625,
            4.571316719055176,
            3.864332914352417,
            -3.7394347190856934,
            4.0662431716918945,
            2.506713628768921,
            -2.3166911602020264
        ],
        [
            -13.135502815246582,
            -3.405881404876709,
            -1.5801589488983154,
            -6.540911674499512,
            7.505593299865723,
            3.413012742996216,
            -4.685849666595459,
            5.875862121582031,
            1.3049588203430176,
            -3.687242031097412
        ],
        [
            -16.058929443359375,
            -4.860121726989746,
            -4.515459060668945,
            -6.208416938781738,
            4.00026798248291,
            3.054766893386841,
            -2.2268359661102295,
            7.640992164611816,
            0.3959798812866211,
            -2.907196521759033
        ],
        [
            -17.389240264892578,
            -6.981115341186523,
            -4.499945640563965,
            -7.458115577697754,
            1.107743740081787,
            2.158205270767212,
            1.051213026046753,
            9.16504955291748,
            -3.338809013366699,
            -2.3226661682128906
        ],
        [
            -16.687177658081055,
            -10.095403671264648,
            -1.0426585674285889,
            -8.067669868469238,
            1.1300888061523438,
            0.41377782821655273,
            0.9285943508148193,
            7.400005340576172,
            -4.235048294067383,
            -2.1268720626831055
        ],
        [
            -14.85776424407959,
            -13.065363883972168,
            2.631652593612671,
            -7.683802604675293,
            1.9173462390899658,
            1.494365930557251,
            -0.8353680372238159,
            4.885068893432617,
            -2.843726396560669,
            -1.998034954071045
        ],
        [
            -13.85227108001709,
            -13.027422904968262,
            3.370304584503174,
            -6.516681671142578,
            3.4807660579681396,
            4.295365333557129,
            -3.705259323120117,
            4.289074897766113,
            -2.516361713409424,
            -0.7798192501068115
        ],
        [
            -13.369771003723145,
            -8.278119087219238,
            1.4256441593170166,
            -3.690276622772217,
            3.58095383644104,
            5.406486511230469,
            -3.5099990367889404,
            5.575749397277832,
            -1.32289719581604,
            1.6407520771026611
        ],
        [
            -12.895781517028809,
            -1.1889644861221313,
            -0.8147997856140137,
            -2.749411106109619,
            1.9576642513275146,
            4.013660430908203,
            -3.8630833625793457,
            9.056589126586914,
            -0.44517695903778076,
            2.5355160236358643
        ],
        [
            -12.584818840026855,
            3.498342990875244,
            -2.07549786567688,
            -4.697953224182129,
            2.090897798538208,
            0.8573484420776367,
            -4.262055397033691,
            11.58300495147705,
            -1.3722689151763916,
            1.8799197673797607
        ],
        [
            -12.469583511352539,
            3.6051461696624756,
            -2.952889919281006,
            -6.699338912963867,
