{
    "collision_depths": [
        0.12357558139330209,
        0.03408461079373106,
        0.024084098319556418,
        0.06361827973627131,
        0.07361779936585833,
        0.1456681730843981,
        0.3787510421084299,
        0.08301522109249468,
        0.015410046555595379,
        0.19250452266354154,
        0.1825052375944593,
        0.11109060888953351,
        0.1030596203362324,
        0.04580907542089167,
        0.07251528778867,
        0.005636813686652278,
        0.0013555206572226641,
        0.013688301685739257,
        0.005629662592611769,
        0.017831063724918092,
        0.005695175053503661,
        0.014761745779725758,
        0.024499831407856727,
        0.01368287514558409,
        0.018863448015985662,
        0.01112660378926953,
        0.003850214870780256,
        0.01933533176093772,
        0.017965706895949226,
        0.06472255037105754,
        0.0116453386362888,
        0.10561365063990784,
        0.04069833384298565,
        0.0030595437303199487,
        0.05702526021186654,
        0.01595587254011713,
        0.018483940029150717,
        0.001519968663256309,
        0.004438302279542998,
        0.025306577145080347,
        0.11894754314420733
    ],
    "collision": true,
    "joint_limit_violation": true,
    "self_collision": true,
    "physical_violations": true,
    "config_smoothness": -4.758081414208034,
    "eff_smoothness": -5.599497232371878,
    "eff_position_path_length": 128.52752134013667,
    "eff_orientation_path_length": 6500.2148631502005,
    "physical_success": false,
    "time": 4.901817560195923,
    "num_steps": 51,
    "trajectory_w": [
        [
            -11.00814437866211,
            -3.618704080581665,
            -0.34150856733322144,
            0.0,
            0.0,
            0.0,
            0.0,
            0.0,
            0.0,
            0.0
        ],
        [
            -10.323533058166504,
            -6.292868137359619,
            -0.7600969672203064,
            -2.5822389125823975,
            0.7071211338043213,
            2.0036704540252686,
            0.30504775047302246,
            2.1811258792877197,
            -1.1195554733276367,
            1.791048288345337
        ],
        [
            -10.777099609375,
            -7.733871936798096,
            -1.096221685409546,
            -4.810037612915039,
            1.1678638458251953,
            3.7563955783843994,
            0.7945201396942139,
            3.9993412494659424,
            -1.8779637813568115,
            3.422222852706909
        ],
        [
            -11.331551551818848,
            -10.226398468017578,
            -1.3165667057037354,
            -6.622364521026611,
            1.3115315437316895,
            5.170000076293945,
            1.5138604640960693,
            5.323306083679199,
            -2.2112598419189453,
            4.824544906616211
        ],
        [
            -12.572338104248047,
            -10.929768562316895,
            -1.454519510269165,
            -8.183405876159668,
            1.2281060218811035,
            6.324313163757324,
            2.344133138656616,
            6.266327857971191,
            -2.325571060180664,
            6.050646781921387
        ],
        [
            -14.204809188842773,
            -6.457698345184326,
            -0.6208299994468689,
            -8.079386711120605,
            -0.5026830434799194,
            4.347891807556152,
            1.3843960762023926,
            2.8554842472076416,
            -2.8590283393859863,
            5.144433975219727
        ],
        [
            -14.591997146606445,
            -1.4656763076782227,
            1.1429753303527832,
            -7.4580078125,
            0.8526904582977295,
            3.5216729640960693,
            -1.8886829614639282,
            2.0097014904022217,
            -1.842084527015686,
            4.701534271240234
        ],
        [
            -12.789153099060059,
            0.5771246552467346,
            1.6654911041259766,
            -5.986148834228516,
            3.8468010425567627,
            2.7606680393218994,
            -2.7095143795013428,
            3.201195001602173,
            -1.5291792154312134,
            4.188961029052734
        ],
        [
            -9.805103302001953,
            -0.41101497411727905,
            0.9293714165687561,
            -5.598398685455322,
            2.97963547706604,
            1.0987684726715088,
            -1.6447011232376099,
            2.438372850418091,
            -1.098267674446106,
            2.9649102687835693
        ],
        [
            -8.559660911560059,
            -2.0564684867858887,
            -1.319098711013794,
            -7.79963493347168,
            0.4962615966796875,
            -0.30101561546325684,
            0.29795289039611816,
            1.2694828510284424,
            -1.797658920288086,
            1.2844250202178955
        ],
        [
            -10.696553230285645,
            -4.160350799560547,
            -3.9872429370880127,
            -8.523412704467773,
            1.342367172241211,
            0.5134453773498535,
            0.7872912883758545,
            2.72717022895813,
            -2.549656629562378,
            -0.594557523727417
        ],
        [
            -14.911212921142578,
            -6.333644866943359,
            -4.497732162475586,
            -5.405678749084473,
            -0.936599850654602,
            0.6828413009643555,
            -0.3550839424133301,
            3.9295923709869385,
            -2.765552520751953,
            -3.119534730911255
        ],
        [
            -18.234237670898438,
            -7.414865493774414,
            -4.656098365783691,
            -1.7249605655670166,
            -2.1410465240478516,
            -0.024837970733642578,
            -3.636897087097168,
            4.524847984313965,
            -4.282127380371094,
            -4.639557838439941
        ],
        [
            -17.84084701538086,
            -6.680654048919678,
            -3.710397958755493,
            -0.9530634880065918,
            -0.945114016532898,
            0.03260350227355957,
            -2.982236862182617,
            2.9707491397857666,
            -3.4605207443237305,
            -4.7393999099731445
        ],
        [
            -14.682929039001465,
            -4.046300888061523,
            -1.4813623428344727,
            -2.168752908706665,
            -2.118391990661621,
            1.1568210124969482,
            0.33566880226135254,
            0.4092891216278076,
            -1.4654138088226318,
            -3.8058817386627197
        ],
        [
            -12.92900562286377,
            -0.7678859233856201,
            -0.5375773310661316,
            -3.3992955684661865,
            -0.1325702667236328,
            1.1516687870025635,
            2.110056161880493,
            0.2094430923461914,
            -1.6969798803329468,
            -2.9594454765319824
        ],
        [
            -12.975050926208496,
            1.7475863695144653,
            -0.9412655234336853,
            -5.648479461669922,
            -0.0994875431060791,
            1.0604174137115479,
            2.53086256980896,
            2.3574469089508057,
            -1.2423306703567505,
            -1.8483598232269287
        ],
        [
            -13.53555965423584,
            2.474367380142212,
            -0.08126133680343628,
            -8.129098892211914,
            -1.1803863048553467,
            2.7293503284454346,
            1.5089256763458252,
            4.190176963806152,
            -0.5582544803619385,
            1.6174118518829346
        ],
        [
            -13.423395156860352,
            1.4501821994781494,
            -0.8306288123130798,
            -10.228584289550781,
            -0.9741350412368774,
            3.9064176082611084,
            1.1239650249481201,
            4.34401798248291,
            -2.5171022415161133,
