{
    "collision_depths": [
        0.031157506260769796,
        0.014722025875151392,
        0.02599430870412973,
        0.025117639234480457,
        0.042688942241162486,
        0.036323893474410784,
        0.03726673156157778,
        0.019425048169618542,
        0.016917547654894,
        0.0015124550127908847,
        0.05361222514656418,
        0.014824150035719852,
        0.007772579200012935,
        0.04692118369082836,
        0.022369301801604367,
        0.044464793708025696,
        0.01995824509270381,
        0.0027771097161865413,
        0.021074840749920727,
        0.02608690263630803,
        0.030060286935420656,
        0.013762344672891278,
        0.0038745362220689882,
        0.032739484161794556,
        0.10345643739695869,
        0.11345643733684783,
        0.013090511697716719
    ],
    "collision": true,
    "joint_limit_violation": true,
    "self_collision": true,
    "physical_violations": true,
    "config_smoothness": -4.592357621443513,
    "eff_smoothness": -6.119481090137057,
    "eff_position_path_length": 141.1832966851065,
    "eff_orientation_path_length": 6175.994804756138,
    "physical_success": false,
    "time": 5.242109537124634,
    "num_steps": 51,
    "trajectory_w": [
        [
            -6.769789218902588,
            -7.120979309082031,
            -1.2189486026763916,
            0.0,
            0.0,
            0.0,
            0.0,
            0.0,
            0.0,
            0.0
        ],
        [
            -9.169610977172852,
            -7.411837577819824,
            0.2628326416015625,
            -1.9272873401641846,
            0.6458446979522705,
            1.0815346240997314,
            -0.36371517181396484,
            2.1476657390594482,
            -0.9077067375183105,
            1.1706159114837646
        ],
        [
            -10.848370552062988,
            -6.859097003936768,
            1.7588486671447754,
            -3.629483222961426,
            1.0712580680847168,
            2.0506536960601807,
            -0.8267601728439331,
            4.03571891784668,
            -1.86856210231781,
            2.211150884628296
        ],
        [
            -12.945343971252441,
            -7.956204414367676,
            3.2713048458099365,
            -5.037031650543213,
            1.2259652614593506,
            2.902783155441284,
            -1.4331003427505493,
            5.546621322631836,
            -2.844425916671753,
            3.0345423221588135
        ],
        [
            -14.078507423400879,
            -7.798146724700928,
            4.79703426361084,
            -6.237360000610352,
            1.230412244796753,
            3.7071239948272705,
            -2.1380581855773926,
            6.723381996154785,
            -3.737151622772217,
            3.6301910877227783
        ],
        [
            -10.086932182312012,
            -9.123827934265137,
            5.527264595031738,
            -5.54844856262207,
            1.278289794921875,
            4.873827934265137,
            -2.651754856109619,
            2.366624593734741,
            -0.8207517862319946,
            -0.01607537269592285
        ],
        [
            -3.9889848232269287,
            -8.961417198181152,
            3.0630738735198975,
            -6.678441047668457,
            1.4777700901031494,
            5.060546875,
            -0.09633660316467285,
            -0.6076695919036865,
            0.1450634002685547,
            -2.5603504180908203
        ],
        [
            0.4377017915248871,
            -7.986423969268799,
            -1.0548348426818848,
            -6.787955284118652,
            -0.49186527729034424,
            4.1020355224609375,
            1.0110766887664795,
            -0.2958376407623291,
            -1.433732271194458,
            -1.6388254165649414
        ],
        [
            1.43168306350708,
            -7.4392266273498535,
            -1.8197929859161377,
            -5.46096658706665,
            -1.7981016635894775,
            2.582181215286255,
            -0.044432878494262695,
            0.6033978462219238,
            -1.5685069561004639,
            -0.593747615814209
        ],
        [
            -0.7667319178581238,
            -7.7046613693237305,
            -0.3277101516723633,
            -4.3475117683410645,
            -0.20441722869873047,
            2.9102394580841064,
            -0.3397660255432129,
            2.2820632457733154,
            -1.1034572124481201,
            -1.2108969688415527
        ],
        [
            -6.7127203941345215,
            -8.696240425109863,
            2.2893881797790527,
            -2.000072956085205,
            1.0786936283111572,
            4.0385894775390625,
            -2.4660544395446777,
            5.159549713134766,
            -2.925870418548584,
            -0.6560707092285156
        ],
        [
            -12.947077751159668,
            -8.846611976623535,
            4.087377548217773,
            0.18263649940490723,
            0.8828308582305908,
            4.5773420333862305,
            -5.415532112121582,
            6.920927047729492,
            -2.988706111907959,
            1.3027780055999756
        ],
        [
            -15.977999687194824,
            -7.268098831176758,
            3.580834150314331,
            1.891108751296997,
            -1.4923192262649536,
            4.2597551345825195,
            -5.761893272399902,
            6.669785499572754,
            -1.419797658920288,
            1.1642701625823975
        ],
        [
            -15.712411880493164,
            -4.7945709228515625,
            2.437493324279785,
            1.1673009395599365,
            -2.8581221103668213,
            4.153469085693359,
            -3.3277716636657715,
            4.129299163818359,
            -0.08428549766540527,
            -1.3044846057891846
        ],
        [
            -12.689196586608887,
            -1.9849042892456055,
            2.0268425941467285,
            -2.2134108543395996,
            -2.5321590900421143,
            3.8477976322174072,
            0.15490460395812988,
            1.9570586681365967,
            -1.3462209701538086,
            -3.1420347690582275
        ],
        [
            -9.222936630249023,
            0.7784253358840942,
            0.1134490966796875,
            -6.125171661376953,
            -0.9668854475021362,
            3.7105348110198975,
            4.238714218139648,
            1.6991169452667236,
            -3.4415862560272217,
            -3.9412879943847656
        ],
        [
            -8.679315567016602,
            1.779789686203003,
            -2.0046167373657227,
            -6.768557548522949,
            -0.13137507438659668,
            5.117890357971191,
            4.188797950744629,
            2.1977250576019287,
            -3.717310905456543,
            -2.962033748626709
        ],
        [
            -11.857720375061035,
            0.28651413321495056,
            -0.8266348838806152,
            -4.293825149536133,
            -0.33969366550445557,
            6.637118339538574,
            -0.3258357048034668,
            4.595030784606934,
            0.1599287986755371,
            0.2304999828338623
        ],
        [
            -16.027507781982422,
            -1.9556560516357422,
            0.8790316581726074,
            -2.6488707065582275,
            -0.7701681852340698,
            4.781274795532227,
            -4.810497283935547,
            7.7650041580200195,
            -0.320978045463562,
            3.0743677616119385
        ],
        [
            -17.880008697509766,
            -3.0329627990722656,
            1.2350974082946777,
            -0.7722196578979492,
            -3.5181612968444824,
            -0.06527900695800781,
            -5.073042869567871,
            7.213797569274902,
            -2.508131265640259,
            1.712270975112915
        ],
        [
