{
    "collision_depths": [
        0.07212094721428523,
        0.12233372603800431,
        0.08558877757284523,
        0.23835752854673106,
        0.046963452274822216,
        0.011458022584351562,
        0.06832028441810929,
        0.16563532603313622,
        0.015288463788970528,
        0.002717767815166295,
        0.025464894700364626,
        0.07829283277501682,
        0.02646313707589902,
        0.1470700810881069,
        0.004484265519011547,
        0.018129087108506928,
        0.047183609202677154,
        0.03020317598233812,
        0.05014467782376185,
        0.11157397850750476,
        0.017538313988371704,
        0.04011194584055945,
        0.044316072404768904,
        0.0749702616838664,
        0.03590041161358245,
        0.05840663202089837,
        0.06552790973809251,
        0.025849328253755563,
        0.11223924542375976,
        0.13279963933678868,
        0.02714866760075474,
        0.16052234403102128,
        0.2175303048316544,
        0.22753030483165587,
        0.015558297221908225,
        0.07252987291918714,
        0.0905484133244407,
        0.017984434189569642,
        0.035855005952807384,
        0.09831839380232428,
        0.04015699004915513,
        0.0010772260639147098,
        0.16073596108342955,
        0.0533885268754284,
        0.06338852687542931,
        0.039649591785201485,
        0.04964959178520288,
        0.13294440657570525,
        0.12294440657570398,
        0.015049495011879379,
        0.04048509194381722,
        0.033356352671409475,
        0.03688171006493229,
        0.06629778860588052,
        0.04059461484344004,
        0.05748159816591537,
        0.01262477460678348,
        0.06527795157262073,
        0.057141339445655914,
        0.06388042614218775,
        0.005349818151317053,
        0.002384908460375811,
        0.011659903975469565,
        0.02165990397547107,
        0.012583724443442986,
        0.01867085898367495,
        0.002435264207568549,
        0.01243526420756978,
        0.07333877489880292,
        0.1134405547664883,
        0.2062199857835017,
        0.032790937038792094,
        0.01987211947744566,
        0.021777843049016497
    ],
    "collision": true,
    "joint_limit_violation": true,
    "self_collision": true,
    "physical_violations": true,
    "config_smoothness": -4.6623582429337045,
    "eff_smoothness": -6.107797648219987,
    "eff_position_path_length": 174.59314017251575,
    "eff_orientation_path_length": 6207.31286327978,
    "physical_success": false,
    "time": 5.083115339279175,
    "num_steps": 51,
    "trajectory_w": [
        [
            -7.05885124206543,
            -3.7738099098205566,
            0.523529589176178,
            0.0,
            0.0,
            0.0,
            0.0,
            0.0,
            0.0,
            0.0
        ],
        [
            -10.924154281616211,
            -9.607150077819824,
            2.6267521381378174,
            -2.9992494583129883,
            -0.0706477165222168,
            1.220484972000122,
            -0.5867669582366943,
            2.3054182529449463,
            -1.3264503479003906,
            -0.4380204677581787
        ],
        [
            -14.978697776794434,
            -14.712556838989258,
            4.577540874481201,
            -5.69862174987793,
            -0.03309750556945801,
            2.24450945854187,
            -1.0260847806930542,
            4.530034065246582,
            -2.730043649673462,
            -0.8478958606719971
        ],
        [
            -15.889143943786621,
            -19.392704010009766,
            6.317734241485596,
            -8.009588241577148,
            0.13498449325561523,
            2.993316888809204,
            -1.2930309772491455,
            6.63161563873291,
            -4.216551303863525,
            -1.2271311283111572
        ],
        [
            -17.405956268310547,
            -22.770490646362305,
            7.883399486541748,
            -10.010940551757812,
            0.3709399700164795,
            3.508876085281372,
            -1.4597538709640503,
            8.6145601272583,
            -5.7083024978637695,
            -1.581343650817871
        ],
        [
            -13.720076560974121,
            -18.637897491455078,
            6.572679042816162,
            -7.372053146362305,
            0.5356905460357666,
            0.6191799640655518,
            -1.2281670570373535,
            8.206584930419922,
            -3.9809341430664062,
            -0.9291775226593018
        ],
        [
            -11.852889060974121,
            -13.676234245300293,
            4.888185024261475,
            -4.730406761169434,
            0.23882746696472168,
            -1.3637845516204834,
            -1.4454669952392578,
            7.145696640014648,
            1.9627163410186768,
            1.2774369716644287
        ],
        [
            -11.671795845031738,
            -8.754364013671875,
            3.8412139415740967,
            -4.89684534072876,
            0.10490894317626953,
            -0.38486742973327637,
            -0.4349548816680908,
            5.3119354248046875,
            2.9743311405181885,
            1.5655362606048584
        ],
        [
            -11.258376121520996,
            -5.224854469299316,
            3.4837806224823,
            -6.027215480804443,
            -0.762665867805481,
            2.8764336109161377,
            -2.14961838722229,
            4.308673858642578,
            0.7399892807006836,
            -0.45859217643737793
        ],
        [
            -12.174211502075195,
            -3.2653567790985107,
            2.462979555130005,
            -5.186982154846191,
            -1.1295254230499268,
            5.3740234375,
            -1.5308713912963867,
            4.233642578125,
            -1.2670868635177612,
            -1.3408207893371582
        ],
        [
            -14.129109382629395,
            -1.8771648406982422,
            0.8592219948768616,
            -0.8806560039520264,
            -2.3371293544769287,
            6.559881210327148,
            -0.4765625,
            5.316556930541992,
            -0.7591972351074219,
            -0.7247905731201172
        ],
        [
            -14.615527153015137,
            -1.5760705471038818,
            0.9671459794044495,
            3.5325300693511963,
            -1.913837194442749,
            6.197700500488281,
            -1.0397380590438843,
            3.9518206119537354,
            -1.3595757484436035,
            -1.0662002563476562
        ],
        [
            -12.391827583312988,
            -1.746372938156128,
            0.9983673691749573,
            5.115442276000977,
            -2.2889716625213623,
            4.805346488952637,
            -2.8945443630218506,
            1.0153210163116455,
            -2.2695844173431396,
            -2.3171699047088623
        ],
        [
            -9.23448657989502,
            -3.6431875228881836,
            0.6100776791572571,
            4.614999771118164,
            -2.565145492553711,
            3.682833433151245,
            -5.504770755767822,
            0.08097076416015625,
            -3.6863021850585938,
            -1.634459376335144
        ],
        [
            -7.143651962280273,
            -7.9605255126953125,
            1.614898920059204,
            3.06923508644104,
            1.0868451595306396,
            2.4635045528411865,
            -3.890122890472412,
            -0.5298736095428467,
            -2.9824905395507812,
            0.14905691146850586
        ],
        [
            -7.510262489318848,
            -11.967071533203125,
            5.156400203704834,
            2.039283514022827,
            0.4837782382965088,
            1.5826385021209717,
            -0.26097917556762695,
            -0.559922456741333,
            0.46329569816589355,
            2.9814937114715576
        ],
        [
