{
    "collision_depths": [
        0.039116261521363264,
        0.29762035284524724,
        0.003183292011664101,
        0.009577949801548623,
        0.028623013455557265,
        0.032874203065391246,
        0.014664508168050367,
        0.03228485928588328,
        0.025088400208549543,
        0.028988562794688255,
        0.3679146972436243,
        0.3625389187353381,
        0.02059676332021109,
        0.01059578432787538,
        0.022156015080321157,
        0.012155036087985224,
        0.06811822663813637,
        0.07811764477564417
    ],
    "collision": true,
    "joint_limit_violation": true,
    "self_collision": true,
    "physical_violations": true,
    "config_smoothness": -3.168115923531027,
    "eff_smoothness": -5.193183668281101,
    "eff_position_path_length": 125.93882779939854,
    "eff_orientation_path_length": 5976.951695176358,
    "physical_success": false,
    "time": 5.031753063201904,
    "num_steps": 51,
    "trajectory_w": [
        [
            -7.039739608764648,
            -7.082297325134277,
            -1.0446549654006958,
            0.0,
            0.0,
            0.0,
            0.0,
            0.0,
            0.0,
            0.0
        ],
        [
            -9.736968040466309,
            -6.946691513061523,
            0.5819274187088013,
            -1.9241578578948975,
            0.9805006980895996,
            0.8334212303161621,
            -1.884423017501831,
            1.6180989742279053,
            -0.8114438056945801,
            0.4936668872833252
        ],
        [
            -10.808502197265625,
            -7.214780807495117,
            2.1148571968078613,
            -3.6649813652038574,
            1.8433983325958252,
            1.554105520248413,
            -3.5689289569854736,
            3.1201112270355225,
            -1.4831511974334717,
            0.9360611438751221
        ],
        [
            -13.403227806091309,
            -7.027071952819824,
            3.527438163757324,
            -5.2068705558776855,
            2.5651023387908936,
            2.149611234664917,
            -4.9510817527771,
            4.447597503662109,
            -1.960862159729004,
            1.2914636135101318
        ],
        [
            -14.495973587036133,
            -7.134049415588379,
            4.868081092834473,
            -6.664172172546387,
            3.217078924179077,
            2.663804769515991,
            -6.046445846557617,
            5.631170272827148,
            -2.287428617477417,
            1.5590264797210693
        ],
        [
            -14.487083435058594,
            -5.98528528213501,
            5.387469291687012,
            -8.019169807434082,
            3.6713197231292725,
            1.8446691036224365,
            -1.9774153232574463,
            4.675882339477539,
            -0.8951876163482666,
            0.52276611328125
        ],
        [
            -12.934550285339355,
            -4.481752872467041,
            4.683753967285156,
            -6.570455551147461,
            1.479731798171997,
            0.20346379280090332,
            0.8681521415710449,
            4.230777740478516,
            0.5520138740539551,
            1.0918619632720947
        ],
        [
            -11.700480461120605,
            -3.984394073486328,
            4.412646293640137,
            -4.65812873840332,
            -0.8862384557723999,
            -1.0518388748168945,
            -0.5618584156036377,
            4.319829940795898,
            1.5304310321807861,
            2.7698867321014404
        ],
        [
            -12.094708442687988,
            -4.258803844451904,
            2.591552257537842,
            -4.290064334869385,
            0.0760958194732666,
            -0.49301981925964355,
            -3.815518617630005,
            5.464406967163086,
            -1.627172827720642,
            3.270583391189575
        ],
        [
            -13.94848346710205,
            -3.681833267211914,
            1.1361738443374634,
            -4.126871109008789,
            2.851804494857788,
            0.0015287399291992188,
            -6.033258438110352,
            7.206582069396973,
            -3.711763381958008,
            1.3937933444976807
        ],
        [
            -15.42286205291748,
            -2.383263111114502,
            2.3301963806152344,
            -1.0075454711914062,
            4.079862594604492,
            0.1523888111114502,
            -9.956160545349121,
            7.71778678894043,
            -3.90260648727417,
            -1.9306364059448242
        ],
        [
            -14.624738693237305,
            -1.5859270095825195,
            2.7615065574645996,
            1.0142648220062256,
            2.0253703594207764,
            0.7517077922821045,
            -8.614218711853027,
            5.754369735717773,
            -4.364095687866211,
            -3.723842144012451
        ],
        [
            -12.347789764404297,
            -2.0711147785186768,
            1.6096330881118774,
            0.31073784828186035,
            -0.35111069679260254,
            2.8688547611236572,
            -2.6591107845306396,
            3.470886468887329,
            -2.3431451320648193,
            -4.2189555168151855
        ],
        [
            -11.00985336303711,
            -3.297531843185425,
            -0.13273084163665771,
            -2.637143135070801,
            -2.3859264850616455,
            3.708073377609253,
            -0.2178966999053955,
            1.582754373550415,
            -1.7438104152679443,
            -3.8953678607940674
        ],
        [
            -11.984095573425293,
            -3.898070812225342,
            -2.0257134437561035,
            -6.095394134521484,
            -1.9948910474777222,
            3.410723924636841,
            -2.8175384998321533,
            3.4395101070404053,
            -5.211495399475098,
            -0.6466453075408936
        ],
        [
            -14.207732200622559,
            -3.548279047012329,
            -1.7098749876022339,
            -7.619448661804199,
            -1.4210783243179321,
            4.03324031829834,
            -1.9079065322875977,
            6.851335525512695,
            -6.622129440307617,
            2.8192684650421143
        ],
        [
            -15.523616790771484,
            -4.018671989440918,
            0.016733288764953613,
            -6.14955997467041,
            -0.9070287942886353,
            3.476966619491577,
            1.600353479385376,
            5.7915849685668945,
            -1.874005913734436,
            3.1307199001312256
        ],
        [
            -15.441168785095215,
            -5.958210468292236,
            1.1767183542251587,
            -3.7229883670806885,
            0.8958725929260254,
            0.6556203365325928,
            3.110536813735962,
            3.0437114238739014,
            2.532506227493286,
            2.5272133350372314
        ],
        [
            -14.266237258911133,
            -8.024130821228027,
            2.283747673034668,
            -1.388871669769287,
            3.8495867252349854,
            0.7976887226104736,
            1.5526459217071533,
            1.4662950038909912,
            0.46163320541381836,
            0.8176987171173096
        ],
        [
            -12.37606430053711,
            -7.543964385986328,
            2.3396496772766113,
            -1.7883976697921753,
            2.568044900894165,
            3.070056676864624,
            -1.15275239944458,
            1.804452657699585,
            -0.7862098217010498,
            -0.6752402782440186
        ],
        [
            -10.935075759887695,
            -4.562018394470215,
            -0.01923501491546631,
            -5.392621994018555,
            1.8206255435943604,
            2.727318525314331,
            -1.8677027225494385,
            3.0827181339263916,
            -1.9721662998199463,
