{
    "collision_depths": [
        0.02908674193252157,
        0.021131100045030743,
        0.029090545791417784,
        0.1896341488805418
    ],
    "collision": true,
    "joint_limit_violation": true,
    "self_collision": true,
    "physical_violations": true,
    "config_smoothness": -4.427725927322139,
    "eff_smoothness": -4.298851617619622,
    "eff_position_path_length": 112.65340648451514,
    "eff_orientation_path_length": 6292.0810287400445,
    "physical_success": false,
    "time": 5.428094148635864,
    "num_steps": 51,
    "trajectory_w": [
        [
            -7.894116401672363,
            -7.6532511711120605,
            -0.5208963751792908,
            0.0,
            0.0,
            0.0,
            0.0,
            0.0,
            0.0,
            0.0
        ],
        [
            -9.658068656921387,
            -6.324314594268799,
            1.3872549533843994,
            -2.2934231758117676,
            0.18464064598083496,
            -0.2212681770324707,
            -0.2836637496948242,
            -0.7856831550598145,
            0.6630041599273682,
            -0.29622650146484375
        ],
        [
            -10.407108306884766,
            -6.578423976898193,
            3.1169707775115967,
            -4.222701072692871,
            0.2663850784301758,
            -0.4922068119049072,
            -0.6504701375961304,
            -1.4296345710754395,
            1.2194499969482422,
            -0.44977331161499023
        ],
        [
            -10.91195297241211,
            -6.096875190734863,
            4.590562343597412,
            -5.655057907104492,
            0.21940040588378906,
            -0.779707670211792,
            -1.1599987745285034,
            -1.8505715131759644,
            1.5468332767486572,
            -0.37830567359924316
        ],
        [
            -11.038894653320312,
            -7.278104305267334,
            5.8468451499938965,
            -6.6965012550354,
            0.09244799613952637,
            -1.0146903991699219,
            -1.8112208843231201,
            -2.070216178894043,
            1.581449270248413,
            -0.08486342430114746
        ],
        [
            -12.033660888671875,
            -10.280808448791504,
            3.6098952293395996,
            -2.8448665142059326,
            -0.2764127254486084,
            1.2982299327850342,
            -4.0270867347717285,
            0.2709531784057617,
            -4.1527252197265625,
            4.160488128662109
        ],
        [
            -13.51522159576416,
            -11.595080375671387,
            2.0702145099639893,
            -1.077054500579834,
            -0.36839401721954346,
            4.687893867492676,
            -2.217557907104492,
            0.20485901832580566,
            -4.1902923583984375,
            6.75114631652832
        ],
        [
            -15.27081298828125,
            -10.48203182220459,
            2.730178117752075,
            -0.19426250457763672,
            -1.9041385650634766,
            6.204246520996094,
            0.3010835647583008,
            1.276231050491333,
            -1.776818037033081,
            5.220965385437012
        ],
        [
            -16.634666442871094,
            -9.170642852783203,
            4.646081447601318,
            -0.4357476234436035,
            1.5692899227142334,
            5.766990661621094,
            0.026285409927368164,
            4.30454158782959,
            0.7738649845123291,
            1.3039934635162354
        ],
        [
            -17.48052978515625,
            -9.38132095336914,
            6.565118312835693,
            -1.4632165431976318,
            4.303304672241211,
            3.3114960193634033,
            -1.1990073919296265,
            5.0852251052856445,
            0.5500071048736572,
            -1.7315587997436523
        ],
        [
            -17.608915328979492,
            -10.925288200378418,
            6.40635347366333,
            -1.1979776620864868,
            -0.025348663330078125,
            2.054443597793579,
            -1.9508585929870605,
            3.136225461959839,
            -0.4595526456832886,
            -2.177525758743286
        ],
        [
            -17.74801254272461,
            -12.859542846679688,
            6.554529666900635,
            -2.699368953704834,
            -1.5337049961090088,
            2.920562982559204,
            -3.561924695968628,
            3.8589251041412354,
            -0.16186046600341797,
            -0.04821324348449707
        ],
        [
            -17.901418685913086,
            -13.700857162475586,
            6.338601589202881,
            -6.0849609375,
            -0.24555933475494385,
            3.16556715965271,
            -6.983101844787598,
            8.108344078063965,
            -1.7241181135177612,
            2.902787446975708
        ],
        [
            -16.99715805053711,
            -12.897197723388672,
            3.490312099456787,
            -6.694491386413574,
            -1.6636319160461426,
            1.1798756122589111,
            -3.191136360168457,
            8.172947883605957,
            -2.3006391525268555,
            2.701390027999878
        ],
        [
            -15.58631420135498,
            -11.880780220031738,
            0.9680836796760559,
            -5.111166477203369,
            -2.4403281211853027,
            0.2519822120666504,
            0.6502728462219238,
            3.6415822505950928,
            -1.4441653490066528,
            1.1346275806427002
        ],
        [
            -14.316377639770508,
            -11.293197631835938,
            0.14835625886917114,
            -5.251269340515137,
            0.1261594295501709,
            -0.11287641525268555,
            0.9661595821380615,
            0.9096148014068604,
            -0.8625142574310303,
            0.6587193012237549
        ],
        [
            -13.214187622070312,
            -10.226129531860352,
            0.5261562466621399,
            -6.268462181091309,
            1.3718206882476807,
            -0.8438620567321777,
            -0.38152027130126953,
            1.6087820529937744,
            -1.5969862937927246,
            0.8231720924377441
        ],
        [
            -12.097180366516113,
            -7.9902873039245605,
            0.08338528871536255,
            -5.660975456237793,
            2.266929864883423,
            -2.161113739013672,
            -0.5909050703048706,
            3.2766811847686768,
            -1.2740309238433838,
            0.48200368881225586
        ],
        [
            -11.639391899108887,
            -5.733553886413574,
            1.0425522327423096,
            -2.854421615600586,
            2.252758741378784,
            -2.4840917587280273,
            -1.9506511688232422,
            4.445893287658691,
            0.23324060440063477,
            -0.474445104598999
        ],
        [
            -12.005334854125977,
            -4.870943546295166,
            3.810783863067627,
            -1.0444798469543457,
            1.6880199909210205,
            -1.9728379249572754,
            -3.8196277618408203,
            5.449628829956055,
            -0.10889315605163574,
            -2.115569591522217
        ],
        [
            -11.841394424438477,
            -5.462144374847412,
            5.183121204376221,
            -0.5741791725158691,
            0.846904993057251,
            -0.9057986736297607,
            -4.607501983642578,
            5.756410598754883,
            -1.7118725776672363,
            -4.36167049407959
        ],
        [
            -10.558588027954102,
            -6.78673791885376,
            4.114477634429932,
            -0.517852783203125,
            -1.399024248123169,
            0.18654203414916992,
            -5.351400375366211,
            4.553389549255371,
            -1.976196050643921,
            -3.568230390548706
        ],
