{
    "collision_depths": [
        0.015401604815314426,
        0.004676834799497227,
        0.0033518887419486717,
        0.029257443398831712,
        0.012295233842851415,
        0.020138116312547867,
        0.027009314935432287,
        0.014120723560265004,
        0.009797125727373283,
        0.02473839882334095,
        0.0012834992194297996,
        0.010647824915242363,
        0.008284749125569382,
        0.026937147849569052,
        0.01973740903381833,
        0.008456396041996935,
        0.018456396041989575,
        0.02783629862583318,
        0.017836298625833885,
        0.002358364102988718,
        0.0151717976569558,
        0.006210308335315231,
        0.15341228125953715,
        0.1634122812595363,
        0.017173945206220023,
        0.001125755909831582,
        0.011125755909830875,
        0.007636204569903489,
        0.02038703030764888,
        0.010386051315313973,
        0.010055633963002764,
        0.02980305503357511,
        0.08360929420507991,
        0.10562174362966242,
        0.102258630340592,
        0.12950087084917453,
        0.13306798753831525,
        0.015175404394421705,
        0.04932796518678489,
        0.08511079984187819,
        0.1415321229746951,
        0.09594799119696959,
        0.06969485943955787
    ],
    "collision": true,
    "joint_limit_violation": true,
    "self_collision": true,
    "physical_violations": true,
    "config_smoothness": -4.4759922722174075,
    "eff_smoothness": -5.0566229669106235,
    "eff_position_path_length": 133.4296510574777,
    "eff_orientation_path_length": 6311.661720510959,
    "physical_success": false,
    "time": 4.555457353591919,
    "num_steps": 51,
    "trajectory_w": [
        [
            -7.361571311950684,
            -7.427155494689941,
            -0.6923149824142456,
            0.0,
            0.0,
            0.0,
            0.0,
            0.0,
            0.0,
            0.0
        ],
        [
            -12.049399375915527,
            -7.832193851470947,
            0.5409826040267944,
            -0.45569396018981934,
            0.5664262771606445,
            0.7779605388641357,
            0.49503040313720703,
            1.6692097187042236,
            -0.8665136098861694,
            0.8211088180541992
        ],
        [
            -15.106278419494629,
            -8.396042823791504,
            1.657272219657898,
            -0.9455220699310303,
            1.1718800067901611,
            1.228114366531372,
            0.9851570129394531,
            3.2746365070343018,
            -1.7597289085388184,
            1.6468956470489502
        ],
        [
            -19.488178253173828,
            -9.334296226501465,
            2.6011195182800293,
            -1.5399961471557617,
            1.8411920070648193,
            1.236391305923462,
            1.4361822605133057,
            4.826515197753906,
            -2.7080469131469727,
            2.4910547733306885
        ],
        [
            -21.87818717956543,
            -10.062719345092773,
            3.395833969116211,
            -2.2817888259887695,
            2.5479719638824463,
            0.9018995761871338,
            1.7885901927947998,
            6.395727157592773,
            -3.6967594623565674,
            3.3698413372039795
        ],
        [
            -21.183612823486328,
            -10.130988121032715,
            2.208590507507324,
            -5.752335548400879,
            3.1137077808380127,
            -3.3425722122192383,
            -1.3775339126586914,
            9.151717185974121,
            -4.034328937530518,
            5.243194580078125
        ],
        [
            -20.06218910217285,
            -9.933226585388184,
            1.9128154516220093,
            -6.41630744934082,
            4.123866081237793,
            -4.284464359283447,
            -4.010457992553711,
            9.733413696289062,
            -1.617200255393982,
            6.27485466003418
        ],
        [
            -18.888410568237305,
            -9.79589557647705,
            1.4129284620285034,
            -5.288213729858398,
            5.069063186645508,
            -1.5221449136734009,
            -2.446962594985962,
            7.7458295822143555,
            -1.8763810396194458,
            5.539153099060059
        ],
        [
            -17.685606002807617,
            -10.055360794067383,
            -0.5191227197647095,
            -4.615622043609619,
            5.957057952880859,
            -0.25693345069885254,
            -1.1555016040802002,
            5.957999229431152,
            -4.135058403015137,
            4.599623680114746
        ],
        [
            -16.29877281188965,
            -10.498764991760254,
            -1.939327597618103,
            -4.475356101989746,
            5.531567573547363,
            -1.1934902667999268,
            -1.9722988605499268,
            4.887363433837891,
            -4.0883893966674805,
            5.176251411437988
        ],
        [
            -15.199307441711426,
            -10.500808715820312,
            -1.2103034257888794,
            -4.593776226043701,
            4.173175811767578,
            -0.2624940872192383,
            -2.268244504928589,
            5.0589799880981445,
            -3.756981134414673,
            5.230996131896973
        ],
        [
            -14.406647682189941,
            -10.38605785369873,
            0.9472287893295288,
            -4.584732532501221,
            1.639251947402954,
            2.017732858657837,
            -2.154642105102539,
            6.284960746765137,
            -2.3859968185424805,
            2.861567735671997
        ],
        [
            -13.291422843933105,
            -11.019527435302734,
            1.2652329206466675,
            -4.119930744171143,
            -0.2760094404220581,
            3.747410535812378,
            -1.1410337686538696,
            5.551436424255371,
            -0.9795693159103394,
            -0.7496452331542969
        ],
        [
            -11.008674621582031,
            -12.270163536071777,
            0.4485973119735718,
            -3.3691182136535645,
            0.738853931427002,
            4.883205413818359,
            -0.12475442886352539,
            3.1965816020965576,
            -1.296393871307373,
            -0.6721808910369873
        ],
        [
            -7.429975986480713,
            -12.419235229492188,
            1.3196810483932495,
            -1.984331488609314,
            0.031186819076538086,
            4.39495849609375,
            2.329961061477661,
            0.003347635269165039,
            0.0012674331665039062,
            2.4437224864959717
        ],
        [
            -4.03031063079834,
            -10.39238166809082,
            3.5950679779052734,
            -1.821703553199768,
            -0.8861476182937622,
            2.5874407291412354,
            4.958192825317383,
            -0.3823509216308594,
            1.876922607421875,
            4.602242469787598
        ],
        [
            -3.136646270751953,
            -7.947269439697266,
            4.794689178466797,
            -5.275312423706055,
            -0.5336700677871704,
            3.023385763168335,
            4.690572738647461,
            3.0126678943634033,
            0.846156120300293,
            3.476205587387085
        ],
        [
            -6.138033390045166,
            -8.579285621643066,
            6.375693321228027,
            -9.978229522705078,
            2.5750887393951416,
            5.015424728393555,
            0.5799572467803955,
            7.7328081130981445,
            -0.172019362449646,
            0.8444650173187256
        ],
        [
            -10.054506301879883,
            -10.973700523376465,
            5.485296249389648,
            -10.989103317260742,
            2.1956608295440674,
            7.248842239379883,
            -1.2723172903060913,
