{
    "collision_depths": [
        0.12847304888190755,
        0.07400637587649224,
        0.09177998920135325,
        0.04022926017119187,
        0.01364342670810386,
        0.07785813652177695,
        0.12224370132327296,
        0.03759618040462363,
        0.10294047687114878,
        0.11224370132327194,
        0.10656897200410272,
        0.21816823752042952,
        0.1269460533994365,
        0.22729712457017928,
        0.2180906407055225,
        0.054283711959792126,
        0.1571566409802743,
        0.17762704061822163,
        0.11164998313836766,
        0.13026369511321031
    ],
    "collision": true,
    "joint_limit_violation": true,
    "self_collision": true,
    "physical_violations": true,
    "config_smoothness": -4.608972319530629,
    "eff_smoothness": -5.682668499885119,
    "eff_position_path_length": 134.2577413892207,
    "eff_orientation_path_length": 6264.158755344293,
    "physical_success": false,
    "time": 4.662570238113403,
    "num_steps": 51,
    "trajectory_w": [
        [
            -8.503313064575195,
            -8.573385238647461,
            -0.6916249990463257,
            0.0,
            0.0,
            0.0,
            0.0,
            0.0,
            0.0,
            0.0
        ],
        [
            -7.68609619140625,
            -14.094367027282715,
            -0.31950461864471436,
            -1.3268744945526123,
            1.4607250690460205,
            -0.266162633895874,
            1.2018351554870605,
            1.0110995769500732,
            0.0063991546630859375,
            -0.006425142288208008
        ],
        [
            -6.926482200622559,
            -19.39097023010254,
            0.0031431913375854492,
            -2.494112014770508,
            2.525578737258911,
            -0.5150823593139648,
            2.1345407962799072,
            1.8939802646636963,
            0.10878705978393555,
            -0.11319756507873535
        ],
        [
            -6.6148152351379395,
            -20.766279220581055,
            0.3056706190109253,
            -3.5570731163024902,
            3.080406904220581,
            -0.7494139671325684,
            2.6993672847747803,
            2.676976442337036,
            0.3038496971130371,
            -0.32488465309143066
        ],
        [
            -6.4836344718933105,
            -22.73695945739746,
            0.6526840925216675,
            -4.68209981918335,
            3.2795045375823975,
            -0.991551399230957,
            2.971881151199341,
            3.4764935970306396,
            0.5000076293945312,
            -0.5696752071380615
        ],
        [
            -9.416536331176758,
            -15.995606422424316,
            2.5106678009033203,
            -9.336634635925293,
            0.6440136432647705,
            -2.0138301849365234,
            -0.6509532928466797,
            6.510695457458496,
            -1.4383561611175537,
            0.24390077590942383
        ],
        [
            -10.986756324768066,
            -9.570545196533203,
            1.8433173894882202,
            -10.108160972595215,
            1.088810920715332,
            -2.9900107383728027,
            -3.2493820190429688,
            7.661554336547852,
            -2.4442176818847656,
            1.5844318866729736
        ],
        [
            -8.430752754211426,
            -8.47616958618164,
            -1.3667150735855103,
            -7.7438249588012695,
            2.5534098148345947,
            -1.4383474588394165,
            -3.415647506713867,
            4.491776466369629,
            0.1118171215057373,
            3.2638723850250244
        ],
        [
            -5.399056911468506,
            -12.628996849060059,
            -1.881675362586975,
            -7.14661979675293,
            1.862593412399292,
            2.0280730724334717,
            -2.247884511947632,
            1.4315392971038818,
            0.09713029861450195,
            5.430013656616211
        ],
        [
            -5.13580846786499,
            -17.787155151367188,
            0.6515244245529175,
            -7.334604263305664,
            1.07181978225708,
            4.239001274108887,
            2.4275033473968506,
            0.08180475234985352,
            -1.3407710790634155,
            5.718756675720215
        ],
        [
            -7.1793317794799805,
            -19.969797134399414,
            2.9127864837646484,
            -6.081974983215332,
            0.8100082874298096,
            5.100569725036621,
            3.295053720474243,
            -1.547607660293579,
            0.6578536033630371,
            3.9028871059417725
        ],
        [
            -10.585577011108398,
            -18.036983489990234,
            2.859157085418701,
            -6.794769287109375,
            2.909301996231079,
            3.118168592453003,
            -0.3021819591522217,
            1.0802581310272217,
            0.2926170825958252,
            1.118821382522583
        ],
        [
            -14.230631828308105,
            -13.348841667175293,
            0.4222158193588257,
            -7.822620391845703,
            3.5892770290374756,
            -0.21095538139343262,
            -1.4290940761566162,
            6.280664443969727,
            -2.109808921813965,
            -0.4439272880554199
        ],
        [
            -16.320619583129883,
            -9.546163558959961,
            -0.6884249448776245,
            -5.188000679016113,
            1.5317676067352295,
            -3.228452444076538,
            2.2837226390838623,
            8.523468017578125,
            -2.3026344776153564,
            -0.4516301155090332
        ],
        [
            -16.617765426635742,
            -9.182428359985352,
            -0.8648377656936646,
            -3.186208486557007,
            -0.23636722564697266,
            -3.2305078506469727,
            5.070770263671875,
            7.631577491760254,
            -2.2361526489257812,
            1.1938598155975342
        ],
        [
            -15.479799270629883,
            -11.981281280517578,
            -2.2037410736083984,
            -3.935673475265503,
            0.9655411243438721,
            -0.21632099151611328,
            5.3093156814575195,
            6.283926963806152,
            -2.965540885925293,
            2.655332326889038
        ],
        [
            -12.896574974060059,
            -16.12123680114746,
            -1.1138149499893188,
            -5.75114631652832,
            -0.7989745140075684,
            3.002840280532837,
            3.511112928390503,
            7.657759666442871,
            -3.18050479888916,
            3.949444055557251
        ],
        [
            -9.862086296081543,
            -19.55852699279785,
            1.5221346616744995,
            -7.376639366149902,
            -1.006075143814087,
            4.02536678314209,
            1.6419250965118408,
            8.497496604919434,
            -1.575067400932312,
            3.8305089473724365
        ],
        [
            -7.989566326141357,
            -20.936546325683594,
            1.672059416770935,
            -7.398065567016602,
            2.487783670425415,
            2.291187047958374,
            2.918222665786743,
            6.457459449768066,
            -1.3724464178085327,
            -0.16627097129821777
        ],
        [
            -7.205785751342773,
            -20.729679107666016,
            -0.5363532304763794,
            -6.400815010070801,
            4.600210189819336,
            -1.2767055034637451,
            5.509021759033203,
            3.9073054790496826,
            -2.4731969833374023,
            -3.4122164249420166
        ],
        [
            -7.0987162590026855,
            -19.708602905273438,
            -1.1200653314590454,
            -5.855490207672119,
            3.7166244983673096,
            -2.308457851409912,
            4.779013633728027,
