{
    "collision_depths": [
        0.004806782786635445,
        0.027398338212903457,
        0.02299577314997178,
        0.3396306740914999,
        0.3496306740915,
        0.17814352272050352,
        0.18391905512099535,
        0.18688094671572722,
        0.13504670385797768,
        0.1647987448367497,
        0.07758765065495897,
        0.07381721415047217,
        0.0029291606413918403,
        0.061836467670604266,
        0.07708862964693476,
        0.06520493735307822,
        0.08914020684524755,
        0.14305110755164308,
        0.06299587339165072,
        0.03703921259920484,
        0.06862079011987804,
        0.053243414396911125,
        0.04407319406100326,
        0.07796483981989587,
        0.03148263679516501,
        0.008409375511982889,
        0.008095423046259018,
        0.13864010850157427,
        0.16704789378229737,
        0.1067944239492412,
        0.09945363542813129,
        0.10504298791191072,
        0.07154908139234584,
        0.18853037824067773,
        0.10643781180213426,
        0.07154203153320145,
        0.04643299118377854,
        0.09539102483427198,
        0.14106406882018532,
        0.12890329568670672,
        0.14106571925976313,
        0.1616065153115873,
        0.16161100634624923,
        0.1674321205456602,
        0.16743213097960974,
        0.13685007928674342
    ],
    "collision": true,
    "joint_limit_violation": true,
    "self_collision": true,
    "physical_violations": true,
    "config_smoothness": -4.295766945983783,
    "eff_smoothness": -6.16803580523669,
    "eff_position_path_length": 140.0732730199451,
    "eff_orientation_path_length": 5794.151759015306,
    "physical_success": false,
    "time": 4.9183738231658936,
    "num_steps": 51,
    "trajectory_w": [
        [
            -1.6561081409454346,
            -7.433483600616455,
            1.3921960592269897,
            0.0,
            0.0,
            0.0,
            0.0,
            0.0,
            0.0,
            0.0
        ],
        [
            -2.6697070598602295,
            -11.484286308288574,
            1.4607406854629517,
            -2.2459137439727783,
            0.3305246829986572,
            1.1914546489715576,
            -0.033116817474365234,
            1.0635998249053955,
            -0.2657202482223511,
            0.348391056060791
        ],
        [
            -4.099256992340088,
            -14.10328483581543,
            1.527335524559021,
            -4.232046604156494,
            0.8081510066986084,
            2.172851800918579,
            0.007978200912475586,
            2.003133535385132,
            -0.4623134136199951,
            0.6257147789001465
        ],
        [
            -4.490781784057617,
            -17.493364334106445,
            1.5815404653549194,
            -5.8989739418029785,
            1.4874908924102783,
            2.903093099594116,
            0.16985487937927246,
            2.762108564376831,
            -0.5927871465682983,
            0.8003261089324951
        ],
        [
            -5.669334411621094,
            -19.01383399963379,
            1.6129454374313354,
            -7.361732482910156,
            2.2863729000091553,
            3.4818308353424072,
            0.44680118560791016,
            3.377007246017456,
            -0.7079136371612549,
            0.8983361721038818
        ],
        [
            -5.982670783996582,
            -16.22145652770996,
            1.1262022256851196,
            -6.780265808105469,
            2.4565765857696533,
            3.445146322250366,
            2.116370439529419,
            2.7374794483184814,
            -1.6840291023254395,
            0.832918643951416
        ],
        [
            -5.040804386138916,
            -13.858325004577637,
            1.2859293222427368,
            -4.424446105957031,
            0.7175116539001465,
            4.12669563293457,
            1.3448784351348877,
            3.82739520072937,
            -2.6504406929016113,
            3.0677263736724854
        ],
        [
            -2.3382351398468018,
            -12.607303619384766,
            1.5800203084945679,
            -1.7558190822601318,
            1.5808742046356201,
            3.6362998485565186,
            -0.5074717998504639,
            4.95048713684082,
            -4.278961181640625,
            4.794121742248535
        ],
        [
            0.7667487859725952,
            -11.626190185546875,
            3.4894227981567383,
            0.13427376747131348,
            1.0028908252716064,
            2.0656278133392334,
            1.045807123184204,
            4.4721221923828125,
            -2.586169719696045,
            4.511238098144531
        ],
        [
            2.624608278274536,
            -10.578775405883789,
            4.769772529602051,
            -0.41341280937194824,
            -1.2896919250488281,
            1.3297193050384521,
            1.733557939529419,
            3.540421724319458,
            -2.744006872177124,
            3.018928289413452
        ],
        [
            2.706022024154663,
            -9.468750953674316,
            3.711296558380127,
            -2.9867587089538574,
            -0.7701599597930908,
            1.691476583480835,
            0.352161169052124,
            2.6345036029815674,
            -2.656431198120117,
            2.232632875442505
        ],
        [
            1.7451589107513428,
            -8.909876823425293,
            0.7348946332931519,
            -4.000103950500488,
            1.1033337116241455,
            3.0283820629119873,
            -2.2582027912139893,
            2.743525266647339,
            -0.5444713830947876,
            3.1646711826324463
        ],
        [
            0.4508640170097351,
            -9.144844055175781,
            -1.7364789247512817,
            -4.584197044372559,
            -0.6223036050796509,
            5.100391387939453,
            -2.03971004486084,
            3.2275025844573975,
            -1.480111002922058,
            2.5241286754608154
        ],
        [
            -1.249274730682373,
            -9.62729549407959,
            -1.95972740650177,
            -5.686168670654297,
            -0.868313193321228,
            6.035464286804199,
            -1.0815931558609009,
            1.331268548965454,
            -1.5645830631256104,
            -0.4962303638458252
        ],
        [
            -1.5115693807601929,
            -9.830573081970215,
            -2.159374713897705,
            -4.509949207305908,
            1.0534415245056152,
            3.9205291271209717,
            -1.2882381677627563,
            0.9956672191619873,
            -1.681679606437683,
            -1.6735466718673706
        ],
        [
            -1.5226459503173828,
            -9.77450942993164,
            -1.5845283269882202,
            -1.5620522499084473,
            1.3399617671966553,
            1.3589503765106201,
            -1.6450393199920654,
            3.098503351211548,
            0.25783753395080566,
            0.8626677989959717
        ],
        [
            -1.267074704170227,
            -8.925982475280762,
            0.06297802925109863,
            -0.8621008396148682,
            -1.1696350574493408,
            0.7827153205871582,
            -1.0709397792816162,
            2.2316906452178955,
            -1.2950985431671143,
            4.851622581481934
        ],
        [
            -0.5245856642723083,
            -7.403111457824707,
            2.18845272064209,
            -2.1452674865722656,
            -3.0104153156280518,
            3.217839479446411,
            -0.33833742141723633,
            -1.685599684715271,
            -4.875597953796387,
            7.113731384277344
        ],
        [
            -0.49061983823776245,
            -6.613245964050293,
            2.2349085807800293,
            -4.601039886474609,
            -1.8242197036743164,
