{
    "collision_depths": [
        0.29461073125097553,
        0.21006392319537595,
        0.29268013102927026,
        0.32493780922633037,
        0.011693021600996292,
        0.19591396001750902,
        0.1842111341849958,
        0.0017071345307281588,
        0.013948442949492558,
        0.06978389721751323,
        0.008686868067688851,
        0.03426476661087535,
        0.012838633788558696,
        0.046010675042057574,
        0.03867384072242714,
        0.0462060108646684,
        0.0076790876711215926,
        0.09985074117461998,
        0.048115395275642875,
        0.04954193565465338,
        0.09313207423892297,
        0.006022026831155803,
        0.020207304860516254,
        0.016980107683635448,
        0.04127109213801121,
        0.05532766952323738,
        0.006069684051709711,
        0.004372440858891588,
        0.0059677704675703755,
        0.043722446489993974
    ],
    "collision": true,
    "joint_limit_violation": true,
    "self_collision": true,
    "physical_violations": true,
    "config_smoothness": -4.148150041458303,
    "eff_smoothness": -4.8045663757873,
    "eff_position_path_length": 139.45526375974788,
    "eff_orientation_path_length": 5823.700419176863,
    "physical_success": false,
    "time": 5.029532194137573,
    "num_steps": 51,
    "trajectory_w": [
        [
            -12.748568534851074,
            -0.7834812998771667,
            -1.91917085647583,
            0.0,
            0.0,
            0.0,
            0.0,
            0.0,
            0.0,
            0.0
        ],
        [
            -15.509857177734375,
            -0.0983097031712532,
            -0.14493775367736816,
            -2.5668795108795166,
            0.28800249099731445,
            0.2728400230407715,
            -1.1327624320983887,
            1.263277292251587,
            -0.5894384384155273,
            -1.15656578540802
        ],
        [
            -19.500141143798828,
            0.02845161035656929,
            1.6278750896453857,
            -5.0391340255737305,
            0.4801788330078125,
            0.3934671878814697,
            -2.064511775970459,
            2.4693171977996826,
            -1.0782923698425293,
            -2.248926877975464
        ],
        [
            -21.616968154907227,
            0.8638795018196106,
            3.3848538398742676,
            -7.441191673278809,
            0.5450575351715088,
            0.34532737731933594,
            -2.6931557655334473,
            3.599168539047241,
            -1.452047348022461,
            -3.2186243534088135
        ],
        [
            -24.47591209411621,
            1.0231300592422485,
            5.114172458648682,
            -9.837218284606934,
            0.5220861434936523,
            0.21506404876708984,
            -3.0507588386535645,
            4.667283058166504,
            -1.7722233533859253,
            -4.039177417755127
        ],
        [
            -21.797266006469727,
            2.154468059539795,
            5.524754047393799,
            -12.427515029907227,
            -0.10419702529907227,
            0.14435672760009766,
            0.43333864212036133,
            4.860512733459473,
            -2.5890212059020996,
            -1.4414130449295044
        ],
        [
            -19.592798233032227,
            3.5752110481262207,
            4.5027756690979,
            -12.797026634216309,
            -0.2439281940460205,
            -0.27065396308898926,
            1.3083593845367432,
            5.332460403442383,
            -3.038454532623291,
            1.686432123184204
        ],
        [
            -18.418241500854492,
            4.375921249389648,
            3.669342517852783,
            -11.16944408416748,
            -0.6276928186416626,
            -1.106722116470337,
            0.22172021865844727,
            6.333907127380371,
            -3.2694809436798096,
            2.695744276046753
        ],
        [
            -17.755836486816406,
            4.301753044128418,
            3.569121837615967,
            -8.041765213012695,
            -1.433138370513916,
            -2.1256349086761475,
            -0.3178715705871582,
            6.107928276062012,
            -0.72768235206604,
            2.3237898349761963
        ],
        [
            -17.213050842285156,
            4.138385772705078,
            3.092219829559326,
            -4.794556617736816,
            -1.3383548259735107,
            -2.3989691734313965,
            0.3637373447418213,
            4.6429595947265625,
            -0.6856420040130615,
            1.2015373706817627
        ],
        [
            -16.649757385253906,
            4.334563732147217,
            0.9776966571807861,
            -3.0409841537475586,
            -0.1873002052307129,
            -0.7594740390777588,
            -1.1297823190689087,
            4.4473981857299805,
            -0.8302590847015381,
            0.6178114414215088
        ],
        [
            -16.096389770507812,
            4.028783798217773,
            -1.0791149139404297,
            -5.533604145050049,
            1.2573237419128418,
            -0.7917680740356445,
            0.1853945255279541,
            5.703259468078613,
            -1.9262179136276245,
            1.576167345046997
        ],
        [
            -14.998177528381348,
            2.4701244831085205,
            -1.5346465110778809,
            -7.126418113708496,
            0.3878059387207031,
            -0.43637514114379883,
            1.0802671909332275,
            6.212845802307129,
            -3.2727701663970947,
            2.504786252975464
        ],
        [
            -12.656622886657715,
            -0.02966732159256935,
            -2.2795803546905518,
            -4.013467311859131,
            -0.06786417961120605,
            2.0987536907196045,
            0.3977823257446289,
            6.197050094604492,
            -2.454033851623535,
            3.6033432483673096
        ],
        [
            -9.708385467529297,
            -1.2622672319412231,
            -0.9909512996673584,
            0.05738091468811035,
            1.0750477313995361,
            3.827707529067993,
            0.5197792053222656,
            6.042385101318359,
            2.176903009414673,
            5.206563949584961
        ],
        [
            -7.943341255187988,
            -1.9718730449676514,
            2.7726998329162598,
            0.6425068378448486,
            0.8130531311035156,
            2.258188486099243,
            1.6188132762908936,
            5.154230117797852,
            2.5774271488189697,
            6.739388465881348
        ],
        [
            -8.01976203918457,
            -1.386182427406311,
            5.101335048675537,
            -0.2663917541503906,
            -0.13411355018615723,
            0.7935402393341064,
            2.696922540664673,
            4.217564582824707,
            1.4576079845428467,
            7.052311897277832
        ],
        [
            -8.250630378723145,
            0.48010125756263733,
            5.453416347503662,
            -1.1863516569137573,
            -2.3386383056640625,
            1.8875467777252197,
            1.5993473529815674,
            4.175546646118164,
            0.9488818645477295,
            4.810855865478516
        ],
        [
            -8.956131935119629,
            1.8197059631347656,
            3.9799866676330566,
            -1.4021254777908325,
            -2.70414662361145,
            3.309307336807251,
            2.1358516216278076,
            2.950289011001587,
            1.3912928104400635,
            3.076476812362671
        ],
        [
            -10.568632125854492,
            3.1620633602142334,
            -0.637528657913208,
            -2.142566680908203,
            -1.2009352445602417,
            4.224786758422852,
            2.1268374919891357,
            0.2950475215911865,
