{
    "collision_depths": [
        0.05454126481352977,
        0.06453997445214778,
        0.053567224612534596,
        0.06356592684603392,
        0.27404525361435095,
        0.08819816636694029,
        0.04432102291354269,
        0.044214605369054596,
        0.025823359432518515,
        0.0067643413846100306,
        0.01751014249690071,
        0.02858243075180937,
        0.008034986362316532,
        0.027835982235260306,
        0.024897744843643325,
        0.03121688415729685,
        0.017850274801193552,
        0.028006954797824193,
        0.09561202878351453,
        0.006704663309957757,
        0.065250617969628,
        0.07386284533315302,
        0.060195677873324485,
        0.11894876042857024,
        0.11030246901645713,
        0.00040078669090558636,
        0.08805607491561222,
        0.1621764471785071,
        0.10865615559792059,
        0.14879355030721586,
        0.06188399817005066,
        0.09465141151063165,
        0.23587230359227432,
        0.0008601947051922752,
        0.010860194705186607,
        0.25207378234660643,
        0.005102898548353963,
        0.0735701695974717,
        0.1841671923751776,
        0.19416719237517818
    ],
    "collision": true,
    "joint_limit_violation": true,
    "self_collision": true,
    "physical_violations": true,
    "config_smoothness": -4.498926140885892,
    "eff_smoothness": -6.014190338822957,
    "eff_position_path_length": 142.39692143242556,
    "eff_orientation_path_length": 6546.660723649084,
    "physical_success": false,
    "time": 5.186480283737183,
    "num_steps": 51,
    "trajectory_w": [
        [
            -7.070834636688232,
            -6.584466457366943,
            -2.0955004692077637,
            0.0,
            0.0,
            0.0,
            0.0,
            0.0,
            0.0,
            0.0
        ],
        [
            -5.859029293060303,
            -3.7246177196502686,
            -2.1362853050231934,
            -0.8987481594085693,
            1.1310110092163086,
            0.735032320022583,
            -1.6806913614273071,
            2.1666834354400635,
            -0.7231289148330688,
            0.3253509998321533
        ],
        [
            -4.972696781158447,
            -1.9810817241668701,
            -2.1666641235351562,
            -1.765168309211731,
            2.1540238857269287,
            1.3719913959503174,
            -3.185159206390381,
            4.181452751159668,
            -1.3770368099212646,
            0.7995598316192627
        ],
        [
            -5.3816633224487305,
            1.2943891286849976,
            -2.207050085067749,
            -2.604245185852051,
            3.0239579677581787,
            1.9019362926483154,
            -4.466814041137695,
            6.00444221496582,
            -1.9347238540649414,
            1.4809725284576416
        ],
        [
            -5.767538070678711,
            2.710975170135498,
            -2.2888689041137695,
            -3.4334352016448975,
            3.779533624649048,
            2.37842059135437,
            -5.584049224853516,
            7.695586204528809,
            -2.432962417602539,
            2.3111040592193604
        ],
        [
            -10.101825714111328,
            -0.5088441967964172,
            -3.320733070373535,
            -4.27923583984375,
            3.1244442462921143,
            2.562945604324341,
            -4.280743598937988,
            7.636456489562988,
            -2.8211429119110107,
            4.125621795654297
        ],
        [
            -13.75031852722168,
            -4.926018238067627,
            -2.4498789310455322,
            -4.767663955688477,
            2.565251588821411,
            1.2605836391448975,
            -2.871523380279541,
            6.332719802856445,
            -2.26775860786438,
            4.717840194702148
        ],
        [
            -14.60748291015625,
            -6.7463059425354,
            -1.1429345607757568,
            -6.3281402587890625,
            2.671076536178589,
            -1.6717857122421265,
            -0.7704753875732422,
            5.060538291931152,
            -3.025848627090454,
            6.396444320678711
        ],
        [
            -10.890666961669922,
            -6.856924057006836,
            -1.1794183254241943,
            -5.967515468597412,
            0.8767223358154297,
            -3.5037529468536377,
            0.6431148052215576,
            4.208705902099609,
            -3.8070731163024902,
            7.249187469482422
        ],
        [
            -3.701615333557129,
            -7.019111633300781,
            -2.2447669506073,
            -3.1035237312316895,
            -0.30039727687835693,
            -1.97596275806427,
            2.476764440536499,
            3.256075143814087,
            -1.8557010889053345,
            4.484491348266602
        ],
        [
            1.1461145877838135,
            -7.214346408843994,
            -2.0683109760284424,
            -3.2802064418792725,
            0.42478370666503906,
            0.6387977600097656,
            2.817270517349243,
            3.125234842300415,
            0.5506703853607178,
            1.679872751235962
        ],
        [
            2.3625009059906006,
            -7.047654628753662,
            -0.25036120414733887,
            -4.161845684051514,
            0.78507399559021,
            1.8161342144012451,
            1.4958713054656982,
            4.239623069763184,
            1.0107097625732422,
            0.9030888080596924
        ],
        [
            0.9762798547744751,
            -6.318213939666748,
            0.3168036937713623,
            -3.4574718475341797,
            0.5703864097595215,
            2.234407663345337,
            -0.57889723777771,
            4.591330528259277,
            -0.12343335151672363,
            0.29305410385131836
        ],
        [
            -1.7877928018569946,
            -4.9473958015441895,
            -0.2866218090057373,
            0.47980523109436035,
            -0.5364261865615845,
            3.351057291030884,
            -0.3914625644683838,
            3.0853707790374756,
            0.6834855079650879,
            -0.9107227325439453
        ],
        [
            -4.756444454193115,
            -3.042045831680298,
            -0.6479885578155518,
            3.249666452407837,
            -3.280414581298828,
            2.175947427749634,
            -0.26293277740478516,
            2.535808801651001,
            -2.378446578979492,
            -2.4093830585479736
        ],
        [
            -6.44734525680542,
            -2.6640515327453613,
            0.532299280166626,
            0.9357092380523682,
            -1.6216275691986084,
            -0.5066885948181152,
            0.6116616725921631,
            3.319077730178833,
            -1.7974016666412354,
            -4.134932518005371
        ],
        [
            -6.660585403442383,
            -2.850983142852783,
            1.307495355606079,
            -2.336811065673828,
            -0.5054240226745605,
            -0.3742330074310303,
            1.5994665622711182,
            2.525956869125366,
            -2.42435884475708,
            -4.622341156005859
        ],
        [
            -8.448128700256348,
            -3.0172297954559326,
            1.984635829925537,
            -1.723354458808899,
            0.9616775512695312,
            1.8678576946258545,
            0.17376446723937988,
            1.2955949306488037,
            0.0008969306945800781,
            -2.55336594581604
        ],
        [
            -12.088537216186523,
            -2.013960838317871,
            1.893620252609253,
            0.5734350681304932,
            2.608182668685913,
            2.5042426586151123,
            -2.76090931892395,
            1.1076138019561768,
            1.116060733795166,
            2.001157522201538
        ],
        [
