{
    "collision_depths": [
        0.004303993319895937,
        0.02053878910819597,
        0.011882587555285977,
        0.01913521236320216,
        0.010387700420226631,
        0.061519053355419365,
        0.014471762397085397,
        0.004087450039180209,
        0.15810119413200446,
        0.055576685332676755,
        0.005104844803201407,
        0.11537350188933915,
        0.13095002455378374,
        0.05552080797027173,
        0.013584075514116169,
        0.008296419950134677,
        0.013979775445751552,
        0.3187846712991419,
        0.0004959256398031986,
        0.296739017119412,
        0.14785834849021542,
        0.1553257241870526,
        0.0840529321263433,
        0.08776872722267126,
        0.10715202406198497,
        0.24849774675092529,
        0.15714565189871416,
        0.07832221627941315,
        0.08994019098284708,
        0.1031116216761134,
        0.14801956388630377,
        0.1138689560745289,
        0.12185184540754684,
        0.019608139046651145,
        0.00047097057026428124,
        0.13660470836364005,
        0.018473487550235194,
        0.011437732184387449,
        0.013591998977091927,
        0.0065800744242498245,
        0.010867139840130017,
        0.006347742558222937,
        0.06779573869723302
    ],
    "collision": true,
    "joint_limit_violation": true,
    "self_collision": true,
    "physical_violations": true,
    "config_smoothness": -4.163980675567367,
    "eff_smoothness": -3.8798335202921703,
    "eff_position_path_length": 132.71697310628056,
    "eff_orientation_path_length": 6262.4407077274645,
    "physical_success": false,
    "time": 5.0841827392578125,
    "num_steps": 51,
    "trajectory_w": [
        [
            -6.854631423950195,
            -6.160376071929932,
            -1.215753197669983,
            0.0,
            0.0,
            0.0,
            0.0,
            0.0,
            0.0,
            0.0
        ],
        [
            -8.210813522338867,
            -7.745421886444092,
            0.570294976234436,
            -1.247829794883728,
            0.5007419586181641,
            1.6287391185760498,
            -0.47107481956481934,
            3.2100212574005127,
            -0.4782280921936035,
            0.45019030570983887
        ],
        [
            -9.35361099243164,
            -8.313729286193848,
            2.183136463165283,
            -2.34006404876709,
            0.8248438835144043,
            3.0228798389434814,
            -0.9330780506134033,
            6.0301513671875,
            -0.9136114120483398,
            0.9101598262786865
        ],
        [
            -11.16401195526123,
            -10.883549690246582,
            3.5218167304992676,
            -3.2077796459198,
            0.919440507888794,
            4.085638046264648,
            -1.346992015838623,
            8.310319900512695,
            -1.2705438137054443,
            1.3536198139190674
        ],
        [
            -12.227006912231445,
            -12.083755493164062,
            4.602298259735107,
            -3.8772661685943604,
            0.8286714553833008,
            4.873817443847656,
            -1.6889492273330688,
            10.120237350463867,
            -1.5671687126159668,
            1.7384274005889893
        ],
        [
            -12.853321075439453,
            -12.936177253723145,
            1.139743447303772,
            -1.9525134563446045,
            -1.3384134769439697,
            1.2376935482025146,
            -0.9131594896316528,
            4.687729835510254,
            -1.690349817276001,
            0.18517756462097168
        ],
        [
            -14.284692764282227,
            -12.212387084960938,
            -1.12354576587677,
            -3.0229220390319824,
            0.49489426612854004,
            -1.9771555662155151,
            -2.4057698249816895,
            2.4066226482391357,
            -2.616234064102173,
            -0.6441104412078857
        ],
        [
            -15.788859367370605,
            -10.105705261230469,
            -0.7278114557266235,
            -5.366814613342285,
            2.8811275959014893,
            -0.8453059196472168,
            -3.6049678325653076,
            3.6850459575653076,
            -2.525909662246704,
            -0.7945926189422607
        ],
        [
            -16.51848030090332,
            -7.134461402893066,
            -1.0354918241500854,
            -7.222834587097168,
            3.3078553676605225,
            2.094731092453003,
            -1.69737708568573,
            6.137470245361328,
            -3.778012275695801,
            0.06237006187438965
        ],
        [
            -16.592269897460938,
            -4.209214210510254,
            -0.6403936147689819,
            -8.484908103942871,
            2.8856008052825928,
            2.6166183948516846,
            2.2137811183929443,
            6.707036018371582,
            -5.46165657043457,
            2.383046865463257
        ],
        [
            -16.068317413330078,
            -2.4952499866485596,
            1.8617802858352661,
            -8.919699668884277,
            3.084907293319702,
            0.6507716178894043,
            2.5141212940216064,
            4.471899032592773,
            -6.056278228759766,
            3.956888437271118
        ],
        [
            -14.787882804870605,
            -1.8105112314224243,
            1.8723536729812622,
            -7.720823287963867,
            4.653180122375488,
            -0.992426872253418,
            0.7975318431854248,
            1.5351440906524658,
            -3.9447684288024902,
            2.4600589275360107
        ],
        [
            -13.87310791015625,
            -2.2318286895751953,
            -0.17994296550750732,
            -6.319072246551514,
            4.5579833984375,
            -1.4599575996398926,
            1.7097642421722412,
            -0.4438042640686035,
            -1.4039883613586426,
            -0.6980381011962891
        ],
        [
            -14.237645149230957,
            -4.1768269538879395,
            -1.4595168828964233,
            -2.6585772037506104,
            2.6525633335113525,
            0.07417106628417969,
            3.483229875564575,
            -1.0568737983703613,
            1.705411434173584,
            -0.8186507225036621
        ],
        [
            -14.471175193786621,
            -5.980903148651123,
            -1.955121397972107,
            0.5824501514434814,
            3.5849711894989014,
            2.4209721088409424,
            1.4332311153411865,
            0.380936861038208,
            1.1874713897705078,
            -0.6742959022521973
        ],
        [
            -12.758218765258789,
            -6.677063941955566,
            -1.527633547782898,
            0.4107367992401123,
            1.4055078029632568,
            3.5835845470428467,
            1.2245845794677734,
            2.5224711894989014,
            -2.513136625289917,
            -0.03352046012878418
        ],
        [
            -9.230119705200195,
            -6.350991725921631,
            1.6066466569900513,
            0.9874422550201416,
            -1.0158058404922485,
            4.847701072692871,
            2.079951047897339,
            3.5614473819732666,
            -3.3708972930908203,
            2.5181972980499268
        ],
        [
            -6.4463396072387695,
            -5.341429233551025,
            1.9985648393630981,
            -0.034035444259643555,
            -1.054834246635437,
            4.938279151916504,
            0.3123190402984619,
            5.480731010437012,
            -3.2751359939575195,
            5.691852569580078
        ],
        [
            -5.774745941162109,
            -3.8562183380126953,
            0.7164570093154907,
            -3.392977714538574,
            2.1548006534576416,
            4.366217613220215,
            -1.3477140665054321,
