{
    "collision_depths": [
        0.04898750349495032,
        0.03898652450261458,
        0.03404935543221806,
        0.06330220848597651,
        0.017777898981567293,
        0.04532381404426359,
        0.019047404749713233,
        0.022833433463235374,
        0.06914346751741479,
        0.048310002087826244,
        0.07237836189673612,
        0.048574942068416574,
        0.02257042011773807,
        0.02130718185644148,
        0.05100034014586269,
        0.007861933978281022,
        0.08224453799939269,
        0.15728515592518771,
        0.02792107136508422,
        0.11465733688928632,
        0.008149690130084439,
        0.06241131636574815,
        0.01827220368704672,
        0.08056371927316171,
        0.0703110081897515,
        0.02406575205484977,
        0.042686428664406785,
        2.6082151186588224e-05,
        0.05130398714351152,
        0.06522288378174773,
        0.06482577431185611,
        0.05151440884340265,
        0.015420722535890288,
        0.04899859102109852,
        0.07259192057830056,
        0.002284053031371956,
        0.08986538234908853,
        0.007463267399743333,
        0.08443752779693456,
        0.05602185503527767,
        0.06535120339451239,
        0.06039022438771488,
        0.0393170910059772,
        0.09787874174929537,
        0.018287524029443163,
        0.07189285694438662,
        0.01712360391053248,
        0.03540662588791327,
        0.049489718173238655,
        0.04223486635657688,
        0.23361837857295245,
        0.11928654040360481,
        0.14340702359170113,
        0.2602204438137619,
        0.14125576629340925,
        0.0213827683272222,
        0.274717741211739,
        0.04109116181971351,
        0.030877613376841192,
        0.027592342279216687,
        0.04080232192490974,
        0.1839810720900387,
        0.1605819146193048,
        0.16001496920118385,
        0.17925048211086086,
        0.1935751323134968,
        0.26403605851535433,
        0.2626939336508254,
        0.31198904102692504,
        0.3318430226139694,
        0.0606432314943258,
        0.2934844397136538,
        0.29660069300602243
    ],
    "collision": true,
    "joint_limit_violation": true,
    "self_collision": true,
    "physical_violations": true,
    "config_smoothness": -3.8412189324764046,
    "eff_smoothness": -4.892668689113544,
    "eff_position_path_length": 156.65468874003324,
    "eff_orientation_path_length": 6012.839475625043,
    "physical_success": false,
    "time": 4.34992241859436,
    "num_steps": 51,
    "trajectory_w": [
        [
            -6.122864246368408,
            -6.906620502471924,
            -1.212049961090088,
            0.0,
            0.0,
            0.0,
            0.0,
            0.0,
            0.0,
            0.0
        ],
        [
            -6.879403114318848,
            -6.654582500457764,
            -1.288266897201538,
            -2.2451014518737793,
            0.3529984951019287,
            0.146148681640625,
            0.43088841438293457,
            0.3543226718902588,
            -0.7575740814208984,
            -0.07738232612609863
        ],
        [
            -7.308404922485352,
            -5.2843708992004395,
            -1.4093527793884277,
            -4.319557189941406,
            0.6481008529663086,
            0.19955825805664062,
            0.8786704540252686,
            0.8241379261016846,
            -1.6162071228027344,
            -0.19458794593811035
        ],
        [
            -8.735651016235352,
            -4.9602813720703125,
            -1.5916073322296143,
            -6.207753658294678,
            0.8938591480255127,
            0.16061639785766602,
            1.3417530059814453,
            1.4596517086029053,
            -2.615629196166992,
            -0.36482763290405273
        ],
        [
            -9.534689903259277,
            -3.1891894340515137,
            -1.8002562522888184,
            -8.020256996154785,
            1.0974910259246826,
            0.08997607231140137,
            1.8158409595489502,
            2.226336717605591,
            -3.681421995162964,
            -0.5637972354888916
        ],
        [
            -9.061298370361328,
            -0.8968899846076965,
            -2.1579623222351074,
            -9.690099716186523,
            0.4763453006744385,
            0.6544716358184814,
            2.5466816425323486,
            4.112833023071289,
            -2.942415952682495,
            -0.23337864875793457
        ],
        [
            -6.420836925506592,
            0.43132784962654114,
            -1.9493505954742432,
            -9.608113288879395,
            0.7922365665435791,
            1.0971415042877197,
            2.9958412647247314,
            4.037571907043457,
            0.5200331211090088,
            1.5605051517486572
        ],
        [
            -2.500173807144165,
            -1.5673545598983765,
            -1.535315752029419,
            -6.831674575805664,
            1.5687131881713867,
            -1.6192482709884644,
            1.1609830856323242,
            2.7060301303863525,
            0.8040695190429688,
            2.7928450107574463
        ],
        [
            -1.4485533237457275,
            -6.214749813079834,
            -0.16292452812194824,
            -3.7858426570892334,
            -0.5049762725830078,
            -4.554508209228516,
            0.4980893135070801,
            0.9917895793914795,
            -1.35333251953125,
            1.8997795581817627
        ],
        [
            -3.829831838607788,
            -10.401108741760254,
            1.5163300037384033,
            -4.192621231079102,
            -1.9175091981887817,
            -3.8591575622558594,
            1.3284919261932373,
            -0.6346621513366699,
            -4.916207313537598,
            0.7623457908630371
        ],
        [
            -5.983358383178711,
            -13.292268753051758,
            1.1321046352386475,
            -6.306546211242676,
            -2.0413877964019775,
            -2.3134920597076416,
            2.563890218734741,
            -1.926200032234192,
            -6.255031585693359,
            -0.326854944229126
        ],
        [
            -5.26481819152832,
            -13.83266544342041,
            -0.5478076934814453,
            -6.363232612609863,
            -2.4906363487243652,
            -1.7599875926971436,
            1.2603566646575928,
            -2.63150691986084,
            -3.8758296966552734,
            -0.39142274856567383
        ],
        [
            -2.7264912128448486,
            -12.012590408325195,
            0.009351015090942383,
            -5.032983303070068,
            -1.3701207637786865,
            0.1529090404510498,
            -0.398578405380249,
            0.31118154525756836,
            0.49589061737060547,
            0.8727056980133057
        ],
        [
            -1.3454066514968872,
            -8.901676177978516,
            0.9362447261810303,
            -4.574442386627197,
            -1.5767731666564941,
            3.921541929244995,
            0.2526106834411621,
            4.008248329162598,
            -1.0082569122314453,
            1.4169337749481201
        ],
        [
            -2.2080812454223633,
            -6.4661173820495605,
            1.4054129123687744,
            -4.879897117614746,
            -1.5764694213867188,
            5.794943809509277,
            2.6358225345611572,
            3.7001349925994873,
            -1.5115609169006348,
            0.5722737312316895
        ],
        [
            -5.1417107582092285,
            -6.205122947692871,
            0.922778844833374,
            -2.830569267272949,
            -2.417088508605957,
            3.9172403812408447,
            1.786937952041626,
            2.039419412612915,
            -0.8358923196792603,
            2.126934289932251
        ],
        [
            -9.309144020080566,
