{
    "collision_depths": [
        0.08419472673766999,
        0.19795282034893252,
        0.1818198483427217,
        0.13280889288377587,
        0.173758704799753,
        0.08174396107705503,
        0.06390067848217662,
        0.011629899160084433,
        0.06697013713120491,
        0.16712615174884432,
        0.1583484602968175,
        0.23729130156282305,
        0.015109795237535247,
        0.023096804989802766,
        0.007918427537477332,
        0.2709541999338191,
        0.022161370168711836,
        0.1049763916884037,
        0.17714818048123232,
        0.07552295835018576,
        0.10657800362483977,
        0.08929736660646712,
        0.1289124447048134,
        0.03607061998780763,
        0.00764346812390834,
        0.012829147780383465,
        0.013046237086385372,
        0.22866366625791087,
        0.11539698468064076,
        0.23084107823584932,
        0.16600342687162575,
        0.21252102252154756,
        0.16951985043466156,
        0.02432664892130551,
        0.013786429785290108,
        0.009784792544141739,
        0.0066944646539863,
        0.01654795612962654,
        0.006547956189739161,
        0.021618865765172798,
        0.029859895514073358,
        0.004779089303885669,
        0.014779156536659363,
        0.002503228965515241,
        0.012503307501429967,
        0.029463595003414993,
        0.019463595063526948,
        0.07080690732657788,
        0.060806907326578105,
        0.04851920795339577,
        0.03851920795339721,
        0.016618598813339252,
        0.006618598813340371,
        0.002726181281292859,
        0.11508646066603019,
        0.1250864606660298,
        0.01199081155615485,
        0.004258674122675996,
        0.029571292633314258,
        0.0009569356990279099,
        0.006035216664830936,
        0.03283145401504573,
        9.288051649781653e-05,
        0.002473013702592731,
        0.014843855740007048,
        0.009612691552939222,
        0.13051702376389465,
        0.12051702376389548,
        0.005248288280297882,
        0.06620232377611779
    ],
    "collision": true,
    "joint_limit_violation": true,
    "self_collision": true,
    "physical_violations": true,
    "config_smoothness": -3.7924797204757357,
    "eff_smoothness": -4.017222845860957,
    "eff_position_path_length": 114.23642098597459,
    "eff_orientation_path_length": 6112.645491930403,
    "physical_success": false,
    "time": 5.0066163539886475,
    "num_steps": 51,
    "trajectory_w": [
        [
            -7.000237941741943,
            -6.734814643859863,
            -1.0442988872528076,
            0.0,
            0.0,
            0.0,
            0.0,
            0.0,
            0.0,
            0.0
        ],
        [
            -7.805061340332031,
            -8.162888526916504,
            -1.3974699974060059,
            -2.253509283065796,
            1.3000969886779785,
            0.2664217948913574,
            0.5304176807403564,
            0.588580846786499,
            -2.0992352962493896,
            1.0666882991790771
        ],
        [
            -8.350503921508789,
            -8.203620910644531,
            -1.6084356307983398,
            -4.136940956115723,
            2.3026511669158936,
            0.4271564483642578,
            1.1458244323730469,
            1.163555383682251,
            -3.7788336277008057,
            2.0457170009613037
        ],
        [
            -9.562687873840332,
            -10.202631950378418,
            -1.5774996280670166,
            -5.560715675354004,
            2.9137556552886963,
            0.4608638286590576,
            1.8457887172698975,
            1.730480432510376,
            -4.94132137298584,
            2.9136645793914795
        ],
        [
            -10.348706245422363,
            -10.794306755065918,
            -1.3054933547973633,
            -6.689577102661133,
            3.240058183670044,
            0.4047682285308838,
            2.529203176498413,
            2.30340838432312,
            -5.7573747634887695,
            3.702033758163452
        ],
        [
            -10.344513893127441,
            -12.102608680725098,
            2.575045585632324,
            -5.835716724395752,
            0.831782341003418,
            -0.9003667831420898,
            0.2327721118927002,
            2.81829571723938,
            -3.9592225551605225,
            3.3491594791412354
        ],
        [
            -9.93961238861084,
            -13.231490135192871,
            3.280409097671509,
            -6.391395568847656,
            0.33042240142822266,
            -2.002692699432373,
            -0.9606207609176636,
            1.4246275424957275,
            -3.1488444805145264,
            1.2067320346832275
        ],
        [
            -9.621742248535156,
            -14.362543106079102,
            1.922795295715332,
            -6.907159805297852,
            0.669421911239624,
            -0.3885769844055176,
            -1.012129783630371,
            -1.0399038791656494,
            -3.000833749771118,
            -0.46689295768737793
        ],
        [
            -9.824239730834961,
            -14.999833106994629,
            2.254267692565918,
            -6.166398525238037,
            0.46703648567199707,
            3.4725821018218994,
            -1.3190701007843018,
            -1.5642417669296265,
            -3.67680025100708,
            1.7769396305084229
        ],
        [
            -10.922680854797363,
            -14.320734977722168,
            2.9014487266540527,
            -6.230546951293945,
            2.2474238872528076,
            6.453787803649902,
            -0.8437590599060059,
            -0.40177011489868164,
            -1.1084814071655273,
            5.973031997680664
        ],
        [
            -12.445662498474121,
            -12.293859481811523,
            0.5328373908996582,
            -6.053194046020508,
            3.8267548084259033,
            6.762005805969238,
            -0.41942501068115234,
            2.0197064876556396,
            -1.0550891160964966,
            6.097585678100586
        ],
        [
            -12.811443328857422,
            -9.903635025024414,
            -2.962324857711792,
            -4.83618688583374,
            1.7573232650756836,
            5.048162460327148,
            0.3159048557281494,
            4.2896833419799805,
            -3.5955915451049805,
            1.4946353435516357
        ],
        [
            -10.632859230041504,
            -8.025773048400879,
            -1.7758233547210693,
            -5.939455032348633,
            -2.652970314025879,
            2.79089617729187,
            1.737849473953247,
            4.868898391723633,
            -6.188304901123047,
            -0.41063547134399414
        ],
        [
            -6.655840873718262,
            -6.924039363861084,
            0.37213754653930664,
            -8.621001243591309,
            -2.816535472869873,
            1.696866750717163,
            1.6514308452606201,
            2.7015740871429443,
            -6.005356311798096,
            2.184739351272583
        ],
        [
            -3.781907558441162,
            -5.810055255889893,
            1.056952953338623,
            -9.390995025634766,
            -1.51644766330719,
            2.165903329849243,
            -0.2154848575592041,
            -1.5616512298583984,
            -4.946291923522949,
            3.0230777263641357
        ],
        [
            -3.5830655097961426,
            -4.049869060516357,
            2.7697691917419434,
            -8.332847595214844,
            -1.3421061038970947,
            1.976625680923462,
            -1.562811255455017,
            -2.4327919483184814,
            -3.0865674018859863,
            0.5752136707305908
        ],
        [
            -6.363386631011963,
            -3.678375244140625,
            4.209002494812012,
            -7.740337371826172,
