{
    "collision_depths": [
        0.016103508675214043,
        0.01455035130249429,
        0.03601929595880024,
        0.035507730352330735,
        0.009949418277080856,
        0.020148433194819147,
        0.19859573706516392,
        0.20859573706516404,
        0.05055799029000968,
        0.01897079397002772,
        0.03124582511667716,
        0.0663777185480794,
        0.029030914713224193,
        0.07062484804977041,
        0.0410934488813242,
        0.12843501712974562,
        0.09849537599417339,
        0.06729412337468507,
        0.09842540530199677,
        0.2687940603182881,
        0.25879381054426903,
        0.15088072742801417,
        0.24153002841199567,
        0.010444206840205202,
        0.00397880718167376,
        0.01605401786330778,
        0.007904186557953668,
        0.03237190793415853,
        0.02712145431165472,
        0.0681869890926884,
        0.08437986439089958,
        0.01336138875241177,
        0.014383905469918955,
        0.008123125188523542,
        0.08795625948240918,
        0.022159935973159954,
        0.022432219193860112,
        0.119522892594835,
        0.11144824762311324,
        0.000901944633122053,
        0.07858682195444501,
        0.09264010826688461,
        0.09876083280043392,
        0.09867782058440487,
        0.09249976290425697,
        0.10594178697938599,
        0.10302053194907962,
        0.034930674777298665,
        0.014203844305734934,
        0.03150913837148392,
        0.09294599478277732,
        0.06787057368786448,
        0.08208673686033349,
        0.09596604866950388,
        0.08134129422640055,
        0.08635243826395586,
        0.018053602631469854,
        0.0895523981365269,
        0.02862764881780894,
        0.11686925763609245,
        0.09925748577916318,
        0.11934467304291345
    ],
    "collision": true,
    "joint_limit_violation": true,
    "self_collision": true,
    "physical_violations": true,
    "config_smoothness": -3.334832054902063,
    "eff_smoothness": -4.147343824209254,
    "eff_position_path_length": 116.67667572080744,
    "eff_orientation_path_length": 6292.33361554798,
    "physical_success": false,
    "time": 5.362260818481445,
    "num_steps": 51,
    "trajectory_w": [
        [
            -2.912092447280884,
            -0.8977565169334412,
            -0.1698271781206131,
            0.0,
            0.0,
            0.0,
            0.0,
            0.0,
            0.0,
            0.0
        ],
        [
            -4.072822093963623,
            -1.0770306587219238,
            1.5242509841918945,
            -0.8059418201446533,
            -0.42249083518981934,
            1.4384710788726807,
            0.41594481468200684,
            -0.2678091526031494,
            0.731515645980835,
            -0.27960658073425293
        ],
        [
            -4.428639888763428,
            -3.047736167907715,
            3.1172194480895996,
            -1.5007433891296387,
            -0.5258395671844482,
            2.7717955112457275,
            0.8311114311218262,
            -0.45877861976623535,
            1.556900978088379,
            -0.5396432876586914
        ],
        [
            -5.789902210235596,
            -4.64589786529541,
            4.535218715667725,
            -2.0289359092712402,
            -0.19391393661499023,
            3.9680306911468506,
            1.1894726753234863,
            -0.5070736408233643,
            2.4823544025421143,
            -0.7947132587432861
        ],
        [
            -6.4732465744018555,
            -7.390723705291748,
            5.775706768035889,
            -2.396177291870117,
            0.4490838050842285,
            5.0602521896362305,
            1.430734395980835,
            -0.39336204528808594,
            3.4128878116607666,
            -1.0768346786499023
        ],
        [
            -8.740403175354004,
            -7.919737815856934,
            3.299623966217041,
            -0.08701229095458984,
            2.568946599960327,
            3.8155038356781006,
            -1.6183676719665527,
            2.7932441234588623,
            1.6181650161743164,
            -1.8787325620651245
        ],
        [
            -8.637715339660645,
            -7.598693370819092,
            1.653212070465088,
            -0.23312807083129883,
            1.0753443241119385,
            -0.7704098224639893,
            -4.066534042358398,
            3.9925386905670166,
            -0.9044314622879028,
            0.29511117935180664
        ],
        [
            -7.187233924865723,
            -5.69343900680542,
            3.2375874519348145,
            -4.7498860359191895,
            2.809274435043335,
            -3.2577431201934814,
            -4.347561836242676,
            4.237156867980957,
            -0.32692503929138184,
            3.2737014293670654
        ],
        [
            -5.091934680938721,
            -1.6188987493515015,
            2.1979079246520996,
            -6.185011863708496,
            2.6731207370758057,
            -1.6278935670852661,
            -3.6231298446655273,
            4.416990280151367,
            -0.8647218942642212,
            0.9394819736480713
        ],
        [
            -3.2773051261901855,
            1.4397155046463013,
            -0.7364806532859802,
            -2.763195276260376,
            0.6576519012451172,
            -0.6043648719787598,
            -1.7372151613235474,
            3.3434131145477295,
            -1.8203494548797607,
            -2.6519107818603516
        ],
        [
            -3.077392816543579,
            2.8444156646728516,
            -2.1276869773864746,
            0.8882372379302979,
            -0.07031059265136719,
            -1.5083503723144531,
            0.5498032569885254,
            0.32029294967651367,
            -3.0375614166259766,
            -1.8018873929977417
        ],
        [
            -4.989044666290283,
            3.6164839267730713,
            -0.8664502501487732,
            0.7135908603668213,
            -0.6043238639831543,
            -0.754610538482666,
            -0.15266108512878418,
            -1.2064433097839355,
            1.2568104267120361,
            0.5640079975128174
        ],
        [
            -7.736141204833984,
            4.1793107986450195,
            3.3314099311828613,
            -1.815272331237793,
            -2.6987311840057373,
            2.5939643383026123,
            -2.2617409229278564,
            1.4888379573822021,
            1.2639756202697754,
            3.3591482639312744
        ],
        [
            -9.363155364990234,
            4.5870161056518555,
            7.015562534332275,
            -2.8121604919433594,
            -1.9778661727905273,
            4.277183532714844,
            -2.1180179119110107,
            4.87934684753418,
            3.6401875019073486,
            4.915671348571777
        ],
        [
            -9.757923126220703,
            3.685992956161499,
            7.2130913734436035,
            -0.6174910068511963,
            0.6450390815734863,
            3.3146679401397705,
            -3.1501126289367676,
            6.823555946350098,
            4.411399841308594,
            4.01344108581543
        ],
        [
            -9.766471862792969,
            0.9873524904251099,
            4.279810428619385,
            1.485107660293579,
            2.7436134815216064,
            2.717697858810425,
            -5.406134605407715,
            5.540766716003418,
            2.2672832012176514,
            1.377411127090454
        ],
        [
            -9.923922538757324,
            -2.6680829524993896,
            3.0099592208862305,
            -0.3075070381164551,
            3.185624837875366,
            2.139753580093384,
            -4.628936767578125,
            3.6183927059173584,
            1.6092216968536377,
            0.8808186054229736
        ],
        [
