{
    "collision_depths": [
        0.077089958926467,
        0.00559822114356442,
        0.007956070882062202,
        0.01030972849310738,
        0.013582764529102134,
        0.037722158916745095,
        0.052466368962968656,
        0.04246723507071809,
        0.06305772782992458,
        0.07132234192962658,
        0.06365024049803837,
        0.1574894478233418,
        0.11963712888958206,
        0.09448126052526212,
        0.07305142526057111,
        0.21889487004770045,
        0.04982409141137319,
        0.007595198983388007,
        0.02221350069079471,
        0.012208866045057842,
        0.018931040111283538,
        0.013488409092488388,
        0.006587294331799027,
        0.01828076989941936,
        0.015133227454274648,
        0.08167942614414508,
        0.02048878091715097,
        0.005925949339799868,
        0.0725998925439513,
        0.07926602266373048,
        0.06250756263430536
    ],
    "collision": true,
    "joint_limit_violation": true,
    "self_collision": true,
    "physical_violations": true,
    "config_smoothness": -4.327595088365183,
    "eff_smoothness": -3.61636666336837,
    "eff_position_path_length": 141.5489955202375,
    "eff_orientation_path_length": 6267.996422125744,
    "physical_success": false,
    "time": 5.156658887863159,
    "num_steps": 51,
    "trajectory_w": [
        [
            -7.155944347381592,
            -6.568985462188721,
            -1.0452297925949097,
            0.0,
            0.0,
            0.0,
            0.0,
            0.0,
            0.0,
            0.0
        ],
        [
            -8.510553359985352,
            -6.0708489418029785,
            -0.028823494911193848,
            -2.2547061443328857,
            0.6230983734130859,
            0.8642504215240479,
            0.048697710037231445,
            1.4033539295196533,
            -1.1486554145812988,
            -1.0871000289916992
        ],
        [
            -9.914656639099121,
            -6.979579448699951,
            1.0159977674484253,
            -4.355157852172852,
            1.121859073638916,
            1.6289098262786865,
            0.1675269603729248,
            2.7238399982452393,
            -2.1330511569976807,
            -2.0201404094696045
        ],
        [
            -10.468926429748535,
            -6.1055402755737305,
            2.1025452613830566,
            -6.280171871185303,
            1.4676740169525146,
            2.30126690864563,
            0.3524456024169922,
            3.907423734664917,
            -2.900508403778076,
            -2.7154266834259033
        ],
        [
            -11.504042625427246,
            -6.686255931854248,
            3.2152109146118164,
            -8.096019744873047,
            1.701869249343872,
            2.9495251178741455,
            0.5316243171691895,
            4.96556282043457,
            -3.5183162689208984,
            -3.194596767425537
        ],
        [
            -13.388209342956543,
            -7.291348934173584,
            4.243819236755371,
            -8.229042053222656,
            0.67641282081604,
            4.311794281005859,
            -0.8396942615509033,
            3.759866952896118,
            -2.2737603187561035,
            -0.8001787662506104
        ],
        [
            -14.31531810760498,
            -8.284039497375488,
            3.606985092163086,
            -6.153829574584961,
            0.5899002552032471,
            5.906037330627441,
            -0.37267374992370605,
            1.3217060565948486,
            1.031787633895874,
            -1.1661832332611084
        ],
        [
            -13.809918403625488,
            -10.057668685913086,
            1.3902734518051147,
            -3.40747332572937,
            0.9756860733032227,
            6.6353654861450195,
            0.8397231101989746,
            -0.6744654178619385,
            0.3654162883758545,
            -1.6868810653686523
        ],
        [
            -12.359456062316895,
            -12.271252632141113,
            -1.5755919218063354,
            -3.6937718391418457,
            -0.05397152900695801,
            5.212741851806641,
            1.7745864391326904,
            -1.0408358573913574,
            -2.8693511486053467,
            -2.0705952644348145
        ],
        [
            -11.14490795135498,
            -13.600428581237793,
            -3.7153639793395996,
            -7.224540710449219,
            -2.595391035079956,
            2.803197145462036,
            1.9413201808929443,
            -1.022643804550171,
            -5.298152923583984,
            -1.807564377784729
        ],
        [
            -10.878985404968262,
            -13.118059158325195,
            -3.5560717582702637,
            -8.466800689697266,
            0.776900053024292,
            1.4904587268829346,
            0.6009988784790039,
            -1.9391156435012817,
            -3.6301980018615723,
            -1.8858652114868164
        ],
        [
            -11.753790855407715,
            -11.299192428588867,
            -0.4892479181289673,
            -4.991225242614746,
            0.22585344314575195,
            3.0305850505828857,
            -0.13026022911071777,
            -2.2956831455230713,
            -2.889988899230957,
            -0.09787392616271973
        ],
        [
            -13.36662769317627,
            -8.985831260681152,
            1.3958858251571655,
            1.840193510055542,
            -1.9158107042312622,
            5.349259376525879,
            -2.8005456924438477,
            -2.077235221862793,
            -0.7180275917053223,
            2.852461099624634
        ],
        [
            -15.0618896484375,
            -6.942091941833496,
            1.7101324796676636,
            3.861497163772583,
            -1.6987861394882202,
            5.170219421386719,
            -3.8894972801208496,
            -1.2903082370758057,
            -0.1997765302658081,
            2.931108236312866
        ],
        [
            -16.57566261291504,
            -5.205968856811523,
            2.3605599403381348,
            -0.7689952850341797,
            0.9488060474395752,
            3.5379273891448975,
            -0.8776814937591553,
            -0.500093936920166,
            -2.138819456100464,
            3.2075493335723877
        ],
        [
            -17.898967742919922,
            -3.48184871673584,
            2.5431723594665527,
            -7.706587791442871,
            1.2194128036499023,
            2.7589447498321533,
            -0.0850992202758789,
            2.8702523708343506,
            -4.41159725189209,
            3.5276734828948975
        ],
        [
            -18.781700134277344,
            -1.935786485671997,
            1.159392237663269,
            -12.357233047485352,
            -1.9257179498672485,
            2.5688130855560303,
            -0.6602963209152222,
            7.594586372375488,
            -6.61638069152832,
            1.8228652477264404
        ],
        [
            -18.446834564208984,
            -1.6490081548690796,
            1.2326658964157104,
            -10.862433433532715,
            -3.211717367172241,
            1.8471271991729736,
            0.11403250694274902,
            7.173727035522461,
            -5.562424659729004,
            1.8176934719085693
        ],
        [
            -17.207901000976562,
            -2.688093423843384,
            3.60848331451416,
            -7.005890846252441,
            -1.5944828987121582,
            1.311356782913208,
            1.3347296714782715,
            3.2930195331573486,
            -0.9318032264709473,
            3.679095506668091
        ],
        [
            -16.616609573364258,
            -3.9985978603363037,
            4.704072952270508,
            -6.830695152282715,
            0.6648564338684082,
            0.5681698322296143,
            0.7718124389648438,
