{
    "collision_depths": [
        0.21329826382368847,
        0.20329766529728446,
        0.0032165689433562767,
        0.03744475263519682,
        0.04392273469827186,
        0.016373946115384654,
        0.012165946286111355,
        0.29024427779879725,
        0.006863881526765204,
        0.005527058691710039,
        0.03568883915886703,
        0.007148092566655031,
        0.015806215900857297,
        0.19106238689208574,
        0.19108089308737852,
        0.0012357597032303716,
        0.2247087374392972,
        0.2347087168497787,
        0.05127392792719246,
        0.06127578949732087,
        0.0786787468642127,
        0.0839985788603412,
        0.08221778643231237,
        0.04028811176564861,
        0.012960756746736088,
        0.08183864724428074,
        0.07366477864565395,
        0.07366706561808245,
        0.07858789293340426,
        0.34098700392805137,
        0.35098698333434725,
        0.05730095895442223,
        0.04792240479246422,
        0.047427716248315134,
        0.054063120411043504,
        0.02194335454353617,
        0.08947694298557445,
        0.11054698209016443,
        0.10426719943746934,
        0.13368407929611337,
        0.12388700202859058,
        0.10887337239745884,
        0.06367745719037855
    ],
    "collision": true,
    "joint_limit_violation": true,
    "self_collision": true,
    "physical_violations": true,
    "config_smoothness": -4.154900298330826,
    "eff_smoothness": -4.985130202165637,
    "eff_position_path_length": 147.64190286238153,
    "eff_orientation_path_length": 6462.3949988781205,
    "physical_success": false,
    "time": 5.40104341506958,
    "num_steps": 51,
    "trajectory_w": [
        [
            -1.9273556470870972,
            -6.688830852508545,
            1.0461064577102661,
            0.0,
            0.0,
            0.0,
            0.0,
            0.0,
            0.0,
            0.0
        ],
        [
            1.6530773639678955,
            -9.337202072143555,
            2.1785521507263184,
            -2.6292519569396973,
            1.3599371910095215,
            -0.28775691986083984,
            -1.3431932926177979,
            1.7189767360687256,
            -1.3631830215454102,
            0.4941082000732422
        ],
        [
            4.609200954437256,
            -11.040426254272461,
            3.327178955078125,
            -5.017127990722656,
            2.454368829727173,
            -0.6418139934539795,
            -2.587371587753296,
            3.3631961345672607,
            -2.4290480613708496,
            1.0780246257781982
        ],
        [
            7.192986488342285,
            -14.247533798217773,
            4.468148231506348,
            -7.105249404907227,
            3.2193515300750732,
            -1.05375075340271,
            -3.6521129608154297,
            4.8851165771484375,
            -3.0666348934173584,
            1.797456979751587
        ],
        [
            8.880359649658203,
            -15.491731643676758,
            5.565254211425781,
            -8.979419708251953,
            3.758535146713257,
            -1.4750163555145264,
            -4.537750720977783,
            6.2932233810424805,
            -3.3725128173828125,
            2.633929491043091
        ],
        [
            7.310278415679932,
            -11.815023422241211,
            5.197617530822754,
            -8.446616172790527,
            2.1455891132354736,
            -1.2257168292999268,
            -2.230397939682007,
            5.314347267150879,
            -0.7648094892501831,
            4.799821853637695
        ],
        [
            6.1897664070129395,
            -8.6632719039917,
            3.9737682342529297,
            -8.674031257629395,
            2.219878911972046,
            -0.50260329246521,
            -0.6256166696548462,
            3.5313565731048584,
            -1.652922511100769,
            5.285782814025879
        ],
        [
            5.4942708015441895,
            -7.553092956542969,
            2.132284641265869,
            -8.7727632522583,
            3.3952085971832275,
            1.2042953968048096,
            -2.5261213779449463,
            2.7416388988494873,
            -3.2828903198242188,
            4.104071617126465
        ],
        [
            4.715203285217285,
            -7.331180095672607,
            1.49341881275177,
            -7.329315185546875,
            2.636510133743286,
            1.690880537033081,
            -1.9872839450836182,
            1.281301736831665,
            -1.763648509979248,
            1.6437857151031494
        ],
        [
            3.6217405796051025,
            -8.014603614807129,
            1.1571325063705444,
            -5.995505332946777,
            -0.6291224956512451,
            1.5391638278961182,
            0.6574339866638184,
            -0.1435248851776123,
            -2.350285053253174,
            -0.1834709644317627
        ],
        [
            2.096472978591919,
            -9.990132331848145,
            2.3454465866088867,
            -4.20556640625,
            0.2058699131011963,
            1.1845338344573975,
            -0.7551387548446655,
            0.006396293640136719,
            0.27718687057495117,
            0.8060410022735596
        ],
        [
            0.19440610706806183,
            -12.495285987854004,
            3.067714214324951,
            -3.457028865814209,
            3.042206048965454,
            0.14760589599609375,
            -2.741581439971924,
            0.22621989250183105,
            1.8132100105285645,
            0.030759334564208984
        ],
        [
            -1.9195629358291626,
            -13.796826362609863,
            2.0417633056640625,
            -1.8068456649780273,
            -0.16655850410461426,
            1.255418062210083,
            -0.08193159103393555,
            0.02562570571899414,
            -0.5893329381942749,
            -3.0883302688598633
        ],
        [
            -4.422928810119629,
            -13.168426513671875,
            1.5113929510116577,
            0.40334033966064453,
            -0.5072097778320312,
            3.4654948711395264,
            0.7462930679321289,
            0.041362762451171875,
            -0.05900931358337402,
            -4.177562713623047
        ],
        [
            -7.180052757263184,
            -10.874421119689941,
            0.6178234815597534,
            -0.04146766662597656,
            -0.0012907981872558594,
            5.140312194824219,
            -2.2172064781188965,
            0.5826139450073242,
            -2.5437471866607666,
            -2.862818479537964
        ],
        [
            -8.807408332824707,
            -7.491037845611572,
            1.818926453590393,
            -1.716646432876587,
            -0.8479969501495361,
            5.564434051513672,
            -1.0700061321258545,
            0.5611815452575684,
            -2.175337553024292,
            -0.8631420135498047
        ],
        [
            -7.978427886962891,
            -4.763003826141357,
            3.9979777336120605,
            -1.5645318031311035,
            -2.365619421005249,
            3.291599988937378,
            2.802856206893921,
            -1.20484459400177,
            0.30133867263793945,
            -0.1470046043395996
        ],
        [
            -6.087467670440674,
            -4.212337970733643,
            3.962953567504883,
            0.4906442165374756,
            -0.8954286575317383,
            -0.3331716060638428,
            1.7257096767425537,
            -2.000962972640991,
            -0.6607307195663452,
            -0.4788682460784912
        ],
        [
            -6.350634574890137,
            -6.139883518218994,
            5.131813049316406,
            2.6055009365081787,
            -1.5469112396240234,
            -0.6390278339385986,
            -2.2106640338897705,
