{
    "collision_depths": [
        0.022678423414519838,
        0.05907306136102542,
        0.01919280896783841,
        0.10414207086615714,
        0.11448579439203126,
        0.11458717791102191,
        0.13342572448387105,
        0.17894607822591743,
        0.12113970543662417,
        0.02228325334679926,
        0.020630344541008393,
        0.010630344541008635,
        0.026452029787484396,
        0.008020641630181706,
        0.024193084557197493,
        0.020998116887069325,
        0.012837775818279324,
        0.012833558495996794,
        0.008021072456496086,
        0.026783389133316023,
        0.09095739917140812,
        0.06278651784946265,
        0.013956766141483168,
        0.03480947165309002,
        0.0758404186717446,
        0.01390733128387897,
        0.00857710916805585,
        0.008802888633019574,
        0.01395647700621623,
        0.023363823930528483,
        0.114361764804218,
        0.09468693681306888,
        0.04632158170339597,
        0.0043607340327794526,
        0.07892957768517099,
        0.08892957768517074,
        0.014360734032778108,
        0.09263777126196418,
        0.08263777126196442,
        0.04950460282884923,
        0.16043632942120253,
        0.15043632942120191,
        0.0399734422761159,
        0.02997344227611527,
        0.03493728235245043,
        0.04493728235245018
    ],
    "collision": true,
    "joint_limit_violation": true,
    "self_collision": true,
    "physical_violations": true,
    "config_smoothness": -4.194699072818761,
    "eff_smoothness": -6.598745868033712,
    "eff_position_path_length": 142.75838881480922,
    "eff_orientation_path_length": 6562.13762153697,
    "physical_success": false,
    "time": 5.050084829330444,
    "num_steps": 51,
    "trajectory_w": [
        [
            -4.938830375671387,
            -0.4933854043483734,
            -0.17195500433444977,
            0.0,
            0.0,
            0.0,
            0.0,
            0.0,
            0.0,
            0.0
        ],
        [
            -8.64062213897705,
            0.411233514547348,
            -1.0072640180587769,
            -2.499190092086792,
            -0.0951688289642334,
            0.18635106086730957,
            0.8313663005828857,
            1.398360013961792,
            -0.7133572101593018,
            0.5134720802307129
        ],
        [
            -10.988243103027344,
            1.252623200416565,
            -1.6840872764587402,
            -4.825837135314941,
            -0.20035076141357422,
            0.2812690734863281,
            1.5977308750152588,
            2.8546202182769775,
            -1.5051172971725464,
            0.9471127986907959
        ],
        [
            -14.455404281616211,
            0.2907782793045044,
            -2.1032230854034424,
            -6.9453840255737305,
            -0.3488527536392212,
            0.25877833366394043,
            2.2152974605560303,
            4.4109601974487305,
            -2.3597567081451416,
            1.2579667568206787
        ],
        [
            -16.18143653869629,
            0.016716929152607918,
            -2.2605297565460205,
            -8.898735046386719,
            -0.5483367443084717,
            0.14794683456420898,
            2.6331326961517334,
            6.066169738769531,
            -3.176456928253174,
            1.4614217281341553
        ],
        [
            -14.342430114746094,
            -0.4520986080169678,
            2.221789598464966,
            -6.845159530639648,
            -1.6185392141342163,
            -0.7920114994049072,
            -0.9582632780075073,
            8.126668930053711,
            -0.8136156797409058,
            0.34512877464294434
        ],
        [
            -12.535165786743164,
            2.1159143447875977,
            4.265322685241699,
            -1.1064186096191406,
            -2.4722788333892822,
            0.14185047149658203,
            -0.8130338191986084,
            6.310737609863281,
            0.8936741352081299,
            0.40129923820495605
        ],
        [
            -11.556946754455566,
            6.057178974151611,
            2.274378538131714,
            3.427793264389038,
            -2.7909398078918457,
            2.5450074672698975,
            -0.9589918851852417,
            4.202361106872559,
            3.38791823387146,
            3.4811794757843018
        ],
        [
            -11.143328666687012,
            8.05873966217041,
            -1.4338725805282593,
            4.085414886474609,
            -2.866053342819214,
            4.312166213989258,
            -1.9743294715881348,
            4.283237457275391,
            2.9020698070526123,
            4.812797546386719
        ],
        [
            -10.716482162475586,
            7.33782958984375,
            -3.3600916862487793,
            3.623523473739624,
            -3.644052028656006,
            4.427010536193848,
            -1.0592434406280518,
            4.686454772949219,
            0.04232668876647949,
            2.3687150478363037
        ],
        [
            -9.75100040435791,
            3.872973680496216,
            -2.960505723953247,
            1.1223042011260986,
            -2.8100171089172363,
            2.4461052417755127,
            1.3314263820648193,
            4.953524589538574,
            -0.4583522081375122,
            -0.7613649368286133
        ],
        [
            -8.314435958862305,
            -1.2301156520843506,
            -0.7565199136734009,
            -4.100662708282471,
            -1.817460060119629,
            0.2107224464416504,
            2.428652048110962,
            3.93509840965271,
            -0.6639657020568848,
            -1.4132544994354248
        ],
        [
            -7.545228004455566,
            -5.369431495666504,
            2.253124475479126,
            -7.438262939453125,
            -4.988748073577881,
            1.0724003314971924,
            2.026902914047241,
            0.7943811416625977,
            -1.4219729900360107,
            -0.22950315475463867
        ],
        [
            -7.6454596519470215,
            -5.992331504821777,
            3.977879524230957,
            -6.70781946182251,
            -7.52901554107666,
            3.1507747173309326,
            0.747100830078125,
            -0.7605743408203125,
            -1.5542774200439453,
            0.7150769233703613
        ],
        [
            -9.626976013183594,
            -3.6620779037475586,
            3.447575330734253,
            -6.21376895904541,
            -3.283526659011841,
            3.929445505142212,
            -1.1889456510543823,
            -0.3581874370574951,
            0.5067319869995117,
            -0.14229488372802734
        ],
        [
            -12.622026443481445,
            -1.9008532762527466,
            0.08756648004055023,
            -5.760970592498779,
            3.594403028488159,
            0.8597338199615479,
            -2.753526449203491,
            1.1955125331878662,
            -0.0539400577545166,
            -1.5713695287704468
        ],
        [
            -13.659281730651855,
            -1.6135276556015015,
            -1.965381383895874,
            -1.7517987489700317,
            4.614259719848633,
            -2.5452804565429688,
            -2.8854029178619385,
            3.803856134414673,
            -3.7345848083496094,
            -1.3956480026245117
        ],
        [
            -11.276787757873535,
            -0.26911407709121704,
            0.09613071382045746,
            3.810896635055542,
            0.775254487991333,
            -3.5796782970428467,
            -2.4249377250671387,
            3.8198325634002686,
            -2.294670343399048,
            -0.26271557807922363
        ],
        [
            -8.788079261779785,
            3.0674479007720947,
            2.0420615673065186,
            4.721057891845703,
