{
    "collision_depths": [
        0.17322897858133374,
        0.2201931972400058,
        0.02962709781124812,
        0.05534956042570914,
        0.0978557588161542,
        0.07782659577524113,
        0.18625727720949561,
        0.05943152588808063,
        0.016283265504224174,
        0.005401603261982468,
        0.06654418824422735,
        0.032179796665298716,
        0.02037836603584662,
        0.03972871994776206,
        0.008807012104477223,
        0.060835061458374445,
        0.07668655475986498,
        0.06829327924898249,
        0.04449188825051774,
        0.07142576534718238,
        0.0767586885305775,
        0.0059251981224172695,
        0.020415794447663022,
        0.014161375828738549,
        0.020620620315979242,
        0.019479063799052468,
        0.0014403204237051985,
        0.012545211854299094,
        0.15994914749481168,
        0.1338398090272994,
        0.008518147790560277,
        0.03484759435942614,
        0.04754520585809627,
        0.03644031442750323,
        0.005517518385325331,
        0.0018892013782663116,
        0.008796105263485995,
        0.024869753833173212,
        0.02181054175283863,
        0.001960108902400019,
        0.16928015785514366,
        0.11555140495022884,
        0.16141088306300283,
        0.16141420003161464,
        0.12733207648645642,
        0.013602217803704587,
        0.032125797035193984,
        0.03932430110682852,
        0.10813753698036657,
        0.034941570401702635,
        0.03644516098252368,
        0.007699597912035359,
        0.04302710650774954,
        0.041929393953694355,
        0.022691506133870987,
        0.014940372037054925,
        0.018027994190950327,
        0.017586867547535644,
        0.015065653476044142,
        0.04288895747715492,
        0.0077449719114647195,
        0.03045083019645679,
        0.006398036720832478,
        0.006907662502279017,
        0.01937655071040847,
        0.02681125822501387,
        0.02076526855720619,
        0.004538518500750547,
        0.0019127455005870765,
        0.02754554708832315,
        0.000652561760174338,
        0.028741458292094117,
        0.017234070898057716,
        0.15480375050961367,
        0.005900106883171389,
        0.013969022046244298
    ],
    "collision": true,
    "joint_limit_violation": true,
    "self_collision": true,
    "physical_violations": true,
    "config_smoothness": -3.672056510401682,
    "eff_smoothness": -4.92588418162843,
    "eff_position_path_length": 146.84409807035553,
    "eff_orientation_path_length": 5743.710384101945,
    "physical_success": false,
    "time": 4.988322019577026,
    "num_steps": 51,
    "trajectory_w": [
        [
            -7.843809604644775,
            -8.47451400756836,
            1.7407227754592896,
            0.0,
            0.0,
            0.0,
            0.0,
            0.0,
            0.0,
            0.0
        ],
        [
            -6.695481300354004,
            -8.932064056396484,
            3.8913731575012207,
            -0.676936149597168,
            0.004223823547363281,
            0.010024785995483398,
            -1.4809315204620361,
            1.3310935497283936,
            -0.22167038917541504,
            1.1188547611236572
        ],
        [
            -6.452929973602295,
            -8.539886474609375,
            5.833418846130371,
            -1.2231630086898804,
            0.24905014038085938,
            -0.15323925018310547,
            -2.878952980041504,
            2.6351382732391357,
            -0.45251667499542236,
            2.1909029483795166
        ],
        [
            -4.989490032196045,
            -9.466300010681152,
            7.451320648193359,
            -1.6041804552078247,
            0.8095097541809082,
            -0.5529701709747314,
            -4.160670280456543,
            3.9044501781463623,
            -0.6967335939407349,
            3.2082760334014893
        ],
        [
            -4.8282246589660645,
            -9.753715515136719,
            8.755271911621094,
            -1.8635343313217163,
            1.5664336681365967,
            -1.1317832469940186,
            -5.359623432159424,
            5.151185035705566,
            -0.9355776309967041,
            4.203055381774902
        ],
        [
            -6.336139678955078,
            -13.259039878845215,
            4.262397766113281,
            -0.19988107681274414,
            2.6652004718780518,
            -3.2387709617614746,
            -5.862174034118652,
            5.990279197692871,
            -0.43131768703460693,
            5.675325393676758
        ],
        [
            -7.363938808441162,
            -15.481034278869629,
            1.588156819343567,
            1.9897215366363525,
            3.56061053276062,
            -3.0577445030212402,
            -6.6221818923950195,
            6.199742317199707,
            0.39055800437927246,
            6.419879913330078
        ],
        [
            -7.517032146453857,
            -15.531503677368164,
            3.4244980812072754,
            1.7245876789093018,
            1.998673677444458,
            -0.43114137649536133,
            -3.830836057662964,
            4.527314186096191,
            0.42155909538269043,
            4.336849212646484
        ],
        [
            -7.788433074951172,
            -14.816061019897461,
            7.3344526290893555,
            -3.8000712394714355,
            -1.1729521751403809,
            3.3256747722625732,
            1.2373144626617432,
            0.993218183517456,
            1.638345718383789,
            1.7408487796783447
        ],
        [
            -7.697750091552734,
            -14.574273109436035,
            7.822049140930176,
            -9.434759140014648,
            -2.677722215652466,
            4.679715156555176,
            3.428009271621704,
            -0.5303153991699219,
            1.1819896697998047,
            1.6456763744354248
        ],
        [
            -5.661227226257324,
            -15.13024616241455,
            6.091155052185059,
            -8.430499076843262,
            -1.6409342288970947,
            4.596627235412598,
            1.7204887866973877,
            3.136803388595581,
            0.35106658935546875,
            4.184075355529785
        ],
        [
            -1.5024651288986206,
            -15.652417182922363,
            6.803696632385254,
            -3.641772747039795,
            -0.6885972023010254,
            3.9120571613311768,
            -2.551088809967041,
            7.521485328674316,
            1.717299461364746,
            4.0365705490112305
        ],
        [
            1.5731340646743774,
            -15.312300682067871,
            6.872628211975098,
            2.020820379257202,
            0.3112039566040039,
            1.721933126449585,
            -6.697101593017578,
            8.896202087402344,
            1.163543701171875,
            2.6846535205841064
        ],
        [
            1.107609748840332,
            -13.44195556640625,
            4.048724174499512,
            4.0968017578125,
            1.1820745468139648,
            0.5685214996337891,
            -5.582827568054199,
            6.015595436096191,
            0.772418737411499,
            3.0889132022857666
        ],
        [
            -2.3086130619049072,
            -10.583662033081055,
            0.25723040103912354,
            0.40806055068969727,
            0.36864757537841797,
            1.8461573123931885,
            2.570573568344116,
            0.44508886337280273,
            -1.723942518234253,
            3.1205694675445557
        ],
        [
            -6.621147155761719,
            -10.430329322814941,
            -0.7824875116348267,
            -4.899066925048828,
            1.8264954090118408,
            1.6296818256378174,
            6.149410247802734,
            -0.03320145606994629,
            -4.928677558898926,
