{
    "collision_depths": [
        0.013808620721718907,
        0.0004049871080831502,
        0.07107241340469564,
        0.08107241340469637,
        0.008302048523498737,
        0.03630989249995702,
        0.018967448324710312,
        0.1772049750894216,
        0.02710547778509571,
        0.09379972749044806,
        0.2788418437590682,
        0.08327196980801153,
        0.12076552220559901
    ],
    "collision": true,
    "joint_limit_violation": true,
    "self_collision": true,
    "physical_violations": true,
    "config_smoothness": -3.792965094726394,
    "eff_smoothness": -4.761268420847274,
    "eff_position_path_length": 140.60575366944428,
    "eff_orientation_path_length": 6225.408070887465,
    "physical_success": false,
    "time": 4.725495338439941,
    "num_steps": 51,
    "trajectory_w": [
        [
            -5.715912818908691,
            -6.436501502990723,
            -1.5697851181030273,
            0.0,
            0.0,
            0.0,
            0.0,
            0.0,
            0.0,
            0.0
        ],
        [
            -5.278369426727295,
            -6.430961608886719,
            -1.8313593864440918,
            0.003427743911743164,
            0.022272109985351562,
            0.6941912174224854,
            -1.967565655708313,
            1.9454829692840576,
            -0.22908556461334229,
            1.6518900394439697
        ],
        [
            -4.238141059875488,
            -5.8267693519592285,
            -2.0212812423706055,
            0.19705438613891602,
            -0.005280256271362305,
            1.2630789279937744,
            -3.7611427307128906,
            3.794346570968628,
            -0.48772573471069336,
            3.28251051902771
        ],
        [
            -4.476868152618408,
            -6.591968536376953,
            -2.0962300300598145,
            0.6233632564544678,
            -0.11505365371704102,
            1.6803200244903564,
            -5.325873374938965,
            5.500423431396484,
            -0.7829155921936035,
            4.8369951248168945
        ],
        [
            -3.6448516845703125,
            -6.349673271179199,
            -2.0527751445770264,
            1.1765210628509521,
            -0.29797327518463135,
            1.995436429977417,
            -6.696018218994141,
            7.072565078735352,
            -1.0759024620056152,
            6.271078109741211
        ],
        [
            -2.706303358078003,
            -5.902476787567139,
            0.5322420597076416,
            1.0573174953460693,
            -1.3836873769760132,
            1.147834062576294,
            -4.4993085861206055,
            5.583441734313965,
            -0.07002568244934082,
            4.218235969543457
        ],
        [
            -2.3063385486602783,
            -2.955470085144043,
            3.397897720336914,
            -1.4070301055908203,
            -1.575758934020996,
            0.23102736473083496,
            -1.782747745513916,
            2.7202656269073486,
            0.597327709197998,
            2.6478331089019775
        ],
        [
            -2.8459696769714355,
            -0.42327243089675903,
            4.327618598937988,
            -1.575103521347046,
            0.33843231201171875,
            0.21528077125549316,
            -0.5366888046264648,
            1.7402479648590088,
            1.17722749710083,
            3.0932886600494385
        ],
        [
            -4.99336051940918,
            0.532909095287323,
            3.425355911254883,
            -0.16005754470825195,
            1.17795729637146,
            2.1161930561065674,
            2.0056517124176025,
            1.9172399044036865,
            0.2534475326538086,
            3.4835011959075928
        ],
        [
            -6.474992752075195,
            1.4013839960098267,
            1.5695788860321045,
            -1.5655454397201538,
            -0.6906707286834717,
            3.9961564540863037,
            2.6977784633636475,
            4.209997177124023,
            -2.7500102519989014,
            2.2462518215179443
        ],
        [
            -7.480794906616211,
            1.9626234769821167,
            0.5930197238922119,
            -3.0523390769958496,
            -1.4539508819580078,
            4.394850730895996,
            0.14671874046325684,
            6.845455169677734,
            -4.477468490600586,
            0.8228130340576172
        ],
        [
            -9.061280250549316,
            1.4962295293807983,
            0.21323323249816895,
            -1.6149340867996216,
            -1.3019945621490479,
            4.015440940856934,
            -3.2281672954559326,
            7.185878753662109,
            -0.4856032133102417,
            1.4591033458709717
        ],
        [
            -11.0327787399292,
            0.7434530258178711,
            -1.6706955432891846,
            -0.3942079544067383,
            -0.4623148441314697,
            3.610297441482544,
            -2.2563796043395996,
            7.278530120849609,
            0.6746647357940674,
            3.0078585147857666
        ],
        [
            -12.1951265335083,
            -0.435281366109848,
            -2.257211446762085,
            -1.5773046016693115,
            -0.4302626848220825,
            4.232548713684082,
            -0.5238363742828369,
            6.838587760925293,
            -1.9774982929229736,
            2.5768988132476807
        ],
        [
            -11.803791046142578,
            -3.48246169090271,
            -2.194638252258301,
            -3.6932387351989746,
            2.421255350112915,
            3.8395659923553467,
            -2.1714019775390625,
            4.684314727783203,
            -2.842074394226074,
            1.1047203540802002
        ],
        [
            -9.872984886169434,
            -8.220352172851562,
            -1.5364105701446533,
            -5.342625617980957,
            2.220287561416626,
            1.7327587604522705,
            0.9707927703857422,
            -0.15153121948242188,
            -2.2838308811187744,
            1.7350871562957764
        ],
        [
            -8.672337532043457,
            -11.465561866760254,
            0.11479687690734863,
            -6.280016899108887,
            0.21287059783935547,
            1.5084974765777588,
            3.086557149887085,
            -1.3877259492874146,
            -1.2955182790756226,
            3.747405767440796
        ],
        [
            -9.051526069641113,
            -9.682516098022461,
            -0.571021318435669,
            -7.465578079223633,
            1.1353435516357422,
            3.7995893955230713,
            2.4977834224700928,
            1.6573221683502197,
            -4.2873334884643555,
            1.4401733875274658
        ],
        [
            -10.799697875976562,
            -4.508145809173584,
            -2.6761863231658936,
            -7.254613876342773,
            0.9736602306365967,
            4.205333709716797,
            -0.5915379524230957,
            4.411952018737793,
            -5.371963977813721,
            -2.858821153640747
        ],
        [
            -12.868118286132812,
            -0.2450643628835678,
            -1.9088342189788818,
            -4.291860580444336,
            -0.4526631832122803,
            1.8903563022613525,
            -4.17037296295166,
            4.523911476135254,
            -1.6916296482086182,
            -3.03354549407959
        ],
        [
            -14.236640930175781,
            1.311207890510559,
            1.728790521621704,
            -2.2122089862823486,
            1.590743064880371,
            -0.10849285125732422,
            -5.947513580322266,
            3.70788311958313,
            -0.26474082469940186,
            -0.6232004165649414
        ],
        [
            -14.411589622497559,
            1.5375831127166748,
