{
    "collision_depths": [
        0.03151102268593126,
        0.021510943797177755,
        0.04925984130806378,
        0.03925972945284617,
        0.03212377292303185,
        0.042123889857460885,
        0.01592681254142821,
        0.025926949312255764,
        0.00448241962075413,
        0.29145981459899867,
        0.052353218533452796,
        0.009393229581327994,
        0.17031988808053572,
        0.1213841101710711,
        0.09905673336256296,
        0.09530755089315777,
        0.14370344663578805,
        0.019195481207268723,
        0.001203475060102947,
        0.05541835177800079,
        0.01167068682887756,
        0.03404496750672791,
        0.00783236444517913,
        0.050537305649662245,
        0.06053810014586975,
        0.02142189772610511,
        0.03142274687203806,
        0.03593413584812129,
        0.04593494285723325,
        0.04538658476765963,
        0.07351944382386835,
        0.09274705551620181,
        0.10774126550383209,
        0.08665840046510714,
        0.08557865036303551,
        0.11308803282868019,
        0.019453808326122733,
        0.029925088105619238,
        0.08491158038275375,
        0.055437690141974215,
        0.11981886093656423,
        0.023944396539681754,
        0.09933400133490156,
        0.07059975830010456,
        0.0805993147347573,
        0.05133814242027184,
        0.041337259899214475
    ],
    "collision": true,
    "joint_limit_violation": true,
    "self_collision": true,
    "physical_violations": true,
    "config_smoothness": -4.121513556104639,
    "eff_smoothness": -4.110191078259521,
    "eff_position_path_length": 145.99124862948597,
    "eff_orientation_path_length": 6083.657326365931,
    "physical_success": false,
    "time": 5.028835296630859,
    "num_steps": 51,
    "trajectory_w": [
        [
            -10.732925415039062,
            -9.27637004852295,
            1.7438901662826538,
            0.0,
            0.0,
            0.0,
            0.0,
            0.0,
            0.0,
            0.0
        ],
        [
            -7.110365390777588,
            -8.602581977844238,
            2.21453857421875,
            -1.2949812412261963,
            1.637298345565796,
            0.37367892265319824,
            -1.1382298469543457,
            1.677668809890747,
            0.011614799499511719,
            0.45424699783325195
        ],
        [
            -4.678928375244141,
            -7.038200855255127,
            2.6112470626831055,
            -2.4971375465393066,
            2.966536283493042,
            0.6658704280853271,
            -2.09898042678833,
            3.1959922313690186,
            -0.08057713508605957,
            0.828279972076416
        ],
        [
            -1.4641468524932861,
            -6.886362552642822,
            2.9019417762756348,
            -3.6016337871551514,
            3.876828908920288,
            0.8969748020172119,
            -2.794811725616455,
            4.488237380981445,
            -0.33994877338409424,
            1.0590569972991943
        ],
        [
            0.01243473682552576,
            -6.336259841918945,
            3.0859575271606445,
            -4.658476829528809,
            4.461406707763672,
            1.1360957622528076,
            -3.2441444396972656,
            5.613288879394531,
            -0.7661724090576172,
            1.1339480876922607
        ],
        [
            -2.218020439147949,
            -11.261577606201172,
            1.7362576723098755,
            -5.867297172546387,
            1.546635627746582,
            2.4157211780548096,
            0.527353048324585,
            4.593497276306152,
            -3.387260675430298,
            -1.4034996032714844
        ],
        [
            -5.261131763458252,
            -14.651571273803711,
            2.854031562805176,
            -7.296743392944336,
            2.2062466144561768,
            2.315601110458374,
            3.0198466777801514,
            2.466482400894165,
            -1.6662243604660034,
            -1.188133716583252
        ],
        [
            -9.109214782714844,
            -15.516654014587402,
            4.28732967376709,
            -6.9111480712890625,
            2.8376576900482178,
            2.368917226791382,
            1.9718754291534424,
            0.8776452541351318,
            -0.40585219860076904,
            0.007429361343383789
        ],
        [
            -12.831259727478027,
            -15.556927680969238,
            5.045398235321045,
            -5.534599304199219,
            -0.4118471145629883,
            3.3303921222686768,
            2.0937979221343994,
            -0.310549259185791,
            -0.1465144157409668,
            -1.3360265493392944
        ],
        [
            -14.37151050567627,
            -15.643098831176758,
            3.2804956436157227,
            -5.568367004394531,
            -2.24786114692688,
            2.8421294689178467,
            -0.1527411937713623,
            -0.41588664054870605,
            -0.048718929290771484,
            -3.0724239349365234
        ],
        [
            -13.165685653686523,
            -15.174202919006348,
            2.8070240020751953,
            -5.470499038696289,
            -3.382612705230713,
            2.882664442062378,
            -3.3462038040161133,
            1.2883718013763428,
            0.15950798988342285,
            -2.0224292278289795
        ],
        [
            -10.817794799804688,
            -13.238337516784668,
            6.433658123016357,
            -5.063298225402832,
            0.34245944023132324,
            4.20584774017334,
            -5.787639617919922,
            3.098121404647827,
            -0.18786334991455078,
            0.12474989891052246
        ],
        [
            -9.11359977722168,
            -10.269689559936523,
            9.220097541809082,
            -5.1698503494262695,
            1.9581477642059326,
            5.897922515869141,
            -3.166551113128662,
            3.7635037899017334,
            -0.17023324966430664,
            -0.6456129550933838
        ],
        [
            -8.603789329528809,
            -8.95449161529541,
            7.929715633392334,
            -5.025694847106934,
            -1.854940414428711,
            6.841142654418945,
            0.13311386108398438,
            3.747422933578491,
            0.2001504898071289,
            -3.425017833709717
        ],
        [
            -8.273679733276367,
            -9.460309028625488,
            2.8579063415527344,
            -6.022554397583008,
            -2.4692933559417725,
            5.370024681091309,
            0.04432964324951172,
            2.7115275859832764,
            -2.49828839302063,
            -4.267909526824951
        ],
        [
            -7.227331161499023,
            -11.915046691894531,
            -0.17594695091247559,
            -8.592897415161133,
            -0.49872565269470215,
            3.097534418106079,
            -2.0383076667785645,
            3.540175199508667,
            -3.8913474082946777,
            -1.3212751150131226
        ],
        [
            -6.760652542114258,
            -15.01709270477295,
            1.550836205482483,
            -9.202594757080078,
            0.5545649528503418,
            0.8483798503875732,
            -4.266462326049805,
            6.95759391784668,
            -2.8754234313964844,
            2.470000982284546
        ],
        [
            -6.692600250244141,
            -16.5924072265625,
            4.21026086807251,
            -7.502556800842285,
            0.9955205917358398,
            -0.3331758975982666,
            -3.7993106842041016,
            7.946307182312012,
            -2.3786678314208984,
            2.425387144088745
        ],
        [
            -5.691446781158447,
            -16.68764877319336,
            4.101683616638184,
            -5.316760063171387,
