{
    "collision_depths": [
        0.023158637123138717,
        0.054220134184566025,
        0.07190856033106302,
        0.11405440064775485,
        0.2270305996740325
    ],
    "collision": true,
    "joint_limit_violation": true,
    "self_collision": true,
    "physical_violations": true,
    "config_smoothness": -3.824216396962451,
    "eff_smoothness": -3.821611704886521,
    "eff_position_path_length": 166.73025476626842,
    "eff_orientation_path_length": 6130.308930132097,
    "physical_success": false,
    "time": 5.456873893737793,
    "num_steps": 51,
    "trajectory_w": [
        [
            -12.950934410095215,
            -7.770030498504639,
            0.8705406188964844,
            0.0,
            0.0,
            0.0,
            0.0,
            0.0,
            0.0,
            0.0
        ],
        [
            -14.80862045288086,
            -7.975596904754639,
            1.7856757640838623,
            -2.0066583156585693,
            0.23831582069396973,
            0.8304805755615234,
            -0.3112304210662842,
            0.06302356719970703,
            -0.7200590372085571,
            1.0435035228729248
        ],
        [
            -16.6729793548584,
            -7.334502696990967,
            2.6966474056243896,
            -3.61694598197937,
            0.3585324287414551,
            1.5733873844146729,
            -0.4223649501800537,
            0.06902265548706055,
            -1.0357171297073364,
            2.0476996898651123
        ],
        [
            -18.36734962463379,
            -8.624896049499512,
            3.5973308086395264,
            -4.687051296234131,
            0.29192304611206055,
            2.221733808517456,
            -0.2803823947906494,
            0.012380123138427734,
            -0.8030329942703247,
            2.973736047744751
        ],
        [
            -19.870830535888672,
            -8.459940910339355,
            4.4781341552734375,
            -5.339428424835205,
            0.048619747161865234,
            2.821561574935913,
            0.020745038986206055,
            -0.05733942985534668,
            -0.21496212482452393,
            3.8048722743988037
        ],
        [
            -16.177762985229492,
            -8.931657791137695,
            4.720243453979492,
            -0.8775875568389893,
            -2.691514730453491,
            2.905245065689087,
            0.7575104236602783,
            1.1335399150848389,
            1.027266025543213,
            2.812439203262329
        ],
        [
            -11.733649253845215,
            -9.083693504333496,
            4.4316253662109375,
            1.2767341136932373,
            -3.066174268722534,
            1.3602640628814697,
            0.06332755088806152,
            2.981095552444458,
            -0.427374005317688,
            1.9995157718658447
        ],
        [
            -8.591002464294434,
            -9.395432472229004,
            4.753673553466797,
            0.9830996990203857,
            -0.09306836128234863,
            -0.5367240905761719,
            -1.6707209348678589,
            4.163084030151367,
            -1.8688604831695557,
            0.6123981475830078
        ],
        [
            -6.545342922210693,
            -9.882378578186035,
            4.870673179626465,
            -0.2248058319091797,
            2.0977065563201904,
            -0.7626166343688965,
            -4.312971591949463,
            3.866770029067993,
            -3.611764430999756,
            -0.10721564292907715
        ],
        [
            -5.47633695602417,
            -9.890329360961914,
            4.817826271057129,
            -2.998258113861084,
            0.8287496566772461,
            0.46872711181640625,
            -3.2496604919433594,
            2.5710461139678955,
            -3.8802475929260254,
            2.189373731613159
        ],
        [
            -5.399993419647217,
            -10.149985313415527,
            6.171689033508301,
            -4.186683177947998,
            -1.6372894048690796,
            2.448467969894409,
            -1.636380910873413,
            0.4627857208251953,
            -2.7057251930236816,
            6.606508255004883
        ],
        [
            -6.9920334815979,
            -10.395256042480469,
            7.544051170349121,
            -4.271283149719238,
            -3.080242156982422,
            3.570744752883911,
            0.39907264709472656,
            -1.4485037326812744,
            -0.47866129875183105,
            6.854423522949219
        ],
        [
            -10.618850708007812,
            -9.850237846374512,
            4.6411638259887695,
            -4.697024345397949,
            -2.310314655303955,
            2.4008853435516357,
            1.369431972503662,
            -0.4100027084350586,
            -1.7246240377426147,
            1.3686540126800537
        ],
        [
            -14.658379554748535,
            -9.536072731018066,
            0.07123613357543945,
            -5.757052421569824,
            0.7440142631530762,
            -1.1235425472259521,
            -0.7575969696044922,
            2.2417714595794678,
            -2.9217519760131836,
            -2.623948097229004
        ],
        [
            -18.33896827697754,
            -9.300127029418945,
            -1.2879266738891602,
            -7.039175033569336,
            1.1749305725097656,
            -3.229710102081299,
            -1.3579922914505005,
            3.84985613822937,
            -4.178286552429199,
            -2.4648985862731934
        ],
        [
            -21.537105560302734,
            -8.68067741394043,
            0.4286832809448242,
            -7.698534965515137,
            -0.5401805639266968,
            0.43366193771362305,
            -0.2550332546234131,
            3.8493998050689697,
            -2.6729681491851807,
            -3.1403427124023438
        ],
        [
            -23.241575241088867,
            -7.768894672393799,
            2.8552286624908447,
            -6.5110392570495605,
            -2.2823991775512695,
            5.175168991088867,
            1.6190474033355713,
            3.4321930408477783,
            -0.0625922679901123,
            -3.702998161315918
        ],
        [
            -23.09337615966797,
            -6.423386096954346,
            1.3251056671142578,
            -3.6906304359436035,
            -1.756850242614746,
            4.829880714416504,
            -0.40869617462158203,
            2.3424041271209717,
            0.03445124626159668,
            -1.6732385158538818
        ],
        [
            -21.531253814697266,
            -6.038319110870361,
            0.2424638271331787,
            -1.7327507734298706,
            -3.7000975608825684,
            1.7174780368804932,
            -3.4923293590545654,
            2.2211287021636963,
            -2.1671085357666016,
            1.1720168590545654
        ],
        [
            -19.05108070373535,
            -8.2095308303833,
            2.018162488937378,
            -3.1987764835357666,
            -5.5552778244018555,
            0.18611717224121094,
            -4.164826393127441,
            3.962043523788452,
            -5.858354568481445,
            3.6594431400299072
        ],
        [
            -15.203947067260742,
            -12.396791458129883,
            3.5415284633636475,
            -4.7462239265441895,
            -3.912029266357422,
            -2.0051465034484863,
            -2.916872024536133,
            4.900035858154297,
            -7.377181053161621,
            6.75316047668457
        ],
        [
            -11.80807876586914,
            -16.072256088256836,
            4.375168800354004,
            -5.214748382568359,
            0.1994187831878662,
            -3.0886502265930176,
            -3.2516846656799316,
            5.748979568481445,
            -3.9412553310394287,
