{
    "collision_depths": [
        0.15416660032527585,
        0.1290150988584736,
        0.07191809191002035,
        0.01463304116283014,
        0.01030809576134606,
        0.010965370101301055,
        0.006198651519186032,
        0.04831267790732867,
        0.029120824353152133,
        0.09964621281933969,
        0.007787283437124315,
        0.06082940966878877,
        0.022900819072250833,
        0.01695060892260945,
        0.019782306897150333,
        0.0924531104939909,
        0.042903135098061956,
        0.010593306266534439,
        0.010344617259072255,
        0.02041179800857046,
        0.03161341634240737,
        0.031245929605175745,
        0.07543618570111321,
        0.021260195756047456,
        0.18845785745002194,
        0.0105413150695657,
        0.048733676344251374,
        0.047324884622493985,
        0.020417682836743112,
        0.00019269463103939173,
        0.07094781818874348,
        0.04665138659624256,
        0.05458297543760048,
        0.0600441353273283,
        0.005180543304977747,
        0.03327773263662231,
        0.010919056514505324,
        0.044183252475190074,
        0.012786851805961839,
        0.002265697577650793,
        0.27518468211088304,
        0.23655963888445436,
        0.1385392053672992,
        0.1885816779973521,
        0.030198657995860842,
        0.018249242090944043,
        0.16376809432916092,
        0.04664845280784457,
        0.04013894864248127,
        0.0034376366233948605,
        0.04735234541195462,
        0.0083928624341164,
        0.05156118145973823,
        0.039300800363743706,
        0.04114395545743431,
        0.044267146206052474,
        0.055123475409295186,
        0.026793524825312266,
        0.254472681773312,
        0.001602019759840607,
        0.01230785611027907,
        0.01016473856658856,
        0.04550547980133891
    ],
    "collision": true,
    "joint_limit_violation": true,
    "self_collision": true,
    "physical_violations": true,
    "config_smoothness": -4.111640159856536,
    "eff_smoothness": -4.600745250943615,
    "eff_position_path_length": 124.76087220341446,
    "eff_orientation_path_length": 6324.274207681433,
    "physical_success": false,
    "time": 4.7895262241363525,
    "num_steps": 51,
    "trajectory_w": [
        [
            -10.595040321350098,
            -9.04886531829834,
            3.138845920562744,
            0.0,
            0.0,
            0.0,
            0.0,
            0.0,
            0.0,
            0.0
        ],
        [
            -8.084643363952637,
            -10.417662620544434,
            4.202164649963379,
            -1.7420011758804321,
            0.24539470672607422,
            1.0659348964691162,
            -0.12233757972717285,
            1.612321138381958,
            1.0325226783752441,
            0.14578580856323242
        ],
        [
            -5.137585639953613,
            -10.601860046386719,
            5.173429489135742,
            -3.3193540573120117,
            0.5485813617706299,
            1.8661916255950928,
            -0.19903016090393066,
            3.056854009628296,
            2.177957773208618,
            0.46482419967651367
        ],
        [
            -4.299093246459961,
            -11.633147239685059,
            5.987781524658203,
            -4.670915126800537,
            0.9182968139648438,
            2.3155357837677,
            -0.2496938705444336,
            4.255363464355469,
            3.4511005878448486,
            1.0335958003997803
        ],
        [
            -2.7108500003814697,
            -11.689047813415527,
            6.634828567504883,
            -5.844549655914307,
            1.3022754192352295,
            2.5091283321380615,
            -0.3228721618652344,
            5.253603935241699,
            4.75485897064209,
            1.7918989658355713
        ],
        [
            -4.088005542755127,
            -12.32236385345459,
            4.259119033813477,
            -4.035747528076172,
            0.3727912902832031,
            0.25959300994873047,
            -1.647881269454956,
            3.4279701709747314,
            3.4323389530181885,
            3.344048261642456
        ],
        [
            -4.869322299957275,
            -11.4061861038208,
            3.385084629058838,
            -0.9177486896514893,
            -0.8959212303161621,
            -0.06972074508666992,
            -2.0397348403930664,
            2.199774980545044,
            1.2046375274658203,
            -0.11710000038146973
        ],
        [
            -4.635066032409668,
            -8.687219619750977,
            3.6751468181610107,
            2.6030776500701904,
            0.27451658248901367,
            0.5459532737731934,
            -2.2993907928466797,
            1.8449146747589111,
            -0.7035720348358154,
            -3.669064998626709
        ],
        [
            -4.519797325134277,
            -5.183428764343262,
            4.410670280456543,
            4.482820510864258,
            1.2809312343597412,
            -1.3421615362167358,
            -3.792771816253662,
            1.1120235919952393,
            -3.4717187881469727,
            -4.090628147125244
        ],
        [
            -5.270317554473877,
            -2.6900908946990967,
            7.440725803375244,
            3.189884901046753,
            2.043614625930786,
            -2.679469347000122,
            -4.227504253387451,
            0.7657403945922852,
            -4.941660404205322,
            -1.7749463319778442
        ],
        [
            -7.257165431976318,
            -2.329822063446045,
            8.40690803527832,
            -1.2138290405273438,
            2.5100367069244385,
            -0.3338747024536133,
            -4.4577836990356445,
            0.8572452068328857,
            -4.326564311981201,
            0.9135773181915283
        ],
        [
            -9.050520896911621,
            -2.5685765743255615,
            5.41938591003418,
            -5.727122783660889,
            1.3169567584991455,
            1.9279234409332275,
            -4.619579792022705,
            0.4160001277923584,
            -3.224219560623169,
            1.4403550624847412
        ],
        [
            -10.151557922363281,
            -3.7252113819122314,
            1.5417925119400024,
            -7.226099967956543,
            2.0255119800567627,
            2.4616611003875732,
            -5.1644134521484375,
            -0.32844972610473633,
            -2.2994046211242676,
            0.2338237762451172
        ],
        [
            -11.260713577270508,
            -4.470602035522461,
            2.3376736640930176,
            -5.6660966873168945,
            2.710691213607788,
            1.969029188156128,
            -3.611204147338867,
            0.029058456420898438,
            -0.04993844032287598,
            1.044363260269165
        ],
        [
            -12.23694133758545,
            -4.723187446594238,
            7.5320353507995605,
            -5.256973743438721,
            2.7887299060821533,
            0.7737247943878174,
            -0.16384100914001465,
            1.6261327266693115,
            1.0009779930114746,
            5.063520431518555
        ],
        [
            -11.371543884277344,
            -3.0839684009552,
            10.073001861572266,
            -8.132926940917969,
            4.451925277709961,
            0.8674805164337158,
            -1.457215666770935,
            2.3589131832122803,
            0.8217020034790039,
            7.41171932220459
        ],
        [
            -8.61645793914795,
            -2.2145161628723145,
            7.27710485458374,
            -11.704428672790527,
            6.07249641418457,
            2.3025777339935303,
            -3.5505447387695312,
            2.3459126949310303,
            -2.596602439880371,
            5.480703353881836
        ],
        [
