{
    "collision_depths": [
        0.0940834271483222,
        0.032635431009293565
    ],
    "collision": true,
    "joint_limit_violation": true,
    "self_collision": true,
    "physical_violations": true,
    "config_smoothness": -4.531560538855999,
    "eff_smoothness": -6.21864059239696,
    "eff_position_path_length": 137.6296551907081,
    "eff_orientation_path_length": 6415.3181629384735,
    "physical_success": false,
    "time": 5.2018444538116455,
    "num_steps": 51,
    "trajectory_w": [
        [
            -6.940751552581787,
            -6.305281639099121,
            -1.0429573059082031,
            0.0,
            0.0,
            0.0,
            0.0,
            0.0,
            0.0,
            0.0
        ],
        [
            -12.817462921142578,
            -5.16212272644043,
            -0.07021594047546387,
            -2.792159080505371,
            1.348771095275879,
            0.48265528678894043,
            -1.1886197328567505,
            1.2437613010406494,
            -1.8145673274993896,
            -0.9250590801239014
        ],
        [
            -17.221355438232422,
            -4.56119441986084,
            0.8391435146331787,
            -5.205251693725586,
            2.5557162761688232,
            0.8245000839233398,
            -2.3921988010406494,
            2.4822609424591064,
            -3.4832639694213867,
            -1.742185354232788
        ],
        [
            -22.205245971679688,
            -3.874830722808838,
            1.6675450801849365,
            -7.122725486755371,
            3.5655791759490967,
            1.0143897533416748,
            -3.6065292358398438,
            3.692767381668091,
            -4.959433555603027,
            -2.377629280090332
        ],
        [
            -24.849626541137695,
            -3.7452211380004883,
            2.4293463230133057,
            -8.659415245056152,
            4.393684387207031,
            1.1402456760406494,
            -4.791231155395508,
            4.866460800170898,
            -6.287178039550781,
            -2.817835807800293
        ],
        [
            -20.892807006835938,
            -4.3054609298706055,
            2.311269998550415,
            -5.180660247802734,
            1.524444580078125,
            1.8728611469268799,
            -3.8100929260253906,
            5.3740949630737305,
            -5.562880516052246,
            0.7180910110473633
        ],
        [
            -17.102672576904297,
            -4.146102428436279,
            3.1090354919433594,
            -2.3358516693115234,
            -0.7751814126968384,
            2.7429935932159424,
            -2.636286973953247,
            5.41037654876709,
            -3.7173147201538086,
            3.5036137104034424
        ],
        [
            -14.428776741027832,
            -3.171325922012329,
            3.3259410858154297,
            -3.0072293281555176,
            0.9422132968902588,
            1.9908955097198486,
            -2.433544397354126,
            5.219247817993164,
            -2.8993148803710938,
            2.243567705154419
        ],
        [
            -12.497653007507324,
            -1.6680865287780762,
            2.232767343521118,
            -2.356527328491211,
            1.2749407291412354,
            1.8130452632904053,
            -1.6874372959136963,
            4.502603530883789,
            -2.0715415477752686,
            -0.5560784339904785
        ],
        [
            -11.455915451049805,
            -0.28409841656684875,
            -0.1506640911102295,
            0.7140212059020996,
            2.735649824142456,
            4.005733489990234,
            -0.8994112014770508,
            4.33785343170166,
            -0.9156894683837891,
            -1.5796362161636353
        ],
        [
            -10.602312088012695,
            0.577160120010376,
            -1.3730576038360596,
            1.978529691696167,
            2.8954293727874756,
            4.76955509185791,
            -4.00523042678833,
            3.4039905071258545,
            -2.3253650665283203,
            -1.582275152206421
        ],
        [
            -9.753089904785156,
            1.001450777053833,
            0.7181274890899658,
            1.2695720195770264,
            -0.01943063735961914,
            2.541060209274292,
            -5.679058074951172,
            1.8786561489105225,
            -2.18924880027771,
            -1.4854226112365723
        ],
        [
            -10.186420440673828,
            1.2034324407577515,
            3.366283416748047,
            -0.8290195465087891,
            -0.6305931806564331,
            0.6900310516357422,
            -3.6921820640563965,
            2.120262384414673,
            -0.46863484382629395,
            -2.1821110248565674
        ],
        [
            -12.499063491821289,
            0.5465766787528992,
            5.03563117980957,
            -4.914639472961426,
            0.9511082172393799,
            0.6154026985168457,
            -0.30553603172302246,
            1.655684232711792,
            -0.35723888874053955,
            -3.5874452590942383
        ],
        [
            -15.791378021240234,
            -1.292891502380371,
            6.079565048217773,
            -10.189680099487305,
            3.345200300216675,
            0.9399912357330322,
            -0.7383466958999634,
            0.6635336875915527,
            -1.6100802421569824,
            -4.497757911682129
        ],
        [
            -17.78925323486328,
            -2.8871567249298096,
            6.76639461517334,
            -11.228382110595703,
            4.487997055053711,
            0.2845954895019531,
            -5.769183158874512,
            1.1016366481781006,
            -4.592083930969238,
            -3.5710692405700684
        ],
        [
            -16.759258270263672,
            -2.7662973403930664,
            5.101099967956543,
            -8.641809463500977,
            4.290229797363281,
            -0.8831262588500977,
            -7.930141448974609,
            2.6273348331451416,
            -5.9062604904174805,
            -1.8755747079849243
        ],
        [
            -12.93135929107666,
            -0.8922852277755737,
            1.0476210117340088,
            -5.593150615692139,
            3.1306097507476807,
            -1.2238470315933228,
            -5.4633989334106445,
            3.7330920696258545,
            -3.7873873710632324,
            0.1078026294708252
        ],
        [
            -9.508365631103516,
            1.111649751663208,
            -0.8811275959014893,
            -4.881627082824707,
            0.9202795028686523,
            -1.0923497676849365,
            -1.8779959678649902,
            4.580316543579102,
            -3.514458179473877,
            1.117539644241333
        ],
        [
            -8.67639446258545,
            1.5849907398223877,
            2.086305856704712,
            -6.657054901123047,
            2.0036962032318115,
            -0.7235863208770752,
            -1.2490016222000122,
            4.130291938781738,
            -2.514604091644287,
            -0.5692157745361328
        ],
        [
            -10.27624797821045,
            0.16868720948696136,
            5.378390312194824,
            -5.552176475524902,
            1.8594515323638916,
            1.3608057498931885,
            -1.6508076190948486,
            2.229071855545044,
            -0.7570197582244873,
            -2.2026474475860596
        ],
        [
            -12.723676681518555,
            -2.5531647205352783,
            3.9405221939086914,
            -1.6639440059661865,
            0.30452680587768555,
            2.4760472774505615,
            -1.7683014869689941,
            2.005047559738159,
            -1.0519698858261108,
            -1.620104193687439
        ],
        [
            -13.869818687438965,
            -5.903500080108643,
