{
    "collision_depths": [
        0.0267333522396575,
        0.030741784706541982,
        0.017192030211364884,
        0.04180518145026008,
        0.031356555537697,
        0.002408216760129201,
        0.001416105529148907,
        0.04855180633378458,
        0.0018090930372168283,
        0.04265443715785447,
        0.033694010100251366,
        0.010635182234343685,
        0.04223183095796459,
        0.002025880997713563,
        0.11426614302100084,
        0.16468751714672966,
        0.2449272968823862,
        0.18238309597805064,
        0.08113706411060619,
        0.00036895114578655314,
        0.007260319234774399,
        0.000892064176454317,
        0.012859689337890128,
        0.023496825534194427,
        0.002037865022988482,
        0.31614731862759143,
        0.15227481030238013,
        0.0003463845747168165
    ],
    "collision": true,
    "joint_limit_violation": true,
    "self_collision": true,
    "physical_violations": true,
    "config_smoothness": -4.0971237851446975,
    "eff_smoothness": -3.8681084870942226,
    "eff_position_path_length": 160.3479416185889,
    "eff_orientation_path_length": 6562.231671667021,
    "physical_success": false,
    "time": 5.293776273727417,
    "num_steps": 51,
    "trajectory_w": [
        [
            -11.244844436645508,
            -10.78313159942627,
            1.567282795906067,
            0.0,
            0.0,
            0.0,
            0.0,
            0.0,
            0.0,
            0.0
        ],
        [
            -12.343918800354004,
            -9.37282657623291,
            1.2180505990982056,
            -0.803882360458374,
            0.6193969249725342,
            0.2067248821258545,
            1.1339728832244873,
            -0.9587092399597168,
            -0.5133663415908813,
            -1.660191535949707
        ],
        [
            -13.628231048583984,
            -8.739604949951172,
            1.0187917947769165,
            -1.3405508995056152,
            0.9095594882965088,
            0.3343369960784912,
            2.2610137462615967,
            -1.9219311475753784,
            -1.0469084978103638,
            -3.1754634380340576
        ],
        [
            -12.792850494384766,
            -6.755191802978516,
            1.0374690294265747,
            -1.506969928741455,
            0.7882258892059326,
            0.3824019432067871,
            3.36521315574646,
            -2.8805291652679443,
            -1.6153137683868408,
            -4.484057903289795
        ],
        [
            -12.559688568115234,
            -5.974798202514648,
            1.214429497718811,
            -1.3879343271255493,
            0.4092073440551758,
            0.4077126979827881,
            4.426487922668457,
            -3.812312602996826,
            -2.2160792350769043,
            -5.632417678833008
        ],
        [
            -7.329887390136719,
            -7.848993301391602,
            2.4364447593688965,
            1.3313343524932861,
            -0.7162375450134277,
            1.2325108051300049,
            3.1439058780670166,
            -3.082829475402832,
            -2.7699177265167236,
            -4.278229713439941
        ],
        [
            -6.368525981903076,
            -10.788077354431152,
            2.0464744567871094,
            0.6773192882537842,
            0.8092844486236572,
            2.6851346492767334,
            -1.6867952346801758,
            1.0132472515106201,
            -1.3532302379608154,
            -1.607885479927063
        ],
        [
            -9.157751083374023,
            -12.02418327331543,
            2.6119532585144043,
            -1.6912108659744263,
            4.215306282043457,
            3.2568256855010986,
            -4.500005722045898,
            4.296867370605469,
            -0.05775022506713867,
            1.3368127346038818
        ],
        [
            -13.884271621704102,
            -10.81234359741211,
            4.252421855926514,
            -3.61214017868042,
            3.8390815258026123,
            3.888657808303833,
            -2.3207783699035645,
            3.6810176372528076,
            2.355311155319214,
            4.074774742126465
        ],
        [
            -17.206323623657227,
            -10.385016441345215,
            3.4627628326416016,
            -2.1940383911132812,
            1.206315279006958,
            4.180239677429199,
            -0.8267257213592529,
            1.7125294208526611,
            1.6009294986724854,
            4.914708137512207
        ],
        [
            -17.79210090637207,
            -12.560776710510254,
            0.5832558870315552,
            2.9536807537078857,
            -3.134864330291748,
            5.140440940856934,
            -1.873751163482666,
            2.4210755825042725,
            -2.631120443344116,
            3.483473539352417
        ],
        [
            -16.140090942382812,
            -14.98154354095459,
            0.03462505340576172,
            5.191642761230469,
            -4.247012615203857,
            5.43004035949707,
            -1.6823629140853882,
            3.2954161167144775,
            -3.430361270904541,
            0.8095748424530029
        ],
        [
            -12.944291114807129,
            -14.706645011901855,
            1.2157000303268433,
            3.4221770763397217,
            -1.6344200372695923,
            2.065889596939087,
            0.576636791229248,
            -0.9784681797027588,
            -2.695789337158203,
            -1.5413634777069092
        ],
        [
            -10.166556358337402,
            -13.005248069763184,
            3.106998920440674,
            0.17172527313232422,
            0.6847827434539795,
            -2.335217237472534,
            2.6967270374298096,
            -4.640693664550781,
            -1.0525249242782593,
            -2.528186798095703
        ],
        [
            -10.19625186920166,
            -12.583613395690918,
            2.2906441688537598,
            -1.7052608728408813,
            -0.32334256172180176,
            -1.5296547412872314,
            1.773045301437378,
            -4.041325569152832,
            -1.00824773311615,
            -1.2665964365005493
        ],
        [
            -12.764924049377441,
            -14.548912048339844,
            1.8064748048782349,
            -1.066300630569458,
            -5.120236396789551,
            2.3475139141082764,
            1.417902946472168,
            -0.3770935535430908,
            -3.0042459964752197,
            -1.1824870109558105
        ],
        [
            -15.50391960144043,
            -16.756898880004883,
            1.9057236909866333,
            -0.36446547508239746,
            -3.849710464477539,
            4.536739349365234,
            1.5728695392608643,
            3.7783730030059814,
            -1.4574798345565796,
            -1.4396724700927734
        ],
        [
            -15.863018989562988,
            -16.081193923950195,
            2.125502109527588,
            -0.4365391731262207,
            0.8916988372802734,
            4.3715925216674805,
            0.9086105823516846,
            4.799487113952637,
            0.8749971389770508,
            -0.9816751480102539
        ],
        [
            -13.182791709899902,
            -12.391027450561523,
            2.8821144104003906,
            -2.059630870819092,
            2.6251652240753174,
            3.2923152446746826,
            0.1747126579284668,
            4.023782730102539,
            -1.5782661437988281,
            1.635741949081421
        ],
        [
            -8.963038444519043,
            -7.941766262054443,
            3.3763866424560547,
            -4.648512840270996,
            2.2440736293792725,
            1.596618413925171,
            0.9286057949066162,
            2.5151093006134033,
            -3.4751458168029785,
            3.2654902935028076
