{
    "collision_depths": [],
    "collision": false,
    "joint_limit_violation": false,
    "self_collision": false,
    "physical_violations": false,
    "config_smoothness": -7.1617501477515955,
    "eff_smoothness": -7.160002685792299,
    "eff_position_path_length": 6.8465383610909285,
    "eff_orientation_path_length": 259.9309097926928,
    "physical_success": true,
    "time": 1.5572795867919922,
    "num_steps": 51,
    "trajectory_w": [
        [
            -5.3929443359375,
            -6.768797874450684,
            -1.566300868988037,
            0.0,
            0.0,
            0.0,
            0.0,
            0.0,
            0.0,
            0.0
        ],
        [
            -5.521330833435059,
            -7.296133518218994,
            -1.5929288864135742,
            0.003603219985961914,
            0.245924711227417,
            -0.0011470317840576172,
            0.13717341423034668,
            -0.0656275749206543,
            0.1624298095703125,
            -0.06115269660949707
        ],
        [
            -5.516221523284912,
            -7.367937088012695,
            -1.5976357460021973,
            0.0066030025482177734,
            0.2825140953063965,
            -0.004778146743774414,
            0.15839195251464844,
            -0.0683450698852539,
            0.180769681930542,
            -0.06755375862121582
        ],
        [
            -5.529125690460205,
            -7.187899112701416,
            -1.5860166549682617,
            -0.0014815330505371094,
            0.19196414947509766,
            0.004488468170166016,
            0.10524535179138184,
            -0.061090707778930664,
            0.13365817070007324,
            -0.048177480697631836
        ],
        [
            -5.520136833190918,
            -7.315371513366699,
            -1.5941457748413086,
            0.00441288948059082,
            0.2556793689727783,
            -0.002162456512451172,
            0.1428687572479248,
            -0.06634736061096191,
            0.16744351387023926,
            -0.06297445297241211
        ],
        [
            -5.529003143310547,
            -7.1906890869140625,
            -1.5862669944763184,
            -0.0015833377838134766,
            0.19335579872131348,
            0.004397869110107422,
            0.10607600212097168,
            -0.061093807220458984,
            0.13437724113464355,
            -0.04884624481201172
        ],
        [
            -5.523061752319336,
            -7.269913673400879,
            -1.5913786888122559,
            0.0027222633361816406,
            0.23264503479003906,
            0.0001621246337890625,
            0.12935590744018555,
            -0.06461715698242188,
            0.15553569793701172,
            -0.05833172798156738
        ],
        [
            -5.529143333435059,
            -7.189253807067871,
            -1.5859227180480957,
            -0.0014662742614746094,
            0.19254636764526367,
            0.004349231719970703,
            0.10562467575073242,
            -0.06112098693847656,
            0.13390803337097168,
            -0.048311710357666016
        ],
        [
            -5.527332782745361,
            -7.208115577697754,
            -1.5871732234954834,
            -0.0004401206970214844,
            0.20184540748596191,
            0.0033049583435058594,
            0.11109638214111328,
            -0.06210756301879883,
            0.13898110389709473,
            -0.05095362663269043
        ],
        [
            -5.525722980499268,
            -7.231651306152344,
            -1.5886259078979492,
            0.0008261203765869141,
            0.2134532928466797,
            0.0021283626556396484,
            0.11790609359741211,
            -0.06316542625427246,
            0.1453719139099121,
            -0.053690195083618164
        ],
        [
            -5.528961181640625,
            -7.189535617828369,
            -1.5862195491790771,
            -0.001405477523803711,
            0.19274306297302246,
            0.0043828487396240234,
            0.10582160949707031,
            -0.06109428405761719,
            0.13409924507141113,
            -0.048511505126953125
        ],
        [
            -5.524754524230957,
            -7.246005535125732,
            -1.5897669792175293,
            0.0013895034790039062,
            0.22065997123718262,
            0.00139617919921875,
            0.12221837043762207,
            -0.06363296508789062,
            0.14922118186950684,
            -0.05566215515136719
        ],
        [
            -5.513792514801025,
            -7.399519443511963,
            -1.5998282432556152,
            0.007632017135620117,
            0.29890966415405273,
            -0.006282329559326172,
            0.16802144050598145,
            -0.0695197582244873,
            0.1887373924255371,
            -0.07015252113342285
        ],
        [
            -5.529485702514648,
            -7.187012195587158,
            -1.58585786819458,
            -0.0016434192657470703,
            0.1916065216064453,
            0.004482746124267578,
            0.10500288009643555,
            -0.060858726501464844,
            0.13335490226745605,
            -0.0482182502746582
        ],
        [
            -5.518980979919434,
            -7.336448669433594,
            -1.5956342220306396,
            0.005347490310668945,
            0.2665727138519287,
            -0.0031452178955078125,
            0.1491241455078125,
            -0.06719326972961426,
            0.17283344268798828,
            -0.06499791145324707
        ],
        [
            -5.526472091674805,
            -7.225738525390625,
            -1.5883042812347412,
            0.00039124488830566406,
            0.21063995361328125,
            0.0026144981384277344,
            0.11626935005187988,
            -0.06272029876708984,
            0.1438448429107666,
            -0.053261756896972656
        ],
        [
            -5.51658296585083,
            -7.362546920776367,
            -1.5975635051727295,
            0.0063059329986572266,
            0.27974367141723633,
            -0.004534244537353516,
            0.15694212913513184,
            -0.06822466850280762,
            0.17950677871704102,
            -0.06717562675476074
        ],
        [
            -5.520976543426514,
            -7.301668167114258,
            -1.5933332443237305,
            0.004046440124511719,
            0.24852371215820312,
            -0.0013892650604248047,
            0.13874506950378418,
            -0.06595826148986816,
            0.1638474464416504,
            -0.061562538146972656
        ],
        [
            -5.5115742683410645,
            -7.426091194152832,
            -1.6016027927398682,
            0.008430242538452148,
            0.3128516674041748,
            -0.007551670074462891,
            0.17591452598571777,
            -0.0705416202545166,
            0.19537925720214844,
            -0.07185149192810059
        ],
        [
            -5.526023864746094,
            -7.232567310333252,
            -1.5887219905853271,
            0.0007500648498535156,
            0.21390962600708008,
            0.0022301673889160156,
            0.11819767951965332,
            -0.06298542022705078,
            0.1455063819885254,
            -0.0541532039642334
        ],
        [
            -5.526715278625488,
            -7.219189643859863,
            -1.5878345966339111,
            7.867813110351562e-06,
            0.20722746849060059,
            0.00276947021484375,
            0.11435937881469727,
            -0.06248927116394043,
            0.1419966220855713,
            -0.05249381065368652
        ],
        [
            -5.528008460998535,
            -7.2020063400268555,
            -1.586860179901123,
            -0.0008513927459716797,
            0.19884133338928223,
            0.003690004348754883,
            0.10933113098144531,
