{
    "collision_depths": [],
    "collision": false,
    "joint_limit_violation": false,
    "self_collision": false,
    "physical_violations": false,
    "config_smoothness": -6.088055095360905,
    "eff_smoothness": -6.151962753330198,
    "eff_position_path_length": 2.7595400074144956,
    "eff_orientation_path_length": 101.57687247336669,
    "physical_success": true,
    "time": 1.651942491531372,
    "num_steps": 51,
    "trajectory_w": [
        [
            -9.474478721618652,
            -9.336901664733887,
            0.17461851239204407,
            0.0,
            0.0,
            0.0,
            0.0,
            0.0,
            0.0,
            0.0
        ],
        [
            -9.066144943237305,
            -9.430230140686035,
            0.13374927639961243,
            0.022083282470703125,
            0.18677735328674316,
            0.011328935623168945,
            0.06278681755065918,
            -0.030890464782714844,
            0.0953669548034668,
            -0.018556833267211914
        ],
        [
            -9.060211181640625,
            -9.415061950683594,
            0.14847448468208313,
            0.017476320266723633,
            0.1875171661376953,
            0.01624608039855957,
            0.06382489204406738,
            -0.03830862045288086,
            0.09447431564331055,
            -0.016612529754638672
        ],
        [
            -9.057208061218262,
            -9.401894569396973,
            0.15803387761116028,
            0.025483369827270508,
            0.19806694984436035,
            0.01471400260925293,
            0.057318925857543945,
            -0.04773402214050293,
            0.09800481796264648,
            -0.012201547622680664
        ],
        [
            -9.077363967895508,
            -9.421402931213379,
            0.14681890606880188,
            0.02341914176940918,
            0.1844167709350586,
            0.013084888458251953,
            0.0555727481842041,
            -0.037724971771240234,
            0.09371328353881836,
            -0.014140129089355469
        ],
        [
            -9.083133697509766,
            -9.413331031799316,
            0.15318062901496887,
            0.03587031364440918,
            0.19157838821411133,
            0.00895380973815918,
            0.04444289207458496,
            -0.04380393028259277,
            0.09699487686157227,
            -0.010349512100219727
        ],
        [
            -9.068083763122559,
            -9.41397476196289,
            0.14797261357307434,
            0.03284430503845215,
            0.1957416534423828,
            0.0096435546875,
            0.05200529098510742,
            -0.04131913185119629,
            0.09863471984863281,
            -0.01217961311340332
        ],
        [
            -9.012337684631348,
            -9.402587890625,
            0.14258912205696106,
            0.027775049209594727,
            0.21888327598571777,
            0.010779380798339844,
            0.07233333587646484,
            -0.04130864143371582,
            0.10718965530395508,
            -0.0166475772857666
        ],
        [
            -9.086352348327637,
            -9.400335311889648,
            0.16674163937568665,
            0.034777164459228516,
            0.1901865005493164,
            0.011970281600952148,
            0.04068875312805176,
            -0.05096697807312012,
            0.09551477432250977,
            -0.00733494758605957
        ],
        [
            -9.066697120666504,
            -9.388972282409668,
            0.17153790593147278,
            0.02776932716369629,
            0.1960010528564453,
            0.017362117767333984,
            0.049773454666137695,
            -0.055338382720947266,
            0.09669065475463867,
            -0.009989738464355469
        ],
        [
            -9.057162284851074,
            -9.419034957885742,
            0.14056876301765442,
            0.030036211013793945,
            0.197953462600708,
            0.009594202041625977,
            0.05875682830810547,
            -0.03691983222961426,
            0.09982633590698242,
            -0.01499485969543457
        ],
        [
            -9.075337409973145,
            -9.427064895629883,
            0.139619380235672,
            0.022371530532836914,
            0.18354225158691406,
            0.012514591217041016,
            0.05867791175842285,
            -0.03404092788696289,
            0.09375810623168945,
            -0.01624894142150879
        ],
        [
            -9.064215660095215,
            -9.419703483581543,
            0.14514973759651184,
            0.019109487533569336,
            0.18657517433166504,
            0.014732837677001953,
            0.06244015693664551,
            -0.03663492202758789,
            0.09433126449584961,
            -0.016443967819213867
        ],
        [
            -9.07166862487793,
            -9.419501304626465,
            0.1458280384540558,
            0.025760412216186523,
            0.18821120262145996,
            0.011849403381347656,
            0.05580711364746094,
            -0.03770732879638672,
            0.0955054759979248,
            -0.014292240142822266
        ],
        [
            -9.047767639160156,
            -9.399849891662598,
            0.15472820401191711,
            0.03394055366516113,
            0.20930814743041992,
            0.010765552520751953,
            0.055231332778930664,
            -0.04914426803588867,
            0.10310101509094238,
            -0.011150836944580078
        ],
        [
            -9.075692176818848,
            -9.40711498260498,
            0.16109350323677063,
            0.02139139175415039,
            0.1835031509399414,
            0.017566680908203125,
            0.0537104606628418,
            -0.04482579231262207,
            0.09233593940734863,
            -0.012200117111206055
        ],
        [
            -9.04896354675293,
            -9.396042823791504,
            0.16023066639900208,
            0.028881549835205078,
            0.2061922550201416,
            0.014055252075195312,
            0.056703805923461914,
            -0.05088233947753906,
            0.10100221633911133,
            -0.01190638542175293
        ],
        [
            -9.054798126220703,
            -9.407188415527344,
            0.15452077984809875,
            0.01870250701904297,
            0.19246554374694824,
            0.017255783081054688,
            0.06332135200500488,
            -0.04317450523376465,
            0.09580445289611816,
            -0.015227556228637695
        ],
        [
            -9.075404167175293,
            -9.413982391357422,
            0.15413740277290344,
            0.021091938018798828,
            0.18313217163085938,
            0.015883684158325195,
            0.05556941032409668,
            -0.04083871841430664,
            0.0926659107208252,
            -0.013493776321411133
        ],
        [
            -9.066180229187012,
            -9.426247596740723,
            0.14031770825386047,
            0.01405191421508789,
            0.18131160736083984,
            0.01591205596923828,
            0.06652379035949707,
            -0.0326230525970459,
            0.09218692779541016,
            -0.019115686416625977
        ],
        [
            -9.07596492767334,
            -9.394145965576172,
            0.16914799809455872,
            0.03099656105041504,
            0.19321703910827637,
            0.014841318130493164,
            0.04538321495056152,
            -0.05334281921386719,
            0.0961618423461914,
            -0.008702516555786133
        ],
        [
            -9.03969669342041,
            -9.39859390258789,
            0.1547105610370636,
            0.030205488204956055,
            0.20998239517211914,
            0.012510061264038086,
            0.05994606018066406,
            -0.04804110527038574,
