{
    "collision_depths": [],
    "collision": false,
    "joint_limit_violation": false,
    "self_collision": false,
    "physical_violations": false,
    "config_smoothness": -8.562765689173409,
    "eff_smoothness": -8.578503072170559,
    "eff_position_path_length": 4.377566962034026,
    "eff_orientation_path_length": 160.51987258787565,
    "physical_success": true,
    "time": 2.0642616748809814,
    "num_steps": 51,
    "trajectory_w": [
        [
            -10.715400695800781,
            -1.916989803314209,
            -2.439924955368042,
            0.0,
            0.0,
            0.0,
            0.0,
            0.0,
            0.0,
            0.0
        ],
        [
            -11.247212409973145,
            -2.2177278995513916,
            -2.472602128982544,
            -0.0021479129791259766,
            0.29470205307006836,
            0.017400741577148438,
            0.12986373901367188,
            -0.08028340339660645,
            0.12709474563598633,
            -0.03924822807312012
        ],
        [
            -11.17892837524414,
            -2.143188238143921,
            -2.4662575721740723,
            -0.007107734680175781,
            0.24113750457763672,
            0.022699594497680664,
            0.09979629516601562,
            -0.07277560234069824,
            0.10406661033630371,
            -0.03166937828063965
        ],
        [
            -11.227121353149414,
            -2.1961400508880615,
            -2.470592498779297,
            -0.0037374496459960938,
            0.27877354621887207,
            0.018910646438598633,
            0.12115859985351562,
            -0.07830429077148438,
            0.12041568756103516,
            -0.03690218925476074
        ],
        [
            -11.173542022705078,
            -2.13773250579834,
            -2.465721607208252,
            -0.00745844841003418,
            0.23662185668945312,
            0.02320551872253418,
            0.09707903861999512,
            -0.07259488105773926,
            0.10218501091003418,
            -0.03065776824951172
        ],
        [
            -11.173011779785156,
            -2.1365644931793213,
            -2.465768814086914,
            -0.007776021957397461,
            0.23651504516601562,
            0.023285388946533203,
            0.09724140167236328,
            -0.07211995124816895,
            0.10206985473632812,
            -0.031045198440551758
        ],
        [
            -11.193010330200195,
            -2.158541679382324,
            -2.467348575592041,
            -0.0062410831451416016,
            0.2518188953399658,
            0.021785736083984375,
            0.10586786270141602,
            -0.07462763786315918,
            0.10875058174133301,
            -0.033332109451293945
        ],
        [
            -11.169032096862793,
            -2.1327364444732666,
            -2.4652347564697266,
            -0.008071422576904297,
            0.23340630531311035,
            0.023301362991333008,
            0.09524059295654297,
            -0.07206273078918457,
            0.10073018074035645,
            -0.030324697494506836
        ],
        [
            -11.172148704528809,
            -2.1359593868255615,
            -2.4655356407165527,
            -0.007720947265625,
            0.2357783317565918,
            0.023140430450439453,
            0.09684062004089355,
            -0.07224512100219727,
            0.10176205635070801,
            -0.030730724334716797
        ],
        [
            -11.224164962768555,
            -2.192797899246216,
            -2.4700191020965576,
            -0.003950595855712891,
            0.2764887809753418,
            0.01928257942199707,
            0.11977624893188477,
            -0.07845139503479004,
            0.11939716339111328,
            -0.036548614501953125
        ],
        [
            -11.207982063293457,
            -2.1748929023742676,
            -2.469109058380127,
            -0.004836320877075195,
            0.2639627456665039,
            0.020246267318725586,
            0.11268067359924316,
            -0.07583880424499512,
            0.11398792266845703,
            -0.03521871566772461
        ],
        [
            -11.233087539672852,
            -2.2028119564056396,
            -2.4709856510162354,
            -0.0032715797424316406,
            0.283505916595459,
            0.0185396671295166,
            0.12371349334716797,
            -0.07926726341247559,
            0.1224360466003418,
            -0.03760099411010742
        ],
        [
            -11.183296203613281,
            -2.148620843887329,
            -2.466850996017456,
            -0.00664973258972168,
            0.24456405639648438,
            0.022437095642089844,
            0.10153341293334961,
            -0.07370519638061523,
            0.10555338859558105,
            -0.03220009803771973
        ],
        [
            -11.220664978027344,
            -2.1893656253814697,
            -2.469906806945801,
            -0.0042803287506103516,
            0.274061918258667,
            0.019427061080932617,
            0.11826038360595703,
            -0.0776827335357666,
            0.11835670471191406,
            -0.03654050827026367
        ],
        [
            -11.20175838470459,
            -2.168325185775757,
            -2.4679267406463623,
            -0.0055255889892578125,
            0.25855374336242676,
            0.020937681198120117,
            0.10974931716918945,
            -0.07567214965820312,
            0.1116800308227539,
            -0.03426527976989746
        ],
        [
            -11.171208381652832,
            -2.134833574295044,
            -2.4651966094970703,
            -0.007921457290649414,
            0.23466920852661133,
            0.02346515655517578,
            0.09620165824890137,
            -0.07220077514648438,
            0.1013953685760498,
            -0.030564546585083008
        ],
        [
            -11.174382209777832,
            -2.1380369663238525,
            -2.4660184383392334,
            -0.007748842239379883,
            0.2375802993774414,
            0.023099184036254883,
            0.0978250503540039,
            -0.07225465774536133,
            0.10245275497436523,
            -0.031281232833862305
        ],
        [
            -11.169341087341309,
            -2.133164644241333,
            -2.465104818344116,
            -0.008017539978027344,
            0.23343634605407715,
            0.023426055908203125,
            0.09530854225158691,
            -0.07215332984924316,
            0.10080647468566895,
            -0.030339479446411133
        ],
        [
            -11.174078941345215,
            -2.1383774280548096,
            -2.4660089015960693,
            -0.00762629508972168,
            0.237579345703125,
            0.023121356964111328,
            0.09776544570922852,
            -0.07243680953979492,
            0.10252904891967773,
            -0.03116750717163086
        ],
        [
            -11.256003379821777,
            -2.2280073165893555,
            -2.4729676246643066,
            -0.0016450881958007812,
            0.30194973945617676,
            0.016771554946899414,
            0.1340351104736328,
            -0.0815894603729248,
            0.1302509307861328,
            -0.03966975212097168
        ],
        [
            -11.208818435668945,
            -2.175715446472168,
            -2.4689245223999023,
            -0.005187034606933594,
            0.26427459716796875,
            0.020371675491333008,
            0.11291337013244629,
            -0.07626175880432129,
            0.11414265632629395,
            -0.03526163101196289
        ],
        [
            -11.221256256103516,
            -2.1897432804107666,
            -2.470188856124878,
            -0.003955841064453125,
            0.27443742752075195,
            0.01940441131591797,
            0.11850190162658691,
