{
    "collision_depths": [],
    "collision": false,
    "joint_limit_violation": false,
    "self_collision": false,
    "physical_violations": false,
    "config_smoothness": -8.41598116484046,
    "eff_smoothness": -7.70412985121475,
    "eff_position_path_length": 2.5570868433624923,
    "eff_orientation_path_length": 83.24995735665674,
    "physical_success": true,
    "time": 2.3962528705596924,
    "num_steps": 51,
    "trajectory_w": [
        [
            -7.361571311950684,
            -7.427155494689941,
            -0.6923149824142456,
            0.0,
            0.0,
            0.0,
            0.0,
            0.0,
            0.0,
            0.0
        ],
        [
            -7.181390285491943,
            -7.825212478637695,
            -0.733721137046814,
            0.010362625122070312,
            0.2016606330871582,
            0.010802984237670898,
            0.07918834686279297,
            -0.03247833251953125,
            0.09414792060852051,
            -0.03050398826599121
        ],
        [
            -7.168671131134033,
            -7.821987628936768,
            -0.7292031049728394,
            0.012447118759155273,
            0.20532870292663574,
            0.011178970336914062,
            0.07814526557922363,
            -0.037338972091674805,
            0.09674572944641113,
            -0.026929378509521484
        ],
        [
            -7.18243408203125,
            -7.827407360076904,
            -0.7351304292678833,
            0.010237932205200195,
            0.20191669464111328,
            0.010627269744873047,
            0.08015131950378418,
            -0.031624794006347656,
            0.09396004676818848,
            -0.031134843826293945
        ],
        [
            -7.141717910766602,
            -7.801286220550537,
            -0.7025612592697144,
            0.016584396362304688,
            0.20336174964904785,
            0.01723957061767578,
            0.0667409896850586,
            -0.05911111831665039,
            0.0971221923828125,
            -0.01296687126159668
        ],
        [
            -7.151307106018066,
            -7.799758434295654,
            -0.7061001062393188,
            0.015513896942138672,
            0.19986796379089355,
            0.016804218292236328,
            0.06632804870605469,
            -0.05568051338195801,
            0.09594249725341797,
            -0.014208316802978516
        ],
        [
            -7.153451442718506,
            -7.815911769866943,
            -0.7181862592697144,
            0.013676643371582031,
            0.2073826789855957,
            0.013759851455688477,
            0.07534265518188477,
            -0.04652261734008789,
            0.09812331199645996,
            -0.02084970474243164
        ],
        [
            -7.141538619995117,
            -7.834167957305908,
            -0.727735161781311,
            0.014800786972045898,
            0.22026777267456055,
            0.010554790496826172,
            0.0842900276184082,
            -0.0412750244140625,
            0.10255980491638184,
            -0.026131629943847656
        ],
        [
            -7.141305923461914,
            -7.800350189208984,
            -0.7024284601211548,
            0.016182899475097656,
            0.2026519775390625,
            0.017462491989135742,
            0.06655573844909668,
            -0.059703826904296875,
            0.0968930721282959,
            -0.012789011001586914
        ],
        [
            -7.166712284088135,
            -7.80790901184082,
            -0.7194372415542603,
            0.012727975845336914,
            0.200181245803833,
            0.013980388641357422,
            0.07184147834777832,
            -0.0449070930480957,
            0.09545493125915527,
            -0.021012544631958008
        ],
        [
            -7.126840114593506,
            -7.798386096954346,
            -0.6962403059005737,
            0.017908811569213867,
            0.206129789352417,
            0.019184112548828125,
            0.06586694717407227,
            -0.06622672080993652,
            0.09828019142150879,
            -0.011579036712646484
        ],
        [
            -7.136755466461182,
            -7.824684143066406,
            -0.7178000211715698,
            0.015469074249267578,
            0.21721458435058594,
            0.013045549392700195,
            0.07957911491394043,
            -0.04871821403503418,
            0.10183477401733398,
            -0.02064800262451172
        ],
        [
            -7.169981479644775,
            -7.809295177459717,
            -0.7205866575241089,
            0.01188039779663086,
            0.19965815544128418,
            0.01370692253112793,
            0.0725092887878418,
            -0.043100595474243164,
            0.09493827819824219,
            -0.022089481353759766
        ],
        [
            -7.129327774047852,
            -7.792137622833252,
            -0.695344090461731,
            0.018352985382080078,
            0.2028501033782959,
            0.019395828247070312,
            0.06332826614379883,
            -0.06739282608032227,
            0.09721779823303223,
            -0.01089167594909668
        ],
        [
            -7.187073707580566,
            -7.826435089111328,
            -0.736554741859436,
            0.009965658187866211,
            0.1995084285736084,
            0.010753631591796875,
            0.07956624031066895,
            -0.03073740005493164,
            0.09290003776550293,
            -0.031644582748413086
        ],
        [
            -7.185025691986084,
            -7.818621635437012,
            -0.7321034669876099,
            0.009179115295410156,
            0.1973249912261963,
            0.011890888214111328,
            0.0770413875579834,
            -0.03388690948486328,
            0.09269189834594727,
            -0.0293121337890625
        ],
        [
            -7.155247211456299,
            -7.800479888916016,
            -0.7093225717544556,
            0.014495611190795898,
            0.19978594779968262,
            0.015869617462158203,
            0.06778550148010254,
            -0.05317068099975586,
            0.09574723243713379,
            -0.015566825866699219
        ],
        [
            -7.172266483306885,
            -7.817036151885986,
            -0.7268742322921753,
            0.011143922805786133,
            0.2014446258544922,
            0.012426137924194336,
            0.07623696327209473,
            -0.038484811782836914,
            0.0951387882232666,
            -0.025881052017211914
        ],
        [
            -7.136937141418457,
            -7.795260906219482,
            -0.7002471685409546,
            0.017801523208618164,
            0.20240020751953125,
            0.01813483238220215,
            0.0643930435180664,
            -0.06362509727478027,
            0.09696483612060547,
            -0.011380195617675781
        ],
        [
            -7.1383056640625,
            -7.791819095611572,
            -0.6965590715408325,
            0.01730036735534668,
            0.19955754280090332,
            0.01876091957092285,
            0.06249260902404785,
            -0.06425976753234863,
            0.09598398208618164,
            -0.010939836502075195
        ],
        [
            -7.143867015838623,
            -7.797070503234863,
            -0.7016502618789673,
            0.016346216201782227,
            0.20041823387145996,
            0.017661094665527344,
            0.06517219543457031,
            -0.06000876426696777,
            0.09609532356262207,
            -0.012415885925292969
        ],
        [
            -7.13714599609375,
            -7.791092395782471,
            -0.6966131925582886,
            0.017779827117919922,
            0.199354887008667,
            0.01896357536315918,
            0.062146663665771484,
            -0.06480741500854492,
