{
    "collision_depths": [],
    "collision": false,
    "joint_limit_violation": false,
    "self_collision": false,
    "physical_violations": false,
    "config_smoothness": -6.24114442146235,
    "eff_smoothness": -5.426475246241392,
    "eff_position_path_length": 2.0855144958268954,
    "eff_orientation_path_length": 83.93018468642714,
    "physical_success": true,
    "time": 1.7433793544769287,
    "num_steps": 51,
    "trajectory_w": [
        [
            -6.122864246368408,
            -6.906620502471924,
            -1.212049961090088,
            0.0,
            0.0,
            0.0,
            0.0,
            0.0,
            0.0,
            0.0
        ],
        [
            -6.11197566986084,
            -7.344377517700195,
            -1.241743803024292,
            0.015902996063232422,
            0.20904874801635742,
            -0.008337259292602539,
            0.07826352119445801,
            -0.05623435974121094,
            0.10451650619506836,
            -0.025977134704589844
        ],
        [
            -6.131746768951416,
            -7.36659049987793,
            -1.261901617050171,
            0.013804435729980469,
            0.21686887741088867,
            -0.0182192325592041,
            0.09513306617736816,
            -0.03284907341003418,
            0.10503530502319336,
            -0.04425859451293945
        ],
        [
            -6.091327667236328,
            -7.375999927520752,
            -1.2338230609893799,
            0.015049219131469727,
            0.22513294219970703,
            -0.0070056915283203125,
            0.0864095687866211,
            -0.062262773513793945,
            0.11099052429199219,
            -0.02627873420715332
        ],
        [
            -6.0870513916015625,
            -7.350454330444336,
            -1.2189712524414062,
            0.014215469360351562,
            0.2090435028076172,
            -0.00030994415283203125,
            0.07250189781188965,
            -0.07273507118225098,
            0.10474109649658203,
            -0.019821643829345703
        ],
        [
            -6.0908355712890625,
            -7.351217746734619,
            -1.2154498100280762,
            0.012769937515258789,
            0.2082066535949707,
            -0.0010793209075927734,
            0.0733327865600586,
            -0.06913971900939941,
            0.10461926460266113,
            -0.021490812301635742
        ],
        [
            -6.106484889984131,
            -7.345107555389404,
            -1.2369794845581055,
            0.015898466110229492,
            0.20973610877990723,
            -0.006665706634521484,
            0.0766746997833252,
            -0.061125993728637695,
            0.1047508716583252,
            -0.023381948471069336
        ],
        [
            -6.118884086608887,
            -7.347579002380371,
            -1.2496099472045898,
            0.016730785369873047,
            0.21042895317077637,
            -0.011141538619995117,
            0.08144307136535645,
            -0.04984927177429199,
            0.10497736930847168,
            -0.029862642288208008
        ],
        [
            -6.128374099731445,
            -7.35016393661499,
            -1.2561602592468262,
            0.014739513397216797,
            0.21018648147583008,
            -0.013860225677490234,
            0.08647274971008301,
            -0.04097580909729004,
            0.1040506362915039,
            -0.03662872314453125
        ],
        [
            -6.123364448547363,
            -7.355125427246094,
            -1.2471020221710205,
            0.01321101188659668,
            0.21044278144836426,
            -0.012611865997314453,
            0.08590006828308105,
            -0.0420534610748291,
            0.10443329811096191,
            -0.036241769790649414
        ],
        [
            -6.0854363441467285,
            -7.366432189941406,
            -1.2242763042449951,
            0.015622615814208984,
            0.21988964080810547,
            -0.003014802932739258,
            0.07874584197998047,
            -0.07095503807067871,
            0.1088099479675293,
            -0.02208733558654785
        ],
        [
            -6.1036696434021,
            -7.344665050506592,
            -1.2283210754394531,
            0.014723062515258789,
            0.20703339576721191,
            -0.005433797836303711,
            0.0744020938873291,
            -0.062012434005737305,
            0.10382890701293945,
            -0.022835731506347656
        ],
        [
            -6.09853458404541,
            -7.345931529998779,
            -1.2196121215820312,
            0.012585639953613281,
            0.20613431930541992,
            -0.002627134323120117,
            0.07341766357421875,
            -0.06553173065185547,
            0.10373067855834961,
            -0.022097349166870117
        ],
        [
            -6.09468412399292,
            -7.3447041511535645,
            -1.222005844116211,
            0.01503610610961914,
            0.20724248886108398,
            -0.002597332000732422,
            0.07154488563537598,
            -0.06957674026489258,
            0.1040046215057373,
            -0.019603967666625977
        ],
        [
            -6.101865291595459,
            -7.350241184234619,
            -1.2235674858093262,
            0.012594223022460938,
            0.20802807807922363,
            -0.004241228103637695,
            0.07625651359558105,
            -0.06133008003234863,
            0.10434198379516602,
            -0.024359464645385742
        ],
        [
            -6.087677001953125,
            -7.361690521240234,
            -1.2386155128479004,
            0.020454883575439453,
            0.22342205047607422,
            -0.005200862884521484,
            0.0787653923034668,
            -0.07325148582458496,
            0.10984182357788086,
            -0.019420146942138672
        ],
        [
            -6.105113506317139,
            -7.35441780090332,
            -1.2342884540557861,
            0.015485525131225586,
            0.21369409561157227,
            -0.007772684097290039,
            0.07933497428894043,
            -0.058951377868652344,
            0.10635161399841309,
            -0.02549004554748535
        ],
        [
            -6.114149570465088,
            -7.373896598815918,
            -1.244826316833496,
            0.012470722198486328,
            0.21982383728027344,
            -0.013429641723632812,
            0.09249734878540039,
            -0.04207158088684082,
            0.1081535816192627,
            -0.03796982765197754
        ],
        [
            -6.1021294593811035,
            -7.346887588500977,
            -1.2263545989990234,
            0.013393163681030273,
            0.2073962688446045,
            -0.0043795108795166016,
            0.07538390159606934,
            -0.06231522560119629,
            0.10405135154724121,
            -0.023317575454711914
        ],
        [
            -6.100130081176758,
            -7.351564407348633,
            -1.2341833114624023,
            0.015826940536499023,
            0.2126302719116211,
            -0.005585908889770508,
            0.07749533653259277,
            -0.06389570236206055,
            0.10593867301940918,
            -0.02275991439819336
        ],
        [
            -6.092395305633545,
            -7.368528366088867,
            -1.24876070022583,
            0.023030996322631836,
            0.2296297550201416,
            -0.00871586799621582,
            0.08358335494995117,
            -0.06780266761779785,
            0.11243462562561035,
            -0.021715402603149414
        ],
        [
            -6.099170684814453,
            -7.340182304382324,
            -1.2345607280731201,
            0.018879175186157227,
            0.20908093452453613,
            -0.0048482418060302734,
            0.0716404914855957,
