{
    "collision_depths": [],
    "collision": false,
    "joint_limit_violation": false,
    "self_collision": false,
    "physical_violations": false,
    "config_smoothness": -5.776554513372869,
    "eff_smoothness": -5.803635760776892,
    "eff_position_path_length": 41.50015610956883,
    "eff_orientation_path_length": 1617.9318197417763,
    "physical_success": true,
    "time": 1.0178256034851074,
    "num_steps": 51,
    "trajectory_w": [
        [
            -3.5891942977905273,
            -5.035084247589111,
            0.17808234691619873,
            0.0,
            0.0,
            0.0,
            0.0,
            0.0,
            0.0,
            0.0
        ],
        [
            -2.4839327335357666,
            -4.754317283630371,
            0.10730397701263428,
            -0.012598276138305664,
            1.0110466480255127,
            -0.16013622283935547,
            0.3522672653198242,
            -0.1688084602355957,
            -0.012063026428222656,
            -0.1265864372253418
        ],
        [
            -3.358286142349243,
            -4.942190170288086,
            0.1295377016067505,
            -0.02005290985107422,
            0.20681333541870117,
            -0.04158663749694824,
            0.08682370185852051,
            -0.05636763572692871,
            -0.010950088500976562,
            0.0156705379486084
        ],
        [
            -3.3928096294403076,
            -4.99308967590332,
            0.13940393924713135,
            -0.026050567626953125,
            0.18863368034362793,
            -0.027921676635742188,
            0.05275368690490723,
            -0.04460573196411133,
            -0.009362220764160156,
            0.0004928112030029297
        ],
        [
            -3.4016306400299072,
            -5.0198564529418945,
            0.1538008451461792,
            -0.03400421142578125,
            0.20749497413635254,
            -0.020857810974121094,
            0.037528038024902344,
            -0.03946638107299805,
            -0.009119749069213867,
            -0.025829792022705078
        ],
        [
            -2.8823952674865723,
            -4.864577293395996,
            0.12923133373260498,
            -0.02522420883178711,
            0.6329681873321533,
            -0.10457062721252441,
            0.1998751163482666,
            -0.09496521949768066,
            -0.009745597839355469,
            -0.08032822608947754
        ],
        [
            -3.389756679534912,
            -5.029530048370361,
            0.15605056285858154,
            -0.027794361114501953,
            0.2122805118560791,
            -0.027465343475341797,
            0.027341842651367188,
            -0.03368401527404785,
            -0.008910655975341797,
            -0.025281190872192383
        ],
        [
            -3.0162506103515625,
            -4.850439548492432,
            0.11650955677032471,
            -0.014215469360351562,
            0.5290579795837402,
            -0.08215999603271484,
            0.18534088134765625,
            -0.09638261795043945,
            -0.021015167236328125,
            -0.021266460418701172
        ],
        [
            -3.3932278156280518,
            -4.979775905609131,
            0.136633038520813,
            -0.024515867233276367,
            0.18468618392944336,
            -0.03284859657287598,
            0.062316179275512695,
            -0.04739975929260254,
            -0.009396076202392578,
            0.009986162185668945
        ],
        [
            -3.178837299346924,
            -4.934133052825928,
            0.11843907833099365,
            -0.004845142364501953,
            0.3631439208984375,
            -0.057813405990600586,
            0.0943598747253418,
            -0.07152175903320312,
            -0.014335393905639648,
            0.0045948028564453125
        ],
        [
            -3.086585521697998,
            -4.932149887084961,
            0.14435112476348877,
            -0.023182153701782227,
            0.45114827156066895,
            -0.09707069396972656,
            0.11047554016113281,
            -0.05740189552307129,
            -0.0014421939849853516,
            -0.04166531562805176
        ],
        [
            -3.321611166000366,
            -4.923588275909424,
            0.12639343738555908,
            -0.028351545333862305,
            0.25005435943603516,
            -0.03409981727600098,
            0.10917806625366211,
            -0.07191729545593262,
            -0.013840675354003906,
            0.0007202625274658203
        ],
        [
            -2.450853109359741,
            -4.74670934677124,
            0.10604941844940186,
            -0.011357784271240234,
            1.0406150817871094,
            -0.1645665168762207,
            0.36304783821105957,
            -0.17505240440368652,
            -0.012187004089355469,
            -0.13222336769104004
        ],
        [
            -3.383650541305542,
            -4.9665913581848145,
            0.13461410999298096,
            -0.01880192756652832,
            0.18579697608947754,
            -0.039682865142822266,
            0.06749105453491211,
            -0.04632401466369629,
            -0.009276628494262695,
            0.01524496078491211
        ],
        [
            -2.5555055141448975,
            -4.7687201499938965,
            0.11004412174224854,
            -0.01479482650756836,
            0.9461674690246582,
            -0.15084290504455566,
            0.3286426067352295,
            -0.15553927421569824,
            -0.012149810791015625,
            -0.11390805244445801
        ],
        [
            -3.2575795650482178,
            -5.003170013427734,
            0.1563018560409546,
            -0.029418468475341797,
            0.30785274505615234,
            -0.05489540100097656,
            0.05853581428527832,
            -0.03851461410522461,
            -0.0056951045989990234,
            -0.04324460029602051
        ],
        [
            -2.576423168182373,
            -4.773461818695068,
            0.11088597774505615,
            -0.01557779312133789,
            0.9269306659698486,
            -0.14774870872497559,
            0.3215315341949463,
            -0.15186619758605957,
            -0.012289047241210938,
            -0.11071395874023438
        ],
        [
            -3.3882856369018555,
            -4.9737396240234375,
            0.1344696283340454,
            -0.021733760833740234,
            0.18237686157226562,
            -0.035581350326538086,
            0.06489109992980957,
            -0.047278404235839844,
            -0.009625673294067383,
            0.013346672058105469
        ],
        [
            -3.390411853790283,
            -4.987094402313232,
            0.1414860486984253,
            -0.021638154983520508,
            0.19105005264282227,
            -0.034349679946899414,
            0.05216097831726074,
            -0.040368080139160156,
            -0.008034467697143555,
            0.00010943412780761719
        ],
        [
            -3.3914883136749268,
            -4.9603118896484375,
            0.13415181636810303,
            -0.02123546600341797,
            0.18083572387695312,
            -0.03814268112182617,
            0.07365083694458008,
            -0.05022764205932617,
            -0.009805679321289062,
            0.016412019729614258
        ],
        [
            -3.0054705142974854,
            -4.889621734619141,
            0.13863694667816162,
            -0.01814889907836914,
            0.5272066593170166,
            -0.11270594596862793,
            0.1466064453125,
            -0.06998991966247559,
            -0.0021600723266601562,
            -0.03887581825256348
        ],
        [
            -2.4543027877807617,
            -4.747509002685547,
            0.1062244176864624,
            -0.011586427688598633,
            1.0369665622711182,
            -0.16432547569274902,
