{
    "collision_depths": [],
    "collision": false,
    "joint_limit_violation": false,
    "self_collision": false,
    "physical_violations": false,
    "config_smoothness": -5.301484460334345,
    "eff_smoothness": -5.348416407672865,
    "eff_position_path_length": 46.85737562359657,
    "eff_orientation_path_length": 1723.5673856884628,
    "physical_success": true,
    "time": 0.7271332740783691,
    "num_steps": 51,
    "trajectory_w": [
        [
            -9.474478721618652,
            -9.336901664733887,
            0.17461851239204407,
            0.0,
            0.0,
            0.0,
            0.0,
            0.0,
            0.0,
            0.0
        ],
        [
            -9.013629913330078,
            -9.153225898742676,
            0.13778164982795715,
            0.01360774040222168,
            0.29799795150756836,
            7.82012939453125e-05,
            0.11358523368835449,
            -0.11946558952331543,
            0.016142845153808594,
            -0.1621706485748291
        ],
        [
            -8.80257511138916,
            -9.134613990783691,
            0.126499205827713,
            0.046094655990600586,
            0.39473748207092285,
            -0.05966925621032715,
            0.13948369026184082,
            -0.11655330657958984,
            0.04032015800476074,
            -0.14600539207458496
        ],
        [
            -8.636296272277832,
            -9.071004867553711,
            0.11522224545478821,
            0.04522252082824707,
            0.5005247592926025,
            -0.06229686737060547,
            0.1940908432006836,
            -0.15276002883911133,
            0.04632306098937988,
            -0.21556949615478516
        ],
        [
            -9.245830535888672,
            -9.278762817382812,
            0.1544380486011505,
            0.007420539855957031,
            0.14589810371398926,
            -0.011111736297607422,
            0.036299943923950195,
            -0.05316424369812012,
            0.01345205307006836,
            -0.06253767013549805
        ],
        [
            -8.968470573425293,
            -9.257206916809082,
            0.14648941159248352,
            0.015336751937866211,
            0.33695173263549805,
            -0.04383730888366699,
            0.06912374496459961,
            -0.0950925350189209,
            0.028296947479248047,
            -0.1810462474822998
        ],
        [
            -8.682882308959961,
            -9.159688949584961,
            0.11481884121894836,
            0.043137550354003906,
            0.48920750617980957,
            -0.07583308219909668,
            0.13763141632080078,
            -0.13210010528564453,
            0.05282855033874512,
            -0.22751069068908691
        ],
        [
            -7.952449321746826,
            -8.918770790100098,
            0.08006027340888977,
            0.08715033531188965,
            0.9285197257995605,
            -0.11527562141418457,
            0.35625386238098145,
            -0.2803947925567627,
            0.10736346244812012,
            -0.45726442337036133
        ],
        [
            -8.920732498168945,
            -9.12752628326416,
            0.13608577847480774,
            0.02076268196105957,
            0.3510136604309082,
            -0.00840616226196289,
            0.13424396514892578,
            -0.1300339698791504,
            0.018168926239013672,
            -0.1926407814025879
        ],
        [
            -8.508646011352539,
            -9.085650444030762,
            0.11532357335090637,
            0.05257415771484375,
            0.5948846340179443,
            -0.06806135177612305,
            0.1959667205810547,
            -0.17253327369689941,
            0.05580568313598633,
            -0.30667924880981445
        ],
        [
            -8.28521728515625,
            -9.003067016601562,
            0.09739020466804504,
            0.06411600112915039,
            0.724189043045044,
            -0.08787274360656738,
            0.2688004970550537,
            -0.21491456031799316,
            0.07721686363220215,
            -0.3518064022064209
        ],
        [
            -9.240429878234863,
            -9.309884071350098,
            0.16637161374092102,
            0.014194965362548828,
            0.16071820259094238,
            -0.013526439666748047,
            0.018802165985107422,
            -0.04710507392883301,
            0.01247262954711914,
            -0.08496236801147461
        ],
        [
            -8.183282852172852,
            -8.978655815124512,
            0.09185412526130676,
            0.07152175903320312,
            0.7863752841949463,
            -0.09586715698242188,
            0.2941155433654785,
            -0.23434185981750488,
            0.08634090423583984,
            -0.385516881942749
        ],
        [
            -9.240131378173828,
            -9.275677680969238,
            0.15333965420722961,
            0.007577657699584961,
            0.14805984497070312,
            -0.011464834213256836,
            0.03802752494812012,
            -0.054341793060302734,
            0.013760566711425781,
            -0.06245899200439453
        ],
        [
            -8.047801971435547,
            -8.94285774230957,
            0.08465960621833801,
            0.08080768585205078,
            0.8697867393493652,
            -0.10706782341003418,
            0.3307340145111084,
            -0.2614905834197998,
            0.09868311882019043,
            -0.42788124084472656
        ],
        [
            -9.239625930786133,
            -9.245098114013672,
            0.14263585209846497,
            0.0045697689056396484,
            0.13896679878234863,
            -0.014165878295898438,
            0.055176496505737305,
            -0.06327509880065918,
            0.013873815536499023,
            -0.04804539680480957
        ],
        [
            -8.724651336669922,
            -9.182263374328613,
            0.11971715092658997,
            0.03454184532165527,
            0.4709634780883789,
            -0.06826519966125488,
            0.12537884712219238,
            -0.13019204139709473,
            0.0464320182800293,
            -0.23392081260681152
        ],
        [
            -8.782453536987305,
            -9.124319076538086,
            0.12459638714790344,
            0.04636049270629883,
            0.4061276912689209,
            -0.05882620811462402,
            0.1468198299407959,
            -0.12143301963806152,
            0.04033398628234863,
            -0.1531360149383545
        ],
        [
            -9.248913764953613,
            -9.283417701721191,
            0.1565883457660675,
            0.008965730667114258,
            0.14623427391052246,
            -0.011050224304199219,
            0.033338069915771484,
            -0.05155324935913086,
            0.013341426849365234,
            -0.0648488998413086
        ],
        [
            -9.224477767944336,
            -9.230064392089844,
            0.13959363102912903,
            0.00640559196472168,
            0.14888834953308105,
            -0.014954328536987305,
            0.06357264518737793,
            -0.06973505020141602,
            0.015025138854980469,
            -0.053404808044433594
        ],
        [
            -8.809993743896484,
            -9.192875862121582,
            0.12801459431648254,
            0.03986096382141113,
            0.40567588806152344,
            -0.07442569732666016,
            0.10708403587341309,
            -0.10860419273376465,
            0.04668235778808594,
            -0.16692876815795898
        ],
        [
            -8.009915351867676,
            -8.933121681213379,
            0.08282807469367981,
            0.08324170112609863,
            0.8931143283843994,
            -0.11034655570983887,
            0.34108996391296387,
            -0.2688722610473633,
