{
    "collision_depths": [],
    "collision": false,
    "joint_limit_violation": false,
    "self_collision": false,
    "physical_violations": false,
    "config_smoothness": -5.824162683762133,
    "eff_smoothness": -5.858747817652884,
    "eff_position_path_length": 44.16663469446493,
    "eff_orientation_path_length": 1192.4597313320278,
    "physical_success": true,
    "time": 0.9189093112945557,
    "num_steps": 51,
    "trajectory_w": [
        [
            -4.4051666259765625,
            -5.590465545654297,
            -1.9179235696792603,
            0.0,
            0.0,
            0.0,
            0.0,
            0.0,
            0.0,
            0.0
        ],
        [
            -4.522734642028809,
            -5.895359516143799,
            -1.948013424873352,
            -0.02612018585205078,
            0.1963815689086914,
            -0.08776283264160156,
            0.03362011909484863,
            -0.05901193618774414,
            -0.07254409790039062,
            0.05017685890197754
        ],
        [
            -4.488409996032715,
            -5.7951130867004395,
            -1.9408150911331177,
            -0.02555251121520996,
            0.13610267639160156,
            -0.07288646697998047,
            0.02034902572631836,
            -0.046388864517211914,
            -0.05910348892211914,
            0.044046878814697266
        ],
        [
            -4.520239353179932,
            -5.785379886627197,
            -1.9344781637191772,
            -0.023069381713867188,
            0.14322376251220703,
            -0.058971405029296875,
            -0.014475822448730469,
            -0.04197406768798828,
            -0.061208486557006836,
            0.018470048904418945
        ],
        [
            -4.789303779602051,
            -6.755331039428711,
            -1.9663268327713013,
            -0.028202533721923828,
            0.7488193511962891,
            -0.21872830390930176,
            0.15389752388000488,
            -0.12357687950134277,
            -0.18048834800720215,
            -0.0976564884185791
        ],
        [
            -4.481233596801758,
            -5.803721904754639,
            -1.9429136514663696,
            -0.02607440948486328,
            0.13544774055480957,
            -0.07701349258422852,
            0.029320240020751953,
            -0.04869556427001953,
            -0.06016850471496582,
            0.04664039611816406
        ],
        [
            -4.501067638397217,
            -5.792186737060547,
            -1.9414936304092407,
            -0.025437593460083008,
            0.13799452781677246,
            -0.06788492202758789,
            0.011114120483398438,
            -0.04616546630859375,
            -0.060326576232910156,
            0.04344367980957031
        ],
        [
            -4.725924968719482,
            -6.560946941375732,
            -1.9584616422653198,
            -0.029417753219604492,
            0.6189277172088623,
            -0.18720698356628418,
            0.1179664134979248,
            -0.10276365280151367,
            -0.1564195156097412,
            -0.07039237022399902
        ],
        [
            -4.746955871582031,
            -6.630162239074707,
            -1.9617332220077515,
            -0.030368328094482422,
            0.6636426448822021,
            -0.19808697700500488,
            0.12997055053710938,
            -0.1073000431060791,
            -0.16483652591705322,
            -0.08512401580810547
        ],
        [
            -4.497109413146973,
            -5.946558475494385,
            -1.952163815498352,
            -0.020969390869140625,
            0.2116098403930664,
            -0.09694266319274902,
            0.05652952194213867,
            -0.06679415702819824,
            -0.07889151573181152,
            0.04337024688720703
        ],
        [
            -4.492263317108154,
            -5.856598854064941,
            -1.9501839876174927,
            -0.022024154663085938,
            0.16343975067138672,
            -0.08602237701416016,
            0.038703203201293945,
            -0.05707216262817383,
            -0.06749653816223145,
            0.05700397491455078
        ],
        [
            -4.841098308563232,
            -6.915604591369629,
            -1.9731248617172241,
            -0.02672410011291504,
            0.8577120304107666,
            -0.2436685562133789,
            0.18517303466796875,
            -0.14562582969665527,
            -0.1993556022644043,
            -0.11760067939758301
        ],
        [
            -4.836696147918701,
            -6.902009010314941,
            -1.9721440076828003,
            -0.026825904846191406,
            0.8483152389526367,
            -0.24171900749206543,
            0.18261432647705078,
            -0.14325380325317383,
            -0.19787001609802246,
            -0.11687135696411133
        ],
        [
            -4.533156871795654,
            -5.784799575805664,
            -1.9363549947738647,
            -0.022859573364257812,
            0.14360451698303223,
            -0.056510210037231445,
            -0.02179551124572754,
            -0.042935848236083984,
            -0.06339073181152344,
            0.020956754684448242
        ],
        [
            -4.658115386962891,
            -6.209491729736328,
            -1.94735586643219,
            -0.029138803482055664,
            0.40050625801086426,
            -0.12247967720031738,
            0.041820526123046875,
            -0.07836437225341797,
            -0.11079931259155273,
            -0.03429388999938965
        ],
        [
            -4.534874439239502,
            -5.783315181732178,
            -1.9348150491714478,
            -0.022208213806152344,
            0.14557528495788574,
            -0.056470632553100586,
            -0.025850772857666016,
            -0.042382001876831055,
            -0.06348228454589844,
            0.01733708381652832
        ],
        [
            -4.5066328048706055,
            -5.794665336608887,
            -1.937193512916565,
            -0.024991512298583984,
            0.14133691787719727,
            -0.06539082527160645,
            0.0030364990234375,
            -0.043274879455566406,
            -0.05993080139160156,
            0.027848243713378906
        ],
        [
            -4.830976486206055,
            -6.881960868835449,
            -1.9710875749588013,
            -0.026601076126098633,
            0.8349480628967285,
            -0.2386176586151123,
            0.1786503791809082,
            -0.14130496978759766,
            -0.1955050230026245,
            -0.11292243003845215
        ],
        [
            -4.515717029571533,
            -5.790318012237549,
            -1.9378553628921509,
            -0.023568391799926758,
            0.14526653289794922,
            -0.06101632118225098,
            -0.006818294525146484,
            -0.04482102394104004,
            -0.061331987380981445,
            0.028418302536010742
        ],
        [
            -4.549827575683594,
            -5.785044193267822,
            -1.932381510734558,
            -0.021085023880004883,
            0.1495063304901123,
            -0.058629751205444336,
            -0.03427553176879883,
            -0.03981137275695801,
            -0.06540322303771973,
            0.015444040298461914
        ],
        [
            -4.8430938720703125,
            -6.920226097106934,
            -1.9730862379074097,
            -0.026436328887939453,
            0.8608565330505371,
            -0.24443817138671875,
            0.18606090545654297,
            -0.14602994918823242,
            -0.19996070861816406,
            -0.118743896484375
        ],
        [
            -4.823097229003906,
            -6.859298229217529,
            -1.9705034494400024,
            -0.026978492736816406,
            0.8197035789489746,
            -0.23516583442687988,
            0.17431235313415527,
