{
    "collision_depths": [],
    "collision": false,
    "joint_limit_violation": false,
    "self_collision": false,
    "physical_violations": false,
    "config_smoothness": -6.1422475401552825,
    "eff_smoothness": -6.176563943522189,
    "eff_position_path_length": 34.42294108102857,
    "eff_orientation_path_length": 2193.7521898375976,
    "physical_success": true,
    "time": 0.647667646408081,
    "num_steps": 51,
    "trajectory_w": [
        [
            -10.715400695800781,
            -1.916989803314209,
            -2.439924955368042,
            0.0,
            0.0,
            0.0,
            0.0,
            0.0,
            0.0,
            0.0
        ],
        [
            -11.521492958068848,
            -2.7734456062316895,
            -2.51973295211792,
            0.028578519821166992,
            0.5413498878479004,
            0.037932634353637695,
            0.2664947509765625,
            0.10651803016662598,
            0.9239199161529541,
            0.8997414112091064
        ],
        [
            -10.96435832977295,
            -2.0678255558013916,
            -2.4270079135894775,
            0.010195255279541016,
            0.19649958610534668,
            0.04761338233947754,
            0.06377577781677246,
            0.030626535415649414,
            0.28761744499206543,
            0.21546411514282227
        ],
        [
            -11.5847806930542,
            -2.846956729888916,
            -2.5273680686950684,
            0.029159069061279297,
            0.5750114917755127,
            0.037862300872802734,
            0.28578996658325195,
            0.11073732376098633,
            0.9773569107055664,
            0.9496109485626221
        ],
        [
            -11.161772727966309,
            -2.3163902759552,
            -2.46134090423584,
            0.018960952758789062,
            0.3236382007598877,
            0.04912304878234863,
            0.1376795768737793,
            0.06294703483581543,
            0.5229887962341309,
            0.4861452579498291
        ],
        [
            -10.934100151062012,
            -2.0330047607421875,
            -2.4238781929016113,
            0.010794878005981445,
            0.17694807052612305,
            0.046416521072387695,
            0.053479671478271484,
            0.025079727172851562,
            0.2562572956085205,
            0.1797475814819336
        ],
        [
            -11.406538009643555,
            -2.635855197906494,
            -2.5047271251678467,
            0.027636051177978516,
            0.4758322238922119,
            0.04011988639831543,
            0.22871899604797363,
            0.09612727165222168,
            0.8141798973083496,
            0.7939424514770508
        ],
        [
            -10.928197860717773,
            -2.025568962097168,
            -2.4234418869018555,
            0.011043787002563477,
            0.17295312881469727,
            0.046208858489990234,
            0.0512082576751709,
            0.024196863174438477,
            0.24993515014648438,
            0.17243170738220215
        ],
        [
            -11.088224411010742,
            -2.222728729248047,
            -2.4469287395477295,
            0.013429403305053711,
            0.27619314193725586,
            0.04991459846496582,
            0.10996770858764648,
            0.05149650573730469,
            0.4306676387786865,
            0.38148045539855957
        ],
        [
            -11.591989517211914,
            -2.855372428894043,
            -2.5281708240509033,
            0.02926349639892578,
            0.5789029598236084,
            0.03775739669799805,
            0.2878837585449219,
            0.11113715171813965,
            0.9835035800933838,
            0.9551827907562256
        ],
        [
            -11.029675483703613,
            -2.149707317352295,
            -2.4365346431732178,
            0.011173725128173828,
            0.2388780117034912,
            0.04971575736999512,
            0.08841776847839355,
            0.04188418388366699,
            0.360994815826416,
            0.30100035667419434
        ],
        [
            -11.62762451171875,
            -2.896514892578125,
            -2.5324156284332275,
            0.029339313507080078,
            0.5971803665161133,
            0.03792285919189453,
            0.29819393157958984,
            0.11334538459777832,
            1.0116677284240723,
            0.9809186458587646
        ],
        [
            -11.558124542236328,
            -2.816394329071045,
            -2.5242717266082764,
            0.028914451599121094,
            0.5609397888183594,
            0.03798699378967285,
            0.2778201103210449,
            0.10891485214233398,
            0.9554204940795898,
            0.9291431903839111
        ],
        [
            -11.622442245483398,
            -2.890486478805542,
            -2.5316884517669678,
            0.02963399887084961,
            0.5943536758422852,
            0.03774881362915039,
            0.29674243927001953,
            0.11295199394226074,
            1.0074741840362549,
            0.9773285388946533
        ],
        [
            -10.94239330291748,
            -2.0428411960601807,
            -2.4245200157165527,
            0.011035919189453125,
            0.18256592750549316,
            0.04675912857055664,
            0.05629730224609375,
            0.02672600746154785,
            0.26511406898498535,
            0.18963265419006348
        ],
        [
            -11.092741012573242,
            -2.2269089221954346,
            -2.447842836380005,
            0.013708353042602539,
            0.2794339656829834,
            0.04960465431213379,
            0.11117148399353027,
            0.0521845817565918,
            0.4361903667449951,
            0.3878049850463867
        ],
        [
            -11.097084999084473,
            -2.2309911251068115,
            -2.4483585357666016,
            0.013599157333374023,
            0.2826807498931885,
            0.04917168617248535,
            0.1122286319732666,
            0.052983760833740234,
            0.44174790382385254,
            0.3938271999359131
        ],
        [
            -10.974504470825195,
            -2.0815701484680176,
            -2.428767204284668,
            0.010546207427978516,
            0.20369887351989746,
            0.048366546630859375,
            0.06823587417602539,
            0.032331228256225586,
            0.29955339431762695,
            0.22964954376220703
        ],
        [
            -10.936654090881348,
            -2.0364487171173096,
            -2.424175500869751,
            0.010788440704345703,
            0.1786336898803711,
            0.04660964012145996,
            0.05434751510620117,
            0.025822162628173828,
            0.25899767875671387,
            0.18270635604858398
        ],
        [
            -11.638320922851562,
            -2.909144401550293,
            -2.5336074829101562,
            0.029730558395385742,
            0.6024074554443359,
            0.03786277770996094,
            0.3012239933013916,
            0.11422014236450195,
            1.0197036266326904,
            0.9885499477386475
        ],
        [
            -11.226343154907227,
            -2.4031918048858643,
            -2.474247932434082,
            0.023270368576049805,
            0.36406445503234863,
            0.04719829559326172,
            0.16266512870788574,
            0.07244133949279785,
            0.6045126914978027,
            0.5762650966644287
        ],
        [
            -11.444145202636719,
            -2.681628942489624,
            -2.5100173950195312,
            0.02799224853515625,
            0.49799466133117676,
            0.03927016258239746,
            0.2415449619293213,
            0.0997762680053711,
            0.8522639274597168,
            0.8312394618988037
        ],
        [
