{
    "collision_depths": [],
    "collision": false,
    "joint_limit_violation": false,
    "self_collision": false,
    "physical_violations": false,
    "config_smoothness": -5.1020772235353276,
    "eff_smoothness": -5.229096711109418,
    "eff_position_path_length": 20.80619222245522,
    "eff_orientation_path_length": 850.5955281143267,
    "physical_success": true,
    "time": 1.1179862022399902,
    "num_steps": 51,
    "trajectory_w": [
        [
            -11.603302001953125,
            -7.138992786407471,
            -2.0943827629089355,
            0.0,
            0.0,
            0.0,
            0.0,
            0.0,
            0.0,
            0.0
        ],
        [
            -11.728354454040527,
            -7.406123161315918,
            -2.14500093460083,
            -0.039071083068847656,
            0.2883915901184082,
            -0.09594392776489258,
            0.09453129768371582,
            -0.0676872730255127,
            -0.04310154914855957,
            -0.023118257522583008
        ],
        [
            -11.777324676513672,
            -7.3442606925964355,
            -2.143132448196411,
            -0.027086734771728516,
            0.26102304458618164,
            -0.08603143692016602,
            0.03707718849182129,
            -0.032998085021972656,
            -0.03834414482116699,
            -0.054869890213012695
        ],
        [
            -11.684036254882812,
            -7.354562282562256,
            -2.1337409019470215,
            -0.03868222236633301,
            0.2398068904876709,
            -0.0878896713256836,
            0.08534979820251465,
            -0.056923627853393555,
            -0.03928661346435547,
            -0.019306421279907227
        ],
        [
            -11.879417419433594,
            -7.616121768951416,
            -2.1613190174102783,
            -0.03269219398498535,
            0.5278470516204834,
            -0.14291834831237793,
            0.1463770866394043,
            -0.10196375846862793,
            -0.05066418647766113,
            -0.09716987609863281
        ],
        [
            -11.776524543762207,
            -7.343192100524902,
            -2.1409049034118652,
            -0.027408599853515625,
            0.2600867748260498,
            -0.08911967277526855,
            0.037602901458740234,
            -0.03045344352722168,
            -0.038031578063964844,
            -0.05696296691894531
        ],
        [
            -11.770366668701172,
            -7.328936576843262,
            -2.1390018463134766,
            -0.028424978256225586,
            0.2502024173736572,
            -0.0841054916381836,
            0.03392958641052246,
            -0.03001093864440918,
            -0.03737163543701172,
            -0.054421186447143555
        ],
        [
            -11.741312026977539,
            -7.506470680236816,
            -2.1448402404785156,
            -0.0409550666809082,
            0.4113426208496094,
            -0.1405792236328125,
            0.1368091106414795,
            -0.0839691162109375,
            -0.0456385612487793,
            -0.05496788024902344
        ],
        [
            -11.717535018920898,
            -7.432518482208252,
            -2.1346166133880615,
            -0.03813052177429199,
            0.3635575771331787,
            -0.15172839164733887,
            0.10105371475219727,
            -0.05089712142944336,
            -0.036098480224609375,
            -0.0677785873413086
        ],
        [
            -11.890557289123535,
            -7.696361064910889,
            -2.167503833770752,
            -0.03483319282531738,
            0.6232466697692871,
            -0.18871188163757324,
            0.18809890747070312,
            -0.10924220085144043,
            -0.04594707489013672,
            -0.11446666717529297
        ],
        [
            -11.92456340789795,
            -7.780969619750977,
            -2.178130865097046,
            -0.034883737564086914,
            0.7185554504394531,
            -0.22138237953186035,
            0.2255864143371582,
            -0.12062430381774902,
            -0.041083574295043945,
            -0.13354086875915527
        ],
        [
            -11.878156661987305,
            -7.702273845672607,
            -2.1790213584899902,
            -0.0326390266418457,
            0.6342675685882568,
            -0.21629762649536133,
            0.19163894653320312,
            -0.09440922737121582,
            -0.03882741928100586,
            -0.12142086029052734
        ],
        [
            -11.937239646911621,
            -7.789005756378174,
            -2.17561674118042,
            -0.03549814224243164,
            0.7273287773132324,
            -0.21506547927856445,
            0.22686100006103516,
            -0.12783217430114746,
            -0.042533159255981445,
            -0.1353297233581543
        ],
        [
            -11.773971557617188,
            -7.342210292816162,
            -2.1392433643341064,
            -0.027771711349487305,
            0.26337552070617676,
            -0.09068512916564941,
            0.03731870651245117,
            -0.030552148818969727,
            -0.03758716583251953,
            -0.058225393295288086
        ],
        [
            -11.82941722869873,
            -7.658237457275391,
            -2.16984224319458,
            -0.035535573959350586,
            0.5845010280609131,
            -0.21288537979125977,
            0.18438434600830078,
            -0.08677506446838379,
            -0.03943777084350586,
            -0.1048433780670166
        ],
        [
            -11.782975196838379,
            -7.352056980133057,
            -2.140760660171509,
            -0.028157949447631836,
            0.27066540718078613,
            -0.09183502197265625,
            0.040407419204711914,
            -0.032527923583984375,
            -0.03835916519165039,
            -0.05883526802062988
        ],
        [
            -11.821510314941406,
            -7.438761234283447,
            -2.155884027481079,
            -0.02621173858642578,
            0.3451366424560547,
            -0.10315895080566406,
            0.06822848320007324,
            -0.05318641662597656,
            -0.04418039321899414,
            -0.06860828399658203
        ],
        [
            -11.887588500976562,
            -7.741239070892334,
            -2.1783580780029297,
            -0.034247636795043945,
            0.6736869812011719,
            -0.22450995445251465,
            0.21321630477905273,
            -0.10523748397827148,
            -0.03944063186645508,
            -0.1233212947845459
        ],
        [
            -11.702199935913086,
            -7.371036052703857,
            -2.145317316055298,
            -0.0345914363861084,
            0.24861550331115723,
            -0.08640289306640625,
            0.08083891868591309,
            -0.05821514129638672,
            -0.04027891159057617,
            -0.0159909725189209
        ],
        [
            -11.688268661499023,
            -7.38133430480957,
            -2.132297992706299,
            -0.041687965393066406,
            0.2756688594818115,
            -0.10040879249572754,
            0.0964815616607666,
            -0.06256222724914551,
            -0.04025888442993164,
            -0.028377532958984375
        ],
        [
            -11.87476921081543,
            -7.720065593719482,
            -2.174387216567993,
            -0.034690141677856445,
            0.649437665939331,
            -0.21704602241516113,
            0.20551252365112305,
            -0.10310864448547363,
            -0.04092264175415039,
            -0.11694025993347168
        ],
        [
            -11.680814743041992,
            -7.364141941070557,
            -2.1278367042541504,
            -0.04031038284301758,
            0.25922226905822754,
            -0.10248637199401855,
            0.0912322998046875,
