{
    "collision_depths": [],
    "collision": false,
    "joint_limit_violation": false,
    "self_collision": false,
    "physical_violations": false,
    "config_smoothness": -7.0577400157460275,
    "eff_smoothness": -7.563539287149275,
    "eff_position_path_length": 17.78028572778882,
    "eff_orientation_path_length": 525.5246754347123,
    "physical_success": true,
    "time": 0.889326810836792,
    "num_steps": 51,
    "trajectory_w": [
        [
            -5.695475101470947,
            -5.965328216552734,
            -1.5702157020568848,
            0.0,
            0.0,
            0.0,
            0.0,
            0.0,
            0.0,
            0.0
        ],
        [
            -5.769222736358643,
            -6.8825836181640625,
            -1.6407496929168701,
            -8.726119995117188e-05,
            0.5066499710083008,
            0.15731477737426758,
            0.08047819137573242,
            0.14999794960021973,
            -0.05230259895324707,
            0.05291748046875
        ],
        [
            -5.751399040222168,
            -6.423681259155273,
            -1.6114933490753174,
            -0.0063626766204833984,
            0.21843576431274414,
            0.10663533210754395,
            0.04634523391723633,
            0.05561995506286621,
            -0.05977320671081543,
            0.06561064720153809
        ],
        [
            -5.722191333770752,
            -6.379262447357178,
            -1.5786705017089844,
            0.016214370727539062,
            0.2323620319366455,
            0.07889819145202637,
            0.03395724296569824,
            0.09117817878723145,
            -0.05455970764160156,
            0.050875186920166016
        ],
        [
            -5.682713031768799,
            -6.601002216339111,
            -1.5715000629425049,
            0.01755690574645996,
            0.3670804500579834,
            0.1294996738433838,
            0.07724761962890625,
            0.09881806373596191,
            -0.06220531463623047,
            0.07516360282897949
        ],
        [
            -5.7682881355285645,
            -6.902316570281982,
            -1.6403839588165283,
            0.0002124309539794922,
            0.5184659957885742,
            0.16011834144592285,
            0.0838630199432373,
            0.1517188549041748,
            -0.05203986167907715,
            0.05393576622009277
        ],
        [
            -5.7682366371154785,
            -6.449746131896973,
            -1.6292760372161865,
            -0.005501270294189453,
            0.2321155071258545,
            0.11065030097961426,
            0.037416934967041016,
            0.06336283683776855,
            -0.05713534355163574,
            0.05466151237487793
        ],
        [
            -5.718259811401367,
            -6.380587577819824,
            -1.570535659790039,
            0.0073778629302978516,
            0.2340104579925537,
            0.0874783992767334,
            0.042424917221069336,
            0.07965850830078125,
            -0.05717062950134277,
            0.058362722396850586
        ],
        [
            -5.6991119384765625,
            -6.903848171234131,
            -1.5827162265777588,
            0.011880159378051758,
            0.5330476760864258,
            0.18016266822814941,
            0.11629748344421387,
            0.12322998046875,
            -0.06000709533691406,
            0.08263134956359863
        ],
        [
            -5.774154186248779,
            -6.39346170425415,
            -1.6190752983093262,
            0.012073755264282227,
            0.225327730178833,
            0.0869755744934082,
            0.0009138584136962891,
            0.09045982360839844,
            -0.04817032814025879,
            0.03051447868347168
        ],
        [
            -5.7834296226501465,
            -6.411099910736084,
            -1.6206276416778564,
            -0.016742229461669922,
            0.22356772422790527,
            0.11345505714416504,
            0.020140886306762695,
            0.056928396224975586,
            -0.053011178970336914,
            0.04570937156677246
        ],
        [
            -5.769509315490723,
            -6.415910720825195,
            -1.6145353317260742,
            -0.016505718231201172,
            0.2209625244140625,
            0.11416172981262207,
            0.03555440902709961,
            0.050084590911865234,
            -0.057143211364746094,
            0.058451175689697266
        ],
        [
            -5.706271648406982,
            -6.443594455718994,
            -1.5737709999084473,
            0.01788640022277832,
            0.2771282196044922,
            0.09143519401550293,
            0.045629262924194336,
            0.09656023979187012,
            -0.0568082332611084,
            0.05906057357788086
        ],
        [
            -5.747723579406738,
            -6.37532901763916,
            -1.5816798210144043,
            -0.014065980911254883,
            0.2181251049041748,
            0.1043555736541748,
            0.043123483657836914,
            0.051836252212524414,
            -0.05888175964355469,
            0.06318378448486328
        ],
        [
            -5.792088508605957,
            -6.712856769561768,
            -1.638298749923706,
            -0.007055044174194336,
            0.4002516269683838,
            0.1383957862854004,
            0.05058860778808594,
            0.12283563613891602,
            -0.05214691162109375,
            0.04391217231750488
        ],
        [
            -5.728592872619629,
            -6.412137508392334,
            -1.5657474994659424,
            0.005792140960693359,
            0.2687051296234131,
            0.09407615661621094,
            0.03119802474975586,
            0.08686017990112305,
            -0.05356144905090332,
            0.05061793327331543
        ],
        [
            -5.742433071136475,
            -6.377598285675049,
            -1.5827221870422363,
            0.016234159469604492,
            0.23912405967712402,
            0.0782315731048584,
            0.015663862228393555,
            0.09888792037963867,
            -0.05033230781555176,
            0.036586761474609375
        ],
        [
            -5.6883344650268555,
            -6.799580097198486,
            -1.5774624347686768,
            0.01479196548461914,
            0.4747312068939209,
            0.16407346725463867,
            0.10439848899841309,
            0.11460280418395996,
            -0.06243276596069336,
            0.08165383338928223
        ],
        [
            -5.774779319763184,
            -6.456049919128418,
            -1.6244380474090576,
            -0.013126611709594727,
            0.24071526527404785,
            0.11787009239196777,
            0.03612709045410156,
            0.0594785213470459,
            -0.056400299072265625,
            0.053923845291137695
        ],
        [
            -5.760153770446777,
            -6.421202182769775,
            -1.5929088592529297,
            0.010386466979980469,
            0.26728296279907227,
            0.09059596061706543,
            0.0063326358795166016,
            0.10262656211853027,
            -0.04934120178222656,
            0.032079219818115234
        ],
        [
            -5.751794338226318,
            -6.405715465545654,
            -1.5959410667419434,
            -0.013457298278808594,
            0.22188019752502441,
            0.11036467552185059,
            0.04684853553771973,
            0.049689292907714844,
            -0.06002163887023926,
            0.06548023223876953
        ],
        [
            -5.762289047241211,
            -6.458977699279785,
            -1.6131138801574707,
            -0.013251066207885742,
            0.24277973175048828,
            0.11915731430053711,
            0.04777073860168457,
            0.05600118637084961,
            -0.05952882766723633,
