{
    "collision_depths": [
        0.010685904668549915,
        0.00588528570939382
    ],
    "collision": true,
    "joint_limit_violation": false,
    "self_collision": false,
    "physical_violations": true,
    "config_smoothness": -6.204680307249465,
    "eff_smoothness": -6.294089337376324,
    "eff_position_path_length": 40.03705566751917,
    "eff_orientation_path_length": 1273.8835243745714,
    "physical_success": false,
    "time": 0.7799808979034424,
    "num_steps": 51,
    "trajectory_w": [
        [
            -7.948707580566406,
            -9.5711030960083,
            0.17510025203227997,
            0.0,
            0.0,
            0.0,
            -2.384185791015625e-07,
            0.0,
            0.0,
            0.0
        ],
        [
            -6.61213493347168,
            -9.19344711303711,
            0.08958165347576141,
            0.018428325653076172,
            0.7952346801757812,
            -0.006613969802856445,
            0.2611565589904785,
            0.017251968383789062,
            0.09438347816467285,
            -0.12992238998413086
        ],
        [
            -7.63131856918335,
            -9.535008430480957,
            0.1573893278837204,
            -0.004477500915527344,
            0.19652700424194336,
            -0.014034509658813477,
            0.02039790153503418,
            0.02487802505493164,
            0.011739492416381836,
            -0.0437166690826416
        ],
        [
            -6.4725213050842285,
            -9.148681640625,
            0.08342830836772919,
            0.02408576011657715,
            0.8803396224975586,
            -0.008601188659667969,
            0.29444336891174316,
            0.014610528945922852,
            0.10926485061645508,
            -0.14639902114868164
        ],
        [
            -7.636096000671387,
            -9.475797653198242,
            0.1268409937620163,
            -0.010698795318603516,
            0.1692354679107666,
            0.007236480712890625,
            0.06091666221618652,
            -0.008542776107788086,
            0.0024492740631103516,
            -0.002696990966796875
        ],
        [
            -7.615377426147461,
            -9.47058391571045,
            0.1249193400144577,
            -0.007706403732299805,
            0.17908120155334473,
            0.004190683364868164,
            0.0644073486328125,
            -0.0052263736724853516,
            0.00410771369934082,
            -0.0025336742401123047
        ],
        [
            -7.421060085296631,
            -9.40102767944336,
            0.12629739940166473,
            -0.010368108749389648,
            0.2987477779388428,
            0.030080080032348633,
            0.10620880126953125,
            -0.017821550369262695,
            0.01053309440612793,
            -0.04074501991271973
        ],
        [
            -7.303877353668213,
            -9.40231704711914,
            0.12296335399150848,
            -0.007777690887451172,
            0.36069798469543457,
            0.024591922760009766,
            0.11819005012512207,
            -0.019793272018432617,
            0.01885700225830078,
            -0.04426455497741699
        ],
        [
            -7.640320301055908,
            -9.47089672088623,
            0.12810532748699188,
            -0.013347148895263672,
            0.17126989364624023,
            0.010341644287109375,
            0.062155723571777344,
            -0.010738372802734375,
            0.0024347305297851562,
            -0.005878925323486328
        ],
        [
            -7.459789752960205,
            -9.427206039428711,
            0.12499825656414032,
            -0.012604951858520508,
            0.27658915519714355,
            0.03521108627319336,
            0.09095573425292969,
            -0.02392864227294922,
            0.007236480712890625,
            -0.039214372634887695
        ],
        [
            -7.638615131378174,
            -9.467668533325195,
            0.12886421382427216,
            -0.014414548873901367,
            0.1738448143005371,
            0.01150369644165039,
            0.06307125091552734,
            -0.011723995208740234,
            0.0028045177459716797,
            -0.007686614990234375
        ],
        [
            -7.642430782318115,
            -9.47214126586914,
            0.12842004001140594,
            -0.013054847717285156,
            0.16939735412597656,
            0.009296655654907227,
            0.06139183044433594,
            -0.00989389419555664,
            0.002414703369140625,
            -0.005213022232055664
        ],
        [
            -6.749263763427734,
            -9.220584869384766,
            0.09539477527141571,
            0.012986898422241211,
            0.7162275314331055,
            -0.014713525772094727,
            0.23575043678283691,
            0.026594877243041992,
            0.08194804191589355,
            -0.11773967742919922
        ],
        [
            -7.262530326843262,
            -9.464938163757324,
            0.11160771548748016,
            -0.004563093185424805,
            0.395963191986084,
            -0.0021507740020751953,
            0.09373116493225098,
            -0.0007011890411376953,
            0.0323338508605957,
            -0.048264265060424805
        ],
        [
            -7.53555154800415,
            -9.436620712280273,
            0.12521211802959442,
            -0.013179302215576172,
            0.23391413688659668,
            0.027302980422973633,
            0.0829169750213623,
            -0.021094799041748047,
            0.0052602291107177734,
            -0.024309635162353516
        ],
        [
            -7.377745628356934,
            -9.40540599822998,
            0.12406961619853973,
            -0.009554386138916016,
            0.3196134567260742,
            0.028476476669311523,
            0.10989046096801758,
            -0.019973278045654297,
            0.012817621231079102,
            -0.04097247123718262
        ],
        [
            -7.644687175750732,
            -9.532781600952148,
            0.15905039012432098,
            -0.006508827209472656,
            0.1926746368408203,
            -0.009893178939819336,
            0.020829439163208008,
            0.02287006378173828,
            0.010802984237670898,
            -0.04489636421203613
        ],
        [
            -6.464119911193848,
            -9.146228790283203,
            0.08306877315044403,
            0.024519681930541992,
            0.8853254318237305,
            -0.008277177810668945,
            0.2963218688964844,
            0.014398574829101562,
            0.11005496978759766,
            -0.14748811721801758
        ],
        [
            -7.543747901916504,
            -9.468293190002441,
            0.14633409678936005,
            -0.006012439727783203,
            0.2651557922363281,
            -0.0322878360748291,
            0.04936838150024414,
            0.03774404525756836,
            0.02449655532836914,
            -0.05668139457702637
        ],
        [
            -7.644230842590332,
            -9.53954792022705,
            0.1584419459104538,
            -0.004371166229248047,
            0.18815207481384277,
            -0.010355710983276367,
            0.017922163009643555,
            0.022784948348999023,
            0.009929180145263672,
            -0.04135775566101074
        ],
        [
            -7.6149702072143555,
            -9.532696723937988,
            0.155770942568779,
            -0.0030527114868164062,
            0.20388245582580566,
            -0.01787090301513672,
            0.02202153205871582,
            0.026648521423339844,
            0.013266324996948242,
            -0.04354095458984375
        ],
        [
            -6.98054838180542,
            -9.269696235656738,
            0.1105906218290329,
            0.007279634475708008,
            0.5701503753662109,
