{
    "collision_depths": [],
    "collision": false,
    "joint_limit_violation": false,
    "self_collision": false,
    "physical_violations": false,
    "config_smoothness": -5.427141153493599,
    "eff_smoothness": -5.640094270941135,
    "eff_position_path_length": 25.802577682075544,
    "eff_orientation_path_length": 1224.76151635735,
    "physical_success": true,
    "time": 0.7871167659759521,
    "num_steps": 51,
    "trajectory_w": [
        [
            -6.513479709625244,
            -7.161707878112793,
            2.435100555419922,
            0.0,
            0.0,
            0.0,
            0.0,
            0.0,
            0.0,
            0.0
        ],
        [
            -6.730194568634033,
            -6.894920825958252,
            2.4127955436706543,
            -0.0528409481048584,
            0.23757553100585938,
            0.07612347602844238,
            0.11771655082702637,
            -0.022974491119384766,
            0.10362529754638672,
            0.027071237564086914
        ],
        [
            -6.754668235778809,
            -6.816775321960449,
            2.4080445766448975,
            -0.06431794166564941,
            0.3053922653198242,
            0.07441902160644531,
            0.12552690505981445,
            -0.0456690788269043,
            0.12290191650390625,
            0.01796102523803711
        ],
        [
            -6.868596076965332,
            -6.763289451599121,
            2.4168591499328613,
            -0.07050871849060059,
            0.3716592788696289,
            0.08591008186340332,
            0.19213318824768066,
            -0.007661581039428711,
            0.16673612594604492,
            0.031005859375
        ],
        [
            -6.874301433563232,
            -6.770498275756836,
            2.434704065322876,
            -0.06289815902709961,
            0.3435933589935303,
            0.05982828140258789,
            0.17870640754699707,
            0.02558445930480957,
            0.16377973556518555,
            0.033161163330078125
        ],
        [
            -6.65980863571167,
            -6.900528907775879,
            2.445594549179077,
            -0.03663492202758789,
            0.19782257080078125,
            0.028057575225830078,
            0.051699161529541016,
            0.0023207664489746094,
            0.07956290245056152,
            0.007082939147949219
        ],
        [
            -6.679052829742432,
            -6.934319496154785,
            2.420217514038086,
            -0.0477750301361084,
            0.1945507526397705,
            0.06155800819396973,
            0.09265446662902832,
            -0.01939702033996582,
            0.08530879020690918,
            0.022600412368774414
        ],
        [
            -7.034096717834473,
            -6.547807216644287,
            2.4398081302642822,
            -0.08262109756469727,
            0.5775771141052246,
            0.030530452728271484,
            0.25956249237060547,
            -0.0061109066009521484,
            0.2743237018585205,
            0.037142038345336914
        ],
        [
            -7.318230152130127,
            -6.317112922668457,
            2.4406261444091797,
            -0.11791801452636719,
            0.8123440742492676,
            0.05164146423339844,
            0.40289735794067383,
            0.0019767284393310547,
            0.3804159164428711,
            0.050977468490600586
        ],
        [
            -6.822997093200684,
            -6.78627872467041,
            2.4077181816101074,
            -0.06501197814941406,
            0.35137271881103516,
            0.0822134017944336,
            0.16755223274230957,
            -0.03385496139526367,
            0.1505601406097412,
            0.0260159969329834
        ],
        [
            -7.304403781890869,
            -6.3286967277526855,
            2.440382242202759,
            -0.11642861366271973,
            0.8013181686401367,
            0.05125904083251953,
            0.3971400260925293,
            0.001882314682006836,
            0.3750631809234619,
            0.05067276954650879
        ],
        [
            -7.074085235595703,
            -6.564806938171387,
            2.4326062202453613,
            -0.09305119514465332,
            0.5724482536315918,
            0.0592045783996582,
            0.29694318771362305,
            0.004864931106567383,
            0.265775203704834,
            0.04423642158508301
        ],
        [
            -7.306433200836182,
            -6.328042984008789,
            2.4400908946990967,
            -0.11684942245483398,
            0.8027536869049072,
            0.05125236511230469,
            0.3979911804199219,
            0.0019500255584716797,
            0.3761751651763916,
            0.05069851875305176
        ],
        [
            -7.198194980621338,
            -6.423429012298584,
            2.437220573425293,
            -0.1058804988861084,
            0.7106046676635742,
            0.04871726036071777,
            0.3503234386444092,
            -0.00028586387634277344,
            0.3325819969177246,
            0.046746253967285156
        ],
        [
            -6.74775505065918,
            -6.807723045349121,
            2.447993755340576,
            -0.0485682487487793,
            0.3005650043487549,
            0.013942480087280273,
            0.10146450996398926,
            -0.011902809143066406,
            0.13442587852478027,
            0.019480466842651367
        ],
        [
            -6.765608310699463,
            -6.806177139282227,
            2.4554097652435303,
            -0.04777932167053223,
            0.2895364761352539,
            0.008203268051147461,
            0.09639549255371094,
            0.010580301284790039,
            0.13374924659729004,
            0.0177609920501709
        ],
        [
            -6.930201053619385,
            -6.6350860595703125,
            2.4456470012664795,
            -0.06843852996826172,
            0.4783318042755127,
            0.01717972755432129,
            0.19799184799194336,
            -0.007793426513671875,
            0.2271413803100586,
            0.03328990936279297
        ],
        [
            -6.765247344970703,
            -6.80552339553833,
            2.454808235168457,
            -0.04791712760925293,
            0.2871582508087158,
            0.009505271911621094,
            0.09493398666381836,
            0.012537479400634766,
            0.13235712051391602,
            0.01719808578491211
        ],
        [
            -7.17682409286499,
            -6.442588806152344,
            2.4368720054626465,
            -0.10352611541748047,
            0.6911911964416504,
            0.048668622970581055,
            0.34030699729919434,
            -0.0002872943878173828,
            0.3231394290924072,
            0.0455927848815918
        ],
        [
            -7.237542629241943,
            -6.388534069061279,
            2.438403367996216,
            -0.10996699333190918,
            0.7450416088104248,
            0.04924345016479492,
            0.36801958084106445,
            0.0006279945373535156,
            0.3491017818450928,
            0.04842329025268555
        ],
        [
            -7.0359368324279785,
            -6.550186634063721,
            2.4396770000457764,
            -0.08258247375488281,
            0.579632043838501,
            0.03016495704650879,
            0.26227474212646484,
            -0.006198883056640625,
            0.2760274410247803,
            0.03815937042236328
        ],
        [
            -7.164885520935059,
            -6.450785160064697,
            2.4374001026153564,
            -0.10188436508178711,
            0.6821460723876953,
            0.046675920486450195,
            0.33412718772888184,
            -0.00013780593872070312,
            0.3197915554046631,
            0.04517221450805664
        ],
        [
