{
    "collision_depths": [
        0.3840143920190712,
        0.021913255369901706,
        0.016388368067303462,
        0.020565691640752413,
        0.02325198644339125,
        0.022896242571557424,
        0.08245177337321218,
        0.017257562599543568,
        0.04993362825479204,
        0.013630752851988948,
        0.027133518928016902,
        0.036971878196234015,
        0.035518307041379954,
        0.020077328563865317,
        0.05236386266004083,
        0.08265577132350455,
        0.035523623293280404,
        0.029333580936409424,
        0.006498565065863519,
        0.01803839326943982,
        0.017145077759079586,
        0.03992472183166422,
        0.009387022269636613,
        0.039185897289898554,
        0.005303052372057608,
        0.015568154137773453,
        0.0007195996454273681,
        0.007880792264654806,
        0.009074509784674348,
        0.04076932307220058,
        0.023705889587044206,
        0.013430628004624275,
        0.004964832764163201,
        0.028255718385221874,
        0.0061890005246406305,
        0.01823601880181941,
        0.009004259132874042,
        0.028366778773081913,
        0.00879896640348953,
        0.04312679276452193,
        0.008732107930997778,
        0.007215440693313317,
        0.037517598350683766,
        0.06465524296958435,
        0.0017256318185832264,
        0.043821796486197315,
        0.06984312056365317,
        0.050895914199803396,
        0.07073245895206524,
        0.07186012992850407,
        0.06126317215070476,
        0.041897860023141324,
        0.03807428811340079,
        0.02633663921677201,
        0.2884585815724879,
        0.11687992959642984,
        0.15409983231013172,
        0.03926774966114247,
        0.042094389460415306,
        0.1159603735318144,
        0.12596037353181597,
        0.10895904504317261,
        0.11895904504317432,
        0.0807340694882156,
        0.08844178111990794,
        0.12210948749775881,
        0.13210948749776094,
        0.2824865708816687,
        0.29248657088167035,
        0.015783850837122106,
        0.0057838508371237714,
        0.07595477887199803,
        0.16822562815520106,
        0.09123676093369465
    ],
    "collision": true,
    "joint_limit_violation": true,
    "self_collision": true,
    "physical_violations": true,
    "config_smoothness": -4.057579985964213,
    "eff_smoothness": -4.942681419979793,
    "eff_position_path_length": 138.87300320666913,
    "eff_orientation_path_length": 6133.783421034126,
    "physical_success": false,
    "time": 5.561731576919556,
    "num_steps": 51,
    "trajectory_w": [
        [
            -3.5891942977905273,
            -5.035084247589111,
            0.17808234691619873,
            0.0,
            0.0,
            0.0,
            0.0,
            0.0,
            0.0,
            0.0
        ],
        [
            -4.968636512756348,
            -6.927700519561768,
            0.5181840658187866,
            -0.3460972309112549,
            -0.5899878740310669,
            -1.091252088546753,
            0.8473145961761475,
            -0.4300224781036377,
            -0.4882591962814331,
            -1.3234531879425049
        ],
        [
            -6.814176082611084,
            -9.538285255432129,
            0.8409613370895386,
            -0.4798307418823242,
            -0.9550638198852539,
            -2.1332523822784424,
            1.403266429901123,
            -0.6307113170623779,
            -0.8056672811508179,
            -2.5642194747924805
        ],
        [
            -7.379206657409668,
            -10.838981628417969,
            1.125226616859436,
            -0.3328883647918701,
            -0.9865272045135498,
            -3.056711196899414,
            1.557185411453247,
            -0.5102689266204834,
            -0.8802778720855713,
            -3.693227767944336
        ],
        [
            -8.760897636413574,
            -12.984854698181152,
            1.3639041185379028,
            0.01415252685546875,
            -0.7759624719619751,
            -3.811347723007202,
            1.4266703128814697,
            -0.1369180679321289,
            -0.7392697334289551,
            -4.74122428894043
        ],
        [
            -9.761819839477539,
            -9.09421157836914,
            0.7122405767440796,
            2.302095651626587,
            1.2523763179779053,
            -0.5084819793701172,
            -0.2190847396850586,
            2.730315923690796,
            2.6840550899505615,
            -4.781415939331055
        ],
        [
            -10.871333122253418,
            -3.694655179977417,
            0.3432849645614624,
            3.819847345352173,
            3.5636918544769287,
            2.5350663661956787,
            1.376175880432129,
            2.053107500076294,
            4.110557556152344,
            -4.009335994720459
        ],
        [
            -11.55971622467041,
            -0.5037404298782349,
            0.7438217401504517,
            4.26728630065918,
            4.267690658569336,
            2.4928348064422607,
            1.7044823169708252,
            -0.4815089702606201,
            3.239225149154663,
            -3.372884511947632
        ],
        [
            -10.779949188232422,
            -0.2653195261955261,
            0.6558443307876587,
            1.5550529956817627,
            2.082629919052124,
            -0.5940647125244141,
            1.772594690322876,
            -1.2728910446166992,
            1.5789158344268799,
            -1.2861459255218506
        ],
        [
            -6.659821510314941,
            -2.2326533794403076,
            0.8883689641952515,
            -2.66518497467041,
            -0.4775165319442749,
            -2.183910608291626,
            1.5586469173431396,
            -0.2952907085418701,
            -0.2072969675064087,
            1.124269723892212
        ],
        [
            -0.7259235382080078,
            -4.925975322723389,
            1.0436307191848755,
            -2.730085849761963,
            -1.0767940282821655,
            -1.7003250122070312,
            0.6874172687530518,
            -0.7569608688354492,
            0.10356807708740234,
            1.5572550296783447
        ],
        [
            3.6055891513824463,
            -7.145336627960205,
            0.5701268911361694,
            0.12521123886108398,
            3.6263973712921143,
            -2.109440803527832,
            1.7365138530731201,
            -2.403759479522705,
            1.673168420791626,
            3.3838884830474854
        ],
        [
            4.53840446472168,
            -8.77165699005127,
            0.6015056371688843,
            -0.31273341178894043,
            4.22929573059082,
            -4.15076208114624,
            4.176733016967773,
            -3.354267120361328,
            0.7934877872467041,
            5.827637672424316
        ],
        [
            2.0470590591430664,
            -9.600296974182129,
            1.0465680360794067,
            -3.844010591506958,
            1.5490458011627197,
            -3.8904378414154053,
            4.417009353637695,
            -2.2771666049957275,
            -1.1619787216186523,
            4.936216354370117
        ],
        [
            -1.1257442235946655,
            -10.17282772064209,
            1.0092283487319946,
            -5.095170974731445,
            0.15613365173339844,
            0.4876983165740967,
            -0.2939579486846924,
            0.14518022537231445,
            -1.9304207563400269,
            0.9392564296722412
        ],
        [
            -1.8698443174362183,
            -11.459280967712402,
            -0.017838120460510254,
            -3.1878859996795654,
            -0.3020210266113281,
            3.3535878658294678,
            -3.266674041748047,
            3.0446951389312744,
            -2.252450942993164,
            -2.376298666000366
        ],
