{
    "collision_depths": [
        0.04270299086413648,
        0.052702990804022555,
        0.12258764543533138,
        0.008532783243751143,
        0.017746440616375776,
        0.007236247351373112,
        0.020339950961699167,
        0.03115424359333692,
        0.11816642956800011,
        0.06682028880626795,
        0.07458507388320935,
        0.18383163729496382,
        0.023494994777884404,
        0.006378881942579103,
        0.004841907009845177,
        0.03056337838696991,
        0.040563378386970744,
        0.08673778487061434,
        0.07406781823893513,
        0.11444523262673675,
        0.19452805778898966,
        0.2841852757075877,
        0.113448181070791,
        0.10920688210641097,
        0.11330913731765872,
        0.2823543686322824,
        0.28081739891638285,
        0.010874617447323803,
        0.009721206352746642,
        0.02804404824429528,
        0.04520027628514709,
        0.1536882257697855,
        0.1568171961487946,
        0.13249985073835,
        0.04222593157007057,
        0.06898389963589706,
        0.15806521533623102,
        0.161353192654008,
        0.17383179915186758,
        0.17411925171003428,
        0.15973841908100936,
        0.1179782338553792,
        0.09856042352511259,
        0.0911385552507036,
        0.08717224754758204,
        0.07206006703893002,
        0.06536708194697764,
        0.057277124250335536,
        0.04681334672098385,
        0.026682815088611856,
        0.020869994387082064,
        0.010219110253035712,
        0.01013114012843624,
        0.01191296978492395,
        0.00477301501457084,
        0.025652979665617262,
        0.006863245261438522,
        0.018246643885861637,
        0.005289533870085992,
        0.005058153644515849,
        0.006253049902173711,
        0.06981853983336922,
        0.039715982565020895,
        0.015585436300620056,
        0.020388674093805115,
        0.01766277552039584
    ],
    "collision": true,
    "joint_limit_violation": true,
    "self_collision": true,
    "physical_violations": true,
    "config_smoothness": -3.571518134121881,
    "eff_smoothness": -3.8716757874547922,
    "eff_position_path_length": 124.73773954491232,
    "eff_orientation_path_length": 6821.879624842565,
    "physical_success": false,
    "time": 5.769464731216431,
    "num_steps": 51,
    "trajectory_w": [
        [
            -11.603302001953125,
            -7.138992786407471,
            -2.0943827629089355,
            0.0,
            0.0,
            0.0,
            0.0,
            0.0,
            0.0,
            0.0
        ],
        [
            -11.511363983154297,
            -6.9156365394592285,
            -1.3074145317077637,
            -0.6862936019897461,
            1.1235301494598389,
            1.0592849254608154,
            -0.23312139511108398,
            0.17966198921203613,
            0.11577415466308594,
            -1.3282356262207031
        ],
        [
            -11.284087181091309,
            -5.757774829864502,
            -0.6380336284637451,
            -1.186314344406128,
            2.103715658187866,
            2.0342538356781006,
            -0.4988365173339844,
            0.41190242767333984,
            0.6275484561920166,
            -2.5011982917785645
        ],
        [
            -9.853236198425293,
            -6.1369099617004395,
            -0.12575936317443848,
            -1.4406826496124268,
            2.872542142868042,
            2.8613712787628174,
            -0.8158861398696899,
            0.7085883617401123,
            1.6107206344604492,
            -3.4425506591796875
        ],
        [
            -8.81744384765625,
            -5.172461986541748,
            0.2582824230194092,
            -1.503896713256836,
            3.459703207015991,
            3.5284464359283447,
            -1.196311116218567,
            1.0391733646392822,
            2.8290297985076904,
            -4.164337158203125
        ],
        [
            -8.383968353271484,
            -6.7280497550964355,
            -1.0514419078826904,
            0.5740175247192383,
            1.9510343074798584,
            1.1906664371490479,
            -2.843963623046875,
            1.2768781185150146,
            2.6203205585479736,
            -0.6900670528411865
        ],
        [
            -8.776200294494629,
            -8.589767456054688,
            -1.804792881011963,
            0.949573278427124,
            3.967858076095581,
            -0.37223052978515625,
            -1.5147473812103271,
            1.278651475906372,
            1.8792657852172852,
            2.929544687271118
        ],
        [
            -9.303297996520996,
            -8.79874324798584,
            -0.2435305118560791,
            -0.7067892551422119,
            3.6041147708892822,
            0.6659882068634033,
            0.23419189453125,
            1.0869624614715576,
            3.327256917953491,
            2.2632529735565186
        ],
        [
            -9.751659393310547,
            -7.415249347686768,
            2.326972484588623,
            -1.9490954875946045,
            -0.7573806047439575,
            1.2255218029022217,
            -0.07995438575744629,
            1.327082872390747,
            3.0984370708465576,
            -2.4289910793304443
        ],
        [
            -11.644760131835938,
            -6.455047607421875,
            3.1339640617370605,
            -2.970658302307129,
            -1.4263166189193726,
            0.4577624797821045,
            -1.8613214492797852,
            1.6918604373931885,
            2.7343318462371826,
            -4.660829067230225
        ],
        [
            -15.219152450561523,
            -5.662055015563965,
            1.2637298107147217,
            -3.9180285930633545,
            -0.820826530456543,
            0.375751256942749,
            -2.065711498260498,
            0.856616735458374,
            0.9867587089538574,
            -2.9734890460968018
        ],
        [
            -17.30198860168457,
            -4.831044673919678,
            -0.8741500377655029,
            -3.4577291011810303,
            -0.8096791505813599,
            1.628929853439331,
            1.267876386642456,
            -0.6550033092498779,
            -1.4044444561004639,
            -1.6832093000411987
        ],
        [
            -17.15083885192871,
            -3.8827555179595947,
            -2.015228509902954,
            -2.535545825958252,
            -1.7623090744018555,
            2.151271104812622,
            1.8682029247283936,
            -1.8313329219818115,
            -1.0417786836624146,
            -3.1186182498931885
        ],
        [
            -15.561345100402832,
            -3.180246353149414,
            -1.4085876941680908,
            -2.5354747772216797,
            -1.5643088817596436,
            0.20304465293884277,
            -1.4433480501174927,
            -1.1771456003189087,
            -2.291259288787842,
            -4.848456382751465
        ],
        [
            -13.777165412902832,
            -3.4621877670288086,
            1.5018031597137451,
            -0.8217148780822754,
            -2.5626821517944336,
            -2.2948031425476074,
            -0.7206982374191284,
            -2.1310858726501465,
            -1.282109022140503,
            -5.351539611816406
        ],
        [
            -13.840827941894531,
            -5.307456970214844,
            1.639127492904663,
            1.435760736465454,
            -1.191293716430664,
            -3.152372121810913,
            0.6323444843292236,
            -3.5397491455078125,
            -1.6420366764068604,
            -4.603824615478516
        ],
        [
            -16.563478469848633,
            -7.299351215362549,
            -0.14018988609313965,
            0.3734464645385742,
            3.3674747943878174,
            -2.1776700019836426,
            0.8651976585388184,
