{
    "collision_depths": [
        0.021169201051252057,
        0.0187829077235705,
        0.020083329206278318,
        0.09678809729869696,
        0.003282572676288704,
        0.0549187489406426,
        0.013940394690630414,
        0.05653492211515852,
        0.01070606686901112,
        0.07131567379295006,
        0.011020632786651104,
        0.08237575709792719,
        0.10152320486211043,
        0.08291515726750116,
        0.0027705942240995804,
        0.08449370582387244,
        0.005391131763685596,
        0.0832661654086863,
        0.0921301877688238,
        0.12758014890120842,
        0.10547715277256789,
        0.015844958989100735,
        0.014007368077773204,
        0.06714756381578826,
        0.03386316002186305,
        0.1885445731898149,
        0.018042190250370932,
        0.006737527988716431,
        0.02827996428569457,
        0.035295070163507546,
        0.032731448250121094,
        0.009229490317538504,
        0.05639512084035524,
        0.2231848191323312,
        0.07221181116612947,
        0.08322599442295153,
        0.22119040142969582,
        0.07610095393909137,
        0.12023284665900832,
        0.008528212947667662,
        0.018528212947667416,
        0.003280637706592289,
        0.013280637706592081,
        0.01653613318508281,
        0.026536133185082574,
        0.04104666922898049,
        0.051046669228979824,
        0.027854019876758115,
        0.022065443343443816,
        0.03785401987675783,
        0.06560768597330163,
        0.07560768597330135,
        0.036104264246068975,
        0.0461042642460687,
        0.032065443343443537
    ],
    "collision": true,
    "joint_limit_violation": true,
    "self_collision": true,
    "physical_violations": true,
    "config_smoothness": -3.8563384022251,
    "eff_smoothness": -4.613298066634968,
    "eff_position_path_length": 134.00542202175168,
    "eff_orientation_path_length": 6260.413805725134,
    "physical_success": false,
    "time": 5.896631956100464,
    "num_steps": 51,
    "trajectory_w": [
        [
            -6.122864246368408,
            -6.906620502471924,
            -1.212049961090088,
            0.0,
            0.0,
            0.0,
            0.0,
            0.0,
            0.0,
            0.0
        ],
        [
            -7.055026054382324,
            -5.545331954956055,
            -0.5923495292663574,
            -1.3056652545928955,
            -0.24366819858551025,
            -0.3663787841796875,
            0.4891166687011719,
            -0.2948119640350342,
            -0.16205263137817383,
            -0.7378597259521484
        ],
        [
            -9.152617454528809,
            -4.127665042877197,
            -0.11791586875915527,
            -2.514633893966675,
            -0.4084634780883789,
            -0.6820259094238281,
            0.9322638511657715,
            -0.4963550567626953,
            -0.5244981050491333,
            -1.382116675376892
        ],
        [
            -9.391280174255371,
            -3.6810262203216553,
            0.16293072700500488,
            -3.610562324523926,
            -0.45854878425598145,
            -0.9149599075317383,
            1.3131060600280762,
            -0.5628809928894043,
            -1.1356563568115234,
            -1.9158889055252075
        ],
        [
            -10.99805736541748,
            -2.6528635025024414,
            0.2893636226654053,
            -4.648387908935547,
            -0.4464000463485718,
            -1.0733990669250488,
            1.6645605564117432,
            -0.5148935317993164,
            -1.8694075345993042,
            -2.379014492034912
        ],
        [
            -11.117603302001953,
            -2.4129440784454346,
            -1.4205458164215088,
            -5.649147987365723,
            -0.7138665914535522,
            -0.3434731960296631,
            2.3141891956329346,
            1.1340577602386475,
            -1.1003758907318115,
            -2.002305030822754
        ],
        [
            -8.805273056030273,
            -2.5210916996002197,
            -2.0257747173309326,
            -5.528988838195801,
            0.6543855667114258,
            -0.8382961750030518,
            2.94626784324646,
            1.9509241580963135,
            1.5007343292236328,
            -0.9506635665893555
        ],
        [
            -4.586650848388672,
            -3.5868241786956787,
            -0.9411957263946533,
            -5.336709976196289,
            1.2275383472442627,
            -4.907087326049805,
            1.3497724533081055,
            1.001131296157837,
            1.4065971374511719,
            0.19165730476379395
        ],
        [
            -1.123947024345398,
            -6.30867862701416,
            0.6336138248443604,
            -5.486407279968262,
            -2.9770989418029785,
            -7.890172004699707,
            1.3497729301452637,
            -1.470880150794983,
            -0.3799917697906494,
            0.7414283752441406
        ],
        [
            -0.22629880905151367,
            -9.149680137634277,
            2.5617196559906006,
            -5.387110710144043,
            -6.448489189147949,
            -4.793219089508057,
            2.4502761363983154,
            -4.028148174285889,
            -1.9973844289779663,
            0.7083547115325928
        ],
        [
            -0.9354009628295898,
            -11.137426376342773,
            2.4706904888153076,
            -5.193122863769531,
            -6.492749214172363,
            -1.5979571342468262,
            3.4632670879364014,
            -5.574856758117676,
            -2.288193464279175,
            -0.030244112014770508
        ],
        [
            -1.832905888557434,
            -11.766311645507812,
            0.3974149227142334,
            -4.658316612243652,
            -4.964460372924805,
            -2.552563190460205,
            3.0979831218719482,
            -5.924992084503174,
            -0.05234789848327637,
            -1.075927972793579
        ],
        [
            -2.0906455516815186,
            -11.724614143371582,
            -0.3828258514404297,
            -4.139358043670654,
            -1.7334916591644287,
            -3.567551851272583,
            1.5231568813323975,
            -2.7073545455932617,
            1.8880479335784912,
            -0.7149922847747803
        ],
        [
            -2.6197829246520996,
            -10.949462890625,
            -0.30823206901550293,
            -4.192173957824707,
            -1.2761573791503906,
            0.4314916133880615,
            1.4774401187896729,
            1.6423237323760986,
            -0.32825732231140137,
            0.8616693019866943
        ],
        [
            -4.0172271728515625,
            -9.259796142578125,
            -0.3656158447265625,
            -3.8937134742736816,
            -1.6128454208374023,
            4.353857040405273,
            3.7969729900360107,
            1.5284631252288818,
            -0.18282151222229004,
            1.529759168624878
        ],
        [
            -5.958354473114014,
            -7.460923671722412,
            -0.5678825378417969,
            -2.0602493286132812,
            -3.425173759460449,
            3.21850323677063,
            3.1576988697052,
            -0.6351161003112793,
            0.8302240371704102,
            2.075299024581909
        ],
        [
            -8.07043743133545,
            -6.902359485626221,
            -0.7418212890625,
            0.04906201362609863,
            -4.678517818450928,
            -1.8695275783538818,
            -0.20531845092773438,
            -0.641402006149292,
            0.8655836582183838,
            3.0227463245391846
        ],
        [
            -10.591402053833008,
            -7.030932426452637,
            -0.9596734046936035,
            1.6052777767181396,
            -3.9219465255737305,
