{
    "collision_depths": [
        0.07970149821493619,
        0.09189199368107688,
        0.06142100439376643,
        0.11300363770764148,
        0.002802363919789675,
        0.04779226681815555,
        0.04628996409130588,
        0.09737289284650646,
        0.11030616264405624,
        0.10111219875682116,
        0.09577640507257526,
        0.09887925498474877,
        0.07865419460345953,
        0.051870289938019475,
        0.036513806513783456,
        0.029251959761891582,
        0.05934659056550998,
        0.011151205470734844,
        0.0015357672674314162
    ],
    "collision": true,
    "joint_limit_violation": true,
    "self_collision": true,
    "physical_violations": true,
    "config_smoothness": -3.209019644926663,
    "eff_smoothness": -3.6954691586359165,
    "eff_position_path_length": 175.75304572691962,
    "eff_orientation_path_length": 6328.044270164843,
    "physical_success": false,
    "time": 6.1306867599487305,
    "num_steps": 51,
    "trajectory_w": [
        [
            -3.6755564212799072,
            -1.774283766746521,
            0.3528379797935486,
            0.0,
            0.0,
            0.0,
            0.0,
            0.0,
            0.0,
            0.0
        ],
        [
            -0.5268495082855225,
            0.6501938700675964,
            0.7012509703636169,
            -0.3503150939941406,
            -1.3410704135894775,
            1.6784284114837646,
            -0.8853123188018799,
            -1.047436237335205,
            -0.4369732141494751,
            -0.6926546096801758
        ],
        [
            3.0666162967681885,
            1.7910410165786743,
            1.0247838497161865,
            -0.7007355690002441,
            -2.224046230316162,
            3.1374518871307373,
            -1.7390952110290527,
            -2.0257320404052734,
            -0.9443261623382568,
            -1.2569646835327148
        ],
        [
            4.005507946014404,
            2.8524835109710693,
            1.323012113571167,
            -1.0007469654083252,
            -2.484673023223877,
            4.2665605545043945,
            -2.5252437591552734,
            -2.931502103805542,
            -1.5062541961669922,
            -1.6581043004989624
        ],
        [
            5.896152019500732,
            2.8974552154541016,
            1.6127231121063232,
            -1.2035951614379883,
            -2.333587169647217,
            5.122992515563965,
            -3.214926242828369,
            -3.809509515762329,
            -2.018871545791626,
            -1.9566401243209839
        ],
        [
            5.536196231842041,
            -0.803543746471405,
            1.8840210437774658,
            1.0707943439483643,
            -0.9842954874038696,
            2.7539899349212646,
            -1.589298963546753,
            -5.148647308349609,
            0.7556576728820801,
            -2.2213449478149414
        ],
        [
            6.0918145179748535,
            -3.2283098697662354,
            2.087393045425415,
            1.9931957721710205,
            -4.246174335479736,
            3.0031659603118896,
            0.05043435096740723,
            -5.873885631561279,
            1.2995200157165527,
            -4.6791839599609375
        ],
        [
            5.800156116485596,
            -2.4589037895202637,
            2.2950680255889893,
            1.8858797550201416,
            -4.896002769470215,
            3.486480951309204,
            0.5949440002441406,
            -5.368173599243164,
            -1.0915453433990479,
            -5.9491376876831055
        ],
        [
            3.264620542526245,
            0.8877161741256714,
            0.7955693602561951,
            2.028230905532837,
            -4.849231719970703,
            -0.27831530570983887,
            1.6662890911102295,
            -4.401730537414551,
            -0.3937901258468628,
            -3.191035270690918
        ],
        [
            -0.6575317978858948,
            4.392952919006348,
            -0.443744957447052,
            3.236509084701538,
            -3.256446361541748,
            -3.964026689529419,
            3.182417631149292,
            -2.863150119781494,
            0.6365387439727783,
            2.1686103343963623
        ],
        [
            -4.216996192932129,
            5.231334209442139,
            -1.6929411888122559,
            2.676612138748169,
            -1.4318817853927612,
            -1.1566740274429321,
            1.9891912937164307,
            -1.7221348285675049,
            1.879695177078247,
            4.530546188354492
        ],
        [
            -5.77022123336792,
            2.7818288803100586,
            -3.222020149230957,
            -1.067230463027954,
            0.2647228240966797,
            2.4929540157318115,
            -1.3518718481063843,
            -1.2296189069747925,
            0.53818678855896,
            3.768876314163208
        ],
        [
            -4.8127875328063965,
            -1.5192923545837402,
            -2.056570529937744,
            -2.175319194793701,
            3.0941035747528076,
            2.673034429550171,
            -1.6042728424072266,
            -1.502966046333313,
            0.5746176242828369,
            1.2497456073760986
        ],
        [
            -2.532789945602417,
            -4.505275726318359,
            1.5587327480316162,
            1.1798126697540283,
            1.283266544342041,
            0.7314987182617188,
            0.3556385040283203,
            -1.9800453186035156,
            0.5603466033935547,
            -1.6461296081542969
        ],
        [
            -0.5338912010192871,
            -5.607189178466797,
            3.5354316234588623,
            4.641182899475098,
            -0.1270449161529541,
            -2.2381744384765625,
            2.8866631984710693,
            -3.6110973358154297,
            0.9315462112426758,
            -0.7654306888580322
        ],
        [
            1.395493507385254,
            -5.177418231964111,
            4.667017459869385,
            6.0760393142700195,
            0.041570425033569336,
            -4.012388229370117,
            4.493456840515137,
            -5.689251899719238,
            -1.8278144598007202,
            1.3101708889007568
        ],
        [
            3.163393259048462,
            -3.09902286529541,
            5.3046555519104,
            3.9876744747161865,
            4.861832618713379,
            -0.40309977531433105,
            3.4627583026885986,
            -6.177976608276367,
            -5.048582553863525,
            0.19654083251953125
        ],
        [
            3.8401710987091064,
            0.3591921627521515,
            3.8007009029388428,
            -0.7957181930541992,
            3.7011806964874268,
            3.4602534770965576,
            1.6057541370391846,
            -3.3233742713928223,
            -1.852630376815796,
            -2.536583423614502
        ],
        [
            3.8129570484161377,
            4.186056613922119,
            3.45096755027771,
            -3.8220341205596924,
            -1.0926103591918945,
            7.248858451843262,
            -1.8362829685211182,
            -0.7148005962371826,
            -0.40509772300720215,
            -4.3618574142456055
        ],
        [
            3.3861403465270996,
            5.707983493804932,
            4.586825847625732,
            -1.839743733406067,
            -6.490928649902344,
            8.574602127075195,
            -2.0444648265838623,
            -1.1949594020843506,
            2.7509262561798096,
            -6.507637977600098
        ],
        [
            3.4399240016937256,
            3.0770986080169678,
            5.255836009979248,
            2.6931207180023193,
            -5.594036102294922,
            5.795132637023926,
            -0.12735247611999512,
            -4.699687957763672,
