{
    "collision_depths": [
        0.1231779983505859,
        0.025126652433751874,
        0.04527862684290449,
        0.10063093465856889,
        0.006608242798923673,
        0.06130778682097523,
        0.12329219648090824,
        0.018872574003838495,
        0.025553260491229142,
        0.11383857971959008,
        0.003295126006164441,
        0.021841550385963627,
        0.010791004525800695,
        0.013268965873679343,
        0.04820283821912434,
        0.017393817284281105,
        0.0015493158730542768,
        0.03558328451940846,
        0.021201830212003128,
        0.09151799848952247,
        0.011874505156303847,
        0.00860087234508959,
        0.38067573840289076,
        0.06709557906138869,
        0.03715629609508632,
        0.01686616110763922,
        0.012974621838640312,
        0.0642078547208453,
        0.13932859637680572,
        0.03820298506734502,
        0.06956292060907748,
        0.015147671895134138,
        0.005147671895134509,
        0.01048609219123647,
        0.000486092191236839,
        0.06902139712216511,
        0.04407797581355122,
        0.07665294161649419,
        0.0030727759146467284,
        0.057191975272594356,
        0.019921124380372884,
        0.025130100184409993,
        0.047167697471651726,
        0.04964097832768338,
        0.009980611787855727,
        0.0020620837382235207,
        0.02651889704889212,
        0.07916670725034368,
        0.17932646098647703,
        0.20569290419518568,
        0.10462679189137733,
        0.05412074465102383,
        0.006955086661728642,
        0.08958459784390971,
        0.08615362848941498,
        0.3008818215459325
    ],
    "collision": true,
    "joint_limit_violation": true,
    "self_collision": true,
    "physical_violations": true,
    "config_smoothness": -3.877529643324812,
    "eff_smoothness": -4.782678526872528,
    "eff_position_path_length": 190.07786432148615,
    "eff_orientation_path_length": 6770.283932766237,
    "physical_success": false,
    "time": 6.121133089065552,
    "num_steps": 51,
    "trajectory_w": [
        [
            -5.3929443359375,
            -6.768797874450684,
            -1.566300868988037,
            0.0,
            0.0,
            0.0,
            0.0,
            0.0,
            0.0,
            0.0
        ],
        [
            -1.8715227842330933,
            -5.215244770050049,
            -1.7591769695281982,
            0.8244359493255615,
            -1.3655946254730225,
            -2.162876605987549,
            -0.22767925262451172,
            -0.44034886360168457,
            -0.4527161121368408,
            -1.047316312789917
        ],
        [
            0.003429881762713194,
            -5.07704496383667,
            -1.9623360633850098,
            1.4623806476593018,
            -2.6720364093780518,
            -4.046924591064453,
            -0.4804370403289795,
            -0.7141830921173096,
            -0.9428788423538208,
            -2.090493679046631
        ],
        [
            2.0550174713134766,
            -4.481739044189453,
            -2.149869680404663,
            1.826392412185669,
            -3.8486227989196777,
            -5.4969329833984375,
            -0.771600604057312,
            -0.7690412998199463,
            -1.4795572757720947,
            -3.1201648712158203
        ],
        [
            2.800723075866699,
            -5.014894008636475,
            -2.295506477355957,
            1.958932638168335,
            -4.878535747528076,
            -6.530547142028809,
            -1.1084520816802979,
            -0.665421724319458,
            -1.9997321367263794,
            -4.123295783996582
        ],
        [
            2.3009064197540283,
            -6.467111110687256,
            -1.3903076648712158,
            -0.4662349224090576,
            -3.206092357635498,
            -0.7412271499633789,
            -1.9738218784332275,
            0.7702610492706299,
            0.0036842823028564453,
            -4.521918773651123
        ],
        [
            2.1262004375457764,
            -8.31095027923584,
            -0.530343770980835,
            0.4555368423461914,
            -3.652505397796631,
            0.8326022624969482,
            0.23971915245056152,
            0.33145785331726074,
            2.5670435428619385,
            -4.771484851837158
        ],
        [
            0.7179141044616699,
            -10.623673439025879,
            -0.8907351493835449,
            1.1089656352996826,
            -3.6425366401672363,
            -1.7788861989974976,
            1.7939317226409912,
            -0.5411596298217773,
            1.2049427032470703,
            -4.855385780334473
        ],
        [
            -4.214076519012451,
            -12.78792667388916,
            -1.0741384029388428,
            -1.036031723022461,
            -0.933047890663147,
            -1.165510654449463,
            0.7313978672027588,
            -2.2681212425231934,
            -3.4742794036865234,
            -5.060859203338623
        ],
        [
            -9.933222770690918,
            -12.331087112426758,
            -1.3998215198516846,
            -3.441013813018799,
            1.8454415798187256,
            2.6876957416534424,
            -2.928333044052124,
            -3.16792368888855,
            -1.610055923461914,
            -4.303603172302246
        ],
        [
            -11.07186508178711,
            -8.348786354064941,
            -1.9159350395202637,
            -4.4875946044921875,
            3.0972673892974854,
            3.9919273853302,
            -2.5898149013519287,
            -0.9663004875183105,
            3.2432076930999756,
            -1.7320791482925415
        ],
        [
            -6.080499172210693,
            -3.1743228435516357,
            -0.810295581817627,
            -3.099311590194702,
            2.361262083053589,
            2.0954349040985107,
            1.2808294296264648,
            0.7840311527252197,
            3.5068275928497314,
            -0.5434262752532959
        ],
        [
            0.6531869769096375,
            -0.6245184540748596,
            -0.08427119255065918,
            0.21595311164855957,
            -1.4410104751586914,
            1.484976053237915,
            2.702921152114868,
            0.2110145092010498,
            1.832573413848877,
            -0.967174768447876
        ],
        [
            4.1836419105529785,
            -1.9680719375610352,
            -1.9086427688598633,
            2.832475423812866,
            -5.1522536277771,
            0.28293585777282715,
            0.704056978225708,
            -2.229401111602783,
            0.4874715805053711,
            0.5519590377807617
        ],
        [
            3.221248149871826,
            -5.5736846923828125,
            -2.8164243698120117,
            3.323622465133667,
            -4.161565780639648,
            -1.2562557458877563,
            1.1456217765808105,
            -2.148589611053467,
            -0.20276141166687012,
            0.4286825656890869
        ],
        [
            -1.4635982513427734,
            -8.637463569641113,
            -0.8879232406616211,
            2.0816128253936768,
            -0.3468407392501831,
            0.03553128242492676,
            1.1915059089660645,
            0.5915091037750244,
            2.4668381214141846,
            -2.3956234455108643
        ],
        [
            -6.175099849700928,
            -9.442325592041016,
            1.5706369876861572,
            0.263530969619751,
            3.014878988265991,
            4.405120849609375,
            1.256657361984253,
            1.3606288433074951,
            1.7829086780548096,
            -5.972764015197754
        ],
        [
            -5.762998580932617,
            -7.577903747558594,
            2.856295108795166,
            -0.902184009552002,
            2.9608190059661865,
