{
    "collision_depths": [
        0.015069681215608161,
        0.013132819015617834,
        0.038607772258685634,
        0.03283961248529201,
        0.002412945949976833,
        0.04293821870082164,
        0.028117614576939502,
        0.076122438619081,
        0.020368011110600017,
        0.20773310498498537,
        0.11636739730026711,
        0.00934773522939929,
        0.2592940924488321,
        0.08717446366012009,
        0.09717446366012042,
        0.07223060804307846,
        0.08223060804307507,
        0.14785664141853547,
        0.15785664141853564,
        0.15103361526358583,
        0.15090792298474184,
        0.09819157004335848,
        0.11995404634374035,
        0.21084875101222067,
        0.2060750714143341,
        0.07493721644770977,
        0.1324566004142746,
        0.14562820242209942,
        0.14123961040826682,
        0.11923774915210504,
        0.2049760818585751,
        0.021529899763084715,
        0.021500360113008064,
        0.030493509596120433,
        0.027208238498495935,
        0.039312903069220084,
        0.05660029330752919,
        0.04018867083513563,
        0.060103365180090115,
        0.15475732112908103,
        0.16910595683588375,
        0.20787582576194655,
        0.1542611267280564,
        0.15369418130993334,
        0.03578190690213983,
        0.15602422377299918
    ],
    "collision": true,
    "joint_limit_violation": true,
    "self_collision": true,
    "physical_violations": true,
    "config_smoothness": -4.172496823633688,
    "eff_smoothness": -5.469469913068632,
    "eff_position_path_length": 141.17204177468506,
    "eff_orientation_path_length": 6469.741610508552,
    "physical_success": false,
    "time": 6.12349796295166,
    "num_steps": 51,
    "trajectory_w": [
        [
            -4.4051666259765625,
            -5.590465545654297,
            -1.9179235696792603,
            0.0,
            0.0,
            0.0,
            0.0,
            0.0,
            0.0,
            0.0
        ],
        [
            0.16698817908763885,
            -8.179823875427246,
            -1.953961730003357,
            -1.1523585319519043,
            -0.28546690940856934,
            -1.1189570426940918,
            0.1529388427734375,
            -0.7926421165466309,
            -1.5082223415374756,
            -1.4686353206634521
        ],
        [
            2.4392342567443848,
            -11.131623268127441,
            -2.068512439727783,
            -2.1872572898864746,
            -0.71211838722229,
            -2.2294528484344482,
            0.299238920211792,
            -1.3172253370285034,
            -2.7584829330444336,
            -2.7113115787506104
        ],
        [
            4.469542503356934,
            -13.039796829223633,
            -2.2825255393981934,
            -3.0576674938201904,
            -1.3208396434783936,
            -3.3384885787963867,
            0.4451630115509033,
            -1.4648648500442505,
            -3.6347761154174805,
            -3.585400104522705
        ],
        [
            4.699867248535156,
            -15.050689697265625,
            -2.571366310119629,
            -3.7941226959228516,
            -2.0355141162872314,
            -4.449937343597412,
            0.591533899307251,
            -1.3065506219863892,
            -4.189892768859863,
            -4.101591110229492
        ],
        [
            4.083066463470459,
            -10.66269588470459,
            -3.688271999359131,
            -2.6991934776306152,
            -2.6610682010650635,
            -4.886122703552246,
            0.39160728454589844,
            2.2005841732025146,
            -0.09315943717956543,
            1.389648675918579
        ],
        [
            3.9803829193115234,
            -5.921195983886719,
            -3.6130549907684326,
            -0.6063311100006104,
            -3.586139678955078,
            -1.5283459424972534,
            -0.6506127119064331,
            1.4242279529571533,
            2.391449213027954,
            4.458198547363281
        ],
        [
            3.639573574066162,
            -3.5947682857513428,
            -3.142165184020996,
            2.597673177719116,
            -3.1686086654663086,
            1.9513518810272217,
            -0.11106538772583008,
            -3.1696462631225586,
            1.7063148021697998,
            2.6771256923675537
        ],
        [
            2.032227039337158,
            -5.2683539390563965,
            -2.199998378753662,
            1.0035574436187744,
            -1.5855523347854614,
            4.830085754394531,
            -1.3829425573349,
            -5.242955207824707,
            -0.7202666997909546,
            -1.156593680381775
        ],
        [
            -0.06470423936843872,
            -9.565285682678223,
            -0.4063514471054077,
            -3.4152042865753174,
            -1.5251500606536865,
            5.6114349365234375,
            -4.950699806213379,
            -1.6291619539260864,
            -0.5943777561187744,
            -3.1238818168640137
        ],
        [
            0.09190545231103897,
            -13.110206604003906,
            -0.8696078062057495,
            -2.6769845485687256,
            -5.0171098709106445,
            1.6340510845184326,
            -3.6694157123565674,
            2.4454376697540283,
            -0.49986767768859863,
            -3.587068557739258
        ],
        [
            1.298213243484497,
            -14.050227165222168,
            -1.6173192262649536,
            0.46650052070617676,
            -7.876385688781738,
            -2.1971349716186523,
            0.29218006134033203,
            3.446167230606079,
            0.5156779289245605,
            -2.993568181991577
        ],
        [
            1.2974909543991089,
            -13.773529052734375,
            -1.6479991674423218,
            -1.4013659954071045,
            -6.5535173416137695,
            0.8734157085418701,
            -0.07350373268127441,
            2.3021233081817627,
            -1.3304622173309326,
            -1.6911718845367432
        ],
        [
            -0.5761724710464478,
            -12.32702922821045,
            -2.33302640914917,
            -4.205421447753906,
            -2.029533624649048,
            2.895113706588745,
            1.6442444324493408,
            0.9013063907623291,
            -1.1420127153396606,
            -0.5566146373748779
        ],
        [
            -2.719161033630371,
            -10.260170936584473,
            -3.3850011825561523,
            -4.175504684448242,
            2.7493884563446045,
            1.5891563892364502,
            1.5920460224151611,
            1.5493552684783936,
            -2.4649336338043213,
            -0.5958237648010254
        ],
        [
            -1.9360929727554321,
            -9.01457405090332,
            -3.487114429473877,
            -2.487374782562256,
            0.7238354682922363,
            0.7640838623046875,
            0.43252086639404297,
            3.378946542739868,
            -2.3040127754211426,
            0.13100218772888184
        ],
        [
            0.43835195899009705,
            -8.436568260192871,
            -2.8212013244628906,
            -0.9101486206054688,
            -2.3629677295684814,
            -0.3030271530151367,
            -0.2532472610473633,
            2.6365606784820557,
            -0.2017728090286255,
            1.4259068965911865
        ],
        [
            0.146290585398674,
            -8.024682998657227,
            -0.5223468542098999,
            -1.656071662902832,
            -0.5401343107223511,
            0.08638238906860352,
            -1.0394870042800903,
            1.8084018230438232,
            -0.7157033681869507,
            -3.423382043838501
        ],
        [
            -2.795201301574707,
            -6.838393211364746,
            1.3379374742507935,
