{
    "collision_depths": [
        0.0888166323541991,
        0.07881663235419704,
        0.0020283328403643067,
        0.0001426823410485485,
        0.16389275980546414,
        0.10311748385368148,
        0.15516543459457965,
        0.0003745327100287658,
        0.08233776496723938,
        0.11869436987739257,
        0.08405717839893743,
        0.0036519421009034336,
        0.00405225922235497,
        0.0005206024413367339,
        0.03233179815330313,
        0.005186455007002478,
        0.0807307041025899,
        0.06718173206190058,
        0.006807039858592202,
        0.05718672639744726,
        0.003946274672796667,
        0.10766773658262221,
        0.010506642454347515,
        0.0038443931620173576,
        0.010556655309230941,
        0.04756558660546611,
        0.009007638882824855,
        0.1034320574033159,
        0.24444392452073996,
        0.2344438875115103
    ],
    "collision": true,
    "joint_limit_violation": true,
    "self_collision": true,
    "physical_violations": true,
    "config_smoothness": -4.4368912299024155,
    "eff_smoothness": -4.263639184106127,
    "eff_position_path_length": 144.55227981501002,
    "eff_orientation_path_length": 6333.161159684343,
    "physical_success": false,
    "time": 5.82365345954895,
    "num_steps": 51,
    "trajectory_w": [
        [
            -11.539751052856445,
            -7.401907920837402,
            -2.443962335586548,
            0.0,
            0.0,
            0.0,
            0.0,
            0.0,
            0.0,
            0.0
        ],
        [
            -13.494754791259766,
            -8.312010765075684,
            -1.891695499420166,
            0.826934814453125,
            -0.5706773996353149,
            -1.9207518100738525,
            1.7250916957855225,
            -0.539193868637085,
            -0.354172945022583,
            -0.938469409942627
        ],
        [
            -15.721062660217285,
            -10.009685516357422,
            -1.4607887268066406,
            1.4541809558868408,
            -1.1803163290023804,
            -3.4685003757476807,
            3.0275332927703857,
            -0.8860495090484619,
            -0.722114086151123,
            -1.9587916135787964
        ],
        [
            -18.16385841369629,
            -9.741353034973145,
            -1.1942119598388672,
            1.7853281497955322,
            -1.8338357210159302,
            -4.438060283660889,
            3.7031028270721436,
            -0.9645147323608398,
            -1.1499366760253906,
            -3.1016621589660645
        ],
        [
            -20.392826080322266,
            -10.940726280212402,
            -1.0474152565002441,
            1.8686859607696533,
            -2.5207266807556152,
            -4.873955249786377,
            3.8604061603546143,
            -0.828620195388794,
            -1.6443593502044678,
            -4.335529327392578
        ],
        [
            -18.51999855041504,
            -13.656839370727539,
            -2.498868942260742,
            -0.913823127746582,
            -3.7104833126068115,
            3.421750783920288,
            -2.0926544666290283,
            1.615311861038208,
            -2.5712668895721436,
            -5.693883419036865
        ],
        [
            -15.473608016967773,
            -16.75908660888672,
            -4.905339241027832,
            -1.2756218910217285,
            -4.239551544189453,
            8.466336250305176,
            -3.6951258182525635,
            1.0795538425445557,
            -1.5919339656829834,
            -2.4358503818511963
        ],
        [
            -13.099235534667969,
            -17.85555648803711,
            -5.7429609298706055,
            -1.4769991636276245,
            -2.0552310943603516,
            6.9697465896606445,
            -3.273367166519165,
            -0.597203254699707,
            -0.5108523368835449,
            2.662198781967163
        ],
        [
            -11.371161460876465,
            -16.095232009887695,
            -2.4298722743988037,
            -2.228020191192627,
            -1.2020384073257446,
            1.4752438068389893,
            -1.6837317943572998,
            -0.3688950538635254,
            0.9076728820800781,
            1.9165213108062744
        ],
        [
            -9.570036888122559,
            -11.432003021240234,
            0.8618044853210449,
            -1.0167438983917236,
            -2.6636078357696533,
            -2.208352565765381,
            2.58660626411438,
            -1.0336825847625732,
            -0.5414048433303833,
            -1.547839879989624
        ],
        [
            -8.62260913848877,
            -5.669178485870361,
            1.8919646739959717,
            0.4436604976654053,
            2.8232624530792236,
            -1.376281499862671,
            4.948111534118652,
            -3.5637295246124268,
            -2.450690746307373,
            -2.0669567584991455
        ],
        [
            -7.946167469024658,
            -3.8861656188964844,
            1.4739437103271484,
            1.1038119792938232,
            5.676295280456543,
            0.7963771820068359,
            3.145002603530884,
            -5.23226261138916,
            -3.095353841781616,
            -3.593756914138794
        ],
        [
            -7.874843120574951,
            -7.183723449707031,
            -0.598231315612793,
            0.4510161876678467,
            -0.21944069862365723,
            2.492933988571167,
            -2.137661933898926,
            -5.641425132751465,
            -1.918546438217163,
            -3.354074239730835
        ],
        [
            -8.34582805633545,
            -10.867938995361328,
            -3.16394305229187,
            1.577261209487915,
            -2.3914334774017334,
            4.370074272155762,
            -4.075138092041016,
            -4.139212131500244,
            -2.339921474456787,
            -1.877242922782898
        ],
        [
            -9.291980743408203,
            -10.762565612792969,
            -3.8440515995025635,
            2.386650800704956,
            0.8421657085418701,
            3.884265661239624,
            -4.188488006591797,
            -1.7997615337371826,
            -4.194173812866211,
            -4.770723342895508
        ],
        [
            -9.850740432739258,
            -7.670780658721924,
            -3.20463490486145,
            0.5371742248535156,
            1.1772723197937012,
            1.208249807357788,
            -1.3366035223007202,
            -0.7292664051055908,
            -4.495217323303223,
            -7.086915016174316
        ],
        [
            -11.100979804992676,
            -4.723433494567871,
            -1.815091609954834,
            -3.284749984741211,
            1.18919038772583,
            2.7918975353240967,
            -2.358945369720459,
            0.42647695541381836,
            -1.4616435766220093,
            -6.701706886291504
        ],
        [
            -11.471206665039062,
            -3.9467201232910156,
            -0.4237785339355469,
            -4.128289222717285,
            -0.4251464605331421,
            6.91578483581543,
            -1.7327189445495605,
            1.1825730800628662,
            -0.3161802291870117,
            -5.3237786293029785
        ],
        [
            -10.431666374206543,
            -4.458411693572998,
            -0.5654067993164062,
            -2.4473490715026855,
            -2.7202401161193848,
            8.326054573059082,
            -0.7728791236877441,
            -0.04836249351501465,
            -1.7962377071380615,
            -4.482870101928711
        ],
        [
            -9.5129976272583,
            -4.7760910987854,
            -2.1086981296539307,
            0.6083214282989502,
            -2.0926969051361084,
            7.688230514526367,
            -1.004056453704834,
