{
    "collision_depths": [
        0.18617460824805127,
        0.01900886013274483,
        0.04305560078222133,
        0.008594483206544119,
        0.039140287849977785,
        0.00824163797870038,
        0.036115234307505996,
        0.014435289933003548,
        0.013488443350848978,
        0.020208135369853997,
        0.013543606673965557,
        0.008534602696505007,
        0.0005128542230295859,
        0.01485631256907273,
        0.023711320328530266,
        0.0002495280021135576,
        0.08107647370612094,
        0.13299622321027998,
        0.13232155576423146,
        0.032966375934360734,
        0.02054479577697925,
        0.05374960522225278,
        0.14320986988081275,
        0.12004196360048155,
        0.13790069861730797,
        0.13412896774985003,
        0.014026236738382209,
        0.23685601364525932,
        0.15764054399124683,
        0.04623502920289211,
        0.0903632831176665,
        0.08036328311766662,
        0.31941449376971054,
        0.1320698590758494,
        0.02597229579283515,
        0.2572661689988517,
        0.1220945620287553,
        0.14557009961468162,
        0.11710722923698665,
        5.932862938460602e-05,
        0.0691262912446305,
        0.031195412471397226,
        0.009412448852788939,
        0.07964839681751701,
        0.0731582847415828,
        0.09924370704858418,
        0.03898959243961093,
        0.12271269401950288,
        0.002798868064900241,
        0.2812186866686697
    ],
    "collision": true,
    "joint_limit_violation": true,
    "self_collision": true,
    "physical_violations": true,
    "config_smoothness": -3.886635413329109,
    "eff_smoothness": -4.067695585769081,
    "eff_position_path_length": 127.96073586760097,
    "eff_orientation_path_length": 6459.919353852102,
    "physical_success": false,
    "time": 5.747649669647217,
    "num_steps": 51,
    "trajectory_w": [
        [
            -6.122864246368408,
            -6.906620502471924,
            -1.212049961090088,
            0.0,
            0.0,
            0.0,
            0.0,
            0.0,
            0.0,
            0.0
        ],
        [
            -4.429893970489502,
            -8.800479888916016,
            -0.7528998851776123,
            -0.8865423202514648,
            -0.28772222995758057,
            -0.961169958114624,
            0.880101203918457,
            -0.4736788272857666,
            -0.3512561321258545,
            -0.6131227016448975
        ],
        [
            -2.859551191329956,
            -9.368217468261719,
            -0.43044209480285645,
            -1.7883549928665161,
            -0.3433138132095337,
            -1.7858082056045532,
            1.6736080646514893,
            -0.8499085903167725,
            -0.836458683013916,
            -1.2260509729385376
        ],
        [
            -2.6514458656311035,
            -11.265944480895996,
            -0.2828023433685303,
            -2.7153074741363525,
            -0.11272716522216797,
            -2.416588068008423,
            2.340794324874878,
            -1.0874736309051514,
            -1.5028553009033203,
            -1.8245123624801636
        ],
        [
            -1.9298856258392334,
            -11.713068962097168,
            -0.255321741104126,
            -3.6664538383483887,
            0.27929162979125977,
            -2.891087055206299,
            2.9012067317962646,
            -1.2037298679351807,
            -2.2493488788604736,
            -2.381643533706665
        ],
        [
            -2.135303258895874,
            -10.419109344482422,
            -1.2588820457458496,
            -4.816865921020508,
            0.6240339279174805,
            -1.5733004808425903,
            2.3306968212127686,
            0.5987074375152588,
            -0.9291815757751465,
            -1.1122820377349854
        ],
        [
            -1.238499641418457,
            -7.85846471786499,
            -1.702582597732544,
            -4.187280178070068,
            1.3198246955871582,
            -1.734055995941162,
            3.1391561031341553,
            1.544156789779663,
            1.969193696975708,
            1.1641242504119873
        ],
        [
            0.801335334777832,
            -6.960995197296143,
            -1.3171234130859375,
            -3.135664463043213,
            -0.3033636808395386,
            -5.616019248962402,
            3.484635591506958,
            1.688964605331421,
            1.3580565452575684,
            0.9398066997528076
        ],
        [
            2.22489333152771,
            -8.396538734436035,
            -0.6973769664764404,
            -2.789763927459717,
            -3.6437315940856934,
            -7.93364143371582,
            2.901649236679077,
            0.6140124797821045,
            0.03563356399536133,
            -2.610818386077881
        ],
        [
            2.5363569259643555,
            -11.169999122619629,
            0.5319902896881104,
            -4.098353862762451,
            -3.953660488128662,
            -4.565922737121582,
            1.0980312824249268,
            -2.624749183654785,
            -2.9682834148406982,
            -5.380188941955566
        ],
        [
            2.0726075172424316,
            -13.175251007080078,
            0.30318474769592285,
            -4.569863319396973,
            -2.2295100688934326,
            -2.901456594467163,
            1.3849244117736816,
            -4.906893730163574,
            -4.178108215332031,
            -5.594593048095703
        ],
        [
            2.072525978088379,
            -13.586748123168945,
            -0.6361854076385498,
            -3.012267589569092,
            -3.1537556648254395,
            -4.3252644538879395,
            0.4801774024963379,
            -4.220964431762695,
            -0.5924193859100342,
            -3.539799690246582
        ],
        [
            2.781647205352783,
            -13.300581932067871,
            -0.5509829521179199,
            -0.9790828227996826,
            -3.5986695289611816,
            -3.8513951301574707,
            -0.10290718078613281,
            -0.2634403705596924,
            1.791167974472046,
            -1.6574668884277344
        ],
        [
            3.5950984954833984,
            -12.898061752319336,
            -0.3423631191253662,
            -0.5957744121551514,
            -3.773599863052368,
            0.8673746585845947,
            0.1257002353668213,
            1.8227593898773193,
            -1.3503855466842651,
            -1.7615829706192017
        ],
        [
            4.115933895111084,
            -12.193846702575684,
            -0.9448380470275879,
            -0.6535632610321045,
            -3.071357250213623,
            4.422696113586426,
            0.7559459209442139,
            0.7020187377929688,
            -1.34916353225708,
            -1.9081969261169434
        ],
        [
            4.12095308303833,
            -11.278578758239746,
            -1.549837350845337,
            -0.0680994987487793,
            -4.465950012207031,
            2.522733449935913,
            0.5284218788146973,
            -0.4498775005340576,
            -0.6107469797134399,
            -0.25522875785827637
        ],
        [
            3.064481019973755,
            -10.534913063049316,
            -1.420008659362793,
            0.24725961685180664,
            -6.3549041748046875,
            -3.2069482803344727,
            -0.4248621463775635,
            -0.5081250667572021,
            -1.2639334201812744,
            1.4688351154327393
        ],
        [
            0.5623348951339722,
            -9.698161125183105,
            -1.4083874225616455,
            0.052994728088378906,
            -6.40280818939209,
            -7.092668533325195,
            -1.7117102146148682,
            0.3397250175476074,
            -0.49913644790649414,
            1.511211633682251
        ],
