{
    "collision_depths": [
        0.004367832072799735,
        0.018145586802939817,
        0.017893860769813832,
        0.01369445592562417,
        0.06095636639878802,
        0.0028393793322951328,
        0.02952279955813957,
        0.0580597556260435,
        0.03743515914581433,
        0.07134383199950066,
        0.050063613305612285,
        0.10493365989324813,
        0.061650085944943867,
        0.10297367943710052
    ],
    "collision": true,
    "joint_limit_violation": true,
    "self_collision": true,
    "physical_violations": true,
    "config_smoothness": -3.2583297651910494,
    "eff_smoothness": -4.292728018450251,
    "eff_position_path_length": 141.51164697858854,
    "eff_orientation_path_length": 6201.480043935109,
    "physical_success": false,
    "time": 5.969822883605957,
    "num_steps": 51,
    "trajectory_w": [
        [
            -6.513479709625244,
            -7.161707878112793,
            2.435100555419922,
            0.0,
            0.0,
            0.0,
            0.0,
            0.0,
            0.0,
            0.0
        ],
        [
            -9.173606872558594,
            -5.70985221862793,
            2.8692760467529297,
            -1.0278759002685547,
            0.7246665954589844,
            0.4039957523345947,
            -0.39335203170776367,
            0.25867509841918945,
            -0.4726213216781616,
            -0.30681681632995605
        ],
        [
            -12.736563682556152,
            -3.8128538131713867,
            3.0993640422821045,
            -2.0662126541137695,
            1.250006914138794,
            0.8560514450073242,
            -0.6884735822677612,
            0.5993497371673584,
            -1.0902984142303467,
            -0.5859332084655762
        ],
        [
            -13.841392517089844,
            -1.416123628616333,
            3.059957265853882,
            -3.0942251682281494,
            1.468012809753418,
            1.4043967723846436,
            -0.8392270803451538,
            1.0245440006256104,
            -1.9295693635940552,
            -0.8405566215515137
        ],
        [
            -15.974443435668945,
            0.4938650131225586,
            2.832947254180908,
            -4.071928024291992,
            1.4288711547851562,
            2.0751564502716064,
            -0.8958860635757446,
            1.470299482345581,
            -2.9276394844055176,
            -1.0923571586608887
        ],
        [
            -14.40439510345459,
            -1.1576155424118042,
            1.2467679977416992,
            -3.166940927505493,
            -1.6950147151947021,
            5.163378715515137,
            -1.0869300365447998,
            0.4327375888824463,
            -4.3307647705078125,
            -1.9543328285217285
        ],
        [
            -12.779769897460938,
            -4.620067119598389,
            1.205871820449829,
            -0.9147593975067139,
            -3.4161086082458496,
            5.686948776245117,
            -1.8569257259368896,
            -2.5220820903778076,
            -2.118318557739258,
            -3.8669612407684326
        ],
        [
            -10.180346488952637,
            -9.423189163208008,
            1.5899348258972168,
            0.30440616607666016,
            -1.1155709028244019,
            1.772979974746704,
            -1.6904219388961792,
            -4.854896068572998,
            -0.6452491283416748,
            -4.1692047119140625
        ],
        [
            -7.064496040344238,
            -14.233779907226562,
            1.7968287467956543,
            -0.25708699226379395,
            2.767071008682251,
            -3.4528141021728516,
            -1.6528453826904297,
            -5.509836196899414,
            0.10441827774047852,
            -4.787258625030518
        ],
        [
            -3.8279216289520264,
            -15.617111206054688,
            1.9141247272491455,
            0.36414170265197754,
            5.183647155761719,
            -7.306622505187988,
            -3.022264242172241,
            -5.933658599853516,
            2.0165536403656006,
            -5.354948043823242
        ],
        [
            -1.7092417478561401,
            -13.116339683532715,
            2.1122934818267822,
            -0.31222009658813477,
            4.739367485046387,
            -8.166901588439941,
            -2.669971466064453,
            -7.440126419067383,
            2.530425786972046,
            -4.34193229675293
        ],
        [
            -2.0793185234069824,
            -8.404525756835938,
            2.6823410987854004,
            -3.0445804595947266,
            5.35356330871582,
            -5.717458248138428,
            -0.6022650003433228,
            -8.173502922058105,
            0.8953111171722412,
            -1.524342656135559
        ],
        [
            -4.823465824127197,
            -4.5132527351379395,
            3.6161129474639893,
            -5.213174819946289,
            1.6934521198272705,
            -1.3691494464874268,
            -0.8492100238800049,
            -6.284868240356445,
            1.283620834350586,
            1.0445492267608643
        ],
        [
            -7.038847923278809,
            -3.8328311443328857,
            3.7799980640411377,
            -3.5811452865600586,
            -0.4623267650604248,
            0.2743384838104248,
            3.4297893047332764,
            -3.701127290725708,
            -1.7566770315170288,
            0.47490787506103516
        ],
        [
            -7.268647193908691,
            -6.039695739746094,
            4.2533063888549805,
            -0.8369419574737549,
            0.26367688179016113,
            -3.5351438522338867,
            5.482623100280762,
            -2.6122145652770996,
            -2.327552080154419,
            -0.5311658382415771
        ],
        [
            -7.636821269989014,
            -7.6804609298706055,
            5.144547462463379,
            1.0706045627593994,
            1.916076421737671,
            -4.139989376068115,
            5.035255432128906,
            -1.0890159606933594,
            -2.7146873474121094,
            -1.3176279067993164
        ],
        [
            -9.243053436279297,
            -7.884789943695068,
            5.372190475463867,
            0.0480189323425293,
            -0.743471622467041,
            -0.5735087394714355,
            -0.49761056900024414,
            0.5071172714233398,
            -2.7812538146972656,
            -2.705526828765869
        ],
        [
            -9.632630348205566,
            -7.912510871887207,
            4.018405914306641,
            -2.299063205718994,
            -0.9373533725738525,
            1.8444764614105225,
            -3.9058728218078613,
            1.728985071182251,
            -3.1531543731689453,
            -3.352962017059326
        ],
        [
            -7.875415802001953,
            -10.221763610839844,
            1.7246990203857422,
            -3.1376681327819824,
            -0.007520198822021484,
            1.5824182033538818,
            -2.760775566101074,
            0.321270227432251,
            -0.9814952611923218,
            -0.018255233764648438
        ],
        [
            -6.329372406005859,
            -13.737161636352539,
            2.470371961593628,
            -0.3699190616607666,
            2.9595181941986084,
            2.645441770553589,
            0.9668993949890137,
            -2.8875732421875,
            -0.5155056715011597,
            4.503713607788086
        ],
        [
            -6.493469715118408,
            -14.632027626037598,
            5.438438415527344,
            3.625615358352661,
            4.906381607055664,
            5.292364120483398,
            2.952251672744751,
            -3.456149101257324,
            -0.49640917778015137,
            4.021604537963867
        ],
        [
            -8.222661018371582,
