{
    "collision_depths": [],
    "collision": false,
    "joint_limit_violation": false,
    "self_collision": false,
    "physical_violations": false,
    "config_smoothness": -5.2005895717240795,
    "eff_smoothness": -5.342042045090338,
    "eff_position_path_length": 36.961349637878975,
    "eff_orientation_path_length": 1585.5150628126876,
    "physical_success": true,
    "time": 1.2184600830078125,
    "num_steps": 51,
    "trajectory_w": [
        [
            -5.3929443359375,
            -6.768797874450684,
            -1.566300868988037,
            0.0,
            0.0,
            0.0,
            0.0,
            0.0,
            0.0,
            0.0
        ],
        [
            -5.399404525756836,
            -7.439364433288574,
            -1.5663628578186035,
            -0.03095388412475586,
            0.49043798446655273,
            0.021556615829467773,
            0.24227428436279297,
            0.0001246929168701172,
            0.14593052864074707,
            -0.12636041641235352
        ],
        [
            -5.354039669036865,
            -7.872089385986328,
            -1.5324475765228271,
            -8.821487426757812e-06,
            0.7783260345458984,
            -0.018788814544677734,
            0.3762357234954834,
            0.012829780578613281,
            0.2526364326477051,
            -0.16318035125732422
        ],
        [
            -5.410862445831299,
            -6.9613471031188965,
            -1.5495390892028809,
            -0.0059893131256103516,
            0.16996431350708008,
            0.018897294998168945,
            0.0525965690612793,
            0.004510164260864258,
            0.04673647880554199,
            -0.024148941040039062
        ],
        [
            -5.329417705535889,
            -7.600334644317627,
            -1.5435802936553955,
            -0.00010895729064941406,
            0.5870242118835449,
            0.0005083084106445312,
            0.310044527053833,
            0.027331829071044922,
            0.18370270729064941,
            -0.10235238075256348
        ],
        [
            -5.39993143081665,
            -6.979953289031982,
            -1.54945707321167,
            -0.0026373863220214844,
            0.16639256477355957,
            0.011169672012329102,
            0.058094024658203125,
            0.010583639144897461,
            0.04884147644042969,
            -0.025782108306884766
        ],
        [
            -5.375072479248047,
            -7.510420799255371,
            -1.5206899642944336,
            0.01969599723815918,
            0.5191121101379395,
            -0.02631092071533203,
            0.21680331230163574,
            0.023143529891967773,
            0.17355751991271973,
            -0.07746601104736328
        ],
        [
            -5.389138698577881,
            -6.996568202972412,
            -1.56781005859375,
            -0.016358375549316406,
            0.1518239974975586,
            0.023920536041259766,
            0.07213258743286133,
            0.00667262077331543,
            0.04093790054321289,
            -0.01944589614868164
        ],
        [
            -5.397109508514404,
            -7.058884143829346,
            -1.532883644104004,
            0.008749246597290039,
            0.23761749267578125,
            0.002519369125366211,
            0.07860445976257324,
            0.013866186141967773,
            0.07139134407043457,
            -0.034368038177490234
        ],
        [
            -5.398679733276367,
            -7.219881057739258,
            -1.5332145690917969,
            0.008047103881835938,
            0.29831814765930176,
            -0.015603780746459961,
            0.101654052734375,
            0.026532411575317383,
            0.09302401542663574,
            -0.0536808967590332
        ],
        [
            -5.408539295196533,
            -6.973231792449951,
            -1.5569307804107666,
            -0.007758617401123047,
            0.17003917694091797,
            0.0219266414642334,
            0.05278801918029785,
            0.005658388137817383,
            0.046751976013183594,
            -0.028893709182739258
        ],
        [
            -5.327147960662842,
            -7.544754981994629,
            -1.5412328243255615,
            0.007015705108642578,
            0.54579758644104,
            -0.0013415813446044922,
            0.2841527462005615,
            0.032037973403930664,
            0.17214679718017578,
            -0.08558201789855957
        ],
        [
            -5.345740795135498,
            -8.001382827758789,
            -1.5297768115997314,
            4.5299530029296875e-05,
            0.8641057014465332,
            -0.020685434341430664,
            0.42244482040405273,
            0.008748531341552734,
            0.279512882232666,
            -0.18634867668151855
        ],
        [
            -5.38614559173584,
            -7.007617473602295,
            -1.5704154968261719,
            -0.0187222957611084,
            0.1565847396850586,
            0.025426149368286133,
            0.07789993286132812,
            0.005043506622314453,
            0.04200601577758789,
            -0.019479990005493164
        ],
        [
            -5.336461544036865,
            -7.810940742492676,
            -1.5427823066711426,
            -0.007490396499633789,
            0.7378897666931152,
            -0.00749659538269043,
            0.37497782707214355,
            0.015443563461303711,
            0.23442554473876953,
            -0.1505751609802246
        ],
        [
            -5.375741958618164,
            -7.102993488311768,
            -1.5768404006958008,
            -0.018349885940551758,
            0.19199681282043457,
            0.019847393035888672,
            0.10047435760498047,
            0.011267900466918945,
            0.05412125587463379,
            -0.03840517997741699
        ],
        [
            -5.351113319396973,
            -7.889230251312256,
            -1.53340744972229,
            -0.001009225845336914,
            0.7902967929840088,
            -0.017932415008544922,
            0.3839445114135742,
            0.012157917022705078,
            0.25579237937927246,
            -0.16678094863891602
        ],
        [
            -5.3804731369018555,
            -7.7571539878845215,
            -1.5368473529815674,
            -0.0016031265258789062,
            0.6993372440338135,
            -0.011559486389160156,
            0.32213878631591797,
            0.010383844375610352,
            0.22424626350402832,
            -0.15622806549072266
        ],
        [
            -5.342900276184082,
            -8.009475708007812,
            -1.5308432579040527,
            -0.0010273456573486328,
            0.8700315952301025,
            -0.020441293716430664,
            0.4268147945404053,
            0.008651494979858398,
            0.2810347080230713,
            -0.18775415420532227
        ],
        [
            -5.437019348144531,
            -7.23026180267334,
            -1.5551252365112305,
            -0.022311925888061523,
            0.34287142753601074,
            0.012190103530883789,
            0.1311500072479248,
            0.0009942054748535156,
            0.09907889366149902,
            -0.08314728736877441
        ],
        [
            -5.323797225952148,
            -7.338006019592285,
            -1.5433197021484375,
            0.014397621154785156,
            0.3705132007598877,
            -0.00663447380065918,
            0.18108367919921875,
            0.03377032279968262,
            0.11787033081054688,
            -0.04561424255371094
        ],
        [
            -5.385889530181885,
            -7.013345241546631,
            -1.5731403827667236,
            -0.019044876098632812,
            0.15504097938537598,
            0.025551795959472656,
            0.07822990417480469,
            0.006159543991088867,
