{
    "collision_depths": [],
    "collision": false,
    "joint_limit_violation": false,
    "self_collision": false,
    "physical_violations": false,
    "config_smoothness": -5.279605990428667,
    "eff_smoothness": -5.313593786401355,
    "eff_position_path_length": 36.26540577085138,
    "eff_orientation_path_length": 1343.7214794723575,
    "physical_success": true,
    "time": 1.7836289405822754,
    "num_steps": 51,
    "trajectory_w": [
        [
            -7.53201150894165,
            -7.169240951538086,
            -0.8655534386634827,
            0.0,
            0.0,
            0.0,
            0.0,
            0.0,
            0.0,
            0.0
        ],
        [
            -7.310011863708496,
            -7.400376796722412,
            -0.900015652179718,
            -0.029030561447143555,
            0.18990111351013184,
            -0.05476260185241699,
            0.0938272476196289,
            -0.03908681869506836,
            -0.004750728607177734,
            -0.010758161544799805
        ],
        [
            -7.01955509185791,
            -7.73415994644165,
            -0.906316339969635,
            -0.020422697067260742,
            0.5341701507568359,
            -0.14662671089172363,
            0.19052672386169434,
            -0.055155038833618164,
            0.029475927352905273,
            -0.08133506774902344
        ],
        [
            -7.326620101928711,
            -7.390352249145508,
            -0.8961644768714905,
            -0.025600671768188477,
            0.17586517333984375,
            -0.05399680137634277,
            0.08431315422058105,
            -0.031975507736206055,
            -0.004826068878173828,
            -0.008494853973388672
        ],
        [
            -7.404223442077637,
            -7.403116703033447,
            -0.8753977417945862,
            -0.014645099639892578,
            0.18964529037475586,
            -0.03300333023071289,
            0.02974677085876465,
            -0.015415191650390625,
            -0.004953622817993164,
            -0.03237009048461914
        ],
        [
            -7.320021152496338,
            -7.3920087814331055,
            -0.8988273739814758,
            -0.02756190299987793,
            0.1806783676147461,
            -0.05337691307067871,
            0.08892202377319336,
            -0.03663182258605957,
            -0.005049467086791992,
            -0.009065628051757812
        ],
        [
            -7.037456035614014,
            -7.684513568878174,
            -0.9035394787788391,
            -0.02371978759765625,
            0.4886963367462158,
            -0.1269996166229248,
            0.19811582565307617,
            -0.05885744094848633,
            0.016410350799560547,
            -0.06794381141662598
        ],
        [
            -7.330867767333984,
            -7.383209228515625,
            -0.8974373936653137,
            -0.02731013298034668,
            0.17351436614990234,
            -0.05088376998901367,
            0.08506059646606445,
            -0.0369417667388916,
            -0.005172252655029297,
            -0.006547451019287109
        ],
        [
            -6.8537774085998535,
            -7.9169840812683105,
            -0.9036839604377747,
            -0.02243661880493164,
            0.6933259963989258,
            -0.16485357284545898,
            0.2664973735809326,
            -0.06181144714355469,
            0.03850245475769043,
            -0.1210935115814209
        ],
        [
            -7.041563034057617,
            -7.683868885040283,
            -0.9049816727638245,
            -0.023020267486572266,
            0.491985559463501,
            -0.1338515281677246,
            0.19103789329528809,
            -0.0569157600402832,
            0.02039051055908203,
            -0.06846094131469727
        ],
        [
            -6.756126403808594,
            -8.061549186706543,
            -0.8992534279823303,
            -0.020641803741455078,
            0.810279130935669,
            -0.17795562744140625,
            0.30382347106933594,
            -0.07779812812805176,
            0.052594661712646484,
            -0.15135502815246582
        ],
        [
            -7.341100692749023,
            -7.381124019622803,
            -0.8948484063148499,
            -0.025012493133544922,
            0.165008544921875,
            -0.05080437660217285,
            0.07846593856811523,
            -0.03006148338317871,
            -0.005389690399169922,
            -0.006777524948120117
        ],
        [
            -6.723828315734863,
            -8.10153579711914,
            -0.8992486596107483,
            -0.02005314826965332,
            0.84564208984375,
            -0.1826164722442627,
            0.31665682792663574,
            -0.08358407020568848,
            0.057016849517822266,
            -0.15866804122924805
        ],
        [
            -7.243454456329346,
            -7.591643333435059,
            -0.8747585415840149,
            -0.0132598876953125,
            0.3406972885131836,
            -0.07691478729248047,
            0.08129382133483887,
            -0.017345190048217773,
            0.004820585250854492,
            -0.06824564933776855
        ],
        [
            -6.820765972137451,
            -8.019319534301758,
            -0.8900807499885559,
            -0.02005457878112793,
            0.7551157474517822,
            -0.16122126579284668,
            0.27757906913757324,
            -0.07730960845947266,
            0.04462027549743652,
            -0.14331698417663574
        ],
        [
            -7.407153606414795,
            -7.398433685302734,
            -0.8756538033485413,
            -0.014612436294555664,
            0.18595671653747559,
            -0.03224635124206543,
            0.028821945190429688,
            -0.015050649642944336,
            -0.005085945129394531,
            -0.031768798828125
        ],
        [
            -6.82227087020874,
            -7.9911417961120605,
            -0.8950322270393372,
            -0.022664785385131836,
            0.7417750358581543,
            -0.1632082462310791,
            0.2797071933746338,
            -0.07099103927612305,
            0.04206728935241699,
            -0.13834381103515625
        ],
        [
            -7.401510238647461,
            -7.406406879425049,
            -0.8750107884407043,
            -0.014738321304321289,
            0.19347286224365234,
            -0.03349184989929199,
            0.031098127365112305,
            -0.016114473342895508,
            -0.0046498775482177734,
            -0.033022165298461914
        ],
        [
            -7.231628894805908,
            -7.614579200744629,
            -0.8848856091499329,
            -0.025519847869873047,
            0.3682217597961426,
            -0.07511281967163086,
            0.09232783317565918,
            -0.027832508087158203,
            0.0077822208404541016,
            -0.08111906051635742
        ],
        [
            -6.9999680519104,
            -7.744349956512451,
            -0.9092617630958557,
            -0.02729511260986328,
            0.5456581115722656,
            -0.14007306098937988,
            0.21038460731506348,
            -0.06104755401611328,
            0.02455615997314453,
            -0.08376359939575195
        ],
        [
            -6.694791793823242,
            -8.135024070739746,
            -0.8991633057594299,
            -0.019716501235961914,
            0.8759710788726807,
            -0.1869652271270752,
            0.32838892936706543,
            -0.08799290657043457,
            0.06073617935180664,
            -0.16507625579833984
        ],
        [
            -7.345673084259033,
            -7.4784369468688965,
            -0.8737593293190002,
            -0.012677669525146484,
            0.24590492248535156,
            -0.05153656005859375,
            0.046230316162109375,
