{
    "collision_depths": [],
    "collision": false,
    "joint_limit_violation": false,
    "self_collision": false,
    "physical_violations": false,
    "config_smoothness": -6.504598138177803,
    "eff_smoothness": -6.534925569749064,
    "eff_position_path_length": 34.65602686590985,
    "eff_orientation_path_length": 2074.8539707651435,
    "physical_success": true,
    "time": 1.7781214714050293,
    "num_steps": 51,
    "trajectory_w": [
        [
            -10.715400695800781,
            -1.916989803314209,
            -2.439924955368042,
            0.0,
            0.0,
            0.0,
            0.0,
            0.0,
            0.0,
            0.0
        ],
        [
            -11.62309455871582,
            -2.8034579753875732,
            -2.483081340789795,
            0.01143336296081543,
            0.6333792209625244,
            0.055268287658691406,
            0.3437824249267578,
            0.15479612350463867,
            0.8007850646972656,
            0.8524746894836426
        ],
        [
            -11.039216995239258,
            -2.095545530319214,
            -2.422919750213623,
            -0.005584716796875,
            0.2424182891845703,
            0.025371789932250977,
            0.07153439521789551,
            0.058960914611816406,
            0.2666764259338379,
            0.250988245010376
        ],
        [
            -11.64444351196289,
            -2.827505588531494,
            -2.484356164932251,
            0.011188745498657227,
            0.6461429595947266,
            0.05565476417541504,
            0.35103440284729004,
            0.15757226943969727,
            0.8160407543182373,
            0.8674819469451904
        ],
        [
            -11.21587085723877,
            -2.3247323036193848,
            -2.4418537616729736,
            0.009510517120361328,
            0.3764643669128418,
            0.03800225257873535,
            0.16628479957580566,
            0.09589695930480957,
            0.4550304412841797,
            0.47762560844421387
        ],
        [
            -10.944485664367676,
            -2.044785976409912,
            -2.429500102996826,
            0.0025658607482910156,
            0.18998408317565918,
            0.047742605209350586,
            0.07329058647155762,
            0.04038882255554199,
            0.2032628059387207,
            0.18451690673828125
        ],
        [
            -11.375336647033691,
            -2.527033805847168,
            -2.469362735748291,
            0.012878894805908203,
            0.47567319869995117,
            0.053999900817871094,
            0.2512214183807373,
            0.11930370330810547,
            0.6019246578216553,
            0.6472856998443604
        ],
        [
            -10.939070701599121,
            -2.0275895595550537,
            -2.428081512451172,
            0.001085042953491211,
            0.18133997917175293,
            0.04273271560668945,
            0.06316018104553223,
            0.0378420352935791,
            0.19214153289794922,
            0.1694931983947754
        ],
        [
            -11.09081745147705,
            -2.156278133392334,
            -2.4240942001342773,
            -0.0036978721618652344,
            0.28574371337890625,
            0.02550649642944336,
            0.09507918357849121,
            0.07220578193664551,
            0.32506775856018066,
            0.3182065486907959
        ],
        [
            -11.64852523803711,
            -2.832144021987915,
            -2.48451828956604,
            0.01122593879699707,
            0.64827561378479,
            0.0559849739074707,
            0.35240983963012695,
            0.15801644325256348,
            0.8185205459594727,
            0.870434045791626
        ],
        [
            -11.125056266784668,
            -2.206878423690796,
            -2.4291257858276367,
            0.0015804767608642578,
            0.31154513359069824,
            0.02875685691833496,
            0.11821937561035156,
            0.08068370819091797,
            0.36538171768188477,
            0.36463093757629395
        ],
        [
            -11.673404693603516,
            -2.8607921600341797,
            -2.486454963684082,
            0.010590791702270508,
            0.6627914905548096,
            0.05672049522399902,
            0.3609743118286133,
            0.1608107089996338,
            0.8355631828308105,
            0.8875343799591064
        ],
        [
            -11.550151824951172,
            -2.721067428588867,
            -2.4787209033966064,
            0.012276411056518555,
            0.5890312194824219,
            0.05377626419067383,
            0.31754422187805176,
            0.145721435546875,
            0.747607946395874,
            0.7978448867797852
        ],
        [
            -11.665759086608887,
            -2.8519253730773926,
            -2.4858222007751465,
            0.010910987854003906,
            0.6582980155944824,
            0.05640006065368652,
            0.35819101333618164,
            0.15987372398376465,
            0.8302593231201172,
            0.8822600841522217
        ],
        [
            -10.961516380310059,
            -2.086636781692505,
            -2.4345171451568604,
            0.006945610046386719,
            0.206923246383667,
            0.0582575798034668,
            0.09644484519958496,
            0.04578089714050293,
            0.22794294357299805,
            0.2196333408355713
        ],
        [
            -11.092879295349121,
            -2.2513866424560547,
            -2.4631378650665283,
            0.017117977142333984,
            0.28248095512390137,
            0.07735323905944824,
            0.1657707691192627,
            0.06793451309204102,
            0.3412196636199951,
            0.3707926273345947
        ],
        [
            -11.16612720489502,
            -2.323554039001465,
            -2.468886613845825,
            0.015301704406738281,
            0.32768893241882324,
            0.0744924545288086,
            0.18923187255859375,
            0.08128070831298828,
            0.4042210578918457,
            0.44193553924560547
        ],
        [
            -10.961410522460938,
            -2.080895185470581,
            -2.4327471256256104,
            0.005852699279785156,
            0.20477628707885742,
            0.05495095252990723,
            0.09189319610595703,
            0.04591226577758789,
            0.22461676597595215,
            0.21395468711853027
        ],
        [
            -10.931559562683105,
            -2.0597000122070312,
            -2.4305484294891357,
            0.008389711380004883,
            0.1872539520263672,
            0.055762529373168945,
            0.08625602722167969,
            0.04159712791442871,
            0.2047884464263916,
            0.18961024284362793
        ],
        [
            -11.682543754577637,
            -2.871443510055542,
            -2.486980676651001,
            0.010773181915283203,
            0.6678524017333984,
            0.0571441650390625,
            0.3640565872192383,
            0.161865234375,
            0.8413956165313721,
            0.8938024044036865
        ],
        [
            -11.277620315551758,
            -2.4299476146698,
            -2.471623659133911,
            0.011435985565185547,
            0.4047231674194336,
            0.06413030624389648,
            0.2221369743347168,
            0.10140633583068848,
            0.5091426372528076,
            0.5507488250732422
        ],
        [
            -11.512164115905762,
            -2.6779849529266357,
            -2.476337432861328,
            0.012833118438720703,
            0.5655601024627686,
            0.05319833755493164,
            0.30319666862487793,
            0.14058351516723633,
            0.7181239128112793,
            0.7682855129241943
        ],
        [
