{
    "collision_depths": [],
    "collision": false,
    "joint_limit_violation": false,
    "self_collision": false,
    "physical_violations": false,
    "config_smoothness": -6.403274498398163,
    "eff_smoothness": -6.633138461790465,
    "eff_position_path_length": 29.094683440878693,
    "eff_orientation_path_length": 1168.8974582129138,
    "physical_success": true,
    "time": 1.7834608554840088,
    "num_steps": 51,
    "trajectory_w": [
        [
            -7.361571311950684,
            -7.427155494689941,
            -0.6923149824142456,
            0.0,
            0.0,
            0.0,
            0.0,
            0.0,
            0.0,
            0.0
        ],
        [
            -6.891112804412842,
            -7.880626201629639,
            -0.7339657545089722,
            -0.03758955001831055,
            0.5005769729614258,
            -0.05840897560119629,
            0.15845441818237305,
            0.044977664947509766,
            0.06541323661804199,
            -0.02149510383605957
        ],
        [
            -6.736324787139893,
            -7.99193811416626,
            -0.7122832536697388,
            -0.03621530532836914,
            0.6291930675506592,
            -0.04555940628051758,
            0.24997973442077637,
            0.04133296012878418,
            0.07797837257385254,
            -0.011105537414550781
        ],
        [
            -7.032772541046143,
            -7.780160903930664,
            -0.7270714044570923,
            -0.03265953063964844,
            0.3711223602294922,
            -0.04747605323791504,
            0.0945732593536377,
            0.0389246940612793,
            0.041214942932128906,
            -0.012778997421264648
        ],
        [
            -7.027153491973877,
            -7.763976573944092,
            -0.719917893409729,
            -0.02948451042175293,
            0.3794097900390625,
            -0.05981945991516113,
            0.09914135932922363,
            0.04492998123168945,
            0.044381141662597656,
            -0.01164698600769043
        ],
        [
            -7.182710647583008,
            -7.673249244689941,
            -0.7187129259109497,
            -0.03101634979248047,
            0.23691701889038086,
            -0.0117950439453125,
            0.04796457290649414,
            0.02881932258605957,
            0.012765884399414062,
            -0.008861541748046875
        ],
        [
            -6.632000923156738,
            -8.051353454589844,
            -0.7135792970657349,
            -0.03664255142211914,
            0.7315990924835205,
            -0.06621599197387695,
            0.2962222099304199,
            0.05062556266784668,
            0.10001325607299805,
            -0.01312708854675293
        ],
        [
            -6.483212947845459,
            -8.160982131958008,
            -0.7166556119918823,
            -0.03907370567321777,
            0.8734650611877441,
            -0.07920241355895996,
            0.3581678867340088,
            0.055106401443481445,
            0.12878680229187012,
            -0.023026227951049805
        ],
        [
            -7.046215057373047,
            -7.752801418304443,
            -0.7283862829208374,
            -0.05260753631591797,
            0.33500194549560547,
            -0.006239652633666992,
            0.13564157485961914,
            0.021460771560668945,
            0.02553701400756836,
            -0.012278079986572266
        ],
        [
            -7.170990467071533,
            -7.6638054847717285,
            -0.7165099382400513,
            -0.02414417266845703,
            0.23185086250305176,
            -0.024986743927001953,
            0.043317556381225586,
            0.03688335418701172,
            0.013583898544311523,
            -0.010146379470825195
        ],
        [
            -6.830180644989014,
            -7.847691059112549,
            -0.6995567083358765,
            -0.024307966232299805,
            0.5033149719238281,
            -0.04651021957397461,
            0.21615242958068848,
            0.04285073280334473,
            0.05333828926086426,
            0.01598215103149414
        ],
        [
            -6.487602710723877,
            -8.1428804397583,
            -0.7214664220809937,
            -0.03947091102600098,
            0.8656487464904785,
            -0.0859992504119873,
            0.35710978507995605,
            0.05938291549682617,
            0.12837839126586914,
            -0.02258753776550293
        ],
        [
            -7.094845294952393,
            -7.629745006561279,
            -0.7319263219833374,
            -0.03305220603942871,
            0.21809077262878418,
            -0.015180587768554688,
            0.1012716293334961,
            0.01664447784423828,
            0.010080337524414062,
            0.015166044235229492
        ],
        [
            -7.076447010040283,
            -7.7641448974609375,
            -0.7239943742752075,
            -0.0341496467590332,
            0.33107757568359375,
            -0.03765416145324707,
            0.08209443092346191,
            0.039116621017456055,
            0.0315396785736084,
            -0.014663457870483398
        ],
        [
            -7.049859523773193,
            -7.78168249130249,
            -0.7339116334915161,
            -0.04159975051879883,
            0.3363170623779297,
            -0.030616044998168945,
            0.10182523727416992,
            0.03995466232299805,
            0.03084564208984375,
            -0.024533987045288086
        ],
        [
            -7.183697700500488,
            -7.659245014190674,
            -0.7131184339523315,
            -0.026083707809448242,
            0.23049187660217285,
            -0.02107071876525879,
            0.04346108436584473,
            0.03444480895996094,
            0.012718439102172852,
            -0.009433269500732422
        ],
        [
            -7.193296909332275,
            -7.650747299194336,
            -0.7115291357040405,
            -0.026984691619873047,
            0.22987103462219238,
            -0.01621270179748535,
            0.04284811019897461,
            0.029735803604125977,
            0.012463092803955078,
            -0.0061397552490234375
        ],
        [
            -7.029345512390137,
            -7.651308059692383,
            -0.7076331377029419,
            -0.026165008544921875,
            0.3024611473083496,
            -0.02629876136779785,
            0.13096189498901367,
            0.019448041915893555,
            0.022858142852783203,
            0.02366352081298828
        ],
        [
            -6.9304656982421875,
            -7.769574165344238,
            -0.7033895254135132,
            -0.027718544006347656,
            0.39314961433410645,
            -0.02464747428894043,
            0.176285982131958,
            0.030306577682495117,
            0.03229475021362305,
            0.014104366302490234
        ],
        [
            -7.124735355377197,
            -7.6042046546936035,
            -0.7139414548873901,
            -0.03333401679992676,
            0.21349596977233887,
            -0.021563053131103516,
            0.09678125381469727,
            0.014078855514526367,
            0.01210331916809082,
            0.02341008186340332
        ],
        [
            -7.099787712097168,
            -7.624992370605469,
            -0.7282923460006714,
            -0.033322811126708984,
            0.2182331085205078,
            -0.01562952995300293,
            0.10205197334289551,
            0.015418529510498047,
            0.010636568069458008,
            0.01708197593688965
        ],
        [
            -7.100479602813721,
            -7.6022796630859375,
            -0.7196058034896851,
            -0.025537729263305664,
            0.2133035659790039,
            -0.03244662284851074,
            0.09528470039367676,
            0.0264132022857666,
