{
    "collision_depths": [
        0.010685904668549915,
        0.04133357059865767,
        0.027626996051209968,
        0.00807662371580256,
        0.027347238957769342,
        0.054570977260912416,
        0.006960473907444916,
        0.029090309938954468,
        0.007845748672477046,
        0.0240148119430061,
        0.051521066022031686,
        0.0542799157752617,
        0.032516261199529176,
        0.05358246407657219,
        0.03256874097574205,
        0.053802367682381134,
        0.007964770401580026,
        0.02651995713518561,
        0.030518448345125283,
        0.009402141134001625
    ],
    "collision": true,
    "joint_limit_violation": false,
    "self_collision": false,
    "physical_violations": true,
    "config_smoothness": -5.643862908706759,
    "eff_smoothness": -5.72941922824794,
    "eff_position_path_length": 48.75987308707272,
    "eff_orientation_path_length": 1508.1053963294537,
    "physical_success": false,
    "time": 1.6282548904418945,
    "num_steps": 51,
    "trajectory_w": [
        [
            -7.948707580566406,
            -9.5711030960083,
            0.17510025203227997,
            0.0,
            0.0,
            0.0,
            -2.384185791015625e-07,
            0.0,
            0.0,
            0.0
        ],
        [
            -6.37837553024292,
            -9.182607650756836,
            0.10643427073955536,
            0.010555744171142578,
            0.8824336528778076,
            -0.003907918930053711,
            0.29890966415405273,
            0.04165196418762207,
            0.08670926094055176,
            -0.10756635665893555
        ],
        [
            -7.566007137298584,
            -9.525392532348633,
            0.1559414118528366,
            -0.008517980575561523,
            0.22129178047180176,
            -0.02996039390563965,
            0.03583669662475586,
            0.04021644592285156,
            0.017578125,
            -0.02008676528930664
        ],
        [
            -6.303820610046387,
            -9.161852836608887,
            0.10472504794597626,
            0.012995719909667969,
            0.9243650436401367,
            -0.0039484500885009766,
            0.31456494331359863,
            0.04031014442443848,
            0.092498779296875,
            -0.11554360389709473
        ],
        [
            -7.65057373046875,
            -9.497740745544434,
            0.12123911082744598,
            -0.01675105094909668,
            0.15549111366271973,
            0.00986790657043457,
            0.06371307373046875,
            -0.0031991004943847656,
            -0.0021839141845703125,
            0.019809246063232422
        ],
        [
            -7.609324932098389,
            -9.484969139099121,
            0.1246592253446579,
            -0.017749547958374023,
            0.17996883392333984,
            0.013785123825073242,
            0.07425308227539062,
            -0.0065402984619140625,
            -0.0010139942169189453,
            0.016137123107910156
        ],
        [
            -7.179987907409668,
            -9.424382209777832,
            0.12339560687541962,
            -0.006174564361572266,
            0.44422388076782227,
            -0.027214527130126953,
            0.10389208793640137,
            0.04854321479797363,
            0.037600040435791016,
            -0.03483986854553223
        ],
        [
            -6.984121799468994,
            -9.296390533447266,
            0.13006679713726044,
            -0.014137744903564453,
            0.527501106262207,
            -0.01440286636352539,
            0.2012193202972412,
            0.057117462158203125,
            0.03947615623474121,
            -0.06097722053527832
        ],
        [
            -7.667807102203369,
            -9.551937103271484,
            0.1690019816160202,
            -0.010020732879638672,
            0.16869258880615234,
            -0.010668039321899414,
            0.022969961166381836,
            0.028062105178833008,
            0.006391048431396484,
            -0.016774654388427734
        ],
        [
            -7.277577877044678,
            -9.453588485717773,
            0.1273738592863083,
            -0.004065990447998047,
            0.38996458053588867,
            -0.03150439262390137,
            0.08154988288879395,
            0.044095516204833984,
            0.03315615653991699,
            -0.02373337745666504
        ],
        [
            -7.661833763122559,
            -9.554703712463379,
            0.1680256575345993,
            -0.008726358413696289,
            0.17185091972351074,
            -0.00806879997253418,
            0.0210115909576416,
            0.024884462356567383,
            0.005170583724975586,
            -0.014545440673828125
        ],
        [
            -7.646981716156006,
            -9.502212524414062,
            0.12362687289714813,
            -0.015684843063354492,
            0.15587854385375977,
            0.0028998851776123047,
            0.06054806709289551,
            0.0071773529052734375,
            0.0009906291961669922,
            0.01675701141357422
        ],
        [
            -6.3963541984558105,
            -9.187691688537598,
            0.10656039416790009,
            0.010018348693847656,
            0.8725483417510986,
            -0.0040743350982666016,
            0.2949192523956299,
            0.04217934608459473,
            0.08547163009643555,
            -0.10578155517578125
        ],
        [
            -6.887323379516602,
            -9.325615882873535,
            0.12034694850444794,
            0.003113985061645508,
            0.5876569747924805,
            0.010011672973632812,
            0.19385266304016113,
            0.029385805130004883,
            0.04252052307128906,
            -0.0494232177734375
        ],
        [
            -7.235233306884766,
            -9.384757041931152,
            0.1309441775083542,
            -0.012954473495483398,
            0.38331079483032227,
            0.02692437171936035,
            0.14849305152893066,
            0.008000612258911133,
            0.01142120361328125,
            -0.033716440200805664
        ],
        [
            -7.079738616943359,
            -9.315560340881348,
            0.1350981444120407,
            -0.014640092849731445,
            0.470111608505249,
            -0.009120702743530273,
            0.18667244911193848,
            0.05016779899597168,
            0.031440019607543945,
            -0.05195355415344238
        ],
        [
            -7.6093974113464355,
            -9.493243217468262,
            0.1219426840543747,
            -0.016214370727539062,
            0.18016624450683594,
            0.02135181427001953,
            0.06797313690185547,
            -0.012729406356811523,
            -0.003776073455810547,
            0.015437841415405273
        ],
        [
            -6.294283390045166,
            -9.15880012512207,
            0.10452286899089813,
            0.013124227523803711,
            0.9297986030578613,
            -0.003907918930053711,
            0.3166649341583252,
            0.04015231132507324,
            0.09324312210083008,
            -0.11670899391174316
        ],
        [
            -7.3171796798706055,
            -9.393762588500977,
            0.13455860316753387,
            -0.017940044403076172,
            0.3389933109283447,
            0.02620840072631836,
            0.13928627967834473,
            0.007790803909301758,
            0.00893092155456543,
            -0.030004262924194336
        ],
        [
            -7.661373615264893,
            -9.534126281738281,
            0.1664857119321823,
            -0.014113664627075195,
            0.1716012954711914,
            -0.020244598388671875,
            0.03500533103942871,
            0.03705906867980957,
            0.01142120361328125,
            -0.02031230926513672
        ],
        [
