{
  "n": 8,
  "gt": {
    "mean": 0.04466601461172104,
    "std": 0.1269533485174179,
    "min": -0.5495418310165405,
    "max": 0.7803544402122498,
    "abs_gt_1": 0.0
  },
  "x0": {
    "mean": 0.03186245635151863,
    "std": 0.2512972056865692,
    "min": -0.8267098665237427,
    "max": 1.1342839002609253,
    "abs_gt_1": 0.000735294132027775
  },
  "xT": {
    "mean": 0.0005898139206692576,
    "std": 0.9828840494155884,
    "min": -4.023212432861328,
    "max": 3.5296459197998047,
    "abs_gt_1": 0.3125
  },
  "mse_x0_vs_gt": 0.07123547792434692,
  "ratio_x0_over_xT": 0.25567328929901123
}