{
    "collision_depths": [],
    "collision": false,
    "joint_limit_violation": false,
    "self_collision": false,
    "physical_violations": false,
    "config_smoothness": -4.953164319362908,
    "eff_smoothness": -4.938813034273628,
    "eff_position_path_length": 49.27960376615827,
    "eff_orientation_path_length": 1780.1945824801273,
    "physical_success": true,
    "time": 0.8863565921783447,
    "num_steps": 51,
    "trajectory_w": [
        [
            -9.474478721618652,
            -9.336901664733887,
            0.17461851239204407,
            0.0,
            0.0,
            0.0,
            0.0,
            0.0,
            0.0,
            0.0
        ],
        [
            -9.08283805847168,
            -9.207195281982422,
            0.13547924160957336,
            -0.009123563766479492,
            0.26090049743652344,
            0.0047435760498046875,
            0.11236405372619629,
            -0.06398820877075195,
            0.016127347946166992,
            -0.06832146644592285
        ],
        [
            -8.93108081817627,
            -9.26050853729248,
            0.142612487077713,
            0.006453514099121094,
            0.36199307441711426,
            -0.05311250686645508,
            0.07813906669616699,
            -0.03771162033081055,
            0.03830838203430176,
            -0.09761404991149902
        ],
        [
            -8.60728931427002,
            -9.059283256530762,
            0.12422636151313782,
            0.015453577041625977,
            0.5635683536529541,
            -0.05807614326477051,
            0.23178744316101074,
            -0.06916546821594238,
            0.05086660385131836,
            -0.1683034896850586
        ],
        [
            -9.270841598510742,
            -9.312346458435059,
            0.16259077191352844,
            -0.0018281936645507812,
            0.1512894630432129,
            -0.006836891174316406,
            0.02576613426208496,
            -0.018450498580932617,
            0.011522293090820312,
            -0.04921388626098633
        ],
        [
            -9.056035995483398,
            -9.160445213317871,
            0.12772443890571594,
            0.004511594772338867,
            0.27174901962280273,
            -0.011916399002075195,
            0.12504982948303223,
            -0.04989981651306152,
            0.021961450576782227,
            -0.06774210929870605
        ],
        [
            -8.626720428466797,
            -9.08044147491455,
            0.11817410588264465,
            0.018167972564697266,
            0.5479514598846436,
            -0.05996561050415039,
            0.21587777137756348,
            -0.06529021263122559,
            0.05505037307739258,
            -0.140228271484375
        ],
        [
            -8.009981155395508,
            -8.937583923339844,
            0.09529545903205872,
            0.045975685119628906,
            0.9609570503234863,
            -0.09881472587585449,
            0.36659669876098633,
            -0.13993406295776367,
            0.10592508316040039,
            -0.3216547966003418
        ],
        [
            -9.066100120544434,
            -9.299480438232422,
            0.15497592091560364,
            0.003807544708251953,
            0.27251172065734863,
            -0.042133331298828125,
            0.048307180404663086,
            -0.021951675415039062,
            0.02798604965209961,
            -0.08122992515563965
        ],
        [
            -8.475425720214844,
            -9.042288780212402,
            0.11759260296821594,
            0.018463134765625,
            0.6560549736022949,
            -0.06949663162231445,
            0.25383520126342773,
            -0.08290338516235352,
            0.0640418529510498,
            -0.20852136611938477
        ],
        [
            -8.269150733947754,
            -9.007798194885254,
            0.10571125149726868,
            0.031900882720947266,
            0.7918546199798584,
            -0.0810542106628418,
            0.2953956127166748,
            -0.10573244094848633,
            0.08354735374450684,
            -0.26161646842956543
        ],
        [
            -9.254356384277344,
            -9.28945541381836,
            0.1498575508594513,
            -0.00603938102722168,
            0.1501753330230713,
            -0.0081329345703125,
            0.044289350509643555,
            -0.023412227630615234,
            0.01364445686340332,
            -0.03601670265197754
        ],
        [
            -8.345100402832031,
            -9.015159606933594,
            0.10651066899299622,
            0.024123430252075195,
            0.7425243854522705,
            -0.07977175712585449,
            0.28425097465515137,
            -0.09602093696594238,
            0.07806587219238281,
            -0.23324346542358398
        ],
        [
            -9.252784729003906,
            -9.263997077941895,
            0.13619497418403625,
            -0.010278940200805664,
            0.14200758934020996,
            -0.011140823364257812,
            0.06408572196960449,
            -0.02932143211364746,
            0.013915538787841797,
            -0.01983189582824707
        ],
        [
            -8.085786819458008,
            -8.95723819732666,
            0.09795263409614563,
            0.04161977767944336,
            0.9118380546569824,
            -0.09371566772460938,
            0.3462073802947998,
            -0.13008356094360352,
            0.09957671165466309,
            -0.30390048027038574
        ],
        [
            -9.269572257995605,
            -9.315524101257324,
            0.164371520280838,
            -0.0012090206146240234,
            0.15297317504882812,
            -0.007348299026489258,
            0.023453474044799805,
            -0.017788410186767578,
            0.011177778244018555,
            -0.05082106590270996
        ],
        [
            -8.593250274658203,
            -9.106437683105469,
            0.11814597249031067,
            0.024539470672607422,
            0.574016809463501,
            -0.06375241279602051,
            0.2035841941833496,
            -0.0700232982635498,
            0.06394481658935547,
            -0.1426088809967041
        ],
        [
            -8.734776496887207,
            -9.117539405822754,
            0.12383607029914856,
            -0.006373405456542969,
            0.4928114414215088,
            -0.040640830993652344,
            0.18794751167297363,
            -0.06339025497436523,
            0.03449058532714844,
            -0.2008347511291504
        ],
        [
            -9.262748718261719,
            -9.286759376525879,
            0.14845755696296692,
            -0.006992340087890625,
            0.1437087059020996,
            -0.008582115173339844,
            0.046372175216674805,
            -0.02324700355529785,
            0.013422727584838867,
            -0.03095388412475586
        ],
        [
            -9.220677375793457,
            -9.32255744934082,
            0.16651085019111633,
            0.001110076904296875,
            0.18054461479187012,
            -0.013848304748535156,
            0.021891117095947266,
            -0.01600050926208496,
            0.012666940689086914,
            -0.06256699562072754
        ],
        [
            -8.945151329040527,
            -9.142295837402344,
            0.13231971859931946,
            -0.0008990764617919922,
            0.3515746593475342,
            -0.008715152740478516,
            0.15523171424865723,
            -0.0624690055847168,
            0.021276473999023438,
            -0.12057280540466309
        ],
        [
            -8.079264640808105,
            -8.95550537109375,
            0.097535640001297,
            0.04192304611206055,
            0.916234016418457,
            -0.09431314468383789,
            0.34813427925109863,
            -0.1308598518371582,
