{
    "collision_depths": [
        0.033536420644101866,
        0.016601955958458363,
        0.0193780400199263,
        0.0429333321408696,
        0.335972791193346,
        0.23363582130598803,
        0.007778505055999768,
        0.012163520273905219,
        0.018451417346376873,
        0.011471747021706816,
        0.03322810694958296,
        0.005204453176633059,
        0.06890868403282856,
        0.11398171560454612,
        0.10769015439623891,
        0.0982818108289592,
        0.0722077570672231,
        0.04695116726446215,
        0.08003583525472427,
        0.042920533966831646,
        0.05973604425161362,
        0.04115881432514179,
        0.019253744202602174,
        0.035762166454764065,
        0.12471871676717834,
        0.1445157835768699,
        0.012970110863789667,
        0.11387877829168856,
        0.012979180462429357,
        0.0576137736797602,
        0.10098705102796666,
        0.06856161619089808,
        0.04046266665158055,
        0.033289554482456046,
        0.08245874594528728,
        0.023779562269035024,
        0.04118305035847803,
        0.03249608772158796,
        0.042463262432451396,
        0.00495489632322028,
        0.08020049840159424,
        0.003953359999713699,
        0.06936685300354678,
        0.05689678587793108,
        0.07732578896561693,
        0.07078993437256491,
        0.09184687420642716,
        0.050209798421257244,
        0.07164389609885057,
        0.07400330983429773,
        0.07415743719706255,
        0.08277769296303902
    ],
    "collision": true,
    "joint_limit_violation": true,
    "self_collision": true,
    "physical_violations": true,
    "config_smoothness": -3.7968738105685356,
    "eff_smoothness": -4.326104449493304,
    "eff_position_path_length": 706.4567470657022,
    "eff_orientation_path_length": 6337.031874967007,
    "physical_success": false,
    "time": 0.36690473556518555,
    "num_steps": 51,
    "trajectory_w": [
        [
            -5.3929443359375,
            -6.768797874450684,
            -1.566300868988037,
            0.0,
            0.0,
            0.0,
            0.0,
            0.0,
            0.0,
            0.0
        ],
        [
            -3.6771717071533203,
            -12.440884590148926,
            -5.396180152893066,
            -6.243133544921875,
            3.418652296066284,
            -2.2760376930236816,
            1.8363330364227295,
            -3.229524850845337,
            1.0287048816680908,
            3.6204450130462646
        ],
        [
            -5.034578800201416,
            -10.758597373962402,
            6.3385844230651855,
            -1.873415470123291,
            3.1032612323760986,
            -3.3521571159362793,
            2.784496545791626,
            -6.323690414428711,
            0.2695009708404541,
            4.552853584289551
        ],
        [
            -10.557490348815918,
            13.409261703491211,
            -1.175917625427246,
            -4.018891334533691,
            -1.7944517135620117,
            5.418384552001953,
            2.6035306453704834,
            14.338034629821777,
            -6.759173393249512,
            -0.5970723628997803
        ],
        [
            2.639979362487793,
            -0.9422799348831177,
            2.883760929107666,
            -1.4373209476470947,
            2.6835687160491943,
            0.37977099418640137,
            -1.4697206020355225,
            -9.856383323669434,
            -0.0956721305847168,
            -1.7075191736221313
        ],
        [
            -1.081443428993225,
            13.680078506469727,
            3.740540027618408,
            0.32820820808410645,
            -0.7730598449707031,
            2.582446336746216,
            -4.030960559844971,
            6.4264020919799805,
            3.360698938369751,
            -5.541317939758301
        ],
        [
            2.307147264480591,
            6.194113254547119,
            -0.7665867805480957,
            -4.119647979736328,
            0.6503689289093018,
            5.647680282592773,
            1.4879167079925537,
            9.345284461975098,
            -1.5326969623565674,
            -5.655342102050781
        ],
        [
            -7.843555927276611,
            -2.632079601287842,
            -0.39806389808654785,
            -1.223463535308838,
            1.294374704360962,
            4.312017440795898,
            -1.3845301866531372,
            5.65274715423584,
            -2.993464946746826,
            5.337664604187012
        ],
        [
            2.852933645248413,
            4.888400554656982,
            0.8342516422271729,
            -4.040857315063477,
            -0.23290586471557617,
            -3.549276351928711,
            0.7166612148284912,
            -1.7797209024429321,
            0.1882936954498291,
            -5.789920330047607
        ],
        [
            -15.908201217651367,
            7.39488410949707,
            8.678140640258789,
            -12.642279624938965,
            2.2591054439544678,
            -4.482097148895264,
            -2.5520782470703125,
            2.972210168838501,
            3.2273900508880615,
            -6.353899002075195
        ],
        [
            -17.573930740356445,
            -3.7306289672851562,
            -1.511244297027588,
            -8.05980110168457,
            0.015895605087280273,
            3.4827358722686768,
            -6.8493852615356445,
            3.1151092052459717,
            2.338059186935425,
            2.9123189449310303
        ],
        [
            -28.383235931396484,
            4.688774585723877,
            0.08193802833557129,
            -0.812544584274292,
            2.7545230388641357,
            0.0786278247833252,
            5.171108245849609,
            3.454343557357788,
            -0.32894599437713623,
            -0.18299007415771484
        ],
        [
            -26.81206512451172,
            -0.8481012582778931,
            10.842687606811523,
            -6.322946548461914,
            3.7437589168548584,
            4.087273597717285,
            3.2738091945648193,
            -6.2353925704956055,
            3.4071662425994873,
            -3.5851030349731445
        ],
        [
            -18.013870239257812,
            -5.111335754394531,
            -5.865039348602295,
            -4.928184509277344,
            2.23382830619812,
            -0.08100676536560059,
            -4.865048885345459,
            3.3833858966827393,
            0.9258129596710205,
            3.8154304027557373
        ],
        [
            -5.691971778869629,
            -1.2902718782424927,
            1.6899302005767822,
            -7.775761604309082,
            2.2670748233795166,
            -5.487740516662598,
            -1.1729621887207031,
            -0.1048882007598877,
            0.1433720588684082,
            -10.590181350708008
        ],
        [
            -12.399391174316406,
            -7.1091437339782715,
            4.881577968597412,
            1.2792017459869385,
            -2.2754859924316406,
            -3.721961498260498,
            -2.025888442993164,
            -7.566340446472168,
            -0.5368635654449463,
            -4.07504940032959
        ],
        [
            -13.748628616333008,
            -5.903827667236328,
            3.263317584991455,
            -5.245116233825684,
            3.3798892498016357,
            7.159964561462402,
            2.2261030673980713,
            3.0871527194976807,
            1.460209608078003,
            -0.8490695953369141
        ],
        [
            -17.55773162841797,
            2.7808303833007812,
            4.770288944244385,
            0.6861836910247803,
            1.6760165691375732,
            5.05615234375,
            -4.533539295196533,
            15.02302074432373,
            1.4125614166259766,
            -7.187892913818359
        ],
