{
    "collision_depths": [
        0.04665258117887743,
        0.012551478876795967,
        0.05636310956054152,
        0.027051868323782258,
        0.0039333690224424706,
        0.012262555639773295,
        0.15288948171759448,
        0.025687213186606172,
        0.0257813067917287,
        0.245839948128641,
        0.14312605424801966,
        0.14311623010865973,
        0.06154827030373582,
        0.1269492400216118,
        0.09911445458580276,
        0.022662299335472258,
        0.01207957727187723,
        0.02224039687053694,
        0.03251795381800302,
        0.05519114707320549,
        0.080862693460619,
        0.10495203539629412,
        0.00898108227915568,
        0.06861201437102088,
        0.08838913873758819,
        0.1274890286152265,
        0.035864002966594456,
        0.08746723329587137,
        0.013268221829809537,
        0.001145237295685313,
        0.014385094886795841,
        0.036573598706986475,
        0.043249563685100315,
        0.10464335561232727,
        0.011490230404333071,
        0.06856933122522928,
        0.04122106908930081,
        0.06444361747065723,
        0.08369474756499017,
        0.008647054412488258,
        0.052816698029724655,
        0.04461131099378093,
        0.1336846080298179,
        0.33085594717360894,
        0.3408559471736092,
        0.0539923537985034,
        0.045342292813055726,
        0.051942026393811166,
        0.04194202639381031,
        0.06835291319754766,
        0.05835291319754683,
        0.02935804237780685,
        0.01935804237779879,
        0.2727215573078178,
        0.08746293765274919,
        0.09057828062785196,
        0.12400672324071961,
        0.011886782599502963,
        0.04332672784489089,
        0.04121739000545431,
        0.05578404169194963,
        0.01831565599683861,
        0.04849446905174563,
        0.028597410405908033,
        0.08220202262343014,
        0.14511019883359527,
        0.016091201220171745,
        0.002040859895550571,
        0.086518659340021,
        0.03669265063817044,
        0.01580577128791217,
        0.012747457039553378,
        0.06519348023504318,
        0.09330983615203098
    ],
    "collision": true,
    "joint_limit_violation": true,
    "self_collision": true,
    "physical_violations": true,
    "config_smoothness": -3.9817370660672142,
    "eff_smoothness": -4.758576617853898,
    "eff_position_path_length": 578.2919217258235,
    "eff_orientation_path_length": 6443.359807000706,
    "physical_success": false,
    "time": 0.35593104362487793,
    "num_steps": 51,
    "trajectory_w": [
        [
            -7.53201150894165,
            -7.169240951538086,
            -0.8655534386634827,
            0.0,
            0.0,
            0.0,
            0.0,
            0.0,
            0.0,
            0.0
        ],
        [
            -19.839599609375,
            -6.127505779266357,
            -3.7544925212860107,
            7.56047248840332,
            -3.0226547718048096,
            -3.9632906913757324,
            -0.10807538032531738,
            4.049613952636719,
            -3.6559462547302246,
            1.89345383644104
        ],
        [
            -15.541999816894531,
            -4.960982799530029,
            -3.169254779815674,
            -4.074794769287109,
            -0.49858033657073975,
            -0.10954451560974121,
            6.9612627029418945,
            4.045132637023926,
            -3.3131675720214844,
            -0.6710960865020752
        ],
        [
            -10.461517333984375,
            14.528822898864746,
            -3.8061413764953613,
            -4.219099044799805,
            -2.337231159210205,
            -0.23019194602966309,
            0.030043363571166992,
            3.251239538192749,
            -2.7273077964782715,
            -2.487102508544922
        ],
        [
            -5.825778484344482,
            8.644344329833984,
            7.325474262237549,
            2.042371988296509,
            -3.2280983924865723,
            -0.9475343227386475,
            -0.5700292587280273,
            2.305804491043091,
            -2.800149917602539,
            -0.5374326705932617
        ],
        [
            -10.443413734436035,
            9.201407432556152,
            -2.445920944213867,
            -2.010979652404785,
            0.4373002052307129,
            -2.8957719802856445,
            -0.8761067390441895,
            3.2775447368621826,
            -1.6461360454559326,
            0.786292552947998
        ],
        [
            -22.953758239746094,
            1.6403772830963135,
            2.3720552921295166,
            -4.447025299072266,
            4.954235076904297,
            -0.11445951461791992,
            -2.3266470432281494,
            4.824550628662109,
            1.5445458889007568,
            -3.6607863903045654
        ],
        [
            -19.03594207763672,
            11.684503555297852,
            7.216868877410889,
            -7.806517601013184,
            0.016931772232055664,
            3.959935426712036,
            -0.08097672462463379,
            -0.9110991954803467,
            1.7728803157806396,
            0.27959728240966797
        ],
        [
            -14.297696113586426,
            -1.379012942314148,
            -4.003597259521484,
            -5.202319145202637,
            4.789475440979004,
            -0.567990779876709,
            2.7337701320648193,
            3.248138666152954,
            -2.009854316711426,
            -0.08789634704589844
        ],
        [
            -13.945350646972656,
            -2.509875535964966,
            0.77045077085495,
            -0.09411358833312988,
            0.6586008071899414,
            -0.5119774341583252,
            -0.46474647521972656,
            -1.1770713329315186,
            -0.4595351219177246,
            -4.052750587463379
        ],
        [
            -7.825955867767334,
            -6.292041301727295,
            4.563316822052002,
            -4.071649551391602,
            3.280883550643921,
            2.3730523586273193,
            -0.11811089515686035,
            9.637914657592773,
            2.0182254314422607,
            -1.4055942296981812
        ],
        [
            -19.679012298583984,
            3.2191646099090576,
            12.232725143432617,
            -3.75719952583313,
            -4.896212577819824,
            4.616262435913086,
            -0.10390424728393555,
            3.827270269393921,
            0.9525647163391113,
            0.14844250679016113
        ],
        [
            -0.5366650819778442,
            -11.605499267578125,
            12.556989669799805,
            -5.079710006713867,
            1.1919002532958984,
            -3.2236366271972656,
            1.6683094501495361,
            -3.5371055603027344,
            0.28201937675476074,
            -0.12850189208984375
        ],
        [
            -13.97225284576416,
            -7.835763454437256,
            0.9751741290092468,
            1.3222906589508057,
            -0.780143141746521,
            -5.524144172668457,
            -4.905804634094238,
            -5.4628071784973145,
            2.2268226146698,
            1.161043405532837
        ],
        [
            -10.913479804992676,
            -3.463533639907837,
            1.0591890811920166,
            -3.2053234577178955,
            2.7790234088897705,
            2.2347395420074463,
            -1.101395845413208,
            -4.337949752807617,
            -2.635500431060791,
            -1.3612768650054932
        ],
        [
            -21.80888557434082,
            4.432978630065918,
            5.67941427230835,
            -3.5178921222686768,
            -1.94734525680542,
            -0.34146976470947266,
            -12.643327713012695,
            -0.29908251762390137,
            3.973022222518921,
            4.724867820739746
        ],
        [
