{
    "collision_depths": [],
    "collision": false,
    "joint_limit_violation": false,
    "self_collision": false,
    "physical_violations": false,
    "config_smoothness": -5.213346901588429,
    "eff_smoothness": -5.313016837042886,
    "eff_position_path_length": 35.47249438436463,
    "eff_orientation_path_length": 1583.52539436979,
    "physical_success": true,
    "time": 0.9884886741638184,
    "num_steps": 51,
    "trajectory_w": [
        [
            -5.3929443359375,
            -6.768797874450684,
            -1.566300868988037,
            0.0,
            0.0,
            0.0,
            0.0,
            0.0,
            0.0,
            0.0
        ],
        [
            -5.391895771026611,
            -7.409002304077148,
            -1.496025800704956,
            0.024632930755615234,
            0.37426328659057617,
            0.07408428192138672,
            0.18621563911437988,
            0.06386876106262207,
            0.20271849632263184,
            -0.057309865951538086
        ],
        [
            -5.351186275482178,
            -7.8424391746521,
            -1.4794223308563232,
            0.014095783233642578,
            0.6548821926116943,
            0.13597488403320312,
            0.3691065311431885,
            0.1075284481048584,
            0.3447999954223633,
            -0.14078068733215332
        ],
        [
            -5.41071891784668,
            -7.02899694442749,
            -1.531696081161499,
            0.009867191314697266,
            0.16467618942260742,
            0.06138777732849121,
            0.0686805248260498,
            0.03380632400512695,
            0.0730435848236084,
            -0.03761744499206543
        ],
        [
            -5.368323802947998,
            -7.4911956787109375,
            -1.5075020790100098,
            0.019742965698242188,
            0.4493732452392578,
            0.1164398193359375,
            0.2519700527191162,
            0.09336733818054199,
            0.24347257614135742,
            -0.06838798522949219
        ],
        [
            -5.414218425750732,
            -7.05769681930542,
            -1.5257439613342285,
            0.012554168701171875,
            0.17909932136535645,
            0.05850028991699219,
            0.07040190696716309,
            0.03745603561401367,
            0.08074951171875,
            -0.042565345764160156
        ],
        [
            -5.33642578125,
            -7.675667762756348,
            -1.506096601486206,
            0.008839845657348633,
            0.5537984371185303,
            0.1473238468170166,
            0.3350403308868408,
            0.09992742538452148,
            0.2799241542816162,
            -0.12033891677856445
        ],
        [
            -5.389683723449707,
            -7.0235371589660645,
            -1.544064998626709,
            0.0023894309997558594,
            0.15312910079956055,
            0.07514715194702148,
            0.09354901313781738,
            0.028408527374267578,
            0.07048654556274414,
            -0.021300554275512695
        ],
        [
            -5.3690080642700195,
            -7.073153018951416,
            -1.5503745079040527,
            0.0014138221740722656,
            0.19232726097106934,
            0.10054612159729004,
            0.13057184219360352,
            0.031080245971679688,
            0.09208416938781738,
            -0.02359175682067871
        ],
        [
            -5.400051116943359,
            -7.3312225341796875,
            -1.503037929534912,
            0.021286964416503906,
            0.31592488288879395,
            0.0638589859008789,
            0.15041661262512207,
            0.05481576919555664,
            0.16440963745117188,
            -0.05638694763183594
        ],
        [
            -5.409483909606934,
            -7.051860332489014,
            -1.533900499343872,
            0.008417129516601562,
            0.17169547080993652,
            0.06467056274414062,
            0.07285547256469727,
            0.03498673439025879,
            0.07601022720336914,
            -0.04156208038330078
        ],
        [
            -5.382951259613037,
            -7.636399269104004,
            -1.483548641204834,
            0.02274012565612793,
            0.5288770198822021,
            0.10277962684631348,
            0.2745096683502197,
            0.08355879783630371,
            0.2858285903930664,
            -0.10062527656555176
        ],
        [
            -5.33221960067749,
            -8.076704025268555,
            -1.4639663696289062,
            0.013279199600219727,
            0.7877941131591797,
            0.15039348602294922,
            0.45063304901123047,
            0.12367486953735352,
            0.4139418601989746,
            -0.17664670944213867
        ],
        [
            -5.387540340423584,
            -7.031229496002197,
            -1.5446906089782715,
            0.001844167709350586,
            0.15704560279846191,
            0.07730317115783691,
            0.09677886962890625,
            0.028830766677856445,
            0.07225203514099121,
            -0.021645069122314453
        ],
        [
            -5.347103595733643,
            -7.868295669555664,
            -1.478088617324829,
            0.013382911682128906,
            0.6697092056274414,
            0.1388237476348877,
            0.37999415397644043,
            0.10955452919006348,
            0.35202550888061523,
            -0.14473938941955566
        ],
        [
            -5.372182846069336,
            -7.058710098266602,
            -1.552595853805542,
            0.0010466575622558594,
            0.1705341339111328,
            0.09169888496398926,
            0.11883878707885742,
            0.03043365478515625,
            0.08141732215881348,
            -0.021146059036254883
        ],
        [
            -5.337070465087891,
            -8.001409530639648,
            -1.4691050052642822,
            0.013311147689819336,
            0.7462489604949951,
            0.1465449333190918,
            0.42638278007507324,
            0.11893439292907715,
            0.3927021026611328,
            -0.16443920135498047
        ],
        [
            -5.343176364898682,
            -7.920981407165527,
            -1.4745652675628662,
            0.01347804069519043,
            0.7004091739654541,
            0.14196467399597168,
            0.3986780643463135,
            0.11339068412780762,
            0.3684229850769043,
            -0.15226173400878906
        ],
        [
            -5.332169532775879,
            -8.072501182556152,
            -1.4640483856201172,
            0.013389110565185547,
            0.7857589721679688,
            0.15012907981872559,
            0.4491851329803467,
            0.12325167655944824,
            0.41292405128479004,
            -0.17606163024902344
        ],
        [
            -5.4030232429504395,
            -7.1985883712768555,
            -1.5203652381896973,
            0.015824317932128906,
            0.22908926010131836,
            0.06145620346069336,
            0.10320496559143066,
            0.050368309020996094,
            0.11275291442871094,
            -0.05209803581237793
        ],
        [
            -5.3584699630737305,
            -7.379727363586426,
            -1.5360126495361328,
            0.004283905029296875,
            0.3900637626647949,
            0.14045238494873047,
            0.2371082305908203,
            0.07138895988464355,
            0.18459296226501465,
            -0.09082961082458496
        ],
        [
            -5.404954433441162,
            -7.0429768562316895,
            -1.5359797477722168,
            0.007458686828613281,
            0.16911005973815918,
            0.06670522689819336,
            0.07791638374328613,
            0.03378605842590332,
            0.0763390064239502,
            -0.03647494316101074
        ],
