{
    "collision_depths": [],
    "collision": false,
    "joint_limit_violation": false,
    "self_collision": false,
    "physical_violations": false,
    "config_smoothness": -5.809785007313255,
    "eff_smoothness": -5.884787381858113,
    "eff_position_path_length": 43.09099891850565,
    "eff_orientation_path_length": 1197.6632603432633,
    "physical_success": true,
    "time": 0.939852237701416,
    "num_steps": 51,
    "trajectory_w": [
        [
            -4.4051666259765625,
            -5.590465545654297,
            -1.9179235696792603,
            0.0,
            0.0,
            0.0,
            0.0,
            0.0,
            0.0,
            0.0
        ],
        [
            -4.567006587982178,
            -5.922889709472656,
            -1.9382811784744263,
            -0.02695608139038086,
            0.23095154762268066,
            -0.07193970680236816,
            -0.0010776519775390625,
            -0.04973554611206055,
            -0.07124185562133789,
            -0.007972002029418945
        ],
        [
            -4.520995616912842,
            -5.794119358062744,
            -1.9388915300369263,
            -0.02459239959716797,
            0.1444389820098877,
            -0.0559544563293457,
            -0.006214141845703125,
            -0.04088544845581055,
            -0.05966997146606445,
            0.028725862503051758
        ],
        [
            -4.5216450691223145,
            -5.791574001312256,
            -1.936648964881897,
            -0.024502277374267578,
            0.14518046379089355,
            -0.05474972724914551,
            -0.010052919387817383,
            -0.03958892822265625,
            -0.05936717987060547,
            0.02242732048034668
        ],
        [
            -4.780910968780518,
            -6.725478172302246,
            -1.9637583494186401,
            -0.026136398315429688,
            0.742077112197876,
            -0.2084217071533203,
            0.16002416610717773,
            -0.12233185768127441,
            -0.17123520374298096,
            -0.09506607055664062
        ],
        [
            -4.489895343780518,
            -5.810923099517822,
            -1.947123408317566,
            -0.02484273910522461,
            0.13810038566589355,
            -0.07135415077209473,
            0.027301549911499023,
            -0.04516100883483887,
            -0.05908656120300293,
            0.050383567810058594
        ],
        [
            -4.527121543884277,
            -5.788874626159668,
            -1.934672474861145,
            -0.0235748291015625,
            0.14574503898620605,
            -0.05339694023132324,
            -0.01609969139099121,
            -0.038655996322631836,
            -0.059921979904174805,
            0.018646717071533203
        ],
        [
            -4.715553283691406,
            -6.535470485687256,
            -1.95712411403656,
            -0.026325702667236328,
            0.6124722957611084,
            -0.1797327995300293,
            0.12697696685791016,
            -0.10324382781982422,
            -0.1495264768600464,
            -0.06015491485595703
        ],
        [
            -4.743602275848389,
            -6.610404014587402,
            -1.9571789503097534,
            -0.021844148635864258,
            0.6647062301635742,
            -0.19304561614990234,
            0.14068102836608887,
            -0.11455059051513672,
            -0.15861010551452637,
            -0.0640571117401123
        ],
        [
            -4.504004955291748,
            -5.996599197387695,
            -1.9558316469192505,
            -0.0173337459564209,
            0.2395915985107422,
            -0.09724712371826172,
            0.06484389305114746,
            -0.06623291969299316,
            -0.08207273483276367,
            0.03665757179260254
        ],
        [
            -4.565779685974121,
            -5.839716911315918,
            -1.9328135251998901,
            -0.02245163917541504,
            0.18366456031799316,
            -0.062200069427490234,
            -0.023329973220825195,
            -0.04066586494445801,
            -0.06689763069152832,
            0.009018421173095703
        ],
        [
            -4.831992149353027,
            -6.882904529571533,
            -1.9716233015060425,
            -0.02678394317626953,
            0.8498890399932861,
            -0.2311396598815918,
            0.19089961051940918,
            -0.1409306526184082,
            -0.18899548053741455,
            -0.12503266334533691
        ],
        [
            -4.827053546905518,
            -6.869343280792236,
            -1.9713231325149536,
            -0.02707219123840332,
            0.8403489589691162,
            -0.22909951210021973,
            0.1878044605255127,
            -0.13864731788635254,
            -0.18737483024597168,
            -0.12301778793334961
        ],
        [
            -4.532885551452637,
            -5.786535263061523,
            -1.9328747987747192,
            -0.023543834686279297,
            0.14696240425109863,
            -0.05275583267211914,
            -0.022248506546020508,
            -0.03745770454406738,
            -0.06066274642944336,
            0.014200925827026367
        ],
        [
            -4.627651691436768,
            -6.181045055389404,
            -1.9546772241592407,
            -0.04639077186584473,
            0.38651108741760254,
            -0.1166219711303711,
            0.05037569999694824,
            -0.053833961486816406,
            -0.10043871402740479,
            -0.08301019668579102
        ],
        [
            -4.5313286781311035,
            -5.788963317871094,
            -1.9339898824691772,
            -0.023747920989990234,
            0.1471555233001709,
            -0.05291557312011719,
            -0.019870281219482422,
            -0.03796553611755371,
            -0.06052708625793457,
            0.014844655990600586
        ],
        [
            -4.483659744262695,
            -5.808555603027344,
            -1.9456487894058228,
            -0.025435924530029297,
            0.13657283782958984,
            -0.07135415077209473,
            0.028324127197265625,
            -0.044716835021972656,
            -0.05835318565368652,
            0.04648947715759277
        ],
        [
            -4.820208549499512,
            -6.847151279449463,
            -1.9704827070236206,
            -0.027229785919189453,
            0.8254411220550537,
            -0.22567963600158691,
            0.18351125717163086,
            -0.13582777976989746,
            -0.1849818229675293,
            -0.11956262588500977
        ],
        [
            -4.542376518249512,
            -5.788783550262451,
            -1.9325097799301147,
            -0.022391080856323242,
            0.1509854793548584,
            -0.05410647392272949,
            -0.026208162307739258,
            -0.037552595138549805,
            -0.06193947792053223,
            0.016631126403808594
        ],
        [
            -4.533598899841309,
            -5.794938564300537,
            -1.9353703260421753,
            -0.023792505264282227,
            0.15079379081726074,
            -0.05353665351867676,
            -0.01853322982788086,
            -0.03960537910461426,
            -0.06115460395812988,
            0.016977548599243164
        ],
        [
            -4.832581996917725,
            -6.886002063751221,
            -1.9718486070632935,
            -0.026664257049560547,
            0.8522181510925293,
            -0.23162484169006348,
            0.1915292739868164,
            -0.14121174812316895,
            -0.18933594226837158,
            -0.12477421760559082
        ],
        [
            -4.811805725097656,
            -6.8207478523254395,
            -1.9685698747634888,
            -0.02702021598815918,
            0.8066525459289551,
            -0.22161626815795898,
            0.17804956436157227,
