{
    "collision_depths": [
        0.032061157760288284,
        0.01811288444823035,
        0.0023215959861535755,
        0.02582351145338968,
        0.00896171397901378,
        0.022381518276595166,
        0.0047161390466328125,
        0.014921428260058354,
        0.02317785092815585,
        0.008039523586585863,
        0.02149197510416985,
        0.011998414758809417,
        0.02148902285652977,
        0.014902992650789981,
        0.028239055859991865,
        0.028320157562862325,
        0.0276897679850846,
        0.01912829873507338,
        0.0360656297425046,
        0.05098121860131289,
        0.00017314452333638228,
        0.00882893624361671,
        0.0002270950904056985,
        0.016488569532781883,
        0.01617964411072837,
        0.00510419139190512,
        0.018138749724003138,
        0.013510879011045043,
        0.006044529264015631,
        0.014030288578183333,
        0.004341366492585043,
        0.012525061026960826,
        0.005554606548885621,
        0.01992048070382224,
        0.023222661518416676,
        0.019631706000172278,
        0.018121365204087043,
        0.009881279114609459,
        0.027984344330471807,
        0.03435756901357185
    ],
    "collision": true,
    "joint_limit_violation": false,
    "self_collision": false,
    "physical_violations": true,
    "config_smoothness": -4.927023855461768,
    "eff_smoothness": -4.9045718989864975,
    "eff_position_path_length": 45.41783924167155,
    "eff_orientation_path_length": 2124.015438318131,
    "physical_success": false,
    "time": 0.9026885032653809,
    "num_steps": 51,
    "trajectory_w": [
        [
            -7.53201150894165,
            -7.169240951538086,
            -0.8655534386634827,
            0.0,
            0.0,
            0.0,
            0.0,
            0.0,
            0.0,
            0.0
        ],
        [
            -7.507208347320557,
            -7.492768287658691,
            -0.8181191086769104,
            -0.020699024200439453,
            0.18340229988098145,
            0.018152713775634766,
            0.08766531944274902,
            0.08910799026489258,
            0.07803082466125488,
            0.1709134578704834
        ],
        [
            -7.356328964233398,
            -7.858874320983887,
            -0.7762952446937561,
            -0.057288169860839844,
            0.3865702152252197,
            0.04331398010253906,
            0.16870522499084473,
            0.19416141510009766,
            0.1848757266998291,
            0.3487086296081543
        ],
        [
            -7.5102972984313965,
            -7.485590934753418,
            -0.8186374306678772,
            -0.019770145416259766,
            0.1795032024383545,
            0.017241954803466797,
            0.0854024887084961,
            0.08761096000671387,
            0.07625484466552734,
            0.1674652099609375
        ],
        [
            -7.510124683380127,
            -7.487063407897949,
            -0.8176494240760803,
            -0.020169734954833984,
            0.18003392219543457,
            0.016550540924072266,
            0.08396506309509277,
            0.08828973770141602,
            0.07658171653747559,
            0.16682147979736328
        ],
        [
            -7.509219169616699,
            -7.489425182342529,
            -0.8171311020851135,
            -0.020269393920898438,
            0.18118715286254883,
            0.016698122024536133,
            0.08406853675842285,
            0.08947944641113281,
            0.07706975936889648,
            0.16727280616760254
        ],
        [
            -7.294932842254639,
            -7.909724712371826,
            -0.7810547947883606,
            -0.029070615768432617,
            0.4200608730316162,
            0.05636715888977051,
            0.20219659805297852,
            0.2115309238433838,
            0.1974773406982422,
            0.4099440574645996
        ],
        [
            -7.5094075202941895,
            -7.487001895904541,
            -0.8189235329627991,
            -0.019849061965942383,
            0.18059325218200684,
            0.018058300018310547,
            0.08716559410095215,
            0.08710050582885742,
            0.07652592658996582,
            0.16914677619934082
        ],
        [
            -6.900947570800781,
            -8.554906845092773,
            -0.7163577675819397,
            -0.10065054893493652,
            0.7882397174835205,
            0.11473727226257324,
            0.3528416156768799,
            0.40676259994506836,
            0.377810001373291,
            0.7743866443634033
        ],
        [
            -7.508023738861084,
            -7.491390705108643,
            -0.8182390332221985,
            -0.020188093185424805,
            0.18279314041137695,
            0.017691612243652344,
            0.08652997016906738,
            0.08869481086730957,
            0.07794928550720215,
            0.16988348960876465
        ],
        [
            -6.6192240715026855,
            -8.850872993469238,
            -0.6939330697059631,
            -0.13034939765930176,
            0.9516685009002686,
            0.14083147048950195,
            0.42472243309020996,
            0.48450350761413574,
            0.45650339126586914,
            0.9321262836456299
        ],
        [
            -7.509873867034912,
            -7.488239288330078,
            -0.8172147870063782,
            -0.02023005485534668,
            0.18053245544433594,
            0.016542434692382812,
            0.08368659019470215,
            0.0889730453491211,
            0.07677793502807617,
            0.16691374778747559
        ],
        [
            -6.694077014923096,
            -8.778752326965332,
            -0.6994536519050598,
            -0.12397050857543945,
            0.9125704765319824,
            0.13391780853271484,
            0.4082977771759033,
            0.46695661544799805,
            0.4377169609069824,
            0.8958828449249268
        ],
        [
            -7.502923965454102,
            -7.503438949584961,
            -0.8163390755653381,
            -0.021050214767456055,
            0.18881583213806152,
            0.01781606674194336,
            0.08731269836425781,
            0.09285306930541992,
            0.08110380172729492,
            0.1739363670349121
        ],
        [
            -7.448753833770752,
            -7.611191272735596,
            -0.8081782460212708,
            -0.022963285446166992,
            0.2534000873565674,
            0.025888919830322266,
            0.12056255340576172,
            0.12051630020141602,
            0.11743569374084473,
            0.2352604866027832
        ],
        [
            -7.508417129516602,
            -7.491147041320801,
            -0.8176432251930237,
            -0.020463228225708008,
            0.1820845603942871,
            0.017218351364135742,
            0.08547806739807129,
            0.08946037292480469,
            0.07750725746154785,
            0.16897344589233398
        ],
        [
            -7.333438396453857,
            -7.8235249519348145,
            -0.7959659695625305,
            -0.02683854103088379,
            0.37467169761657715,
            0.06346726417541504,
            0.1831521987915039,
            0.18400883674621582,
            0.1643679141998291,
            0.36159181594848633
        ],
        [
            -7.507783889770508,
            -7.49155855178833,
            -0.8175812363624573,
            -0.020151615142822266,
            0.1827716827392578,
            0.017185449600219727,
            0.0856790542602539,
            0.08939194679260254,
            0.07795310020446777,
            0.16954421997070312
        ],
        [
            -6.681114196777344,
            -8.790874481201172,
            -0.6982155442237854,
            -0.12488746643066406,
            0.9193158149719238,
