{
    "collision_depths": [],
    "collision": false,
    "joint_limit_violation": false,
    "self_collision": false,
    "physical_violations": false,
    "config_smoothness": -6.694405388429497,
    "eff_smoothness": -6.77784679173504,
    "eff_position_path_length": 22.83664541455904,
    "eff_orientation_path_length": 923.1114540533401,
    "physical_success": true,
    "time": 0.8342545032501221,
    "num_steps": 51,
    "trajectory_w": [
        [
            -7.361571311950684,
            -7.427155494689941,
            -0.6923149824142456,
            0.0,
            0.0,
            0.0,
            0.0,
            0.0,
            0.0,
            0.0
        ],
        [
            -6.873763084411621,
            -7.848910808563232,
            -0.7484351396560669,
            -0.027693748474121094,
            0.50888991355896,
            -0.07719779014587402,
            0.16926026344299316,
            0.03734254837036133,
            0.06771397590637207,
            -0.054039955139160156
        ],
        [
            -6.896688461303711,
            -7.799118995666504,
            -0.7453185319900513,
            -0.018381118774414062,
            0.4820566177368164,
            -0.08579778671264648,
            0.15743350982666016,
            0.042804718017578125,
            0.0641937255859375,
            -0.04320192337036133
        ],
        [
            -6.991023540496826,
            -7.696362495422363,
            -0.7111016511917114,
            -0.03060126304626465,
            0.3329923152923584,
            -0.030339479446411133,
            0.15050005912780762,
            0.014108896255493164,
            0.02192854881286621,
            -0.00787806510925293
        ],
        [
            -7.049615859985352,
            -7.63624382019043,
            -0.745500922203064,
            -0.014130830764770508,
            0.2776339054107666,
            -0.039902687072753906,
            0.08246922492980957,
            0.03354310989379883,
            0.020312070846557617,
            -0.020804643630981445
        ],
        [
            -7.076667308807373,
            -7.602410793304443,
            -0.7218314409255981,
            -0.01747727394104004,
            0.23482799530029297,
            -0.04427456855773926,
            0.09315848350524902,
            0.030754566192626953,
            0.011588096618652344,
            0.0013887882232666016
        ],
        [
            -6.855533123016357,
            -7.7989983558654785,
            -0.7115298509597778,
            -0.024896860122680664,
            0.4852783679962158,
            -0.05078268051147461,
            0.2062685489654541,
            0.01977849006652832,
            0.04932570457458496,
            -0.014516115188598633
        ],
        [
            -6.63468599319458,
            -7.987705707550049,
            -0.7449721097946167,
            -0.030267000198364258,
            0.729161262512207,
            -0.09935998916625977,
            0.2961273193359375,
            0.04120588302612305,
            0.10836434364318848,
            -0.05883955955505371
        ],
        [
            -7.038009166717529,
            -7.614147663116455,
            -0.7134307622909546,
            -0.01763772964477539,
            0.3072185516357422,
            -0.040927886962890625,
            0.11260008811950684,
            0.016608715057373047,
            0.022825002670288086,
            -0.004816770553588867
        ],
        [
            -7.14630651473999,
            -7.642665863037109,
            -0.7004677057266235,
            -0.04205965995788574,
            0.239898681640625,
            -0.02171921730041504,
            0.09168791770935059,
            0.004926204681396484,
            0.010709047317504883,
            -0.0007808208465576172
        ],
        [
            -6.969830513000488,
            -7.819581031799316,
            -0.7414442300796509,
            -0.03305315971374512,
            0.4247703552246094,
            -0.057604074478149414,
            0.12850260734558105,
            0.030130624771118164,
            0.04914045333862305,
            -0.05035734176635742
        ],
        [
            -6.5965423583984375,
            -8.069350242614746,
            -0.731059193611145,
            -0.03243541717529297,
            0.7757046222686768,
            -0.07323646545410156,
            0.3091263771057129,
            0.01781296730041504,
            0.11296606063842773,
            -0.06148982048034668
        ],
        [
            -7.170908451080322,
            -7.683876991271973,
            -0.7200499773025513,
            -0.025024890899658203,
            0.25425219535827637,
            -0.028011798858642578,
            0.04920148849487305,
            0.028185129165649414,
            0.014395952224731445,
            -0.03072190284729004
        ],
        [
            -6.997178077697754,
            -7.672826290130615,
            -0.7150355577468872,
            -0.028552532196044922,
            0.3296489715576172,
            -0.025977611541748047,
            0.14583611488342285,
            0.009288787841796875,
            0.021895885467529297,
            -0.006087779998779297
        ],
        [
            -6.976470947265625,
            -7.6964111328125,
            -0.7191334962844849,
            -0.026922941207885742,
            0.353959321975708,
            -0.024332761764526367,
            0.14759516716003418,
            0.005123138427734375,
            0.025893449783325195,
            -0.004186391830444336
        ],
        [
            -7.096232891082764,
            -7.607993125915527,
            -0.7250510454177856,
            -0.030913829803466797,
            0.22710084915161133,
            -0.015874147415161133,
            0.09664416313171387,
            0.0047206878662109375,
            0.008702278137207031,
            0.0013051033020019531
        ],
        [
            -7.086584091186523,
            -7.6155171394348145,
            -0.7288931608200073,
            -0.022311687469482422,
            0.21695256233215332,
            -0.03308749198913574,
            0.08885002136230469,
            0.023951292037963867,
            0.007853269577026367,
            0.0011494159698486328
        ],
        [
            -7.12847375869751,
            -7.707042694091797,
            -0.7248708009719849,
            -0.023330211639404297,
            0.27996063232421875,
            -0.03996634483337402,
            0.05948495864868164,
            0.03396773338317871,
            0.020308494567871094,
            -0.034758567810058594
        ],
        [
            -6.99221658706665,
            -7.7906060218811035,
            -0.7405959367752075,
            -0.02892279624938965,
            0.40603160858154297,
            -0.06118273735046387,
            0.11562609672546387,
            0.03267383575439453,
            0.0469822883605957,
            -0.04708242416381836
        ],
        [
            -7.179737567901611,
            -7.679472923278809,
            -0.7218695878982544,
            -0.026395559310913086,
            0.24341654777526855,
            -0.022767305374145508,
            0.04668736457824707,
            0.026053667068481445,
            0.01212310791015625,
            -0.030260801315307617
        ],
        [
            -7.147732257843018,
            -7.626452922821045,
            -0.6945797204971313,
            -0.032154083251953125,
            0.2662038803100586,
            -0.03762173652648926,
            0.08384346961975098,
            0.009032726287841797,
            0.017599821090698242,
            -0.0029795169830322266
        ],
        [
            -7.164806842803955,
            -7.67839241027832,
            -0.7253831624984741,
            -0.04107522964477539,
            0.2453172206878662,
            -0.0004639625549316406,
            0.0684669017791748,
