{
    "collision_depths": [],
    "collision": false,
    "joint_limit_violation": false,
    "self_collision": false,
    "physical_violations": false,
    "config_smoothness": -5.1339877496525315,
    "eff_smoothness": -5.222415052260408,
    "eff_position_path_length": 21.77373287254241,
    "eff_orientation_path_length": 935.9074894577683,
    "physical_success": true,
    "time": 0.7656509876251221,
    "num_steps": 51,
    "trajectory_w": [
        [
            -11.603302001953125,
            -7.138992786407471,
            -2.0943827629089355,
            0.0,
            0.0,
            0.0,
            0.0,
            0.0,
            0.0,
            0.0
        ],
        [
            -11.693371772766113,
            -7.38230037689209,
            -2.1360654830932617,
            -0.04314255714416504,
            0.28656840324401855,
            -0.09757637977600098,
            0.10193252563476562,
            -0.06289243698120117,
            -0.03717684745788574,
            -0.022731781005859375
        ],
        [
            -11.776196479797363,
            -7.331925392150879,
            -2.139303684234619,
            -0.031468868255615234,
            0.26335883140563965,
            -0.08314275741577148,
            0.039409637451171875,
            -0.02907252311706543,
            -0.033495426177978516,
            -0.05083417892456055
        ],
        [
            -11.697677612304688,
            -7.360579490661621,
            -2.143667221069336,
            -0.03668212890625,
            0.24866151809692383,
            -0.08490276336669922,
            0.08429598808288574,
            -0.0546412467956543,
            -0.03643178939819336,
            -0.012256383895874023
        ],
        [
            -11.80338191986084,
            -7.593550205230713,
            -2.1563901901245117,
            -0.04142189025878906,
            0.5390100479125977,
            -0.19055485725402832,
            0.17351818084716797,
            -0.08354663848876953,
            -0.0334935188293457,
            -0.08118057250976562
        ],
        [
            -11.723884582519531,
            -7.329011917114258,
            -2.116835832595825,
            -0.04250979423522949,
            0.26482319831848145,
            -0.10196137428283691,
            0.07134675979614258,
            -0.0354914665222168,
            -0.031018495559692383,
            -0.04564094543457031
        ],
        [
            -11.685134887695312,
            -7.343761920928955,
            -2.135049819946289,
            -0.04047989845275879,
            0.24021148681640625,
            -0.08290433883666992,
            0.08518409729003906,
            -0.055420875549316406,
            -0.03540992736816406,
            -0.012299299240112305
        ],
        [
            -11.735297203063965,
            -7.48724889755249,
            -2.142102003097534,
            -0.04401421546936035,
            0.41842031478881836,
            -0.14954447746276855,
            0.13787102699279785,
            -0.07446813583374023,
            -0.03618311882019043,
            -0.052138328552246094
        ],
        [
            -11.709498405456543,
            -7.440370082855225,
            -2.1343610286712646,
            -0.04417824745178223,
            0.3703429698944092,
            -0.14152956008911133,
            0.12022876739501953,
            -0.06244969367980957,
            -0.03392314910888672,
            -0.04815268516540527
        ],
        [
            -11.864415168762207,
            -7.687224388122559,
            -2.168586015701294,
            -0.039586782455444336,
            0.642263650894165,
            -0.21316123008728027,
            0.2072136402130127,
            -0.09762191772460938,
            -0.031363487243652344,
            -0.10439157485961914
        ],
        [
            -11.951349258422852,
            -7.784012794494629,
            -2.1721622943878174,
            -0.04110312461853027,
            0.7545492649078369,
            -0.21635222434997559,
            0.23829936981201172,
            -0.12699460983276367,
            -0.031160593032836914,
            -0.13063693046569824
        ],
        [
            -11.923981666564941,
            -7.704076290130615,
            -2.1659183502197266,
            -0.039581298828125,
            0.6623034477233887,
            -0.18629956245422363,
            0.1988992691040039,
            -0.11190056800842285,
            -0.036377668380737305,
            -0.11696839332580566
        ],
        [
            -11.94791030883789,
            -7.793860912322998,
            -2.1755752563476562,
            -0.04050397872924805,
            0.7657332420349121,
            -0.2261958122253418,
            0.2447221279144287,
            -0.124786376953125,
            -0.02899932861328125,
            -0.1319115161895752
        ],
        [
            -11.71712875366211,
            -7.359057426452637,
            -2.1363906860351562,
            -0.04340195655822754,
            0.26026415824890137,
            -0.08410120010375977,
            0.08560848236083984,
            -0.05794119834899902,
            -0.036324262619018555,
            -0.015429019927978516
        ],
        [
            -11.894614219665527,
            -7.6751017570495605,
            -2.1614859104156494,
            -0.04023170471191406,
            0.6272549629211426,
            -0.18206048011779785,
            0.19231414794921875,
            -0.10626626014709473,
            -0.03753781318664551,
            -0.10549092292785645
        ],
        [
            -11.686829566955566,
            -7.3588457107543945,
            -2.1344687938690186,
            -0.04165220260620117,
            0.2583014965057373,
            -0.08993721008300781,
            0.09237051010131836,
            -0.05760526657104492,
            -0.03600263595581055,
            -0.01732659339904785
        ],
        [
            -11.710623741149902,
            -7.431453227996826,
            -2.1379761695861816,
            -0.04504823684692383,
            0.34960389137268066,
            -0.11912679672241211,
            0.11997580528259277,
            -0.07121872901916504,
            -0.03765988349914551,
            -0.03563117980957031
        ],
        [
            -11.939062118530273,
            -7.751854419708252,
            -2.1692121028900146,
            -0.04067087173461914,
            0.7177333831787109,
            -0.20510244369506836,
            0.22288250923156738,
            -0.12078499794006348,
            -0.03331136703491211,
            -0.1251823902130127
        ],
        [
            -11.768702507019043,
            -7.321606636047363,
            -2.136873722076416,
            -0.031838417053222656,
            0.2548675537109375,
            -0.08194398880004883,
            0.03784990310668945,
            -0.026531696319580078,
            -0.03289961814880371,
            -0.05096602439880371
        ],
        [
            -11.785625457763672,
            -7.3549981117248535,
            -2.1407034397125244,
            -0.031131982803344727,
            0.2841780185699463,
            -0.09190225601196289,
            0.04684925079345703,
            -0.030475616455078125,
            -0.03414416313171387,
            -0.05684518814086914
        ],
        [
            -11.887633323669434,
            -7.719474792480469,
            -2.1729254722595215,
            -0.039484500885009766,
            0.6792442798614502,
            -0.22149348258972168,
            0.2182142734527588,
            -0.10221624374389648,
            -0.02966785430908203,
            -0.11371207237243652
        ],
        [
            -11.6866455078125,
            -7.3596625328063965,
            -2.134732961654663,
            -0.04185891151428223,
            0.2594270706176758,
            -0.08882832527160645,
            0.0926368236541748,
