{
    "collision_depths": [],
    "collision": false,
    "joint_limit_violation": false,
    "self_collision": false,
    "physical_violations": false,
    "config_smoothness": -5.731111347517705,
    "eff_smoothness": -5.774672829169305,
    "eff_position_path_length": 31.938247451086358,
    "eff_orientation_path_length": 1533.1638940525108,
    "physical_success": true,
    "time": 0.6819896697998047,
    "num_steps": 51,
    "trajectory_w": [
        [
            -6.122864246368408,
            -6.906620502471924,
            -1.212049961090088,
            0.0,
            0.0,
            0.0,
            0.0,
            0.0,
            0.0,
            0.0
        ],
        [
            -5.975355625152588,
            -7.257252216339111,
            -1.1881699562072754,
            0.018015623092651367,
            0.19844555854797363,
            -0.009738922119140625,
            0.11809492111206055,
            0.04406380653381348,
            0.1456301212310791,
            -0.06631159782409668
        ],
        [
            -5.661268711090088,
            -8.164751052856445,
            -1.0599806308746338,
            0.045655012130737305,
            0.7554388046264648,
            -0.08159017562866211,
            0.4461209774017334,
            0.17609357833862305,
            0.5706617832183838,
            -0.24100685119628906
        ],
        [
            -5.6416778564453125,
            -8.205982208251953,
            -1.0556652545928955,
            0.04608297348022461,
            0.7791671752929688,
            -0.0841522216796875,
            0.460418701171875,
            0.18149209022521973,
            0.5885460376739502,
            -0.24863100051879883
        ],
        [
            -5.960961818695068,
            -7.526656627655029,
            -1.1230690479278564,
            0.025192975997924805,
            0.37239813804626465,
            -0.04550981521606445,
            0.1770620346069336,
            0.09008955955505371,
            0.27707505226135254,
            -0.08580780029296875
        ],
        [
            -5.838517189025879,
            -7.653636455535889,
            -1.1224570274353027,
            0.04095315933227539,
            0.44809722900390625,
            -0.039397478103637695,
            0.27808403968811035,
            0.10992670059204102,
            0.34137797355651855,
            -0.14624977111816406
        ],
        [
            -5.841773986816406,
            -7.641609191894531,
            -1.1269395351409912,
            0.04054665565490723,
            0.4374508857727051,
            -0.03400230407714844,
            0.278414249420166,
            0.10657644271850586,
            0.3332033157348633,
            -0.1501469612121582
        ],
        [
            -5.891452312469482,
            -7.7282185554504395,
            -1.1085245609283447,
            0.03105640411376953,
            0.4963359832763672,
            -0.04930591583251953,
            0.2629389762878418,
            0.11654019355773926,
            0.37308287620544434,
            -0.14950990676879883
        ],
        [
            -5.779309272766113,
            -7.903877258300781,
            -1.0899546146392822,
            0.04172039031982422,
            0.600318193435669,
            -0.061382293701171875,
            0.35109639167785645,
            0.1416633129119873,
            0.45406246185302734,
            -0.19215703010559082
        ],
        [
            -5.949469089508057,
            -7.619266033172607,
            -1.1214196681976318,
            0.02609539031982422,
            0.43096041679382324,
            -0.040483951568603516,
            0.20911049842834473,
            0.10106682777404785,
            0.32135438919067383,
            -0.12076759338378906
        ],
        [
            -5.695076942443848,
            -8.093820571899414,
            -1.0675504207611084,
            0.045052528381347656,
            0.7139086723327637,
            -0.07680225372314453,
            0.4206523895263672,
            0.16656160354614258,
            0.5395059585571289,
            -0.22764325141906738
        ],
        [
            -6.06098747253418,
            -7.159916400909424,
            -1.1970419883728027,
            0.0017833709716796875,
            0.13619494438171387,
            0.0010519027709960938,
            0.06908416748046875,
            0.03306102752685547,
            0.09099435806274414,
            -0.040558576583862305
        ],
        [
            -6.058358192443848,
            -7.140645503997803,
            -1.1672608852386475,
            0.021372318267822266,
            0.17242670059204102,
            0.0018870830535888672,
            0.0823214054107666,
            0.02523493766784668,
            0.11005425453186035,
            -0.047544240951538086
        ],
        [
            -6.042653560638428,
            -7.219696044921875,
            -1.1928231716156006,
            -0.0029973983764648438,
            0.1505899429321289,
            -0.0071718692779541016,
            0.08040785789489746,
            0.04199957847595215,
            0.10511136054992676,
            -0.04302549362182617
        ],
        [
            -5.847929954528809,
            -7.808271884918213,
            -1.0991034507751465,
            0.034975290298461914,
            0.5436263084411621,
            -0.05511140823364258,
            0.30077338218688965,
            0.1278390884399414,
            0.40982651710510254,
            -0.16910052299499512
        ],
        [
            -5.729445457458496,
            -8.02009391784668,
            -1.0758650302886963,
            0.04405784606933594,
            0.6704020500183105,
            -0.07131290435791016,
            0.39374709129333496,
            0.15642595291137695,
            0.5068559646606445,
            -0.21387529373168945
        ],
        [
            -5.8811116218566895,
            -7.711629867553711,
            -1.1109397411346436,
            0.03149080276489258,
            0.48546314239501953,
            -0.04706573486328125,
            0.2655940055847168,
            0.11522579193115234,
            0.3648548126220703,
            -0.14785099029541016
        ],
        [
            -5.722914695739746,
            -8.035321235656738,
            -1.0743317604064941,
            0.04426383972167969,
            0.6788904666900635,
            -0.07230591773986816,
            0.399078369140625,
            0.15855646133422852,
            0.5132901668548584,
            -0.21662306785583496
        ],
        [
            -5.914035320281982,
            -7.496833801269531,
            -1.1552667617797852,
            0.016689538955688477,
            0.3420746326446533,
            -0.011191606521606445,
            0.21853995323181152,
            0.0814061164855957,
            0.25318169593811035,
            -0.12746906280517578
        ],
        [
            -5.860970497131348,
            -7.5463361740112305,
            -1.1343975067138672,
            0.04220104217529297,
            0.3848001956939697,
            -0.029908418655395508,
            0.24684786796569824,
            0.09362196922302246,
            0.2927429676055908,
            -0.12636923789978027
        ],
        [
            -5.665534973144531,
            -8.155794143676758,
            -1.0610506534576416,
            0.04562878608703613,
            0.7502000331878662,
            -0.08097720146179199,
            0.4429810047149658,
            0.17476487159729004,
            0.566664457321167,
            -0.23923182487487793
        ],
        [
            -6.073705673217773,
            -7.130661964416504,
            -1.182222604751587,
            0.013885498046875,
            0.15040159225463867,
            0.003517627716064453,
            0.06741929054260254,
            0.02549147605895996,
            0.09575986862182617,
