{
    "collision_depths": [],
    "collision": false,
    "joint_limit_violation": false,
    "self_collision": false,
    "physical_violations": false,
    "config_smoothness": -6.8813403814058685,
    "eff_smoothness": -7.236850583547626,
    "eff_position_path_length": 17.509396066232984,
    "eff_orientation_path_length": 528.0153048539194,
    "physical_success": true,
    "time": 0.8381776809692383,
    "num_steps": 51,
    "trajectory_w": [
        [
            -5.695475101470947,
            -5.965328216552734,
            -1.5702157020568848,
            0.0,
            0.0,
            0.0,
            0.0,
            0.0,
            0.0,
            0.0
        ],
        [
            -5.781163692474365,
            -6.8818182945251465,
            -1.6478688716888428,
            -9.012222290039062e-05,
            0.506361722946167,
            0.18657898902893066,
            0.05580544471740723,
            0.1763935089111328,
            -0.08476638793945312,
            0.08234691619873047
        ],
        [
            -5.773818016052246,
            -6.443326473236084,
            -1.6262071132659912,
            -0.009129047393798828,
            0.2289118766784668,
            0.12348580360412598,
            0.024183034896850586,
            0.0788576602935791,
            -0.0764920711517334,
            0.07677316665649414
        ],
        [
            -5.715670585632324,
            -6.391373634338379,
            -1.5797710418701172,
            0.010385751724243164,
            0.23353815078735352,
            0.0978841781616211,
            0.02637457847595215,
            0.1070244312286377,
            -0.07548308372497559,
            0.0725870132446289
        ],
        [
            -5.684843063354492,
            -6.587343692779541,
            -1.5788002014160156,
            0.01496577262878418,
            0.3569800853729248,
            0.14507389068603516,
            0.054190635681152344,
            0.12804317474365234,
            -0.08583354949951172,
            0.09301137924194336
        ],
        [
            -5.774197101593018,
            -6.926557540893555,
            -1.6469712257385254,
            0.0012984275817871094,
            0.533745527267456,
            0.19388341903686523,
            0.06379866600036621,
            0.182358980178833,
            -0.08590531349182129,
            0.08591794967651367
        ],
        [
            -5.782919883728027,
            -6.483705997467041,
            -1.6365149021148682,
            -0.006039142608642578,
            0.2523934841156006,
            0.12764811515808105,
            0.022055625915527344,
            0.09150433540344238,
            -0.07652139663696289,
            0.071563720703125
        ],
        [
            -5.714890956878662,
            -6.390873908996582,
            -1.5739202499389648,
            0.006659507751464844,
            0.23868513107299805,
            0.10250735282897949,
            0.028061389923095703,
            0.10287666320800781,
            -0.07585978507995605,
            0.07354879379272461
        ],
        [
            -5.693537712097168,
            -6.874560356140137,
            -1.5893335342407227,
            0.01201939582824707,
            0.5145511627197266,
            0.20025014877319336,
            0.0879812240600586,
            0.16057062149047852,
            -0.09307372570037842,
            0.10693192481994629
        ],
        [
            -5.779240608215332,
            -6.4102959632873535,
            -1.6309449672698975,
            0.010635137557983398,
            0.22896337509155273,
            0.10248279571533203,
            -0.009279012680053711,
            0.10647797584533691,
            -0.0681314468383789,
            0.05348062515258789
        ],
        [
            -5.778248310089111,
            -6.407618999481201,
            -1.6167123317718506,
            -0.01569342613220215,
            0.22241926193237305,
            0.12461113929748535,
            0.01683497428894043,
            0.07032299041748047,
            -0.07423257827758789,
            0.07514286041259766
        ],
        [
            -5.776504039764404,
            -6.420222759246826,
            -1.6203978061676025,
            -0.014029264450073242,
            0.2224140167236328,
            0.12451529502868652,
            0.0202329158782959,
            0.07216477394104004,
            -0.07513260841369629,
            0.07610726356506348
        ],
        [
            -5.704359531402588,
            -6.465181350708008,
            -1.5802972316741943,
            0.015611648559570312,
            0.28761816024780273,
            0.1106569766998291,
            0.029769420623779297,
            0.12397313117980957,
            -0.07764530181884766,
            0.07624697685241699
        ],
        [
            -5.735905647277832,
            -6.380078315734863,
            -1.5751123428344727,
            -0.0062825679779052734,
            0.23241162300109863,
            0.11240673065185547,
            0.02611851692199707,
            0.08473372459411621,
            -0.07549858093261719,
            0.07610583305358887
        ],
        [
            -5.800191402435303,
            -6.722284317016602,
            -1.6454169750213623,
            -0.0049970149993896484,
            0.40810060501098633,
            0.16166973114013672,
            0.030176639556884766,
            0.15062904357910156,
            -0.07982802391052246,
            0.07127952575683594
        ],
        [
            -5.7237043380737305,
            -6.4127116203308105,
            -1.5751235485076904,
            0.007997512817382812,
            0.26502323150634766,
            0.10592508316040039,
            0.01611471176147461,
            0.11170411109924316,
            -0.07317519187927246,
            0.06775689125061035
        ],
        [
            -5.757335662841797,
            -6.387113094329834,
            -1.6063406467437744,
            0.017142295837402344,
            0.23573827743530273,
            0.09407424926757812,
            -0.008069992065429688,
            0.11844491958618164,
            -0.06761765480041504,
            0.04992818832397461
        ],
        [
            -5.684358596801758,
            -6.783135890960693,
            -1.585425853729248,
            0.014308691024780273,
            0.462566614151001,
            0.1835002899169922,
            0.07904744148254395,
            0.15056800842285156,
            -0.09259533882141113,
            0.10435009002685547
        ],
        [
            -5.771285057067871,
            -6.463527679443359,
            -1.6233792304992676,
            -0.010071039199829102,
            0.24073505401611328,
            0.12734627723693848,
            0.028786659240722656,
            0.08356523513793945,
            -0.07791352272033691,
            0.0776817798614502
        ],
        [
            -5.801300048828125,
            -6.459293842315674,
            -1.6343250274658203,
            -0.005249738693237305,
            0.25542378425598145,
            0.1250770092010498,
            -0.004227876663208008,
            0.09735846519470215,
            -0.07022404670715332,
            0.05780506134033203
        ],
        [
            -5.745808124542236,
            -6.406548500061035,
            -1.5917630195617676,
            -0.008758068084716797,
            0.22360706329345703,
            0.1187891960144043,
            0.03322291374206543,
            0.07784461975097656,
            -0.07824349403381348,
            0.08116626739501953
        ],
        [
            -5.745068550109863,
            -6.416906833648682,
            -1.5898809432983398,
            -0.009410858154296875,
            0.23103547096252441,
            0.12222528457641602,
            0.03525567054748535,
            0.078826904296875,
            -0.07907605171203613,
