{
    "collision_depths": [
        0.010685904668549915
    ],
    "collision": true,
    "joint_limit_violation": false,
    "self_collision": false,
    "physical_violations": true,
    "config_smoothness": -6.462588738358808,
    "eff_smoothness": -6.544448834812349,
    "eff_position_path_length": 40.86493749861901,
    "eff_orientation_path_length": 1350.0677741931484,
    "physical_success": false,
    "time": 0.5732688903808594,
    "num_steps": 51,
    "trajectory_w": [
        [
            -7.948707580566406,
            -9.5711030960083,
            0.17510025203227997,
            0.0,
            0.0,
            0.0,
            -2.384185791015625e-07,
            0.0,
            0.0,
            0.0
        ],
        [
            -6.637274742126465,
            -9.184157371520996,
            0.08530251681804657,
            0.029872655868530273,
            0.7948696613311768,
            0.011266708374023438,
            0.26540589332580566,
            0.0317072868347168,
            0.12423062324523926,
            -0.13732337951660156
        ],
        [
            -7.6076226234436035,
            -9.466574668884277,
            0.12358300387859344,
            -0.0068552494049072266,
            0.18477153778076172,
            0.013727903366088867,
            0.06730341911315918,
            -0.0015597343444824219,
            0.012031316757202148,
            -0.006222248077392578
        ],
        [
            -6.4906840324401855,
            -9.137682914733887,
            0.0786546915769577,
            0.03713226318359375,
            0.8850345611572266,
            0.012090206146240234,
            0.3006160259246826,
            0.028551340103149414,
            0.14245200157165527,
            -0.1553497314453125
        ],
        [
            -7.631555557250977,
            -9.469614028930664,
            0.12596242129802704,
            -0.008976459503173828,
            0.17527055740356445,
            0.013684511184692383,
            0.064056396484375,
            -0.0028777122497558594,
            0.010803699493408203,
            -0.005736827850341797
        ],
        [
            -7.604431629180908,
            -9.467508316040039,
            0.12782590091228485,
            0.0008599758148193359,
            0.19071412086486816,
            -0.004268646240234375,
            0.06518006324768066,
            0.019963741302490234,
            0.01853179931640625,
            -0.008806943893432617
        ],
        [
            -7.461230754852295,
            -9.394210815429688,
            0.12928406894207,
            -0.006447792053222656,
            0.2839808464050293,
            0.03795218467712402,
            0.10608410835266113,
            -0.006852626800537109,
            0.02200937271118164,
            -0.04244661331176758
        ],
        [
            -7.144400119781494,
            -9.378162384033203,
            0.11268369853496552,
            0.0061511993408203125,
            0.4691317081451416,
            0.03197288513183594,
            0.1413261890411377,
            -0.0012958049774169922,
            0.05602598190307617,
            -0.06664347648620605
        ],
        [
            -7.638916015625,
            -9.464706420898438,
            0.1276959627866745,
            -0.011687755584716797,
            0.17644143104553223,
            0.018176794052124023,
            0.06478571891784668,
            -0.0056955814361572266,
            0.010486125946044922,
            -0.009815216064453125
        ],
        [
            -7.420775890350342,
            -9.379502296447754,
            0.13085047900676727,
            -0.004118919372558594,
            0.30682992935180664,
            0.03721737861633301,
            0.11466097831726074,
            -0.0032494068145751953,
            0.025145769119262695,
            -0.04748082160949707
        ],
        [
            -7.638103008270264,
            -9.461688041687012,
            0.12921611964702606,
            -0.013328790664672852,
            0.18102097511291504,
            0.021865129470825195,
            0.06506919860839844,
            -0.007840633392333984,
            0.01079702377319336,
            -0.013039827346801758
        ],
        [
            -7.640360355377197,
            -9.466938018798828,
            0.12753383815288544,
            -0.01189875602722168,
            0.1753683090209961,
            0.01797032356262207,
            0.06383514404296875,
            -0.00571751594543457,
            0.010372161865234375,
            -0.009214639663696289
        ],
        [
            -6.801704406738281,
            -9.21651840209961,
            0.09257166087627411,
            0.021978378295898438,
            0.6999585628509521,
            -0.0005807876586914062,
            0.2348918914794922,
            0.04250168800354004,
            0.10631942749023438,
            -0.12107133865356445
        ],
        [
            -7.280971527099609,
            -9.41517162322998,
            0.11024729907512665,
            0.0038993358612060547,
            0.42084693908691406,
            -0.0176393985748291,
            0.09477877616882324,
            0.04230237007141113,
            0.057030439376831055,
            -0.07736468315124512
        ],
        [
            -7.552396774291992,
            -9.431416511535645,
            0.1272231787443161,
            -0.010797500610351562,
            0.23125743865966797,
            0.035277366638183594,
            0.08436203002929688,
            -0.012411832809448242,
            0.015310287475585938,
            -0.028080463409423828
        ],
        [
            -7.3123908042907715,
            -9.401885986328125,
            0.12211577594280243,
            -0.0028896331787109375,
            0.3608555793762207,
            0.033100128173828125,
            0.12127566337585449,
            -0.01012730598449707,
            0.034842491149902344,
            -0.04495406150817871
        ],
        [
            -7.623786926269531,
            -9.458420753479004,
            0.1279994696378708,
            -0.012642145156860352,
            0.188201904296875,
            0.02411627769470215,
            0.06829619407653809,
            -0.00954890251159668,
            0.011194467544555664,
            -0.014106988906860352
        ],
        [
            -6.4883856773376465,
            -9.136942863464355,
            0.07840268313884735,
            0.03724551200866699,
            0.886500358581543,
            0.012131690979003906,
            0.30095434188842773,
            0.028472185134887695,
            0.1428220272064209,
            -0.15586376190185547
        ],
        [
            -7.53279447555542,
            -9.494847297668457,
            0.1425449103116989,
            0.0014414787292480469,
            0.26511430740356445,
            -0.023920297622680664,
            0.04046177864074707,
            0.03959035873413086,
            0.03394722938537598,
            -0.05215930938720703
        ],
        [
            -7.639784812927246,
            -9.537747383117676,
            0.15597526729106903,
            0.00011301040649414062,
            0.19632172584533691,
            -0.005456686019897461,
            0.019526004791259766,
            0.02856731414794922,
            0.017943859100341797,
            -0.04215645790100098
        ],
        [
            -7.6101975440979,
            -9.529685974121094,
            0.15269772708415985,
            0.0013706684112548828,
            0.2132267951965332,
            -0.011893510818481445,
            0.023847103118896484,
            0.03230714797973633,
            0.022277116775512695,
            -0.04412245750427246
        ],
        [
            -7.044063091278076,
            -9.300660133361816,
            0.11203901469707489,
            0.013637304306030273,
            0.5333380699157715,
            0.026659250259399414,
