{
    "collision_depths": [],
    "collision": false,
    "joint_limit_violation": false,
    "self_collision": false,
    "physical_violations": false,
    "config_smoothness": -5.5498967287296175,
    "eff_smoothness": -5.723389964225931,
    "eff_position_path_length": 26.117889752680437,
    "eff_orientation_path_length": 1247.544249791309,
    "physical_success": true,
    "time": 1.101055383682251,
    "num_steps": 51,
    "trajectory_w": [
        [
            -6.513479709625244,
            -7.161707878112793,
            2.435100555419922,
            0.0,
            0.0,
            0.0,
            0.0,
            0.0,
            0.0,
            0.0
        ],
        [
            -6.714935779571533,
            -6.905422210693359,
            2.41709041595459,
            -0.04825234413146973,
            0.23160433769226074,
            0.08050823211669922,
            0.11934518814086914,
            -0.021019697189331055,
            0.10465788841247559,
            0.03591609001159668
        ],
        [
            -6.7956013679504395,
            -6.815664768218994,
            2.4095044136047363,
            -0.060559749603271484,
            0.3073563575744629,
            0.09339070320129395,
            0.15600800514221191,
            -0.014165163040161133,
            0.13698840141296387,
            0.03951764106750488
        ],
        [
            -6.872852325439453,
            -6.7584428787231445,
            2.422126054763794,
            -0.06924962997436523,
            0.36355066299438477,
            0.08777284622192383,
            0.1939256191253662,
            0.008704185485839844,
            0.1696004867553711,
            0.0472264289855957
        ],
        [
            -6.865549564361572,
            -6.780592441558838,
            2.4410994052886963,
            -0.06060314178466797,
            0.3342618942260742,
            0.059954166412353516,
            0.18070197105407715,
            0.03625202178955078,
            0.1661088466644287,
            0.04992818832397461
        ],
        [
            -6.662062644958496,
            -6.897909641265869,
            2.4443230628967285,
            -0.03515481948852539,
            0.19203901290893555,
            0.0321042537689209,
            0.05140495300292969,
            0.008676290512084961,
            0.0784914493560791,
            0.015437126159667969
        ],
        [
            -6.669028282165527,
            -6.9287261962890625,
            2.4306697845458984,
            -0.043453216552734375,
            0.19420862197875977,
            0.0527644157409668,
            0.08383584022521973,
            -0.008764505386352539,
            0.08644676208496094,
            0.02603459358215332
        ],
        [
            -7.0524582862854,
            -6.525405406951904,
            2.448120594024658,
            -0.08273196220397949,
            0.5854873657226562,
            0.03558778762817383,
            0.2716710567474365,
            0.01617574691772461,
            0.2874612808227539,
            0.06344795227050781
        ],
        [
            -7.3235764503479,
            -6.305915832519531,
            2.44832444190979,
            -0.118133544921875,
            0.8076777458190918,
            0.06050872802734375,
            0.40822863578796387,
            0.026223421096801758,
            0.3910377025604248,
            0.08475494384765625
        ],
        [
            -6.838251113891602,
            -6.7638678550720215,
            2.460162878036499,
            -0.0557098388671875,
            0.34118223190307617,
            0.012421369552612305,
            0.1416938304901123,
            0.032506465911865234,
            0.17006635665893555,
            0.04319572448730469
        ],
        [
            -7.309429168701172,
            -6.31833553314209,
            2.4477057456970215,
            -0.11671876907348633,
            0.7964513301849365,
            0.059893131256103516,
            0.40234994888305664,
            0.02576899528503418,
            0.3856542110443115,
            0.08387231826782227
        ],
        [
            -7.09741735458374,
            -6.53271484375,
            2.4341533184051514,
            -0.09617376327514648,
            0.5949029922485352,
            0.0691227912902832,
            0.3106358051300049,
            0.015032052993774414,
            0.28374600410461426,
            0.06854104995727539
        ],
        [
            -7.309347152709961,
            -6.31835412979126,
            2.44783091545105,
            -0.11674022674560547,
            0.7964630126953125,
            0.05987548828125,
            0.40242791175842285,
            0.025696516036987305,
            0.3856539726257324,
            0.08383297920227051
        ],
        [
            -7.2053022384643555,
            -6.411016941070557,
            2.4442315101623535,
            -0.10625648498535156,
            0.7089695930480957,
            0.05681800842285156,
            0.3568871021270752,
            0.021209001541137695,
            0.34287261962890625,
            0.0763392448425293
        ],
        [
            -6.754613399505615,
            -6.8031392097473145,
            2.4521353244781494,
            -0.04671168327331543,
            0.2978825569152832,
            0.013670921325683594,
            0.10417556762695312,
            0.0018939971923828125,
            0.13941240310668945,
            0.03237271308898926
        ],
        [
            -6.763107776641846,
            -6.79501485824585,
            2.4552063941955566,
            -0.047710418701171875,
            0.2883424758911133,
            0.011255741119384766,
            0.09789800643920898,
            0.014579534530639648,
            0.13541865348815918,
            0.030878067016601562
        ],
        [
            -6.923763275146484,
            -6.630654811859131,
            2.4449751377105713,
            -0.0679469108581543,
            0.47231245040893555,
            0.026784658432006836,
            0.19811153411865234,
            0.0005648136138916016,
            0.22901582717895508,
            0.05186057090759277
        ],
        [
            -6.754267692565918,
            -6.804472923278809,
            2.4544854164123535,
            -0.04722929000854492,
            0.27345919609069824,
            0.013739824295043945,
            0.0899205207824707,
            0.019373178482055664,
            0.1275928020477295,
            0.028347253799438477
        ],
        [
            -7.19328498840332,
            -6.420722961425781,
            2.443916082382202,
            -0.10472273826599121,
            0.698577880859375,
            0.05665326118469238,
            0.35094499588012695,
            0.020732402801513672,
            0.33759474754333496,
            0.07564449310302734
        ],
        [
            -7.241639614105225,
            -6.376203536987305,
            2.4460368156433105,
            -0.10963797569274902,
            0.7410094738006592,
            0.057044267654418945,
            0.37291407585144043,
            0.023332834243774414,
            0.3586592674255371,
            0.07958459854125977
        ],
        [
            -7.039008617401123,
            -6.541670322418213,
            2.446099042892456,
            -0.08081293106079102,
            0.5764062404632568,
            0.03540205955505371,
            0.2669494152069092,
            0.011873722076416016,
            0.2831258773803711,
            0.0626993179321289
        ],
        [
            -7.172548294067383,
            -6.436971187591553,
            2.444246768951416,
            -0.10199975967407227,
            0.6822128295898438,
            0.054230451583862305,
            0.34064745903015137,
            0.020346879959106445,
            0.33034825325012207,
            0.074066162109375
        ],
        [
