{
    "collision_depths": [],
    "collision": false,
    "joint_limit_violation": false,
    "self_collision": false,
    "physical_violations": false,
    "config_smoothness": -7.685151594113712,
    "eff_smoothness": -7.847351056109273,
    "eff_position_path_length": 4.637054292712144,
    "eff_orientation_path_length": 165.14028444611236,
    "physical_success": true,
    "time": 1.0476512908935547,
    "num_steps": 51,
    "trajectory_w": [
        [
            -3.5891942977905273,
            -5.035084247589111,
            0.17808234691619873,
            0.0,
            0.0,
            0.0,
            0.0,
            0.0,
            0.0,
            0.0
        ],
        [
            -3.0257046222686768,
            -5.065384864807129,
            0.15790116786956787,
            0.020807504653930664,
            0.27548861503601074,
            0.02427220344543457,
            0.10029411315917969,
            -0.050658464431762695,
            0.13286995887756348,
            -0.008142471313476562
        ],
        [
            -3.160391092300415,
            -5.106633186340332,
            0.16175806522369385,
            0.00991368293762207,
            0.19777131080627441,
            0.027871131896972656,
            0.06698060035705566,
            -0.038892269134521484,
            0.10287714004516602,
            -0.0041501522064208984
        ],
        [
            -3.1632683277130127,
            -5.103939056396484,
            0.16691768169403076,
            0.018728256225585938,
            0.19881272315979004,
            0.025524616241455078,
            0.059799909591674805,
            -0.03982043266296387,
            0.10347437858581543,
            -0.0014863014221191406
        ],
        [
            -3.1599221229553223,
            -5.105458736419678,
            0.16372621059417725,
            0.016530752182006836,
            0.1997528076171875,
            0.02633833885192871,
            0.06261086463928223,
            -0.039101600646972656,
            0.10389089584350586,
            -0.0021827220916748047
        ],
        [
            -3.1163175106048584,
            -5.0922932624816895,
            0.16306650638580322,
            0.020962238311767578,
            0.22520041465759277,
            0.024904251098632812,
            0.07245659828186035,
            -0.042925357818603516,
            0.11378717422485352,
            -0.0035393238067626953
        ],
        [
            -3.1376216411590576,
            -5.100505352020264,
            0.16105997562408447,
            0.014534235000610352,
            0.2118079662322998,
            0.026539087295532227,
            0.07118630409240723,
            -0.04058265686035156,
            0.10846257209777832,
            -0.003945350646972656
        ],
        [
            -3.1266961097717285,
            -5.100430011749268,
            0.15666043758392334,
            0.010758399963378906,
            0.21728086471557617,
            0.026713132858276367,
            0.07802414894104004,
            -0.03998160362243652,
            0.11057186126708984,
            -0.00579071044921875
        ],
        [
            -3.1561715602874756,
            -5.104793548583984,
            0.1637040376663208,
            0.017336606979370117,
            0.20239877700805664,
            0.025716543197631836,
            0.06338286399841309,
            -0.03935503959655762,
            0.10492181777954102,
            -0.0020508766174316406
        ],
        [
            -3.119755744934082,
            -5.090308666229248,
            0.16565239429473877,
            0.01837444305419922,
            0.22277140617370605,
            0.025736093521118164,
            0.07266712188720703,
            -0.04417729377746582,
            0.11249804496765137,
            -0.004171133041381836
        ],
        [
            -3.1187546253204346,
            -5.0941267013549805,
            0.1600884199142456,
            0.01067805290222168,
            0.2203357219696045,
            0.0279083251953125,
            0.07889103889465332,
            -0.042037010192871094,
            0.11155986785888672,
            -0.0065419673919677734
        ],
        [
            -3.1471588611602783,
            -5.10275411605835,
            0.16259706020355225,
            0.012939929962158203,
            0.20647692680358887,
            0.026792287826538086,
            0.06892013549804688,
            -0.039945363998413086,
            0.10631489753723145,
            -0.004157066345214844
        ],
        [
            -3.0223140716552734,
            -5.066322326660156,
            0.15562832355499268,
            0.018331050872802734,
            0.2756071090698242,
            0.025189638137817383,
            0.10411643981933594,
            -0.04908323287963867,
            0.13260912895202637,
            -0.008707523345947266
        ],
        [
            -3.1500818729400635,
            -5.1032843589782715,
            0.16218650341033936,
            0.012687921524047852,
            0.20402264595031738,
            0.027185916900634766,
            0.0681912899017334,
            -0.03958702087402344,
            0.10529661178588867,
            -0.0038518905639648438
        ],
        [
            -3.0920770168304443,
            -5.086123466491699,
            0.1590505838394165,
            0.01181650161743164,
            0.2358570098876953,
            0.02702021598815918,
            0.08672499656677246,
            -0.0440521240234375,
            0.11741447448730469,
            -0.007969856262207031
        ],
        [
            -3.132220506668091,
            -5.098095417022705,
            0.16221392154693604,
            0.01883721351623535,
            0.2156994342803955,
            0.025733232498168945,
            0.06951093673706055,
            -0.041422367095947266,
            0.11008143424987793,
            -0.002910137176513672
        ],
        [
            -3.1185965538024902,
            -5.092864990234375,
            0.16057908535003662,
            0.015408754348754883,
            0.22215056419372559,
            0.026566028594970703,
            0.07607173919677734,
            -0.04265236854553223,
            0.11251592636108398,
            -0.0049474239349365234
        ],
        [
            -3.161769151687622,
            -5.107388019561768,
            0.16154587268829346,
            0.008801937103271484,
            0.19689297676086426,
            0.02839207649230957,
            0.06706953048706055,
            -0.03874373435974121,
            0.10233902931213379,
            -0.0045011043548583984
        ],
        [
            -3.160092830657959,
            -5.107734680175781,
            0.16093099117279053,
            0.009663820266723633,
            0.19834065437316895,
            0.02786850929260254,
            0.06750130653381348,
            -0.03877449035644531,
            0.10297751426696777,
            -0.0040705204010009766
        ],
        [
            -3.1614527702331543,
            -5.107425689697266,
            0.16159045696258545,
            0.011667490005493164,
            0.19733858108520508,
            0.027480602264404297,
            0.06549739837646484,
            -0.03816795349121094,
            0.10269975662231445,
            -0.003661632537841797
        ],
        [
            -3.1474449634552,
            -5.102246284484863,
            0.16289794445037842,
            0.017827749252319336,
            0.2067856788635254,
            0.026106595993041992,
            0.06573128700256348,
            -0.03988456726074219,
            0.10666179656982422,
            -0.0023794174194335938
        ],
        [
            -3.0379598140716553,
            -5.070621967315674,
            0.15797889232635498,
            0.019426822662353516,
            0.2683889865875244,
            0.024260282516479492,
            0.09793901443481445,
