{
    "collision_depths": [],
    "collision": false,
    "joint_limit_violation": false,
    "self_collision": false,
    "physical_violations": false,
    "config_smoothness": -7.284663219905067,
    "eff_smoothness": -8.07743903197745,
    "eff_position_path_length": 3.00932608275522,
    "eff_orientation_path_length": 128.71816240248893,
    "physical_success": true,
    "time": 0.9317362308502197,
    "num_steps": 51,
    "trajectory_w": [
        [
            -3.6755564212799072,
            -1.774283766746521,
            0.3528379797935486,
            0.0,
            0.0,
            0.0,
            0.0,
            0.0,
            0.0,
            0.0
        ],
        [
            -3.275974750518799,
            -1.7488088607788086,
            0.31508105993270874,
            -0.004727363586425781,
            0.2005014419555664,
            0.004754781723022461,
            0.07819056510925293,
            -0.03853893280029297,
            0.10937070846557617,
            -0.010777473449707031
        ],
        [
            -3.2286529541015625,
            -1.7231528759002686,
            0.32133716344833374,
            -0.005030632019042969,
            0.22468209266662598,
            0.007650852203369141,
            0.09046339988708496,
            -0.05187582969665527,
            0.11926579475402832,
            -0.010403156280517578
        ],
        [
            -3.277764081954956,
            -1.7505953311920166,
            0.3164605498313904,
            -0.005222797393798828,
            0.19958257675170898,
            0.0044443607330322266,
            0.07812094688415527,
            -0.037413835525512695,
            0.10870528221130371,
            -0.010790348052978516
        ],
        [
            -3.2572057247161865,
            -1.749045729637146,
            0.29648107290267944,
            0.004025459289550781,
            0.21896100044250488,
            -0.011186599731445312,
            0.0944368839263916,
            -0.014131546020507812,
            0.11845922470092773,
            -0.021277427673339844
        ],
        [
            -3.2949090003967285,
            -1.760584831237793,
            0.3111535906791687,
            -0.003962039947509766,
            0.19308900833129883,
            0.002657175064086914,
            0.07396602630615234,
            -0.03281974792480469,
            0.1061100959777832,
            -0.01163339614868164
        ],
        [
            -3.2806026935577393,
            -1.744832158088684,
            0.3268534541130066,
            -0.00844430923461914,
            0.19374752044677734,
            0.010742425918579102,
            0.07358407974243164,
            -0.04794764518737793,
            0.10588788986206055,
            -0.007387876510620117
        ],
        [
            -3.240251064300537,
            -1.738653302192688,
            0.30656999349594116,
            -0.0011401176452636719,
            0.22363972663879395,
            -0.0031442642211914062,
            0.09438133239746094,
            -0.028696298599243164,
            0.1192166805267334,
            -0.01690196990966797
        ],
        [
            -3.293797731399536,
            -1.7652971744537354,
            0.30575937032699585,
            -0.00243377685546875,
            0.19466018676757812,
            -0.0003688335418701172,
            0.07657837867736816,
            -0.025783777236938477,
            0.106689453125,
            -0.014798164367675781
        ],
        [
            -3.232154369354248,
            -1.7358276844024658,
            0.29312819242477417,
            0.005820274353027344,
            0.23378872871398926,
            -0.013725996017456055,
            0.10411691665649414,
            -0.011622190475463867,
            0.12508201599121094,
            -0.024176597595214844
        ],
        [
            -3.2477405071258545,
            -1.7205774784088135,
            0.33400291204452515,
            -0.011227607727050781,
            0.20899319648742676,
            0.02047872543334961,
            0.07902884483337402,
            -0.06871533393859863,
            0.11139106750488281,
            -0.009034872055053711
        ],
        [
            -3.2563726902008057,
            -1.7408024072647095,
            0.3159562945365906,
            -0.0045642852783203125,
            0.21088194847106934,
            0.003217458724975586,
            0.08563613891601562,
            -0.037659406661987305,
            0.11346125602722168,
            -0.012169837951660156
        ],
        [
            -3.29026460647583,
            -1.7625772953033447,
            0.31166404485702515,
            -0.003594636917114258,
            0.19446682929992676,
            -9.131431579589844e-05,
            0.07719969749450684,
            -0.027077198028564453,
            0.10619616508483887,
            -0.013345003128051758
        ],
        [
            -3.291076898574829,
            -1.7634227275848389,
            0.30754297971725464,
            -0.002070188522338867,
            0.19591307640075684,
            -0.0017588138580322266,
            0.07794022560119629,
            -0.024770021438598633,
            0.10719728469848633,
            -0.01471853256225586
        ],
        [
            -3.2658605575561523,
            -1.7448917627334595,
            0.3170737624168396,
            -0.005368232727050781,
            0.20540213584899902,
            0.004837512969970703,
            0.08173489570617676,
            -0.03848385810852051,
            0.11094975471496582,
            -0.01165318489074707
        ],
        [
            -3.274557590484619,
            -1.7307552099227905,
            0.3352794051170349,
            -0.011971235275268555,
            0.19286060333251953,
            0.01922011375427246,
            0.07126092910766602,
            -0.06301569938659668,
            0.10543155670166016,
            -0.006836414337158203
        ],
        [
            -3.2276320457458496,
            -1.725508689880371,
            0.3141173720359802,
            -0.0029349327087402344,
            0.22861933708190918,
            0.005754947662353516,
            0.09167742729187012,
            -0.049176692962646484,
            0.12115025520324707,
            -0.011674165725708008
        ],
        [
            -3.227243661880493,
            -1.7327337265014648,
            0.3049439787864685,
            4.410743713378906e-05,
            0.23174166679382324,
            -0.002726316452026367,
            0.09707379341125488,
            -0.0323944091796875,
            0.1228022575378418,
            -0.01685810089111328
        ],
        [
            -3.2314398288726807,
            -1.7318896055221558,
            0.3122333884239197,
            -0.0035037994384765625,
            0.22638535499572754,
            0.0029723644256591797,
            0.09270715713500977,
            -0.04108428955078125,
            0.11993122100830078,
            -0.013974428176879883
        ],
        [
            -3.2813665866851807,
            -1.748369574546814,
            0.32377928495407104,
            -0.010996580123901367,
            0.19403433799743652,
            0.010428905487060547,
            0.07594180107116699,
            -0.04327583312988281,
            0.10547351837158203,
            -0.009676694869995117
        ],
        [
            -3.282024621963501,
            -1.7587248086929321,
            0.30975645780563354,
            -0.004633188247680664,
            0.2000138759613037,
            0.0009436607360839844,
            0.07993650436401367,
            -0.028909921646118164,
            0.10836243629455566,
            -0.014355659484863281
        ],
        [
            -3.2665212154388428,
            -1.7434576749801636,
            0.3196956515312195,
            -0.007504940032958984,
            0.20424294471740723,
            0.007431745529174805,
