{
    "collision_depths": [],
    "collision": false,
    "joint_limit_violation": false,
    "self_collision": false,
    "physical_violations": false,
    "config_smoothness": -6.907137849363414,
    "eff_smoothness": -6.256659275568704,
    "eff_position_path_length": 2.351338599682911,
    "eff_orientation_path_length": 82.40272568087204,
    "physical_success": true,
    "time": 1.1507892608642578,
    "num_steps": 51,
    "trajectory_w": [
        [
            -11.603302001953125,
            -7.138992786407471,
            -2.0943827629089355,
            0.0,
            0.0,
            0.0,
            0.0,
            0.0,
            0.0,
            0.0
        ],
        [
            -11.914421081542969,
            -7.4102983474731445,
            -2.1137444972991943,
            0.0358729362487793,
            0.19366121292114258,
            0.010161161422729492,
            0.0586245059967041,
            -0.03978323936462402,
            0.10001707077026367,
            -0.0047876834869384766
        ],
        [
            -11.928176879882812,
            -7.421109199523926,
            -2.115772247314453,
            -0.00011467933654785156,
            0.1815168857574463,
            0.02159404754638672,
            0.08257389068603516,
            -0.03958320617675781,
            0.09322428703308105,
            -0.015206098556518555
        ],
        [
            -11.908905982971191,
            -7.405186653137207,
            -2.111896514892578,
            0.03669905662536621,
            0.1905667781829834,
            0.01019287109375,
            0.05569100379943848,
            -0.04079246520996094,
            0.09903454780578613,
            -0.003907680511474609
        ],
        [
            -11.925056457519531,
            -7.425230026245117,
            -2.1092748641967773,
            0.0023860931396484375,
            0.18465065956115723,
            0.02152848243713379,
            0.08014798164367676,
            -0.04312324523925781,
            0.09473991394042969,
            -0.012559175491333008
        ],
        [
            -11.906288146972656,
            -7.405520915985107,
            -2.1052958965301514,
            0.039122819900512695,
            0.19207024574279785,
            0.009150981903076172,
            0.05260944366455078,
            -0.043303728103637695,
            0.09966230392456055,
            -0.001634836196899414
        ],
        [
            -11.92411994934082,
            -7.426798343658447,
            -2.1117725372314453,
            0.01308751106262207,
            0.1909167766571045,
            0.01810932159423828,
            0.07473468780517578,
            -0.04324817657470703,
            0.0977931022644043,
            -0.009462118148803711
        ],
        [
            -11.909357070922852,
            -7.409639358520508,
            -2.105875253677368,
            0.03890275955200195,
            0.19427013397216797,
            0.009123802185058594,
            0.05407571792602539,
            -0.043107032775878906,
            0.10042285919189453,
            -0.0021047592163085938
        ],
        [
            -11.886582374572754,
            -7.42253303527832,
            -2.0915071964263916,
            0.03545427322387695,
            0.20026874542236328,
            0.012101411819458008,
            0.05485701560974121,
            -0.05936765670776367,
            0.10356831550598145,
            0.0014264583587646484
        ],
        [
            -11.917527198791504,
            -7.412070274353027,
            -2.1138763427734375,
            0.03317379951477051,
            0.19379973411560059,
            0.010489940643310547,
            0.06062436103820801,
            -0.039067745208740234,
            0.09995579719543457,
            -0.005789518356323242
        ],
        [
            -11.898605346679688,
            -7.446721076965332,
            -2.095423460006714,
            0.034445762634277344,
            0.21329212188720703,
            0.012969255447387695,
            0.06293129920959473,
            -0.061747074127197266,
            0.1081244945526123,
            0.00013184547424316406
        ],
        [
            -11.921568870544434,
            -7.4297075271606445,
            -2.1086320877075195,
            0.005758762359619141,
            0.18867778778076172,
            0.02089524269104004,
            0.0788717269897461,
            -0.04575204849243164,
            0.09668326377868652,
            -0.010932445526123047
        ],
        [
            -11.896711349487305,
            -7.444159030914307,
            -2.0944578647613525,
            0.03494405746459961,
            0.2123432159423828,
            0.012871026992797852,
            0.06188011169433594,
            -0.06197690963745117,
            0.10778999328613281,
            0.0005228519439697266
        ],
        [
            -11.931624412536621,
            -7.414679050445557,
            -2.1169652938842773,
            -7.82012939453125e-05,
            0.17845773696899414,
            0.021331071853637695,
            0.08169674873352051,
            -0.03631258010864258,
            0.09167981147766113,
            -0.01619863510131836
        ],
        [
            -11.901923179626465,
            -7.417788028717041,
            -2.09964919090271,
            0.03907942771911621,
            0.19913005828857422,
            0.009870529174804688,
            0.05406689643859863,
            -0.05008721351623535,
            0.10248589515686035,
            0.00033283233642578125
        ],
        [
            -11.918139457702637,
            -7.41976261138916,
            -2.104166030883789,
            0.025906801223754883,
            0.1953592300415039,
            0.012459516525268555,
            0.06408023834228516,
            -0.04383277893066406,
            0.09995865821838379,
            -0.00518798828125
        ],
        [
            -11.951068878173828,
            -7.430103302001953,
            -2.128309965133667,
            0.004240512847900391,
            0.189788818359375,
            0.018526077270507812,
            0.08875250816345215,
            -0.030210256576538086,
            0.09557437896728516,
            -0.020388364791870117
        ],
        [
            -11.95460033416748,
            -7.433234214782715,
            -2.1282079219818115,
            0.0050847530364990234,
            0.1923828125,
            0.017982006072998047,
            0.0896463394165039,
            -0.029779434204101562,
            0.09646463394165039,
            -0.020824909210205078
        ],
        [
            -11.921055793762207,
            -7.424374580383301,
            -2.1053271293640137,
            0.01641249656677246,
            0.19229841232299805,
            0.016755104064941406,
            0.07071685791015625,
            -0.04490232467651367,
            0.09836196899414062,
            -0.0073490142822265625
        ],
        [
            -11.923266410827637,
            -7.42315149307251,
            -2.1091055870056152,
            0.019879579544067383,
            0.1930396556854248,
            0.015160322189331055,
            0.06984639167785645,
            -0.04233431816101074,
            0.09878802299499512,
            -0.007582426071166992
        ],
        [
            -11.9493408203125,
            -7.415301322937012,
            -2.12937068939209,
            0.005013942718505859,
            0.1822524070739746,
            0.01910090446472168,
            0.08439445495605469,
            -0.027530908584594727,
            0.09269475936889648,
            -0.02065300941467285
        ],
        [
            -11.92558765411377,
            -7.427164077758789,
            -2.115837574005127,
            0.013596057891845703,
            0.1910102367401123,
            0.017949342727661133,
            0.07555222511291504,
            -0.041873931884765625,
