{
    "collision_depths": [],
    "collision": false,
    "joint_limit_violation": false,
    "self_collision": false,
    "physical_violations": false,
    "config_smoothness": -2.50053819571038,
    "eff_smoothness": -2.814364313223449,
    "eff_position_path_length": 0.48343197530509624,
    "eff_orientation_path_length": 15.183554580841808,
    "physical_success": true,
    "time": 0.9820482730865479,
    "num_steps": 51,
    "trajectory_w": [
        [
            -5.695475101470947,
            -5.965328216552734,
            -1.5702157020568848,
            0.0,
            0.0,
            0.0,
            0.0,
            0.0,
            0.0,
            0.0
        ],
        [
            -5.886919975280762,
            -6.168715000152588,
            -1.5426890850067139,
            0.014556407928466797,
            0.09901714324951172,
            0.060240983963012695,
            0.012099504470825195,
            -0.026114463806152344,
            0.07053089141845703,
            -0.025562763214111328
        ],
        [
            -5.887352466583252,
            -6.167074680328369,
            -1.5428001880645752,
            0.014478921890258789,
            0.09839940071105957,
            0.06010794639587402,
            0.011561393737792969,
            -0.026088714599609375,
            0.07011723518371582,
            -0.025367021560668945
        ],
        [
            -5.887022972106934,
            -6.16798734664917,
            -1.542607069015503,
            0.014418601989746094,
            0.09894371032714844,
            0.060072898864746094,
            0.011910438537597656,
            -0.026171207427978516,
            0.07045555114746094,
            -0.025539398193359375
        ],
        [
            -5.887073993682861,
            -6.170061111450195,
            -1.5427684783935547,
            0.014645099639892578,
            0.09981513023376465,
            0.06019783020019531,
            0.012530326843261719,
            -0.026195526123046875,
            0.07085919380187988,
            -0.025864839553833008
        ],
        [
            -5.887137413024902,
            -6.167252063751221,
            -1.542475700378418,
            0.01439046859741211,
            0.09861588478088379,
            0.06014204025268555,
            0.011737585067749023,
            -0.026131153106689453,
            0.0702366828918457,
            -0.025475502014160156
        ],
        [
            -5.887190341949463,
            -6.167340278625488,
            -1.5426249504089355,
            0.014410734176635742,
            0.09842276573181152,
            0.06004023551940918,
            0.011565923690795898,
            -0.026107311248779297,
            0.07020282745361328,
            -0.02532958984375
        ],
        [
            -5.887201309204102,
            -6.167297840118408,
            -1.5426833629608154,
            0.014481544494628906,
            0.09856772422790527,
            0.060090065002441406,
            0.011709928512573242,
            -0.02608966827392578,
            0.07019662857055664,
            -0.025386333465576172
        ],
        [
            -5.887185096740723,
            -6.17172384262085,
            -1.5427939891815186,
            0.014620065689086914,
            0.10059666633605957,
            0.06014204025268555,
            0.012900829315185547,
            -0.026295900344848633,
            0.07134628295898438,
            -0.02598714828491211
        ],
        [
            -5.88726806640625,
            -6.16690731048584,
            -1.542717456817627,
            0.01434779167175293,
            0.0982825756072998,
            0.06010007858276367,
            0.011487960815429688,
            -0.026083707809448242,
            0.0700371265411377,
            -0.025418996810913086
        ],
        [
            -5.887063503265381,
            -6.167637825012207,
            -1.5426905155181885,
            0.014432430267333984,
            0.09874892234802246,
            0.06014537811279297,
            0.011862039566040039,
            -0.026105642318725586,
            0.07033109664916992,
            -0.02561163902282715
        ],
        [
            -5.8871331214904785,
            -6.167125225067139,
            -1.542412281036377,
            0.014355659484863281,
            0.09844660758972168,
            0.06013345718383789,
            0.011616230010986328,
            -0.026126623153686523,
            0.07014584541320801,
            -0.025357723236083984
        ],
        [
            -5.887471675872803,
            -6.167027473449707,
            -1.5426511764526367,
            0.014383792877197266,
            0.09827065467834473,
            0.060179948806762695,
            0.011574029922485352,
            -0.02601146697998047,
            0.07008004188537598,
            -0.025390625
        ],
        [
            -5.8869853019714355,
            -6.1673970222473145,
            -1.542478322982788,
            0.014497995376586914,
            0.09873175621032715,
            0.0600128173828125,
            0.01170659065246582,
            -0.026172399520874023,
            0.07031822204589844,
            -0.02547740936279297
        ],
        [
            -5.887115478515625,
            -6.1673359870910645,
            -1.5422992706298828,
            0.014361858367919922,
            0.09844088554382324,
            0.060152530670166016,
            0.011608362197875977,
            -0.026092529296875,
            0.07015800476074219,
            -0.025287628173828125
        ],
        [
            -5.88725471496582,
            -6.1696977615356445,
            -1.5427770614624023,
            0.014585256576538086,
            0.09959745407104492,
            0.06015777587890625,
            0.012309789657592773,
            -0.026113510131835938,
            0.07080316543579102,
            -0.025812864303588867
        ],
        [
            -5.887022018432617,
            -6.166970729827881,
            -1.5425848960876465,
            0.014463186264038086,
            0.0983116626739502,
            0.0602877140045166,
            0.011461734771728516,
            -0.026212215423583984,
            0.07005000114440918,
            -0.025252342224121094
        ],
        [
            -5.886864185333252,
            -6.16835880279541,
            -1.5425598621368408,
            0.014460086822509766,
            0.0990591049194336,
            0.0601503849029541,
            0.012067317962646484,
            -0.026132822036743164,
            0.07053875923156738,
            -0.025693893432617188
        ],
        [
            -5.887382984161377,
            -6.1673407554626465,
            -1.5426058769226074,
            0.014256000518798828,
            0.0983123779296875,
            0.0600888729095459,
            0.011607170104980469,
            -0.026026010513305664,
            0.07013249397277832,
            -0.025372982025146484
        ],
        [
            -5.887065410614014,
            -6.168460369110107,
            -1.5424790382385254,
            0.01445627212524414,
            0.09900045394897461,
            0.06018638610839844,
            0.01214742660522461,
            -0.0261838436126709,
            0.07047343254089355,
            -0.025607585906982422
        ],
        [
            -5.887237548828125,
            -6.167025566101074,
            -1.5424580574035645,
            0.014359235763549805,
            0.09848260879516602,
            0.060167551040649414,
            0.011574983596801758,
            -0.026131868362426758,
            0.07009458541870117,
            -0.02533578872680664
        ],
        [
            -5.886928081512451,
            -6.170314311981201,
            -1.542740821838379,
            0.014551877975463867,
            0.09986424446105957,
            0.060243844985961914,
            0.01258707046508789,
