{
    "collision_depths": [
        0.02266196276790846,
        0.023227912636270803,
        0.018217576763733437,
        0.01325313841294902,
        0.036338645841167666,
        0.01559429598476484,
        0.02276845248179975,
        0.003227624909126222,
        0.06852930324642416,
        0.014223957897149348,
        0.0019469757526768233,
        0.03886374634403862,
        0.12207129706251249,
        0.041469488209893164,
        0.0031917391687957997,
        0.009051469495375792,
        0.0005445693755361131,
        0.020771398976902885,
        0.026017781517685135,
        0.053788517537401284,
        0.06561740662291496,
        0.02074459678598913,
        0.013161705149741819,
        0.04599433244598301,
        0.01890703289295521,
        0.014461314420347982,
        0.005215314276152041,
        0.037808250631268095,
        0.052932751842711595,
        0.0362527955887948,
        0.016727494035785037,
        0.044032792805446516,
        0.013878343199087772,
        0.1314218237345346,
        0.01987843973078069,
        0.1314116052983815,
        0.024865588725681603,
        0.13119297982236283,
        0.02347262471871688
    ],
    "collision": true,
    "joint_limit_violation": false,
    "self_collision": true,
    "physical_violations": true,
    "config_smoothness": -3.7406812060863377,
    "eff_smoothness": -4.922208867364899,
    "eff_position_path_length": 407.16850857262267,
    "eff_orientation_path_length": 6266.393906664053,
    "physical_success": false,
    "time": 0.20993304252624512,
    "num_steps": 51,
    "trajectory_w": [
        [
            -5.3929443359375,
            -6.768797874450684,
            -1.566300868988037,
            0.0,
            0.0,
            0.0,
            0.0,
            0.0,
            0.0,
            0.0
        ],
        [
            -4.314477443695068,
            -12.764010429382324,
            -4.707893371582031,
            -3.1415927410125732,
            2.240000009536743,
            -2.0620875358581543,
            2.019869089126587,
            -3.1415927410125732,
            -0.9147278070449829,
            3.1415927410125732
        ],
        [
            -4.4456257820129395,
            -12.35485553741455,
            1.5752918720245361,
            0.29845476150512695,
            2.240000009536743,
            -2.985834836959839,
            2.569999933242798,
            -3.1415927410125732,
            -1.0985146760940552,
            3.1415927410125732
        ],
        [
            -11.3487548828125,
            -0.7955114245414734,
            -4.08719539642334,
            -2.5629189014434814,
            -1.2181930541992188,
            3.1415927410125732,
            1.8730900287628174,
            3.1415927410125732,
            -2.0899999141693115,
            1.5380451679229736
        ],
        [
            0.593656063079834,
            -3.774635076522827,
            0.050713300704956055,
            0.4750962257385254,
            1.8282368183135986,
            1.2139980792999268,
            -1.9246110916137695,
            -3.1415927410125732,
            -1.3890109062194824,
            -0.2511413097381592
        ],
        [
            -0.7769526839256287,
            -0.7479864954948425,
            1.316645860671997,
            2.654228925704956,
            -1.6320595741271973,
            2.5028903484344482,
            -2.569999933242798,
            3.1415927410125732,
            2.0899999141693115,
            -3.1415927410125732
        ],
        [
            0.581084668636322,
            -0.9781615138053894,
            -3.16497802734375,
            -2.5643551349639893,
            0.6214509010314941,
            3.1415927410125732,
            0.5499131679534912,
            3.1415927410125732,
            -2.0899999141693115,
            -3.1415927410125732
        ],
        [
            -9.345988273620605,
            -6.249821186065674,
            -3.05267333984375,
            0.3792273998260498,
            1.306990623474121,
            3.1415927410125732,
            -2.0141849517822266,
            3.1062138080596924,
            -2.0899999141693115,
            3.1415927410125732
        ],
        [
            0.5800225138664246,
            -0.74188631772995,
            -1.6026270389556885,
            -2.7457845211029053,
            -0.4874145984649658,
            -2.999528408050537,
            0.43401122093200684,
            -3.1415927410125732,
            -1.147438406944275,
            -3.1415927410125732
        ],
        [
            -11.419856071472168,
            -0.795831024646759,
            1.5752918720245361,
            -3.1415927410125732,
            1.289959192276001,
            -3.1415927410125732,
            -2.569999933242798,
            2.383748769760132,
            1.4439642429351807,
            -3.1415927410125732
        ],
        [
            -11.401049613952637,
            -4.979342937469482,
            -3.1645889282226562,
            -3.1415927410125732,
            -1.243641972541809,
            3.1415927410125732,
            -2.569999933242798,
            0.7703673839569092,
            0.9893572330474854,
            3.1415927410125732
        ],
        [
            -11.419856071472168,
            -0.795831024646759,
            -2.543452262878418,
            2.133707284927368,
            2.240000009536743,
            0.3362772464752197,
            2.569999933242798,
            1.6836884021759033,
            -2.0899999141693115,
            1.911555528640747
        ],
        [
            -11.402335166931152,
            -4.693183898925781,
            1.5752918720245361,
            -3.1415927410125732,
            2.240000009536743,
            3.1415927410125732,
            2.5307791233062744,
            -3.1415927410125732,
            0.7722408771514893,
            -2.3624961376190186
        ],
        [
            -11.397412300109863,
            -5.788262844085693,
            -4.707893371582031,
            -3.1415927410125732,
            1.1105151176452637,
            -0.47034597396850586,
            -2.569999933242798,
            0.7711901664733887,
            -0.7388384342193604,
            3.1415927410125732
        ],
        [
            -6.295817852020264,
            -6.177725315093994,
            0.2518889904022217,
            -3.1415927410125732,
            1.8139359951019287,
            -3.1415927410125732,
            -1.4736300706863403,
            -1.4636869430541992,
            -1.3345506191253662,
            -3.1415927410125732
        ],
        [
            -11.383572578430176,
            -8.86691951751709,
            1.5752918720245361,
            3.1415927410125732,
            -2.240000009536743,
            -3.1415927410125732,
            -2.4595298767089844,
            -3.1415927410125732,
            -1.8812141418457031,
            -3.1415927410125732
        ],
        [
            -11.374354362487793,
            -10.917485237121582,
            0.5300610065460205,
            -2.579049825668335,
            2.240000009536743,
            3.1415927410125732,
            1.0663549900054932,
            2.2186195850372314,
            -0.6767256259918213,
            1.6046092510223389
        ],
        [
            -11.408257484436035,
            -3.3759374618530273,
            1.5752918720245361,
            2.6410634517669678,
            0.599799633026123,
            3.1415927410125732,
            -2.569999933242798,
            3.1415927410125732,
            0.012003898620605469,
            -3.1415927410125732
        ],
        [
            -9.725481986999512,
            -12.788334846496582,
            1.5752918720245361,
            -2.6777048110961914,
            2.204699754714966,
            1.636995553970337,
            1.5474069118499756,
            -1.6691522598266602,
            0.38028383255004883,
