{
    "collision_depths": [
        0.27038840390022995,
        0.03349762766904532,
        0.04852493570581271,
        0.034435879555605946,
        0.33941587099562487,
        0.028156143966577733,
        0.03153676325361773,
        0.036808591659149445,
        0.3655434433851555,
        0.3202252251564703,
        0.05210949849603941,
        0.040696319678370174,
        0.030256729663376277,
        0.09362122859829258,
        0.024280056471457867,
        0.0747039291417746,
        0.02063644256481261,
        0.04914955959710576,
        0.03373218538769995,
        0.03219477918841396,
        0.04842023932442796,
        0.05093898099317823,
        0.05732177615288402,
        0.05324998450286994,
        0.039721212575405285,
        0.00891522970718972,
        0.04619896029849213,
        0.04264542976916974,
        0.03889107893574356,
        0.04192912181162756,
        0.019066717029114666,
        0.0031582392713357128,
        0.04513489946374428,
        0.058904096961392115,
        0.022952158401549384,
        0.0169956215461027,
        0.3728253084073428,
        0.04535098558274079,
        0.031102488867842996
    ],
    "collision": true,
    "joint_limit_violation": false,
    "self_collision": true,
    "physical_violations": true,
    "config_smoothness": -3.3435836095670965,
    "eff_smoothness": -4.43914462011721,
    "eff_position_path_length": 378.0693930940729,
    "eff_orientation_path_length": 6356.599370169977,
    "physical_success": false,
    "time": 0.4665966033935547,
    "num_steps": 51,
    "trajectory_w": [
        [
            -6.122864246368408,
            -6.906620502471924,
            -1.212049961090088,
            0.0,
            0.0,
            0.0,
            0.0,
            0.0,
            0.0,
            0.0
        ],
        [
            -5.623615741729736,
            -13.127360343933105,
            -2.2160041332244873,
            0.05983114242553711,
            -0.08209967613220215,
            0.2457427978515625,
            -2.569999933242798,
            3.0778443813323975,
            -2.0899999141693115,
            3.1415927410125732
        ],
        [
            -5.611772537231445,
            -13.122920036315918,
            0.16571974754333496,
            0.024540424346923828,
            -2.0423593521118164,
            1.6055076122283936,
            2.569999933242798,
            3.1415927410125732,
            1.4184973239898682,
            -2.0900394916534424
        ],
        [
            1.6017661094665527,
            -10.41804313659668,
            0.5908396244049072,
            0.28261351585388184,
            -0.46643006801605225,
            -3.1415927410125732,
            2.241530179977417,
            -3.0295650959014893,
            2.0899999141693115,
            -3.1415927410125732
        ],
        [
            -2.6114420890808105,
            0.8180098533630371,
            1.9295427799224854,
            0.14117193222045898,
            -0.14346575736999512,
            2.8382723331451416,
            2.569999933242798,
            -0.9272708892822266,
            0.9940297603607178,
            1.2760469913482666
        ],
        [
            -13.101550102233887,
            -5.384531497955322,
            -0.43708205223083496,
            -2.864745855331421,
            -0.5406914949417114,
            -0.08847379684448242,
            2.569999933242798,
            2.805758237838745,
            -1.2543096542358398,
            -0.5099842548370361
        ],
        [
            -13.15492057800293,
            -5.242198944091797,
            0.23813557624816895,
            1.5562078952789307,
            2.240000009536743,
            -3.1415927410125732,
            -2.569999933242798,
            3.1415927410125732,
            2.0899999141693115,
            3.1415927410125732
        ],
        [
            -10.883912086486816,
            -11.035008430480957,
            1.105266809463501,
            2.6632001399993896,
            -1.9738982915878296,
            3.1415927410125732,
            -2.569999933242798,
            -2.979395866394043,
            1.848998785018921,
            -1.1929004192352295
        ],
        [
            -11.364609718322754,
            -10.016714096069336,
            -0.270768404006958,
            -3.1415927410125732,
            0.19855499267578125,
            1.2026336193084717,
            -2.569999933242798,
            3.1415927410125732,
            1.5584642887115479,
            -3.1415927410125732
        ],
        [
            -0.49801793694496155,
            -11.205403327941895,
            1.9295427799224854,
            -3.1415927410125732,
            -1.4029916524887085,
            -1.2919219732284546,
            2.569999933242798,
            -1.5497390031814575,
            -2.0899999141693115,
            3.1415927410125732
        ],
        [
            0.019687838852405548,
            -8.223837852478027,
            1.9295427799224854,
            1.6516988277435303,
            -2.240000009536743,
            0.8812391757965088,
            2.569999933242798,
            -3.1415927410125732,
            2.0613210201263428,
            -3.1415927410125732
        ],
        [
            -7.703976631164551,
            -11.656645774841309,
            -0.8632097244262695,
            -3.1415927410125732,
            -2.240000009536743,
            3.1415927410125732,
            0.11480545997619629,
            -3.1415927410125732,
            -2.0899999141693115,
            -0.911888599395752
        ],
        [
            -2.331139326095581,
            0.07048030942678452,
            -4.353642463684082,
            -0.7679078578948975,
            -0.04657268524169922,
            1.942089319229126,
            0.9497115612030029,
            -0.36391210556030273,
            1.3060286045074463,
            2.2575957775115967
        ],
        [
            -10.258135795593262,
            -2.049288034439087,
            -1.9957993030548096,
            -2.296506643295288,
            0.17786812782287598,
            -1.141998529434204,
            2.569999933242798,
            -0.7698702812194824,
            1.4351110458374023,
            3.1415927410125732
        ],
        [
            -9.265958786010742,
            -5.522341728210449,
            -2.9301557540893555,
            -1.9395720958709717,
            -2.240000009536743,
            2.648465871810913,
            -0.5698435306549072,
            1.9060866832733154,
            2.0899999141693115,
            3.1415927410125732
        ],
        [
            -6.364416599273682,
            -10.678534507751465,
            1.9295427799224854,
            2.1647684574127197,
            2.240000009536743,
            2.3563969135284424,
            1.0237843990325928,
            1.5600478649139404,
            -0.14585542678833008,
            3.1415927410125732
        ],
        [
            -8.291473388671875,
            -10.857227325439453,
            1.9295427799224854,
            -3.1415927410125732,
            0.7605538368225098,
            -1.5693303346633911,
            1.3127286434173584,
            -3.1415927410125732,
            -1.2670366764068604,
            0.003920793533325195
        ],
        [
            -9.634286880493164,
            -14.631250381469727,
            -0.20740914344787598,
            0.21665525436401367,
            1.972015619277954,
            -3.1415927410125732,
            1.4070615768432617,
            -0.8705122470855713,
            -1.4931442737579346,
            0.27310705184936523
        ],
        [
            -13.84174633026123,
            -3.410527467727661,
            -0.7696912288665771,
            -1.8085074424743652,
            2.240000009536743,
            -1.7036503553390503,
            -2.569999933242798,
            3.1415927410125732,
            0.9393012523651123,
