{
    "collision_depths": [],
    "collision": false,
    "joint_limit_violation": false,
    "self_collision": false,
    "physical_violations": false,
    "config_smoothness": -5.240176333973761,
    "eff_smoothness": -5.391488580160457,
    "eff_position_path_length": 37.19361772136345,
    "eff_orientation_path_length": 1599.950500273768,
    "physical_success": true,
    "time": 0.587763786315918,
    "num_steps": 51,
    "trajectory_w": [
        [
            -5.3929443359375,
            -6.768797874450684,
            -1.566300868988037,
            0.0,
            0.0,
            0.0,
            0.0,
            0.0,
            0.0,
            0.0
        ],
        [
            -5.4001264572143555,
            -7.452147960662842,
            -1.564072847366333,
            -0.0319063663482666,
            0.4994223117828369,
            0.01708531379699707,
            0.24591588973999023,
            0.0019164085388183594,
            0.14997386932373047,
            -0.1274573802947998
        ],
        [
            -5.354666233062744,
            -7.877845764160156,
            -1.5331933498382568,
            -0.002679109573364258,
            0.7847049236297607,
            -0.020466089248657227,
            0.38190126419067383,
            0.014130830764770508,
            0.2552828788757324,
            -0.16206598281860352
        ],
        [
            -5.409091949462891,
            -6.960141658782959,
            -1.550513505935669,
            -0.007533550262451172,
            0.16874194145202637,
            0.019037246704101562,
            0.052915334701538086,
            0.004385471343994141,
            0.04726004600524902,
            -0.023588895797729492
        ],
        [
            -5.331962585449219,
            -7.600484848022461,
            -1.5413730144500732,
            0.0015037059783935547,
            0.5890567302703857,
            -0.00470423698425293,
            0.30753564834594727,
            0.030693769454956055,
            0.18716716766357422,
            -0.09738445281982422
        ],
        [
            -5.395535945892334,
            -6.9818902015686035,
            -1.5514721870422363,
            -0.004826545715332031,
            0.1630558967590332,
            0.011543035507202148,
            0.06063055992126465,
            0.011139392852783203,
            0.04872560501098633,
            -0.024477720260620117
        ],
        [
            -5.380094051361084,
            -7.508352279663086,
            -1.5199830532073975,
            0.019081830978393555,
            0.5217337608337402,
            -0.027820348739624023,
            0.21628999710083008,
            0.02364039421081543,
            0.17560315132141113,
            -0.07633399963378906
        ],
        [
            -5.3897881507873535,
            -6.99332857131958,
            -1.5667128562927246,
            -0.017076492309570312,
            0.1528482437133789,
            0.023774147033691406,
            0.07083463668823242,
            0.006456851959228516,
            0.04172015190124512,
            -0.019318819046020508
        ],
        [
            -5.3951616287231445,
            -7.047318458557129,
            -1.5324206352233887,
            0.007865667343139648,
            0.24254655838012695,
            0.006263256072998047,
            0.08142852783203125,
            0.010719776153564453,
            0.07305073738098145,
            -0.031206846237182617
        ],
        [
            -5.410148620605469,
            -7.209963798522949,
            -1.5350606441497803,
            0.0037713050842285156,
            0.2970449924468994,
            -0.01534891128540039,
            0.09876155853271484,
            0.023614883422851562,
            0.0925142765045166,
            -0.0556187629699707
        ],
        [
            -5.404781818389893,
            -6.982560157775879,
            -1.5601963996887207,
            -0.010434627532958984,
            0.16685223579406738,
            0.02131509780883789,
            0.05619502067565918,
            0.007102251052856445,
            0.046837568283081055,
            -0.02951645851135254
        ],
        [
            -5.336736679077148,
            -7.558470249176025,
            -1.5334959030151367,
            0.011945247650146484,
            0.5556344985961914,
            -0.014664888381958008,
            0.2732093334197998,
            0.035706520080566406,
            0.1816720962524414,
            -0.08102750778198242
        ],
        [
            -5.34971284866333,
            -8.000479698181152,
            -1.52870512008667,
            -0.0015196800231933594,
            0.8658695220947266,
            -0.0240781307220459,
            0.42340755462646484,
            0.01047205924987793,
            0.2819337844848633,
            -0.1831507682800293
        ],
        [
            -5.390869140625,
            -7.003243923187256,
            -1.5688304901123047,
            -0.018715620040893555,
            0.1595907211303711,
            0.025720834732055664,
            0.07360672950744629,
            0.005063295364379883,
            0.04339861869812012,
            -0.021346569061279297
        ],
        [
            -5.338489055633545,
            -7.810189247131348,
            -1.5423710346221924,
            -0.009527921676635742,
            0.7392244338989258,
            -0.009481191635131836,
            0.3779923915863037,
            0.01717519760131836,
            0.23563289642333984,
            -0.1483745574951172
        ],
        [
            -5.376931667327881,
            -7.097957611083984,
            -1.5752246379852295,
            -0.01792287826538086,
            0.19002199172973633,
            0.018590211868286133,
            0.09810471534729004,
            0.011867046356201172,
            0.05433082580566406,
            -0.037293434143066406
        ],
        [
            -5.354171276092529,
            -7.892454624176025,
            -1.5323030948638916,
            -0.0023953914642333984,
            0.7947268486022949,
            -0.020847797393798828,
            0.3870198726654053,
            0.013783693313598633,
            0.2583506107330322,
            -0.1646895408630371
        ],
        [
            -5.3842878341674805,
            -7.756086349487305,
            -1.5350291728973389,
            -0.0022132396697998047,
            0.700495719909668,
            -0.015524864196777344,
            0.32153868675231934,
            0.01210641860961914,
            0.22650694847106934,
            -0.15335798263549805
        ],
        [
            -5.3465094566345215,
            -8.009445190429688,
            -1.5296905040740967,
            -0.0026483535766601562,
            0.8723106384277344,
            -0.024436473846435547,
            0.42823028564453125,
            0.010366439819335938,
            0.28398633003234863,
            -0.18420696258544922
        ],
        [
            -5.436176776885986,
            -7.229562282562256,
            -1.551004409790039,
            -0.01747894287109375,
            0.3436105251312256,
            0.005239725112915039,
            0.12625408172607422,
            0.004662275314331055,
            0.10176610946655273,
            -0.07956147193908691
        ],
        [
            -5.324700832366943,
            -7.33450174331665,
            -1.5445659160614014,
            0.012208223342895508,
            0.3693544864654541,
            -0.004988431930541992,
            0.18442893028259277,
            0.033818721771240234,
            0.1173243522644043,
            -0.044339895248413086
        ],
        [
            -5.387495994567871,
            -7.003840446472168,
            -1.5688676834106445,
            -0.01941680908203125,
            0.15721821784973145,
            0.02513432502746582,
            0.07710719108581543,
            0.00479435920715332,
