{
    "collision_depths": [
        0.02246856839988904,
        0.03246858329365066,
        0.0004513089737823632,
        0.00485849561068523,
        0.0029544776558639812
    ],
    "collision": true,
    "joint_limit_violation": false,
    "self_collision": false,
    "physical_violations": true,
    "config_smoothness": -6.071846126286771,
    "eff_smoothness": -6.418636641066427,
    "eff_position_path_length": 22.148127146874817,
    "eff_orientation_path_length": 813.6692711849792,
    "physical_success": false,
    "time": 0.5975840091705322,
    "num_steps": 51,
    "trajectory_w": [
        [
            -11.326449394226074,
            -6.482901096343994,
            -2.265101671218872,
            0.0,
            0.0,
            0.0,
            0.0,
            0.0,
            0.0,
            0.0
        ],
        [
            -11.759780883789062,
            -7.136300086975098,
            -2.3150510787963867,
            -0.02651214599609375,
            0.6034605503082275,
            -0.11206746101379395,
            0.2196516990661621,
            -0.0048465728759765625,
            0.030150651931762695,
            -0.034223079681396484
        ],
        [
            -11.69407844543457,
            -6.927297592163086,
            -2.329667329788208,
            -0.029384136199951172,
            0.3936586380004883,
            -0.05715465545654297,
            0.13000178337097168,
            0.012107133865356445,
            -0.0048351287841796875,
            -0.043851613998413086
        ],
        [
            -11.562080383300781,
            -6.708357334136963,
            -2.32413911819458,
            -0.022851943969726562,
            0.21008014678955078,
            -0.018899917602539062,
            0.051247596740722656,
            0.002463102340698242,
            -0.0199739933013916,
            -0.010605573654174805
        ],
        [
            -11.567740440368652,
            -6.781562805175781,
            -2.3253538608551025,
            -0.03261709213256836,
            0.24677634239196777,
            -0.023548364639282227,
            0.08874773979187012,
            -0.0179293155670166,
            -0.01891636848449707,
            -0.0005624294281005859
        ],
        [
            -11.59588623046875,
            -6.749129295349121,
            -2.3118205070495605,
            -0.019322633743286133,
            0.2646815776824951,
            -0.045119285583496094,
            0.054963111877441406,
            0.020121097564697266,
            -0.010893106460571289,
            -0.03066563606262207
        ],
        [
            -11.633956909179688,
            -6.807756423950195,
            -2.3028321266174316,
            -0.03338932991027832,
            0.31091904640197754,
            -0.023144245147705078,
            0.09435129165649414,
            -0.02748394012451172,
            -0.015282630920410156,
            -0.008753776550292969
        ],
        [
            -11.548359870910645,
            -6.671029567718506,
            -2.298374652862549,
            -0.017551183700561523,
            0.21184015274047852,
            -0.03438568115234375,
            0.02840447425842285,
            0.01226949691772461,
            -0.014622211456298828,
            -0.018529415130615234
        ],
        [
            -11.489988327026367,
            -6.755985260009766,
            -2.29728364944458,
            -0.028987884521484375,
            0.2218918800354004,
            -0.03984355926513672,
            0.08331680297851562,
            -0.02261209487915039,
            -0.011046409606933594,
            0.015660762786865234
        ],
        [
            -11.938370704650879,
            -7.2715277671813965,
            -2.3227310180664062,
            -0.026299476623535156,
            0.7573840618133545,
            -0.09276509284973145,
            0.2645559310913086,
            -0.03544497489929199,
            0.04456806182861328,
            -0.05513167381286621
        ],
        [
            -11.532002449035645,
            -6.669843673706055,
            -2.28625750541687,
            -0.016834735870361328,
            0.22053861618041992,
            -0.04429006576538086,
            0.027289390563964844,
            0.011141538619995117,
            -0.010318279266357422,
            -0.01618170738220215
        ],
        [
            -11.552860260009766,
            -6.680186748504639,
            -2.2989375591278076,
            -0.017124414443969727,
            0.21988582611083984,
            -0.03668832778930664,
            0.030214548110961914,
            0.013103961944580078,
            -0.013794898986816406,
            -0.019819021224975586
        ],
        [
            -11.598499298095703,
            -6.721682548522949,
            -2.3177003860473633,
            -0.02151942253112793,
            0.2419264316558838,
            -0.025443315505981445,
            0.05197858810424805,
            0.003920078277587891,
            -0.016740798950195312,
            -0.01721930503845215
        ],
        [
            -11.596181869506836,
            -6.784487724304199,
            -2.2840709686279297,
            -0.012917757034301758,
            0.33371734619140625,
            -0.06299233436584473,
            0.06327080726623535,
            -0.008609533309936523,
            0.0020246505737304688,
            -0.00723719596862793
        ],
        [
            -11.759726524353027,
            -7.036919116973877,
            -2.3039920330047607,
            -0.017718076705932617,
            0.5393879413604736,
            -0.06809544563293457,
            0.172410249710083,
            -0.04394173622131348,
            0.01666569709777832,
            -0.015428543090820312
        ],
        [
            -11.764440536499023,
            -7.088001251220703,
            -2.325477123260498,
            -0.029101848602294922,
            0.5509004592895508,
            -0.09484267234802246,
            0.19204974174499512,
            0.01563572883605957,
            0.018683433532714844,
            -0.052439212799072266
        ],
        [
            -11.605814933776855,
            -6.854274749755859,
            -2.2943227291107178,
            -0.034265995025634766,
            0.3263731002807617,
            -0.03403115272521973,
            0.12030792236328125,
            -0.03405499458312988,
            -0.012389421463012695,
            -0.00090789794921875
        ],
        [
            -11.542560577392578,
            -6.795955181121826,
            -2.307159185409546,
            -0.032363176345825195,
            0.2552368640899658,
            -0.032401323318481445,
            0.09985852241516113,
            -0.026907682418823242,
            -0.01505899429321289,
            0.00908207893371582
        ],
        [
            -11.591314315795898,
            -6.862860679626465,
            -2.2995474338531494,
            -0.03249835968017578,
            0.3261129856109619,
            -0.03673815727233887,
            0.1240839958190918,
            -0.03360724449157715,
            -0.011217594146728516,
            0.0014925003051757812
        ],
        [
            -11.73483943939209,
            -7.101744651794434,
            -2.315321445465088,
            -0.029133081436157227,
            0.5588734149932861,
            -0.10466837882995605,
            0.20592737197875977,
            0.00706028938293457,
            0.021755695343017578,
            -0.03595161437988281
        ],
        [
            -11.494060516357422,
            -6.724582672119141,
            -2.3023197650909424,
            -0.030237674713134766,
            0.19564580917358398,
            -0.032434701919555664,
            0.07331252098083496,
            -0.022103071212768555,
            -0.014651298522949219,
            0.0191650390625
        ],
        [
            -11.669477462768555,
