{
    "collision_depths": [],
    "collision": false,
    "joint_limit_violation": false,
    "self_collision": false,
    "physical_violations": false,
    "config_smoothness": -5.039153413922705,
    "eff_smoothness": -5.024842597985787,
    "eff_position_path_length": 51.15122428231403,
    "eff_orientation_path_length": 1724.2089319897914,
    "physical_success": true,
    "time": 1.0238687992095947,
    "num_steps": 51,
    "trajectory_w": [
        [
            -9.474478721618652,
            -9.336901664733887,
            0.17461851239204407,
            0.0,
            0.0,
            0.0,
            0.0,
            0.0,
            0.0,
            0.0
        ],
        [
            -9.069225311279297,
            -9.294156074523926,
            0.15852263569831848,
            0.005056142807006836,
            0.24999713897705078,
            -0.01868891716003418,
            0.04003024101257324,
            -0.007563591003417969,
            0.04596352577209473,
            -0.0827028751373291
        ],
        [
            -9.079817771911621,
            -9.19388484954834,
            0.13573625683784485,
            -2.6226043701171875e-05,
            0.23755311965942383,
            0.038976430892944336,
            0.09038352966308594,
            -0.04824972152709961,
            0.032408952713012695,
            -0.07327914237976074
        ],
        [
            -8.687081336975098,
            -9.045499801635742,
            0.1273355782032013,
            0.022477149963378906,
            0.4516184329986572,
            0.00529026985168457,
            0.17988848686218262,
            -0.01560354232788086,
            0.07276558876037598,
            -0.15935254096984863
        ],
        [
            -9.251174926757812,
            -9.283793449401855,
            0.15672138333320618,
            0.0022237300872802734,
            0.13964486122131348,
            0.0038034915924072266,
            0.03235578536987305,
            -0.011306047439575195,
            0.023230314254760742,
            -0.0402677059173584
        ],
        [
            -8.950716972351074,
            -9.11886215209961,
            0.13641908764839172,
            0.01696491241455078,
            0.30376434326171875,
            0.0291597843170166,
            0.1269664764404297,
            -0.031897783279418945,
            0.04514670372009277,
            -0.09759306907653809
        ],
        [
            -8.326554298400879,
            -9.007454872131348,
            0.10072997212409973,
            0.04406595230102539,
            0.6629939079284668,
            -0.004221200942993164,
            0.22970843315124512,
            -0.039209842681884766,
            0.12739062309265137,
            -0.21158838272094727
        ],
        [
            -7.893942356109619,
            -8.871635437011719,
            0.08210113644599915,
            0.06926202774047852,
            0.9136838912963867,
            -0.01562190055847168,
            0.3339364528656006,
            -0.07109737396240234,
            0.18225502967834473,
            -0.31225109100341797
        ],
        [
            -9.00553035736084,
            -9.263209342956543,
            0.14494946599006653,
            0.015368223190307617,
            0.27629923820495605,
            -0.03690767288208008,
            0.05251002311706543,
            -0.003611326217651367,
            0.06015491485595703,
            -0.06998300552368164
        ],
        [
            -8.319869995117188,
            -8.989642143249512,
            0.09979203343391418,
            0.04283308982849121,
            0.6691920757293701,
            -0.010169744491577148,
            0.2379915714263916,
            -0.03471517562866211,
            0.12914180755615234,
            -0.2170569896697998
        ],
        [
            -8.289376258850098,
            -8.986669540405273,
            0.09849098324775696,
            0.04519772529602051,
            0.6867961883544922,
            -0.010180234909057617,
            0.24152016639709473,
            -0.036902427673339844,
            0.1328873634338379,
            -0.22646093368530273
        ],
        [
            -9.236218452453613,
            -9.251789093017578,
            0.14151957631111145,
            -0.002655506134033203,
            0.13547682762145996,
            0.0047495365142822266,
            0.05322456359863281,
            -0.016951799392700195,
            0.02377033233642578,
            -0.020728111267089844
        ],
        [
            -8.232586860656738,
            -8.963042259216309,
            0.09501484036445618,
            0.04755830764770508,
            0.7197563648223877,
            -0.011943578720092773,
            0.258516788482666,
            -0.04023146629333496,
            0.14040112495422363,
            -0.23697876930236816
        ],
        [
            -9.238648414611816,
            -9.257523536682129,
            0.1446261703968048,
            -0.0020885467529296875,
            0.13717246055603027,
            0.003931283950805664,
            0.04962873458862305,
            -0.014908790588378906,
            0.02456808090209961,
            -0.024379491806030273
        ],
        [
            -8.038769721984863,
            -8.913150787353516,
            0.08799698948860168,
            0.060262203216552734,
            0.8306534290313721,
            -0.012792825698852539,
            0.30014681816101074,
            -0.05848073959350586,
            0.16429448127746582,
            -0.2801201343536377
        ],
        [
            -9.256485939025879,
            -9.309310913085938,
            0.16875270009040833,
            0.0060062408447265625,
            0.1466991901397705,
            -0.0009932518005371094,
            0.01729106903076172,
            -0.006228446960449219,
            0.022246599197387695,
            -0.05501961708068848
        ],
        [
            -8.328670501708984,
            -9.014626502990723,
            0.10120490193367004,
            0.044809818267822266,
            0.6615815162658691,
            -0.00302886962890625,
            0.22584128379821777,
            -0.04034733772277832,
            0.12708163261413574,
            -0.21155786514282227
        ],
        [
            -8.832222938537598,
            -9.173469543457031,
            0.12566211819648743,
            0.0069887638092041016,
            0.39249181747436523,
            -0.0052950382232666016,
            0.10605025291442871,
            -0.018856287002563477,
            0.06265091896057129,
            -0.16885066032409668
        ],
        [
            -9.258190155029297,
            -9.295475959777832,
            0.1631043255329132,
            0.0048999786376953125,
            0.14273858070373535,
            0.0013318061828613281,
            0.025284767150878906,
            -0.008651971817016602,
            0.023259639739990234,
            -0.04852581024169922
        ],
        [
            -9.168017387390137,
            -9.306705474853516,
            0.1663816273212433,
            0.00930643081665039,
            0.19046878814697266,
            -0.016866207122802734,
            0.023350954055786133,
            0.0012485980987548828,
            0.03497576713562012,
            -0.06897735595703125
        ],
        [
            -8.840716361999512,
            -9.086454391479492,
            0.1329076588153839,
            0.017373085021972656,
            0.3669552803039551,
            0.021120786666870117,
            0.14718866348266602,
            -0.024423837661743164,
            0.05277895927429199,
            -0.13874149322509766
        ],
        [
            -8.033146858215332,
            -8.9107666015625,
            0.08767059445381165,
            0.06062960624694824,
            0.83414626121521,
            -0.012942790985107422,
            0.30174779891967773,
