{
    "collision_depths": [],
    "collision": false,
    "joint_limit_violation": false,
    "self_collision": false,
    "physical_violations": false,
    "config_smoothness": -5.5266785263196,
    "eff_smoothness": -5.619231814709204,
    "eff_position_path_length": 31.692890844911684,
    "eff_orientation_path_length": 925.3499924165059,
    "physical_success": true,
    "time": 0.5303783416748047,
    "num_steps": 51,
    "trajectory_w": [
        [
            -4.4051666259765625,
            -5.590465545654297,
            -1.9179235696792603,
            0.0,
            0.0,
            0.0,
            0.0,
            0.0,
            0.0,
            0.0
        ],
        [
            -4.556498050689697,
            -6.216737270355225,
            -1.9476548433303833,
            -0.05150723457336426,
            0.4106178283691406,
            -0.17485642433166504,
            0.10486698150634766,
            -0.0658562183380127,
            -0.11784148216247559,
            -0.020955324172973633
        ],
        [
            -4.574648857116699,
            -5.832054615020752,
            -1.9423757791519165,
            -0.021270751953125,
            0.18068265914916992,
            -0.08057999610900879,
            -0.011667490005493164,
            -0.036434173583984375,
            -0.07198023796081543,
            0.010450363159179688
        ],
        [
            -4.4861955642700195,
            -5.860731601715088,
            -1.9466959238052368,
            -0.0323481559753418,
            0.15977835655212402,
            -0.09927010536193848,
            0.04854011535644531,
            -0.05035519599914551,
            -0.07030272483825684,
            0.027377843856811523
        ],
        [
            -4.705216407775879,
            -6.484470844268799,
            -1.9701164960861206,
            -0.04630637168884277,
            0.6047844886779785,
            -0.22216796875,
            0.1307210922241211,
            -0.08269190788269043,
            -0.14456701278686523,
            -0.05452847480773926
        ],
        [
            -4.577853202819824,
            -5.837548732757568,
            -1.9405874013900757,
            -0.021899700164794922,
            0.18488001823425293,
            -0.08282756805419922,
            -0.010890960693359375,
            -0.035680294036865234,
            -0.07263064384460449,
            0.008567571640014648
        ],
        [
            -4.544549942016602,
            -5.854860782623291,
            -1.9680265188217163,
            -0.022907733917236328,
            0.166367769241333,
            -0.07629823684692383,
            0.014683246612548828,
            -0.0500490665435791,
            -0.07420587539672852,
            0.03443336486816406
        ],
        [
            -4.666530132293701,
            -6.243320941925049,
            -1.961480736732483,
            -0.04715871810913086,
            0.43659400939941406,
            -0.17073774337768555,
            0.06899595260620117,
            -0.04918336868286133,
            -0.1207282543182373,
            -0.05557990074157715
        ],
        [
            -4.673079013824463,
            -6.423097610473633,
            -1.9549061059951782,
            -0.036701202392578125,
            0.5578317642211914,
            -0.21335554122924805,
            0.13058924674987793,
            -0.09302449226379395,
            -0.14095759391784668,
            -0.02173781394958496
        ],
        [
            -4.6402668952941895,
            -6.001420974731445,
            -1.9534894227981567,
            -0.019765138626098633,
            0.2844662666320801,
            -0.11922049522399902,
            0.013435840606689453,
            -0.04757285118103027,
            -0.09261226654052734,
            0.0007669925689697266
        ],
        [
            -4.48520565032959,
            -5.946444034576416,
            -1.948834776878357,
            -0.03830695152282715,
            0.21059083938598633,
            -0.11275029182434082,
            0.06654548645019531,
            -0.059281349182128906,
            -0.0829308032989502,
            0.013286113739013672
        ],
        [
            -4.742074012756348,
            -6.615859031677246,
            -1.971351981163025,
            -0.04335284233093262,
            0.7022318840026855,
            -0.2496931552886963,
            0.16537880897521973,
            -0.10418868064880371,
            -0.15512478351593018,
            -0.05370283126831055
        ],
        [
            -4.73999547958374,
            -6.603984355926514,
            -1.9704145193099976,
            -0.04324483871459961,
            0.6932945251464844,
            -0.24710512161254883,
            0.16182160377502441,
            -0.10212850570678711,
            -0.1541956663131714,
            -0.05401039123535156
        ],
        [
            -4.500043869018555,
            -5.873015403747559,
            -1.9673062562942505,
            -0.029508113861083984,
            0.16129469871520996,
            -0.09372258186340332,
            0.04542946815490723,
            -0.05774641036987305,
            -0.0740511417388916,
            0.040117502212524414
        ],
        [
            -4.596908092498779,
            -6.262654781341553,
            -1.952365517616272,
            -0.03024005889892578,
            0.4389371871948242,
            -0.18076062202453613,
            0.10936760902404785,
            -0.09487199783325195,
            -0.1253964900970459,
            0.012094736099243164
        ],
        [
            -4.576672554016113,
            -5.835073947906494,
            -1.9426332712173462,
            -0.021404027938842773,
            0.18258166313171387,
            -0.08124518394470215,
            -0.011373519897460938,
            -0.036537885665893555,
            -0.07236003875732422,
            0.010497808456420898
        ],
        [
            -4.579892158508301,
            -5.843008995056152,
            -1.9378474950790405,
            -0.022509098052978516,
            0.18944525718688965,
            -0.08537149429321289,
            -0.009961605072021484,
            -0.034739017486572266,
            -0.07329058647155762,
            0.005798816680908203
        ],
        [
            -4.727377891540527,
            -6.562521934509277,
            -1.9704426527023315,
            -0.044027090072631836,
            0.6634752750396729,
            -0.23957395553588867,
            0.15122199058532715,
            -0.09622764587402344,
            -0.15078496932983398,
            -0.05231499671936035
        ],
        [
            -4.5406060218811035,
            -5.842416286468506,
            -1.9147828817367554,
            -0.03535127639770508,
            0.19147753715515137,
            -0.09803986549377441,
            0.016082286834716797,
            -0.03478670120239258,
            -0.06807780265808105,
            -0.007710456848144531
        ],
        [
            -4.488176345825195,
            -5.890127658843994,
            -1.9543172121047974,
            -0.03283047676086426,
            0.1734459400177002,
            -0.10155534744262695,
            0.054251670837402344,
            -0.05630946159362793,
            -0.07542800903320312,
            0.02823472023010254
        ],
        [
            -4.742356777191162,
            -6.612746715545654,
            -1.9709540605545044,
            -0.043149471282958984,
            0.6997573375701904,
            -0.24879932403564453,
            0.16387104988098145,
            -0.10326075553894043,
            -0.1547226905822754,
            -0.05417966842651367
        ],
        [
            -4.72186279296875,
            -6.542466640472412,
            -1.9667476415634155,
            -0.04232454299926758,
            0.6479451656341553,
            -0.23523354530334473,
            0.14735722541809082,
