{
    "collision_depths": [],
    "collision": false,
    "joint_limit_violation": false,
    "self_collision": false,
    "physical_violations": false,
    "config_smoothness": -5.276085285808321,
    "eff_smoothness": -5.298728492590155,
    "eff_position_path_length": 36.38635238058649,
    "eff_orientation_path_length": 1356.9318729055026,
    "physical_success": true,
    "time": 0.380840539932251,
    "num_steps": 51,
    "trajectory_w": [
        [
            -7.53201150894165,
            -7.169240951538086,
            -0.8655534386634827,
            0.0,
            0.0,
            0.0,
            0.0,
            0.0,
            0.0,
            0.0
        ],
        [
            -7.315053939819336,
            -7.398714065551758,
            -0.8990181088447571,
            -0.028882741928100586,
            0.1850872039794922,
            -0.054541826248168945,
            0.0946340560913086,
            -0.03850412368774414,
            -0.004574298858642578,
            -0.008799314498901367
        ],
        [
            -7.010593891143799,
            -7.728357315063477,
            -0.901905357837677,
            -0.0214998722076416,
            0.5259048938751221,
            -0.13815832138061523,
            0.2078230381011963,
            -0.05817866325378418,
            0.02410745620727539,
            -0.07581448554992676
        ],
        [
            -7.332536220550537,
            -7.386589527130127,
            -0.8973377346992493,
            -0.02752542495727539,
            0.16957688331604004,
            -0.05208587646484375,
            0.08703327178955078,
            -0.03469085693359375,
            -0.005356311798095703,
            -0.0061855316162109375
        ],
        [
            -7.398077964782715,
            -7.406464576721191,
            -0.8780391812324524,
            -0.016786575317382812,
            0.1900949478149414,
            -0.0315706729888916,
            0.03555703163146973,
            -0.016303062438964844,
            -0.003904104232788086,
            -0.03237724304199219
        ],
        [
            -7.37980842590332,
            -7.417972087860107,
            -0.8715787529945374,
            -0.013254165649414062,
            0.21439051628112793,
            -0.039343833923339844,
            0.042290687561035156,
            -0.021872282028198242,
            -0.0006988048553466797,
            -0.031173229217529297
        ],
        [
            -7.041138648986816,
            -7.690884113311768,
            -0.9029160141944885,
            -0.02608799934387207,
            0.4902818202972412,
            -0.12582921981811523,
            0.2019650936126709,
            -0.05935955047607422,
            0.017838239669799805,
            -0.07021141052246094
        ],
        [
            -7.328588485717773,
            -7.386110305786133,
            -0.8965950608253479,
            -0.026822328567504883,
            0.1723954677581787,
            -0.05327868461608887,
            0.08834385871887207,
            -0.03560447692871094,
            -0.004857063293457031,
            -0.005910158157348633
        ],
        [
            -6.8693342208862305,
            -7.949491024017334,
            -0.9003964066505432,
            -0.019122838973999023,
            0.7037944793701172,
            -0.1629171371459961,
            0.2526257038116455,
            -0.06332755088806152,
            0.04668593406677246,
            -0.1311178207397461
        ],
        [
            -7.044816493988037,
            -7.681866645812988,
            -0.9057868123054504,
            -0.021309614181518555,
            0.49043941497802734,
            -0.13425469398498535,
            0.18792295455932617,
            -0.05481910705566406,
            0.023910045623779297,
            -0.07021594047546387
        ],
        [
            -6.757332801818848,
            -8.06998348236084,
            -0.8953996300697327,
            -0.02011275291442871,
            0.8134255409240723,
            -0.17701411247253418,
            0.3078639507293701,
            -0.07872366905212402,
            0.05522632598876953,
            -0.15197372436523438
        ],
        [
            -7.345779895782471,
            -7.386810779571533,
            -0.888437807559967,
            -0.02350616455078125,
            0.16650795936584473,
            -0.05438423156738281,
            0.07761216163635254,
            -0.02592158317565918,
            -0.004124641418457031,
            -0.005980014801025391
        ],
        [
            -6.722474098205566,
            -8.1060152053833,
            -0.897430956363678,
            -0.019994258880615234,
            0.8484442234039307,
            -0.18396973609924316,
            0.3218498229980469,
            -0.08200931549072266,
            0.06011533737182617,
            -0.15901756286621094
        ],
        [
            -7.215773105621338,
            -7.612768650054932,
            -0.8755188584327698,
            -0.008154153823852539,
            0.3646671772003174,
            -0.08550715446472168,
            0.08602142333984375,
            -0.0229949951171875,
            0.011022806167602539,
            -0.066864013671875
        ],
        [
            -6.8170976638793945,
            -8.018957138061523,
            -0.8919497132301331,
            -0.0196225643157959,
            0.758324146270752,
            -0.16548919677734375,
            0.28157925605773926,
            -0.07337689399719238,
            0.04879403114318848,
            -0.1436624526977539
        ],
        [
            -7.403451919555664,
            -7.400188446044922,
            -0.8763001561164856,
            -0.015401363372802734,
            0.18361377716064453,
            -0.03246951103210449,
            0.03272843360900879,
            -0.01390838623046875,
            -0.004323482513427734,
            -0.03121209144592285
        ],
        [
            -6.824897289276123,
            -7.999793529510498,
            -0.8933480381965637,
            -0.02132272720336914,
            0.745140790939331,
            -0.16356396675109863,
            0.2807788848876953,
            -0.07109928131103516,
            0.04597043991088867,
            -0.13983392715454102
        ],
        [
            -7.392330646514893,
            -7.403946876525879,
            -0.8767161965370178,
            -0.015198945999145508,
            0.19610953330993652,
            -0.033492088317871094,
            0.03760933876037598,
            -0.01852130889892578,
            -0.0024547576904296875,
            -0.031861066818237305
        ],
        [
            -7.2411909103393555,
            -7.609519958496094,
            -0.8756087422370911,
            -0.01822638511657715,
            0.3508932590484619,
            -0.07683587074279785,
            0.08862519264221191,
            -0.018718957901000977,
            0.006258964538574219,
            -0.07281756401062012
        ],
        [
            -7.025085926055908,
            -7.826182842254639,
            -0.8831611275672913,
            -0.03069901466369629,
            0.5547382831573486,
            -0.10865235328674316,
            0.20284748077392578,
            -0.05172109603881836,
            0.018941879272460938,
            -0.1181185245513916
        ],
        [
            -6.694001197814941,
            -8.137910842895508,
            -0.8975582718849182,
            -0.0194094181060791,
            0.8777556419372559,
            -0.1885528564453125,
            0.3329792022705078,
            -0.08599662780761719,
            0.06397247314453125,
            -0.16519403457641602
        ],
        [
            -7.342719078063965,
            -7.481858253479004,
            -0.8737621903419495,
            -0.012876033782958984,
            0.24567818641662598,
            -0.05233168601989746,
            0.04888105392456055,
