{
    "collision_depths": [],
    "collision": false,
    "joint_limit_violation": false,
    "self_collision": false,
    "physical_violations": false,
    "config_smoothness": -5.004031729561794,
    "eff_smoothness": -5.146825616923983,
    "eff_position_path_length": 16.97496350789507,
    "eff_orientation_path_length": 642.4805507072385,
    "physical_success": true,
    "time": 1.130671501159668,
    "num_steps": 51,
    "trajectory_w": [
        [
            -11.603302001953125,
            -7.138992786407471,
            -2.0943827629089355,
            0.0,
            0.0,
            0.0,
            0.0,
            0.0,
            0.0,
            0.0
        ],
        [
            -11.795336723327637,
            -7.385621547698975,
            -2.132962703704834,
            -0.0399167537689209,
            0.3022751808166504,
            -0.11113500595092773,
            0.03941702842712402,
            0.0001976490020751953,
            -0.05713796615600586,
            -0.03002023696899414
        ],
        [
            -11.803890228271484,
            -7.38887357711792,
            -2.136744260787964,
            -0.040195465087890625,
            0.29836249351501465,
            -0.10627198219299316,
            0.03903961181640625,
            0.00013780593872070312,
            -0.058396100997924805,
            -0.030269384384155273
        ],
        [
            -11.706570625305176,
            -7.3725199699401855,
            -2.1278223991394043,
            -0.05383491516113281,
            0.25345420837402344,
            -0.08305501937866211,
            0.07401752471923828,
            -0.040244102478027344,
            -0.05997419357299805,
            0.014185190200805664
        ],
        [
            -11.800618171691895,
            -7.590580940246582,
            -2.136300563812256,
            -0.058763980865478516,
            0.49254369735717773,
            -0.16666269302368164,
            0.14583611488342285,
            -0.039534568786621094,
            -0.0693213939666748,
            -0.019866466522216797
        ],
        [
            -11.704002380371094,
            -7.373538494110107,
            -2.125821113586426,
            -0.05427145957946777,
            0.25864458084106445,
            -0.08643436431884766,
            0.07487344741821289,
            -0.039795875549316406,
            -0.05947232246398926,
            0.012346267700195312
        ],
        [
            -11.797795295715332,
            -7.3623366355896,
            -2.136723518371582,
            -0.04032015800476074,
            0.2679727077484131,
            -0.09257149696350098,
            0.03188300132751465,
            0.0003521442413330078,
            -0.057427406311035156,
            -0.02651691436767578
        ],
        [
            -11.858207702636719,
            -7.500514030456543,
            -2.157865524291992,
            -0.04320240020751953,
            0.38292622566223145,
            -0.11344146728515625,
            0.07372379302978516,
            -0.01544642448425293,
            -0.06963253021240234,
            -0.03511643409729004
        ],
        [
            -11.848309516906738,
            -7.486258029937744,
            -2.1627590656280518,
            -0.045075178146362305,
            0.3583953380584717,
            -0.09167885780334473,
            0.07251977920532227,
            -0.02969503402709961,
            -0.07283258438110352,
            -0.023212671279907227
        ],
        [
            -11.846559524536133,
            -7.660305023193359,
            -2.150960683822632,
            -0.059316396713256836,
            0.5655040740966797,
            -0.18982648849487305,
            0.16837000846862793,
            -0.035729169845581055,
            -0.06843781471252441,
            -0.03288841247558594
        ],
        [
            -11.966094017028809,
            -7.754359245300293,
            -2.1541099548339844,
            -0.06114840507507324,
            0.6628146171569824,
            -0.1674356460571289,
            0.1854572296142578,
            -0.06740927696228027,
            -0.07556629180908203,
            -0.04913187026977539
        ],
        [
            -11.923463821411133,
            -7.677874565124512,
            -2.146144390106201,
            -0.06018233299255371,
            0.5757386684417725,
            -0.14152312278747559,
            0.15905976295471191,
            -0.06498312950134277,
            -0.0790252685546875,
            -0.03649735450744629
        ],
        [
            -11.956554412841797,
            -7.728283882141113,
            -2.155921220779419,
            -0.05958151817321777,
            0.6354591846466064,
            -0.1637258529663086,
            0.17255091667175293,
            -0.060394287109375,
            -0.07544732093811035,
            -0.04912424087524414
        ],
        [
            -11.766451835632324,
            -7.4124321937561035,
            -2.1563022136688232,
            -0.04627823829650879,
            0.26007652282714844,
            -0.06356120109558105,
            0.0593104362487793,
            -0.03715038299560547,
            -0.06768560409545898,
            0.0066144466400146484
        ],
        [
            -11.904000282287598,
            -7.604888916015625,
            -2.1574795246124268,
            -0.05276322364807129,
            0.49732089042663574,
            -0.12747478485107422,
            0.11870527267456055,
            -0.04384469985961914,
            -0.07638883590698242,
            -0.038313865661621094
        ],
        [
            -11.70923900604248,
            -7.3872599601745605,
            -2.128495216369629,
            -0.05432581901550293,
            0.26783013343811035,
            -0.08711099624633789,
            0.07894301414489746,
            -0.04143500328063965,
            -0.06166577339172363,
            0.0125732421875
        ],
        [
            -11.826831817626953,
            -7.510242938995361,
            -2.15264892578125,
            -0.041788339614868164,
            0.4119291305541992,
            -0.14833593368530273,
            0.07934045791625977,
            -0.006775856018066406,
            -0.06176328659057617,
            -0.03776836395263672
        ],
        [
            -11.883148193359375,
            -7.703666687011719,
            -2.1594629287719727,
            -0.0594027042388916,
            0.6115167140960693,
            -0.19666528701782227,
            0.17980241775512695,
            -0.038918495178222656,
            -0.06821370124816895,
            -0.041066646575927734
        ],
        [
            -11.70419979095459,
            -7.377371311187744,
            -2.126906156539917,
            -0.05359768867492676,
            0.257312536239624,
            -0.08629441261291504,
            0.07686352729797363,
            -0.038992881774902344,
            -0.06027579307556152,
            0.012136697769165039
        ],
        [
            -11.723185539245605,
            -7.421710014343262,
            -2.126675605773926,
            -0.05813002586364746,
            0.3124659061431885,
            -0.09979796409606934,
            0.09088897705078125,
            -0.04572439193725586,
            -0.06478476524353027,
            0.007180690765380859
        ],
        [
            -11.936653137207031,
            -7.682399272918701,
            -2.159834384918213,
            -0.0563197135925293,
            0.58648681640625,
            -0.15628767013549805,
            0.15034246444702148,
            -0.048811912536621094,
            -0.0746910572052002,
            -0.0483701229095459
        ],
        [
            -11.820446014404297,
            -7.420108795166016,
            -2.148237943649292,
            -0.03967428207397461,
            0.3070387840270996,
            -0.09862613677978516,
            0.04715704917907715,
