{
    "collision_depths": [],
    "collision": false,
    "joint_limit_violation": false,
    "self_collision": false,
    "physical_violations": false,
    "config_smoothness": -5.347202355745767,
    "eff_smoothness": -5.487219835706586,
    "eff_position_path_length": 28.987483046790114,
    "eff_orientation_path_length": 1245.0152359149536,
    "physical_success": true,
    "time": 0.43825697898864746,
    "num_steps": 51,
    "trajectory_w": [
        [
            -6.122864246368408,
            -6.906620502471924,
            -1.212049961090088,
            0.0,
            0.0,
            0.0,
            0.0,
            0.0,
            0.0,
            0.0
        ],
        [
            -6.001953601837158,
            -7.287075042724609,
            -1.2040565013885498,
            0.0062711238861083984,
            0.2992711067199707,
            -0.06487655639648438,
            0.1034703254699707,
            0.003956317901611328,
            0.06309962272644043,
            -0.05459189414978027
        ],
        [
            -5.745752811431885,
            -7.9358320236206055,
            -1.224181890487671,
            -0.014797449111938477,
            0.832308292388916,
            -0.12923121452331543,
            0.38147950172424316,
            -0.03247475624084473,
            0.1877896785736084,
            -0.170090913772583
        ],
        [
            -5.7195563316345215,
            -8.000667572021484,
            -1.2245306968688965,
            -0.01471257209777832,
            0.8827879428863525,
            -0.13567233085632324,
            0.4045860767364502,
            -0.03717160224914551,
            0.20004820823669434,
            -0.1818389892578125
        ],
        [
            -6.046165466308594,
            -7.345030307769775,
            -1.2261552810668945,
            -0.03537440299987793,
            0.35824108123779297,
            -0.028149843215942383,
            0.1454460620880127,
            -0.013680696487426758,
            0.07220745086669922,
            -0.08373069763183594
        ],
        [
            -5.936060905456543,
            -7.5258049964904785,
            -1.220716953277588,
            0.0003180503845214844,
            0.48981785774230957,
            -0.08813858032226562,
            0.17839741706848145,
            -0.004071950912475586,
            0.11168932914733887,
            -0.09768056869506836
        ],
        [
            -5.9349236488342285,
            -7.330471992492676,
            -1.2233004570007324,
            -0.016911745071411133,
            0.35462188720703125,
            -0.05031323432922363,
            0.19387078285217285,
            -0.012058258056640625,
            0.0721290111541748,
            -0.06142711639404297
        ],
        [
            -5.966207027435303,
            -7.352295875549316,
            -1.227837085723877,
            -0.03130912780761719,
            0.37586045265197754,
            -0.038221120834350586,
            0.19995379447937012,
            -0.017034530639648438,
            0.07593870162963867,
            -0.0759439468383789
        ],
        [
            -5.935732364654541,
            -7.576710224151611,
            -1.223729133605957,
            -0.0060443878173828125,
            0.5307550430297852,
            -0.08582782745361328,
            0.1995398998260498,
            -0.0083465576171875,
            0.12041926383972168,
            -0.11051368713378906
        ],
        [
            -5.972649097442627,
            -7.527942180633545,
            -1.2288448810577393,
            -0.01838207244873047,
            0.4869654178619385,
            -0.06773567199707031,
            0.18331193923950195,
            -0.008773088455200195,
            0.10767984390258789,
            -0.10949492454528809
        ],
        [
            -5.770663738250732,
            -7.855079650878906,
            -1.224635124206543,
            -0.01578378677368164,
            0.7703385353088379,
            -0.12129426002502441,
            0.357008695602417,
            -0.02685689926147461,
            0.1723167896270752,
            -0.15529394149780273
        ],
        [
            -6.070066452026367,
            -7.134463787078857,
            -1.2299327850341797,
            -0.021208763122558594,
            0.16556143760681152,
            -0.016376733779907227,
            0.0687255859375,
            0.0006442070007324219,
            0.032273292541503906,
            -0.03501248359680176
        ],
        [
            -6.064526557922363,
            -7.122702121734619,
            -1.2236146926879883,
            -0.014472007751464844,
            0.17226910591125488,
            -0.02288079261779785,
            0.07096195220947266,
            -0.0006456375122070312,
            0.035112619400024414,
            -0.031224727630615234
        ],
        [
            -6.072559356689453,
            -7.116028308868408,
            -1.2245502471923828,
            -0.01687026023864746,
            0.16090655326843262,
            -0.019003868103027344,
            0.06599307060241699,
            0.0001850128173828125,
            0.031990766525268555,
            -0.030451059341430664
        ],
        [
            -5.938831806182861,
            -7.29944372177124,
            -1.22365140914917,
            -0.013448953628540039,
            0.3229074478149414,
            -0.05151939392089844,
            0.1765294075012207,
            -0.009701013565063477,
            0.06600570678710938,
            -0.05270195007324219
        ],
        [
            -5.760364055633545,
            -7.889833450317383,
            -1.2244794368743896,
            -0.015083551406860352,
            0.7973577976226807,
            -0.12506484985351562,
            0.36694908142089844,
            -0.029120445251464844,
            0.17925286293029785,
            -0.16164779663085938
        ],
        [
            -5.934653282165527,
            -7.619546890258789,
            -1.2302985191345215,
            -0.021024465560913086,
            0.5598573684692383,
            -0.07512640953063965,
            0.22702288627624512,
            -0.01322793960571289,
            0.12385725975036621,
            -0.12737703323364258
        ],
        [
            -5.739505290985107,
            -7.952608108520508,
            -1.2237775325775146,
            -0.014844655990600586,
            0.8450286388397217,
            -0.13090062141418457,
            0.387070894241333,
            -0.03360462188720703,
            0.1911454200744629,
            -0.17294573783874512
        ],
        [
            -5.976512908935547,
            -7.223024368286133,
            -1.2259643077850342,
            -0.011991262435913086,
            0.241318941116333,
            -0.04776430130004883,
            0.1296064853668213,
            -0.0023763179779052734,
            0.04972553253173828,
            -0.03918194770812988
        ],
        [
            -5.874855041503906,
            -7.485969543457031,
            -1.2181079387664795,
            -0.01429295539855957,
            0.4749927520751953,
            -0.07408809661865234,
            0.25237202644348145,
            -0.011507034301757812,
            0.09748291969299316,
            -0.08603501319885254
        ],
        [
            -5.720634460449219,
            -7.997176647186279,
            -1.224472999572754,
            -0.014838933944702148,
            0.8800690174102783,
            -0.13568377494812012,
            0.40345025062561035,
            -0.03704333305358887,
            0.19954133033752441,
            -0.18102741241455078
        ],
        [
            -6.0833353996276855,
            -7.157070636749268,
            -1.2138671875,
            -0.010496377944946289,
            0.22308778762817383,
            -0.02152228355407715,
            0.06908369064331055,
            -0.003602266311645508,
