{
    "collision_depths": [],
    "collision": false,
    "joint_limit_violation": false,
    "self_collision": false,
    "physical_violations": false,
    "config_smoothness": -6.968979187090923,
    "eff_smoothness": -7.2327994048176745,
    "eff_position_path_length": 30.44888329410118,
    "eff_orientation_path_length": 912.9889439289883,
    "physical_success": true,
    "time": 0.5395603179931641,
    "num_steps": 51,
    "trajectory_w": [
        [
            -5.695475101470947,
            -5.965328216552734,
            -1.5702157020568848,
            0.0,
            0.0,
            0.0,
            0.0,
            0.0,
            0.0,
            0.0
        ],
        [
            -5.7035980224609375,
            -7.056748390197754,
            -1.617401361465454,
            -0.005110979080200195,
            0.6868433952331543,
            -0.10117292404174805,
            0.19270563125610352,
            -0.09602880477905273,
            -0.10901796817779541,
            -0.14224815368652344
        ],
        [
            -5.7927069664001465,
            -6.264226913452148,
            -1.5861213207244873,
            -0.018325090408325195,
            0.19280743598937988,
            -0.027573823928833008,
            0.0008692741394042969,
            -0.023279666900634766,
            -0.06156730651855469,
            -0.030483245849609375
        ],
        [
            -5.699810981750488,
            -6.244513511657715,
            -1.602193832397461,
            -0.0006818771362304688,
            0.15889811515808105,
            -0.040032148361206055,
            0.04172062873840332,
            -0.027281999588012695,
            -0.058060646057128906,
            0.0017359256744384766
        ],
        [
            -5.694069862365723,
            -6.730050563812256,
            -1.6103343963623047,
            0.0164487361907959,
            0.47428345680236816,
            -0.09246516227722168,
            0.130751371383667,
            -0.07201313972473145,
            -0.090995192527771,
            -0.05713486671447754
        ],
        [
            -5.716835021972656,
            -6.816356182098389,
            -1.5899956226348877,
            0.003621816635131836,
            0.5279688835144043,
            -0.08779335021972656,
            0.1463792324066162,
            -0.08969712257385254,
            -0.09810113906860352,
            -0.07687878608703613
        ],
        [
            -5.789947032928467,
            -6.241776466369629,
            -1.5898058414459229,
            -0.02140498161315918,
            0.17592716217041016,
            -0.021188020706176758,
            -0.00018095970153808594,
            -0.025151729583740234,
            -0.06000804901123047,
            -0.02441120147705078
        ],
        [
            -5.680079460144043,
            -6.281870365142822,
            -1.608821153640747,
            0.0023717880249023438,
            0.17400002479553223,
            -0.041567325592041016,
            0.05501604080200195,
            -0.03319191932678223,
            -0.06306672096252441,
            -0.0001423358917236328
        ],
        [
            -5.702838897705078,
            -7.082274913787842,
            -1.6170947551727295,
            -0.0046231746673583984,
            0.7032454013824463,
            -0.10289382934570312,
            0.19862961769104004,
            -0.10007500648498535,
            -0.10988986492156982,
            -0.14466381072998047
        ],
        [
            -5.790822505950928,
            -6.249665260314941,
            -1.5870120525360107,
            -0.016108036041259766,
            0.18409252166748047,
            -0.026973724365234375,
            -0.0023238658905029297,
            -0.02120518684387207,
            -0.05999255180358887,
            -0.027837038040161133
        ],
        [
            -5.7832560539245605,
            -6.228967189788818,
            -1.5882184505462646,
            -0.018232107162475586,
            0.17141461372375488,
            -0.021756410598754883,
            -0.0016055107116699219,
            -0.023427724838256836,
            -0.0583035945892334,
            -0.023261308670043945
        ],
        [
            -5.687722682952881,
            -6.27272367477417,
            -1.6090478897094727,
            -0.0014812946319580078,
            0.16659879684448242,
            -0.03895926475524902,
            0.05364251136779785,
            -0.03487277030944824,
            -0.06275081634521484,
            0.0021102428436279297
        ],
        [
            -5.671989440917969,
            -6.533133506774902,
            -1.61238431930542,
            0.022800683975219727,
            0.33692049980163574,
            -0.07321691513061523,
            0.09666204452514648,
            -0.052446603775024414,
            -0.08083486557006836,
            -0.02084183692932129
        ],
        [
            -5.693124771118164,
            -6.24692440032959,
            -1.60355544090271,
            -0.00010800361633300781,
            0.15702033042907715,
            -0.03937077522277832,
            0.04540276527404785,
            -0.02922201156616211,
            -0.059041500091552734,
            0.002974271774291992
        ],
        [
            -5.703776836395264,
            -7.036771774291992,
            -1.6179924011230469,
            -0.005923271179199219,
            0.6744644641876221,
            -0.0999758243560791,
            0.18796944618225098,
            -0.09273386001586914,
            -0.10823166370391846,
            -0.1407794952392578
        ],
        [
            -5.793243408203125,
            -6.288540363311768,
            -1.586958885192871,
            -0.015781879425048828,
            0.208204984664917,
            -0.03257465362548828,
            0.0029916763305664062,
            -0.022682666778564453,
            -0.062744140625,
            -0.03569793701171875
        ],
        [
            -5.706385612487793,
            -6.280407428741455,
            -1.6081149578094482,
            -0.0029273033142089844,
            0.17064785957336426,
            -0.04182243347167969,
            0.04700303077697754,
            -0.026683807373046875,
            -0.06234169006347656,
            -0.003175020217895508
        ],
        [
            -5.702517509460449,
            -7.0755438804626465,
            -1.6177926063537598,
            -0.004597187042236328,
            0.6989943981170654,
            -0.10301470756530762,
            0.19740629196166992,
            -0.09796023368835449,
            -0.10974621772766113,
            -0.14442968368530273
        ],
        [
            -5.675426959991455,
            -6.306915283203125,
            -1.6106228828430176,
            0.001621246337890625,
            0.18774771690368652,
            -0.04113149642944336,
            0.06157350540161133,
            -0.03842782974243164,
            -0.0661473274230957,
            -0.0026476383209228516
        ],
        [
            -5.682131290435791,
            -6.272844314575195,
            -1.6079235076904297,
            0.0021800994873046875,
            0.1692523956298828,
            -0.04086899757385254,
            0.05258488655090332,
            -0.03205585479736328,
            -0.06213831901550293,
            0.0007238388061523438
        ],
        [
            -5.689660549163818,
            -6.255391597747803,
            -1.606025218963623,
            -0.0017383098602294922,
            0.1578836441040039,
            -0.038050174713134766,
            0.04945230484008789,
            -0.03268170356750488,
            -0.06095147132873535,
            0.0036783218383789062
        ],
        [
            -5.688533782958984,
            -6.690396308898926,
            -1.6043918132781982,
            0.016389131546020508,
            0.4437065124511719,
            -0.08559036254882812,
