{
    "collision_depths": [],
    "collision": false,
    "joint_limit_violation": false,
    "self_collision": false,
    "physical_violations": false,
    "config_smoothness": -5.81144985553813,
    "eff_smoothness": -5.8012547053968,
    "eff_position_path_length": 52.951746118051055,
    "eff_orientation_path_length": 2140.948923923199,
    "physical_success": true,
    "time": 0.9914047718048096,
    "num_steps": 51,
    "trajectory_w": [
        [
            -10.763200759887695,
            -8.962141990661621,
            -2.790836811065674,
            0.0,
            0.0,
            0.0,
            0.0,
            0.0,
            0.0,
            0.0
        ],
        [
            -11.056971549987793,
            -8.956961631774902,
            -2.761063814163208,
            -0.01562809944152832,
            0.15977716445922852,
            0.011239051818847656,
            0.044954776763916016,
            0.08343148231506348,
            0.03445696830749512,
            0.07387161254882812
        ],
        [
            -12.386183738708496,
            -9.327645301818848,
            -2.7034144401550293,
            -0.09185123443603516,
            0.8317575454711914,
            0.11139869689941406,
            0.3376457691192627,
            0.415447473526001,
            0.266951322555542,
            0.5477097034454346
        ],
        [
            -11.336209297180176,
            -9.073234558105469,
            -2.785898208618164,
            -0.018092632293701172,
            0.29659271240234375,
            0.0665121078491211,
            0.14853143692016602,
            0.1264810562133789,
            0.06985640525817871,
            0.1963191032409668
        ],
        [
            -11.158561706542969,
            -9.026803016662598,
            -2.7886836528778076,
            -0.01738572120666504,
            0.21505308151245117,
            0.03336191177368164,
            0.11145949363708496,
            0.08955883979797363,
            0.05032181739807129,
            0.14423584938049316
        ],
        [
            -11.652155876159668,
            -9.071146965026855,
            -2.740658760070801,
            -0.0520322322845459,
            0.4578440189361572,
            0.054674625396728516,
            0.16036486625671387,
            0.2288188934326172,
            0.1376481056213379,
            0.27423548698425293
        ],
        [
            -12.422017097473145,
            -9.342860221862793,
            -2.7017014026641846,
            -0.09434819221496582,
            0.8482100963592529,
            0.11373114585876465,
            0.34404778480529785,
            0.4227612018585205,
            0.2726738452911377,
            0.558159351348877
        ],
        [
            -12.185214042663574,
            -9.250896453857422,
            -2.7130966186523438,
            -0.07729649543762207,
            0.7364749908447266,
            0.09854340553283691,
            0.2997009754180908,
            0.37279295921325684,
            0.2338252067565918,
            0.4857778549194336
        ],
        [
            -11.067394256591797,
            -8.961420059204102,
            -2.7725868225097656,
            -0.020069599151611328,
            0.15208172798156738,
            0.018353939056396484,
            0.04131031036376953,
            0.08193278312683105,
            0.029999256134033203,
            0.0722503662109375
        ],
        [
            -11.259688377380371,
            -9.050032615661621,
            -2.8017191886901855,
            -0.023283004760742188,
            0.2541954517364502,
            0.05959725379943848,
            0.11688971519470215,
            0.10480928421020508,
            0.05745697021484375,
            0.16143131256103516
        ],
        [
            -12.112823486328125,
            -9.226248741149902,
            -2.717507839202881,
            -0.07239532470703125,
            0.7002162933349609,
            0.0939323902130127,
            0.28521060943603516,
            0.35599732398986816,
            0.22095584869384766,
            0.46148252487182617
        ],
        [
            -11.591743469238281,
            -9.056251525878906,
            -2.7483088970184326,
            -0.05428147315979004,
            0.4277324676513672,
            0.05495738983154297,
            0.1411571502685547,
            0.20705819129943848,
            0.12654447555541992,
            0.2493457794189453
        ],
        [
            -11.48226261138916,
            -9.023580551147461,
            -2.742306709289551,
            -0.05225396156311035,
            0.36957836151123047,
            0.04641461372375488,
            0.11967658996582031,
            0.1759471893310547,
            0.10388350486755371,
            0.2094733715057373
        ],
        [
            -11.124472618103027,
            -9.01260757446289,
            -2.7704532146453857,
            -0.014453887939453125,
            0.20335674285888672,
            0.014633893966674805,
            0.10585927963256836,
            0.09494924545288086,
            0.05023527145385742,
            0.1322345733642578
        ],
        [
            -11.62119197845459,
            -9.131214141845703,
            -2.744650363922119,
            -0.031106948852539062,
            0.432539701461792,
            0.07039833068847656,
            0.21582913398742676,
            0.22707152366638184,
            0.11908125877380371,
            0.2924318313598633
        ],
        [
            -12.172410011291504,
            -9.246275901794434,
            -2.713777542114258,
            -0.07658076286315918,
            0.7300946712493896,
            0.09779763221740723,
            0.2971508502960205,
            0.36960911750793457,
            0.23150134086608887,
            0.48157191276550293
        ],
        [
            -11.14766788482666,
            -8.97712516784668,
            -2.7423717975616455,
            -0.02171492576599121,
            0.2085890769958496,
            0.0029039382934570312,
            0.07621383666992188,
            0.11358308792114258,
            0.054792165756225586,
            0.10856246948242188
        ],
        [
            -12.274754524230957,
            -9.283651351928711,
            -2.7084219455718994,
            -0.08385038375854492,
            0.7799842357635498,
            0.1041407585144043,
            0.31699585914611816,
            0.39229464530944824,
            0.24915742874145508,
            0.5145962238311768
        ],
        [
            -12.296595573425293,
            -9.292115211486816,
            -2.707343101501465,
            -0.08536815643310547,
            0.7902615070343018,
            0.10572266578674316,
            0.321124792098999,
            0.39682984352111816,
            0.252727746963501,
            0.5212886333465576
        ],
        [
            -12.32767105102539,
            -9.304510116577148,
            -2.7060537338256836,
            -0.08764362335205078,
            0.8049554824829102,
            0.10755515098571777,
            0.32687926292419434,
            0.4033513069152832,
            0.2576711177825928,
            0.5306432247161865
        ],
        [
            -12.317676544189453,
            -9.30061149597168,
            -2.7067558765411377,
            -0.08717989921569824,
            0.8001689910888672,
            0.10662174224853516,
            0.32509732246398926,
            0.4016101360321045,
            0.25598931312561035,
            0.527484655380249
        ],
        [
            -11.397494316101074,
            -9.003878593444824,
            -2.734382152557373,
            -0.047829627990722656,
            0.31999659538269043,
            0.03318166732788086,
            0.10638236999511719,
            0.16099262237548828,
            0.08692002296447754,
            0.1766519546508789
        ],
        [
