{
    "collision_depths": [],
    "collision": false,
    "joint_limit_violation": false,
    "self_collision": false,
    "physical_violations": false,
    "config_smoothness": -5.130302498358679,
    "eff_smoothness": -5.293331480093239,
    "eff_position_path_length": 35.799805310171415,
    "eff_orientation_path_length": 1525.9949696413362,
    "physical_success": true,
    "time": 0.27794647216796875,
    "num_steps": 51,
    "trajectory_w": [
        [
            -5.3929443359375,
            -6.768797874450684,
            -1.566300868988037,
            0.0,
            0.0,
            0.0,
            0.0,
            0.0,
            0.0,
            0.0
        ],
        [
            -5.379293441772461,
            -7.399367809295654,
            -1.5740232467651367,
            -0.028447628021240234,
            0.4515368938446045,
            0.022159576416015625,
            0.2356419563293457,
            0.01256871223449707,
            0.11861705780029297,
            -0.1255483627319336
        ],
        [
            -5.366682052612305,
            -7.864246368408203,
            -1.5331323146820068,
            -0.0019457340240478516,
            0.7642402648925781,
            -0.02652764320373535,
            0.3728785514831543,
            0.019071340560913086,
            0.22774052619934082,
            -0.16694068908691406
        ],
        [
            -5.387925148010254,
            -7.014634132385254,
            -1.5678932666778564,
            -0.00962519645690918,
            0.1525707244873047,
            0.013468027114868164,
            0.07624220848083496,
            0.011585712432861328,
            0.03968310356140137,
            -0.0299685001373291
        ],
        [
            -5.385457992553711,
            -7.577284812927246,
            -1.557422399520874,
            -0.020978689193725586,
            0.57480788230896,
            0.004318714141845703,
            0.28415536880493164,
            0.0144500732421875,
            0.15899252891540527,
            -0.14801669120788574
        ],
        [
            -5.4146504402160645,
            -6.965358257293701,
            -1.5482242107391357,
            -0.0020952224731445312,
            0.17480826377868652,
            0.015354156494140625,
            0.05437016487121582,
            0.006966114044189453,
            0.04317212104797363,
            -0.03206038475036621
        ],
        [
            -5.402319431304932,
            -7.4574294090271,
            -1.528386116027832,
            0.015071392059326172,
            0.4836447238922119,
            -0.02845597267150879,
            0.19851231575012207,
            0.020816564559936523,
            0.14746427536010742,
            -0.08736157417297363
        ],
        [
            -5.38863468170166,
            -7.008268356323242,
            -1.571789026260376,
            -0.014963388442993164,
            0.14951014518737793,
            0.019673585891723633,
            0.07889032363891602,
            0.005433797836303711,
            0.036955833435058594,
            -0.025048017501831055
        ],
        [
            -5.433274269104004,
            -7.100087642669678,
            -1.559481143951416,
            -0.010776758193969727,
            0.22983455657958984,
            0.011846065521240234,
            0.07709288597106934,
            0.01589226722717285,
            0.059209585189819336,
            -0.0661780834197998
        ],
        [
            -5.337889671325684,
            -7.201805114746094,
            -1.5608623027801514,
            -0.0009737014770507812,
            0.2801024913787842,
            0.009951114654541016,
            0.16694235801696777,
            0.012213468551635742,
            0.07543420791625977,
            -0.03694438934326172
        ],
        [
            -5.378059387207031,
            -7.016424655914307,
            -1.5598809719085693,
            -0.0066852569580078125,
            0.15610241889953613,
            0.005467891693115234,
            0.08488821983337402,
            0.010972023010253906,
            0.04227781295776367,
            -0.021383285522460938
        ],
        [
            -5.3357930183410645,
            -7.498091220855713,
            -1.5435795783996582,
            0.00412750244140625,
            0.503756046295166,
            -0.003327608108520508,
            0.2768223285675049,
            0.02950429916381836,
            0.1404731273651123,
            -0.08922505378723145
        ],
        [
            -5.353183746337891,
            -8.009683609008789,
            -1.5317316055297852,
            -0.004292964935302734,
            0.860515832901001,
            -0.03125786781311035,
            0.42691969871520996,
            0.016843795776367188,
            0.25701093673706055,
            -0.18957161903381348
        ],
        [
            -5.411423683166504,
            -6.977850437164307,
            -1.5621206760406494,
            -0.008914470672607422,
            0.16933989524841309,
            0.02327251434326172,
            0.05695343017578125,
            0.0054929256439208984,
            0.04140591621398926,
            -0.03679466247558594
        ],
        [
            -5.3657026290893555,
            -7.830080032348633,
            -1.534883737564087,
            -0.002496957778930664,
            0.7419192790985107,
            -0.025213003158569336,
            0.3629181385040283,
            0.019978761672973633,
            0.22066783905029297,
            -0.16063618659973145
        ],
        [
            -5.431489944458008,
            -7.092165470123291,
            -1.564439296722412,
            -0.019231081008911133,
            0.24584698677062988,
            0.024408817291259766,
            0.08771133422851562,
            0.0053441524505615234,
            0.06214499473571777,
            -0.0681006908416748
        ],
        [
            -5.35840368270874,
            -7.882001876831055,
            -1.5353028774261475,
            -0.004314422607421875,
            0.7769126892089844,
            -0.02646613121032715,
            0.38485097885131836,
            0.019382238388061523,
            0.23098039627075195,
            -0.16819000244140625
        ],
        [
            -5.353459358215332,
            -7.754873752593994,
            -1.5431506633758545,
            -0.008835792541503906,
            0.6911499500274658,
            -0.013671875,
            0.35306668281555176,
            0.02128434181213379,
            0.19963550567626953,
            -0.14843535423278809
        ],
        [
            -5.352692604064941,
            -8.01823616027832,
            -1.531479835510254,
            -0.004380226135253906,
            0.8664243221282959,
            -0.031522512435913086,
            0.42980003356933594,
            0.016520977020263672,
            0.2587308883666992,
            -0.19086742401123047
        ],
        [
            -5.377366542816162,
            -7.202121257781982,
            -1.580040454864502,
            -0.028922080993652344,
            0.3141505718231201,
            0.03457140922546387,
            0.17736363410949707,
            1.5020370483398438e-05,
            0.07961058616638184,
            -0.07338452339172363
        ],
        [
            -5.420351028442383,
            -7.273294448852539,
            -1.5364279747009277,
            0.004699230194091797,
            0.3393692970275879,
            -0.023900747299194336,
            0.1251671314239502,
            0.024482011795043945,
            0.09700202941894531,
            -0.07222628593444824
        ],
        [
            -5.382613658905029,
            -7.029233932495117,
            -1.5748705863952637,
            -0.016659021377563477,
            0.1490335464477539,
            0.016878366470336914,
            0.08849740028381348,
            0.00588679313659668,
