{
    "collision_depths": [],
    "collision": false,
    "joint_limit_violation": false,
    "self_collision": false,
    "physical_violations": false,
    "config_smoothness": -5.503925066200233,
    "eff_smoothness": -5.614933153405342,
    "eff_position_path_length": 33.40789089625819,
    "eff_orientation_path_length": 1004.8070726965735,
    "physical_success": true,
    "time": 0.8188438415527344,
    "num_steps": 51,
    "trajectory_w": [
        [
            -4.4051666259765625,
            -5.590465545654297,
            -1.9179235696792603,
            0.0,
            0.0,
            0.0,
            0.0,
            0.0,
            0.0,
            0.0
        ],
        [
            -4.534738540649414,
            -6.1480584144592285,
            -1.9482876062393188,
            -0.04710674285888672,
            0.3570129871368408,
            -0.13747191429138184,
            0.10300660133361816,
            -0.05373191833496094,
            -0.08557963371276855,
            -0.010909080505371094
        ],
        [
            -4.5757317543029785,
            -5.842578411102295,
            -1.9407271146774292,
            -0.023919105529785156,
            0.1792612075805664,
            -0.07029867172241211,
            -0.003553628921508789,
            -0.023044347763061523,
            -0.06412434577941895,
            0.0044863224029541016
        ],
        [
            -4.485398769378662,
            -5.866798400878906,
            -1.9453731775283813,
            -0.03410148620605469,
            0.1640026569366455,
            -0.08794879913330078,
            0.05043482780456543,
            -0.03888821601867676,
            -0.058905839920043945,
            0.020450592041015625
        ],
        [
            -4.746495246887207,
            -6.505319118499756,
            -1.9520374536514282,
            -0.045372724533081055,
            0.6093623638153076,
            -0.19725990295410156,
            0.14863348007202148,
            -0.05624675750732422,
            -0.11059987545013428,
            -0.06544375419616699
        ],
        [
            -4.582643032073975,
            -5.852468013763428,
            -1.939914345741272,
            -0.023953914642333984,
            0.18805336952209473,
            -0.07375025749206543,
            -0.0027980804443359375,
            -0.023230552673339844,
            -0.06502223014831543,
            0.004349231719970703
        ],
        [
            -4.4877471923828125,
            -5.874281406402588,
            -1.952168583869934,
            -0.03265857696533203,
            0.16234207153320312,
            -0.08666086196899414,
            0.05212688446044922,
            -0.04147481918334961,
            -0.06092715263366699,
            0.02576422691345215
        ],
        [
            -4.605395317077637,
            -6.270381927490234,
            -1.9485903978347778,
            -0.05167508125305176,
            0.4646322727203369,
            -0.17285370826721191,
            0.11761283874511719,
            -0.0506434440612793,
            -0.09338319301605225,
            -0.021593809127807617
        ],
        [
            -4.675398349761963,
            -6.423975467681885,
            -1.9426027536392212,
            -0.02700972557067871,
            0.534813404083252,
            -0.1855015754699707,
            0.15492844581604004,
            -0.06735706329345703,
            -0.11045205593109131,
            -0.019755840301513672
        ],
        [
            -4.633774280548096,
            -5.973921298980713,
            -1.9435707330703735,
            -0.023864269256591797,
            0.2627725601196289,
            -0.10098052024841309,
            0.016599655151367188,
            -0.024953126907348633,
            -0.0744633674621582,
            -0.00640559196472168
        ],
        [
            -4.508872985839844,
            -5.982892990112305,
            -1.9642599821090698,
            -0.03159976005554199,
            0.21871614456176758,
            -0.10323572158813477,
            0.07622933387756348,
            -0.04920482635498047,
            -0.07350850105285645,
            0.017972946166992188
        ],
        [
            -4.781438827514648,
            -6.6809515953063965,
            -1.9631541967391968,
            -0.04320025444030762,
            0.7363889217376709,
            -0.2325294017791748,
            0.1992175579071045,
            -0.07266402244567871,
            -0.11711764335632324,
            -0.06945514678955078
        ],
        [
            -4.7783589363098145,
            -6.668065547943115,
            -1.962288498878479,
            -0.04326128959655762,
            0.7272417545318604,
            -0.230025053024292,
            0.19561982154846191,
            -0.07193350791931152,
            -0.11673939228057861,
            -0.06827044486999512
        ],
        [
            -4.560568809509277,
            -5.870685577392578,
            -1.962546944618225,
            -0.020279884338378906,
            0.16988849639892578,
            -0.06450676918029785,
            0.01123046875,
            -0.033094167709350586,
            -0.06764817237854004,
            0.02144646644592285
        ],
        [
            -4.612262725830078,
            -6.310924530029297,
            -1.947588324546814,
            -0.02896571159362793,
            0.4549064636230469,
            -0.1666569709777832,
            0.1363239288330078,
            -0.06301331520080566,
            -0.10299515724182129,
            -0.008051633834838867
        ],
        [
            -4.577646255493164,
            -5.844549179077148,
            -1.941383719444275,
            -0.02367544174194336,
            0.1809217929840088,
            -0.07086849212646484,
            -0.003607034683227539,
            -0.023540496826171875,
            -0.06432509422302246,
            0.006013393402099609
        ],
        [
            -4.585457801818848,
            -5.8578290939331055,
            -1.9359697103500366,
            -0.0248260498046875,
            0.1935136318206787,
            -0.0766594409942627,
            -0.002311229705810547,
            -0.021797657012939453,
            -0.0654299259185791,
            0.0012989044189453125
        ],
        [
            -4.768543720245361,
            -6.624722480773926,
            -1.960400938987732,
            -0.04401254653930664,
            0.6962358951568604,
            -0.22207903861999512,
            0.18257474899291992,
            -0.06705784797668457,
            -0.11500763893127441,
            -0.06775593757629395
        ],
        [
            -4.584490776062012,
            -5.855928421020508,
            -1.9379912614822388,
            -0.024363279342651367,
            0.1909475326538086,
            -0.07544445991516113,
            -0.002293109893798828,
            -0.022383928298950195,
            -0.06526875495910645,
            0.0025594234466552734
        ],
        [
            -4.485261917114258,
            -5.893657684326172,
            -1.9475053548812866,
            -0.03544425964355469,
            0.17729663848876953,
            -0.09142422676086426,
            0.05756020545959473,
            -0.042626380920410156,
            -0.06223654747009277,
            0.017404794692993164
        ],
        [
            -4.782923698425293,
            -6.684858798980713,
            -1.9624587297439575,
            -0.043013572692871094,
            0.7392585277557373,
            -0.23299956321716309,
            0.20050287246704102,
            -0.0739893913269043,
            -0.11723685264587402,
            -0.0684654712677002
        ],
        [
            -4.771263599395752,
            -6.612370491027832,
            -1.9541572332382202,
            -0.0421602725982666,
            0.6853387355804443,
            -0.21723222732543945,
            0.1798419952392578,
