{
    "collision_depths": [],
    "collision": false,
    "joint_limit_violation": false,
    "self_collision": false,
    "physical_violations": false,
    "config_smoothness": -5.417472153554941,
    "eff_smoothness": -5.545873296308231,
    "eff_position_path_length": 22.091239098115743,
    "eff_orientation_path_length": 762.5751584352039,
    "physical_success": true,
    "time": 0.3575403690338135,
    "num_steps": 51,
    "trajectory_w": [
        [
            -7.53201150894165,
            -7.169240951538086,
            -0.8655534386634827,
            0.0,
            0.0,
            0.0,
            0.0,
            0.0,
            0.0,
            0.0
        ],
        [
            -7.319979190826416,
            -7.519135475158691,
            -0.865162193775177,
            -0.010844230651855469,
            0.24177765846252441,
            -0.06377506256103516,
            0.07104182243347168,
            0.059166908264160156,
            0.01327824592590332,
            0.038607120513916016
        ],
        [
            -7.168578624725342,
            -7.6258368492126465,
            -0.856978714466095,
            -0.018570423126220703,
            0.36968111991882324,
            -0.08123612403869629,
            0.15711188316345215,
            0.04897952079772949,
            0.02784442901611328,
            0.0783076286315918
        ],
        [
            -7.362063884735107,
            -7.5127153396606445,
            -0.9011469483375549,
            -0.035457611083984375,
            0.19347071647644043,
            -0.013242244720458984,
            0.07252931594848633,
            0.019701004028320312,
            -0.009294748306274414,
            0.04557371139526367
        ],
        [
            -7.391861915588379,
            -7.4605326652526855,
            -0.8483200669288635,
            -0.013863801956176758,
            0.20622038841247559,
            -0.05651140213012695,
            0.05797743797302246,
            0.03598499298095703,
            0.008787393569946289,
            0.03568220138549805
        ],
        [
            -7.3871169090271,
            -7.528849124908447,
            -0.8678584694862366,
            -0.023895978927612305,
            0.20926141738891602,
            -0.03599071502685547,
            0.05023550987243652,
            0.05192685127258301,
            0.00027441978454589844,
            0.024877071380615234
        ],
        [
            -7.259687423706055,
            -7.64755392074585,
            -0.8584275841712952,
            -0.03033757209777832,
            0.3057270050048828,
            -0.05043530464172363,
            0.11608624458312988,
            0.06781172752380371,
            0.009733915328979492,
            0.039482831954956055
        ],
        [
            -7.356995105743408,
            -7.502176761627197,
            -0.9009001851081848,
            -0.035916805267333984,
            0.19140267372131348,
            -0.015400886535644531,
            0.07870125770568848,
            0.013273239135742188,
            -0.009635686874389648,
            0.0515751838684082
        ],
        [
            -7.099189281463623,
            -7.777230739593506,
            -0.8537126183509827,
            -0.03530383110046387,
            0.45857787132263184,
            -0.06264805793762207,
            0.2099924087524414,
            0.039220333099365234,
            0.02987051010131836,
            0.0909280776977539
        ],
        [
            -7.263427734375,
            -7.652059078216553,
            -0.8589616417884827,
            -0.03149008750915527,
            0.30720090866088867,
            -0.05002617835998535,
            0.11463522911071777,
            0.06690764427185059,
            0.010000228881835938,
            0.0387420654296875
        ],
        [
            -7.0012311935424805,
            -7.8887038230896,
            -0.8574314713478088,
            -0.037381887435913086,
            0.5607767105102539,
            -0.08262872695922852,
            0.24285173416137695,
            0.05670523643493652,
            0.05580615997314453,
            0.10519647598266602
        ],
        [
            -7.374835014343262,
            -7.436279773712158,
            -0.8697217106819153,
            -0.02475881576538086,
            0.18949627876281738,
            -0.04489898681640625,
            0.07850241661071777,
            0.009221792221069336,
            0.0036258697509765625,
            0.056479454040527344
        ],
        [
            -6.984877586364746,
            -7.914233207702637,
            -0.8566270470619202,
            -0.0406644344329834,
            0.5782389640808105,
            -0.07800483703613281,
            0.25418686866760254,
            0.05067801475524902,
            0.05669283866882324,
            0.10954070091247559
        ],
        [
            -7.295568466186523,
            -7.544618129730225,
            -0.8798936009407043,
            -0.02660059928894043,
            0.28887176513671875,
            -0.05594062805175781,
            0.10125946998596191,
            0.011440038681030273,
            0.02145075798034668,
            0.06390261650085449
        ],
        [
            -7.0446600914001465,
            -7.816306114196777,
            -0.8578727841377258,
            -0.03388023376464844,
            0.506882905960083,
            -0.08345365524291992,
            0.22300338745117188,
            0.061635732650756836,
            0.045400381088256836,
            0.09601116180419922
        ],
        [
            -7.385415077209473,
            -7.446934223175049,
            -0.8587475419044495,
            -0.025931358337402344,
            0.1979219913482666,
            -0.04836845397949219,
            0.07717227935791016,
            0.01209878921508789,
            0.005603790283203125,
            0.05105423927307129
        ],
        [
            -7.142165184020996,
            -7.8194403648376465,
            -0.8778730034828186,
            -0.033921241760253906,
            0.4607248306274414,
            -0.07243752479553223,
            0.14133000373840332,
            0.062448740005493164,
            0.04973626136779785,
            0.058563947677612305
        ],
        [
            -7.396279335021973,
            -7.470873832702637,
            -0.8491035103797913,
            -0.015537023544311523,
            0.20526409149169922,
            -0.05387425422668457,
            0.05551481246948242,
            0.039855003356933594,
            0.007272005081176758,
            0.03259778022766113
        ],
        [
            -7.190968990325928,
            -7.768551349639893,
            -0.8689442276954651,
            -0.04066634178161621,
            0.4023733139038086,
            -0.044306039810180664,
            0.15135717391967773,
            0.04406380653381348,
            0.024203777313232422,
            0.05850958824157715
        ],
        [
            -7.157450199127197,
            -7.648531913757324,
            -0.8626068234443665,
            -0.02013993263244629,
            0.3864326477050781,
            -0.08611440658569336,
            0.15626883506774902,
            0.054450273513793945,
            0.03358268737792969,
            0.07686758041381836
        ],
        [
            -6.977564334869385,
            -7.975533962249756,
            -0.881092369556427,
            -0.0411069393157959,
            0.6160576343536377,
            -0.09159135818481445,
            0.22035884857177734,
            0.07558941841125488,
            0.0811316967010498,
            0.08380532264709473
        ],
        [
            -7.345491886138916,
            -7.461359024047852,
            -0.8776717782020569,
            -0.026419639587402344,
            0.21021580696105957,
            -0.04157280921936035,
            0.09205079078674316,
            0.00121307373046875,
