{
    "collision_depths": [],
    "collision": false,
    "joint_limit_violation": false,
    "self_collision": false,
    "physical_violations": false,
    "config_smoothness": -5.2044982284565195,
    "eff_smoothness": -5.301466847946469,
    "eff_position_path_length": 37.28096478400223,
    "eff_orientation_path_length": 1581.192793790963,
    "physical_success": true,
    "time": 0.3083209991455078,
    "num_steps": 51,
    "trajectory_w": [
        [
            -3.7177274227142334,
            -2.8740124702453613,
            0.6980756521224976,
            0.0,
            0.0,
            0.0,
            0.0,
            0.0,
            0.0,
            0.0
        ],
        [
            -2.6281957626342773,
            -2.1243109703063965,
            0.8036779165267944,
            -0.04695558547973633,
            0.5918269157409668,
            0.013892412185668945,
            0.32097554206848145,
            0.10491371154785156,
            0.5287940502166748,
            -0.020981550216674805
        ],
        [
            -2.4697206020355225,
            -1.990067958831787,
            0.8204540014266968,
            -0.057652950286865234,
            0.6803874969482422,
            0.010067939758300781,
            0.37497377395629883,
            0.1219630241394043,
            0.6072332859039307,
            -0.028825998306274414
        ],
        [
            -2.968987464904785,
            -2.450308322906494,
            0.7780898809432983,
            -0.024796485900878906,
            0.40667057037353516,
            0.019368410110473633,
            0.1766510009765625,
            0.06422567367553711,
            0.35111045837402344,
            0.003853321075439453
        ],
        [
            -3.450437307357788,
            -2.7270331382751465,
            0.7412172555923462,
            0.015127897262573242,
            0.16746854782104492,
            0.035170793533325195,
            0.07816004753112793,
            0.00646209716796875,
            0.11910057067871094,
            -0.00844883918762207
        ],
        [
            -2.964338779449463,
            -2.4499623775482178,
            0.7767916917800903,
            -0.024761676788330078,
            0.4080018997192383,
            0.019277095794677734,
            0.177703857421875,
            0.06366395950317383,
            0.35222768783569336,
            0.0029747486114501953
        ],
        [
            -2.5281050205230713,
            -2.0391879081726074,
            0.8142141103744507,
            -0.0538487434387207,
            0.6483409404754639,
            0.010831832885742188,
            0.3556375503540039,
            0.11584258079528809,
            0.579056978225708,
            -0.025505781173706055
        ],
        [
            -3.402702569961548,
            -2.7295334339141846,
            0.7273093461990356,
            0.004130363464355469,
            0.1479814052581787,
            0.025137662887573242,
            0.05358409881591797,
            0.02676224708557129,
            0.10901021957397461,
            -0.010110139846801758
        ],
        [
            -2.8289759159088135,
            -2.2953760623931885,
            0.7834044694900513,
            -0.03599715232849121,
            0.48093390464782715,
            0.019308090209960938,
            0.24823713302612305,
            0.08307838439941406,
            0.4274435043334961,
            -0.010546207427978516
        ],
        [
            -2.425112724304199,
            -1.9513483047485352,
            0.8248833417892456,
            -0.061074018478393555,
            0.7053489685058594,
            0.008803606033325195,
            0.389880895614624,
            0.12721967697143555,
            0.6292815208435059,
            -0.03152298927307129
        ],
        [
            -2.855550765991211,
            -2.3460514545440674,
            0.7873035669326782,
            -0.03113698959350586,
            0.46720051765441895,
            0.01816701889038086,
            0.22446680068969727,
            0.07661557197570801,
            0.40945887565612793,
            -0.005746603012084961
        ],
        [
            -3.4058566093444824,
            -2.7063584327697754,
            0.7066062688827515,
            -0.02394556999206543,
            0.14186811447143555,
            0.0388641357421875,
            0.06491899490356445,
            0.03145718574523926,
            0.11720561981201172,
            0.008793115615844727
        ],
        [
            -3.399151563644409,
            -2.7075042724609375,
            0.7115160226821899,
            -0.02599954605102539,
            0.1450951099395752,
            0.03785109519958496,
            0.06633591651916504,
            0.033379554748535156,
            0.12056612968444824,
            0.010521411895751953
        ],
        [
            -2.5962891578674316,
            -2.0971782207489014,
            0.8067163228988647,
            -0.04917716979980469,
            0.609795093536377,
            0.012861967086791992,
            0.3323042392730713,
            0.10824823379516602,
            0.5448803901672363,
            -0.022418737411499023
        ],
        [
            -2.7087700366973877,
            -2.1920158863067627,
            0.7950466871261597,
            -0.042040348052978516,
            0.5464081764221191,
            0.01640796661376953,
            0.29305529594421387,
            0.09604692459106445,
            0.4878044128417969,
            -0.017493486404418945
        ],
        [
            -3.19722318649292,
            -2.6188511848449707,
            0.7483011484146118,
            -0.0217592716217041,
            0.26075005531311035,
            0.010816097259521484,
            0.08897709846496582,
            0.04640555381774902,
            0.21993637084960938,
            0.011090278625488281
        ],
        [
            -3.0967442989349365,
            -2.4414024353027344,
            0.7368248701095581,
            -0.017603635787963867,
            0.31891870498657227,
            0.04407763481140137,
            0.19248318672180176,
            0.05234718322753906,
            0.2816596031188965,
            -0.017090320587158203
        ],
        [
            -3.4514284133911133,
            -2.7366509437561035,
            0.7380257844924927,
            0.015052556991577148,
            0.15888214111328125,
            0.03209853172302246,
            0.07019591331481934,
            0.008247852325439453,
            0.11070632934570312,
            -0.010313749313354492
        ],
        [
            -2.446843385696411,
            -1.9698089361190796,
            0.8227852582931519,
            -0.059316396713256836,
            0.6934456825256348,
            0.009530067443847656,
            0.3827953338623047,
            0.12464523315429688,
            0.618546724319458,
            -0.03026294708251953
        ],
        [
            -3.030186891555786,
            -2.3815221786499023,
            0.752076268196106,
            -0.02606940269470215,
            0.36070966720581055,
            0.036530256271362305,
            0.21593785285949707,
            0.06593990325927734,
            0.3253903388977051,
            -0.01302337646484375
        ],
        [
            -3.4609479904174805,
            -2.7141621112823486,
            0.7186499834060669,
            -0.015021800994873047,
            0.14823651313781738,
            0.04495501518249512,
            0.08356022834777832,
            0.014907360076904297,
            0.11728525161743164,
            0.009088516235351562
        ],
        [
            -3.116848945617676,
            -2.443840980529785,
            0.739639163017273,
            -0.016155004501342773,
            0.30921483039855957,
            0.042539119720458984,
            0.18834495544433594,
            0.05383157730102539,
            0.27327990531921387,
