{
    "collision_depths": [],
    "collision": false,
    "joint_limit_violation": false,
    "self_collision": false,
    "physical_violations": false,
    "config_smoothness": -5.723149192985363,
    "eff_smoothness": -5.754284081635014,
    "eff_position_path_length": 41.50805825064173,
    "eff_orientation_path_length": 1552.315658496019,
    "physical_success": true,
    "time": 0.317746639251709,
    "num_steps": 51,
    "trajectory_w": [
        [
            -2.825594425201416,
            -2.4196321964263916,
            -0.3425517976284027,
            0.0,
            0.0,
            0.0,
            0.0,
            0.0,
            0.0,
            0.0
        ],
        [
            -2.487910032272339,
            -2.559497117996216,
            -0.3838072717189789,
            -0.03287696838378906,
            0.19099998474121094,
            -0.05064129829406738,
            0.09493279457092285,
            -0.0403285026550293,
            0.006018638610839844,
            -0.054937124252319336
        ],
        [
            -1.5708884000778198,
            -2.907057762145996,
            -0.3806632459163666,
            -0.020199298858642578,
            0.7872567176818848,
            -0.16713690757751465,
            0.32394838333129883,
            -0.10945892333984375,
            0.0878150463104248,
            -0.3187522888183594
        ],
        [
            -1.9137521982192993,
            -2.841073751449585,
            -0.3773888051509857,
            -0.012455463409423828,
            0.5921280384063721,
            -0.1202688217163086,
            0.2000875473022461,
            -0.07046818733215332,
            0.060742855072021484,
            -0.2431631088256836
        ],
        [
            -2.3859992027282715,
            -2.57978892326355,
            -0.3788336217403412,
            -0.03064131736755371,
            0.2545325756072998,
            -0.06570219993591309,
            0.1314551830291748,
            -0.04832267761230469,
            0.012846946716308594,
            -0.08318781852722168
        ],
        [
            -2.569822311401367,
            -2.543745279312134,
            -0.3732219636440277,
            -0.01301431655883789,
            0.15845680236816406,
            -0.03991580009460449,
            0.06047487258911133,
            -0.021481037139892578,
            0.0035233497619628906,
            -0.05045437812805176
        ],
        [
            -1.6120764017105103,
            -2.918440103530884,
            -0.3737090528011322,
            -0.016803264617919922,
            0.765913724899292,
            -0.15740180015563965,
            0.30152320861816406,
            -0.10614275932312012,
            0.08364534378051758,
            -0.315643310546875
        ],
        [
            -2.5005009174346924,
            -2.624962091445923,
            -0.35351333022117615,
            -0.0052754878997802734,
            0.23165178298950195,
            -0.05060577392578125,
            0.04957151412963867,
            -0.01966094970703125,
            0.00632023811340332,
            -0.09113621711730957
        ],
        [
            -1.4189950227737427,
            -2.9657554626464844,
            -0.38062629103660583,
            -0.018044471740722656,
            0.8795926570892334,
            -0.1825098991394043,
            0.35938477516174316,
            -0.12847208976745605,
            0.10202646255493164,
            -0.35977768898010254
        ],
        [
            -1.3658232688903809,
            -2.9854588508605957,
            -0.380988210439682,
            -0.017429590225219727,
            0.9111795425415039,
            -0.1883683204650879,
            0.372234582901001,
            -0.13520145416259766,
            0.10703182220458984,
            -0.3732457160949707
        ],
        [
            -2.535193920135498,
            -2.551276683807373,
            -0.38668808341026306,
            -0.027992725372314453,
            0.16079187393188477,
            -0.0412747859954834,
            0.07225441932678223,
            -0.032065391540527344,
            0.0016872882843017578,
            -0.045900821685791016
        ],
        [
            -1.7098491191864014,
            -2.8430449962615967,
            -0.3796282708644867,
            -0.024225950241088867,
            0.69785475730896,
            -0.15358972549438477,
            0.29753780364990234,
            -0.09486865997314453,
            0.07368278503417969,
            -0.2774374485015869
        ],
        [
            -1.5926181077957153,
            -2.898118019104004,
            -0.38256606459617615,
            -0.02067708969116211,
            0.7742698192596436,
            -0.1658942699432373,
            0.3190629482269287,
            -0.1052865982055664,
            0.08613204956054688,
            -0.3130941390991211
        ],
        [
            -2.50058913230896,
            -2.5778348445892334,
            -0.36568769812583923,
            -0.037447214126586914,
            0.19093847274780273,
            -0.04432845115661621,
            0.08949923515319824,
            -0.04091453552246094,
            0.0023212432861328125,
            -0.057155609130859375
        ],
        [
            -2.467989444732666,
            -2.5320138931274414,
            -0.3786109387874603,
            0.004058837890625,
            0.21232223510742188,
            -0.06264114379882812,
            0.09298396110534668,
            -0.02001810073852539,
            0.012929677963256836,
            -0.0730438232421875
        ],
        [
            -2.5949113368988037,
            -2.5578343868255615,
            -0.3489445149898529,
            5.245208740234375e-05,
            0.1760566234588623,
            -0.03923773765563965,
            0.04703259468078613,
            -0.017595767974853516,
            0.002121448516845703,
            -0.0644686222076416
        ],
        [
            -2.5924384593963623,
            -2.567791700363159,
            -0.3487149178981781,
            -0.0024034976959228516,
            0.17761659622192383,
            -0.03837180137634277,
            0.0435633659362793,
            -0.01740884780883789,
            0.0008933544158935547,
            -0.06569814682006836
        ],
        [
            -1.994239330291748,
            -2.774296283721924,
            -0.3867221772670746,
            0.0018186569213867188,
            0.5383501052856445,
            -0.11735033988952637,
            0.17638516426086426,
            -0.054167985916137695,
            0.057639360427856445,
            -0.21172666549682617
        ],
        [
            -2.207674026489258,
            -2.620274305343628,
            -0.3782702386379242,
            -0.012775659561157227,
            0.3689737319946289,
            -0.09180545806884766,
            0.1769707202911377,
            -0.05240440368652344,
            0.02736043930053711,
            -0.12856721878051758
        ],
        [
            -2.5346310138702393,
            -2.5485053062438965,
            -0.38404545187950134,
            -0.027511119842529297,
            0.16074562072753906,
            -0.04311180114746094,
            0.07544088363647461,
            -0.031241416931152344,
            0.002086639404296875,
            -0.045531511306762695
        ],
        [
            -1.5819307565689087,
            -2.895770311355591,
            -0.3827143609523773,
            -0.021459102630615234,
            0.7796437740325928,
            -0.1674795150756836,
            0.3244922161102295,
            -0.10705018043518066,
            0.08691906929016113,
            -0.3143627643585205
        ],
        [
            -2.1971209049224854,
            -2.63338041305542,
            -0.3875938355922699,
            0.008880376815795898,
            0.39040470123291016,
            -0.10492181777954102,
            0.14122819900512695,
