{
    "collision_depths": [],
    "collision": false,
    "joint_limit_violation": false,
    "self_collision": false,
    "physical_violations": false,
    "config_smoothness": -7.382268540614666,
    "eff_smoothness": -7.589144955961459,
    "eff_position_path_length": 27.305124215855326,
    "eff_orientation_path_length": 1074.6336477100315,
    "physical_success": true,
    "time": 0.812802791595459,
    "num_steps": 51,
    "trajectory_w": [
        [
            -11.539751052856445,
            -7.401907920837402,
            -2.443962335586548,
            0.0,
            0.0,
            0.0,
            0.0,
            0.0,
            0.0,
            0.0
        ],
        [
            -11.99122428894043,
            -7.7986273765563965,
            -2.4544737339019775,
            -0.03384709358215332,
            0.4807875156402588,
            -0.09061980247497559,
            0.22023987770080566,
            0.03661370277404785,
            0.03461313247680664,
            -0.007045269012451172
        ],
        [
            -12.168830871582031,
            -7.916353702545166,
            -2.4671781063079834,
            -0.04757261276245117,
            0.6538562774658203,
            -0.10831332206726074,
            0.2773134708404541,
            0.04015946388244629,
            0.059322357177734375,
            -0.026998281478881836
        ],
        [
            -12.367881774902344,
            -8.062315940856934,
            -2.4724392890930176,
            -0.04525351524353027,
            0.8516006469726562,
            -0.13082504272460938,
            0.335399866104126,
            0.0407106876373291,
            0.0935204029083252,
            -0.046440839767456055
        ],
        [
            -12.100658416748047,
            -7.788666248321533,
            -2.4875295162200928,
            -0.03353548049926758,
            0.5366344451904297,
            -0.08298349380493164,
            0.1784353256225586,
            0.037143707275390625,
            0.05407285690307617,
            -0.03446674346923828
        ],
        [
            -11.86828327178955,
            -7.703793525695801,
            -2.459744691848755,
            -0.03445243835449219,
            0.347806453704834,
            -0.06696105003356934,
            0.17326021194458008,
            0.02616572380065918,
            0.018870115280151367,
            0.0015039443969726562
        ],
        [
            -12.086200714111328,
            -7.77324914932251,
            -2.487412929534912,
            -0.03281593322753906,
            0.5194039344787598,
            -0.07998132705688477,
            0.17058968544006348,
            0.03621220588684082,
            0.05184817314147949,
            -0.0331883430480957
        ],
        [
            -12.296831130981445,
            -7.994260787963867,
            -2.4711055755615234,
            -0.04235982894897461,
            0.7722365856170654,
            -0.12138509750366211,
            0.3012082576751709,
            0.04207277297973633,
            0.08177995681762695,
            -0.04156899452209473
        ],
        [
            -12.339301109313965,
            -8.037984848022461,
            -2.4723386764526367,
            -0.04453396797180176,
            0.8218271732330322,
            -0.12822341918945312,
            0.3234090805053711,
            0.04172945022583008,
            0.08908677101135254,
            -0.04445600509643555
        ],
        [
            -11.757549285888672,
            -7.57665491104126,
            -2.4732608795166016,
            -0.03576016426086426,
            0.2050471305847168,
            -0.03873920440673828,
            0.11031365394592285,
            0.009755611419677734,
            0.005814313888549805,
            0.011104583740234375
        ],
        [
            -12.140228271484375,
            -7.902066707611084,
            -2.4632153511047363,
            -0.04310774803161621,
            0.631230354309082,
            -0.10981893539428711,
            0.27083635330200195,
            0.040967702865600586,
            0.0568385124206543,
            -0.02169656753540039
        ],
        [
            -11.976448059082031,
            -7.662593841552734,
            -2.4872913360595703,
            -0.029130220413208008,
            0.3935527801513672,
            -0.05665731430053711,
            0.11917495727539062,
            0.031675100326538086,
            0.0335688591003418,
            -0.026267051696777344
        ],
        [
            -12.235309600830078,
            -7.956920623779297,
            -2.4710934162139893,
            -0.04355001449584961,
            0.717470645904541,
            -0.11711359024047852,
            0.28719496726989746,
            0.04217243194580078,
            0.07248163223266602,
            -0.0341796875
        ],
        [
            -12.292501449584961,
            -7.993381977081299,
            -2.4718141555786133,
            -0.04236721992492676,
            0.7695555686950684,
            -0.12199807167053223,
            0.30086517333984375,
            0.042656660079956055,
            0.08147478103637695,
            -0.04096817970275879
        ],
        [
            -11.746406555175781,
            -7.560037136077881,
            -2.4741783142089844,
            -0.032859086990356445,
            0.18659543991088867,
            -0.04088234901428223,
            0.09944891929626465,
            0.013925552368164062,
            0.004976511001586914,
            0.00990748405456543
        ],
        [
            -12.073607444763184,
            -7.858614444732666,
            -2.4580342769622803,
            -0.03756904602050781,
            0.5677504539489746,
            -0.10564517974853516,
            0.2484569549560547,
            0.04090619087219238,
            0.04820060729980469,
            -0.014892816543579102
        ],
        [
            -12.213973999023438,
            -7.899312973022461,
            -2.475959062576294,
            -0.03430461883544922,
            0.6674690246582031,
            -0.10399150848388672,
            0.24279284477233887,
            0.04148268699645996,
            0.06934404373168945,
            -0.03866434097290039
        ],
        [
            -12.328639030456543,
            -8.029630661010742,
            -2.4726996421813965,
            -0.04456019401550293,
            0.8114266395568848,
            -0.12757325172424316,
            0.319415807723999,
            0.042243003845214844,
            0.08761048316955566,
            -0.043564796447753906
        ],
        [
            -11.824796676635742,
            -7.543893337249756,
            -2.471874475479126,
            -0.016066312789916992,
            0.25782012939453125,
            -0.04504036903381348,
            0.06235861778259277,
            0.028405189514160156,
            0.017680644989013672,
            -0.014534235000610352
        ],
        [
            -11.744269371032715,
            -7.538275241851807,
            -2.4612181186676025,
            -0.029946088790893555,
            0.19658184051513672,
            -0.04056262969970703,
            0.08648085594177246,
            0.01258230209350586,
            0.009563684463500977,
            0.004846811294555664
        ],
        [
            -12.129849433898926,
            -7.815890312194824,
            -2.4852142333984375,
            -0.03296089172363281,
            0.5693233013153076,
            -0.08803510665893555,
            0.1932353973388672,
            0.03795886039733887,
            0.05822420120239258,
            -0.035392045974731445
        ],
        [
            -11.761462211608887,
            -7.50398588180542,
            -2.4721317291259766,
            -0.020873546600341797,
            0.20704126358032227,
            -0.01983165740966797,
            0.0544583797454834,
            0.013753652572631836,
