{
    "collision_depths": [],
    "collision": false,
    "joint_limit_violation": false,
    "self_collision": false,
    "physical_violations": false,
    "config_smoothness": -7.224251054220136,
    "eff_smoothness": -7.302412845744293,
    "eff_position_path_length": 50.19964477743909,
    "eff_orientation_path_length": 1699.7752263530688,
    "physical_success": true,
    "time": 0.35919642448425293,
    "num_steps": 51,
    "trajectory_w": [
        [
            -7.7469587326049805,
            -6.864948272705078,
            -0.8704745173454285,
            0.0,
            0.0,
            0.0,
            0.0,
            0.0,
            0.0,
            0.0
        ],
        [
            -6.75957727432251,
            -7.947799205780029,
            -0.8866183161735535,
            0.0015950202941894531,
            1.004744529724121,
            -0.09934687614440918,
            0.3327498435974121,
            0.018099069595336914,
            0.012147188186645508,
            -0.16628742218017578
        ],
        [
            -6.813411712646484,
            -7.889058589935303,
            -0.8864805102348328,
            -0.0008668899536132812,
            0.9509344100952148,
            -0.09531617164611816,
            0.31315112113952637,
            0.02162766456604004,
            0.010443925857543945,
            -0.15337514877319336
        ],
        [
            -7.567117214202881,
            -7.0220947265625,
            -0.9024016261100769,
            -0.027853727340698242,
            0.1511373519897461,
            -0.019097566604614258,
            0.06085944175720215,
            0.004868507385253906,
            0.000644683837890625,
            0.005970478057861328
        ],
        [
            -6.934404373168945,
            -7.7550048828125,
            -0.8853690028190613,
            -0.006239175796508789,
            0.8263070583343506,
            -0.08540558815002441,
            0.2689664363861084,
            0.02920818328857422,
            0.006168365478515625,
            -0.12712788581848145
        ],
        [
            -6.820611476898193,
            -7.881593704223633,
            -0.8863052725791931,
            -0.0014994144439697266,
            0.9437634944915771,
            -0.0947728157043457,
            0.31073570251464844,
            0.022116422653198242,
            0.01004648208618164,
            -0.15241193771362305
        ],
        [
            -7.548189640045166,
            -7.036723613739014,
            -0.9042710661888123,
            -0.028533935546875,
            0.16583251953125,
            -0.02179098129272461,
            0.0677042007446289,
            0.004960298538208008,
            0.001554727554321289,
            0.004362344741821289
        ],
        [
            -6.747626781463623,
            -7.960494041442871,
            -0.8865658640861511,
            0.0023834705352783203,
            1.0165283679962158,
            -0.1001126766204834,
            0.33704638481140137,
            0.01709747314453125,
            0.012594938278198242,
            -0.16901874542236328
        ],
        [
            -6.789788246154785,
            -7.9148149490356445,
            -0.8866967558860779,
            0.00025963783264160156,
            0.9747116565704346,
            -0.0972144603729248,
            0.32178735733032227,
            0.019996166229248047,
            0.011218786239624023,
            -0.15942120552062988
        ],
        [
            -7.181022644042969,
            -7.449987888336182,
            -0.877494752407074,
            -0.011690855026245117,
            0.5434176921844482,
            -0.056885480880737305,
            0.17369842529296875,
            0.03325319290161133,
            -0.006543159484863281,
            -0.11932516098022461
        ],
        [
            -7.389022350311279,
            -7.173629283905029,
            -0.8962251543998718,
            -0.030564308166503906,
            0.3013594150543213,
            -0.026624202728271484,
            0.13135528564453125,
            0.005106449127197266,
            0.0013916492462158203,
            -0.033669471740722656
        ],
        [
            -6.794107913970947,
            -7.910035610198975,
            -0.8860859274864197,
            0.00022840499877929688,
            0.9701492786407471,
            -0.09671473503112793,
            0.32034873962402344,
            0.02016162872314453,
            0.01084756851196289,
            -0.15830278396606445
        ],
        [
            -7.537106990814209,
            -7.149691104888916,
            -0.8661074042320251,
            -0.004700422286987305,
            0.25170183181762695,
            -0.02578115463256836,
            0.031618595123291016,
            0.021872282028198242,
            -0.003979206085205078,
            -0.023254871368408203
        ],
        [
            -7.319579124450684,
            -7.248300075531006,
            -0.8885735869407654,
            -0.029057741165161133,
            0.3651256561279297,
            -0.03669428825378418,
            0.15350842475891113,
            0.012887954711914062,
            -0.001251220703125,
            -0.05455422401428223
        ],
        [
            -6.825008869171143,
            -7.876321315765381,
            -0.8864201903343201,
            -0.0015528202056884766,
            0.9392039775848389,
            -0.09448528289794922,
            0.3091409206390381,
            0.022485733032226562,
            0.009957075119018555,
            -0.15138745307922363
        ],
        [
            -7.1561760902404785,
            -7.453123092651367,
            -0.879565417766571,
            -0.01355600357055664,
            0.5512192249298096,
            -0.05985450744628906,
            0.19361519813537598,
            0.03259897232055664,
            -0.007075309753417969,
            -0.11720991134643555
        ],
        [
            -6.789567470550537,
            -7.914917945861816,
            -0.8865706324577332,
            0.0003161430358886719,
            0.9749026298522949,
            -0.09727144241333008,
            0.32196831703186035,
            0.019852638244628906,
            0.011087417602539062,
            -0.15945100784301758
        ],
        [
            -7.452427387237549,
            -7.107342720031738,
            -0.9012247920036316,
            -0.03167271614074707,
            0.24864983558654785,
            -0.020735979080200195,
            0.10724234580993652,
            -0.0007512569427490234,
            0.0038368701934814453,
            -0.019483327865600586
        ],
        [
            -7.618112564086914,
            -7.041320323944092,
            -0.8681218028068542,
            -0.013785123825073242,
            0.1660900115966797,
            -0.008972644805908203,
            0.020122766494750977,
            0.011937379837036133,
            -0.005131959915161133,
            -0.016197919845581055
        ],
        [
            -7.258360385894775,
            -7.447567462921143,
            -0.885772168636322,
            -0.011992692947387695,
            0.5349948406219482,
            -0.05055665969848633,
            0.14393234252929688,
            0.026762008666992188,
            0.004617452621459961,
            -0.02348041534423828
        ],
        [
            -7.44351863861084,
            -7.1227288246154785,
            -0.9045743346214294,
            -0.03229212760925293,
            0.25252413749694824,
            -0.02423095703125,
            0.11044955253601074,
            0.0017328262329101562,
            0.002869129180908203,
            -0.01971149444580078
        ],
        [
            -6.749850749969482,
            -7.958391189575195,
            -0.8866907954216003,
            0.0022287368774414062,
            1.0144639015197754,
            -0.1000370979309082,
            0.3361539840698242,
