{
    "collision_depths": [],
    "collision": false,
    "joint_limit_violation": false,
    "self_collision": false,
    "physical_violations": false,
    "config_smoothness": -5.742997436452516,
    "eff_smoothness": -5.744575016389759,
    "eff_position_path_length": 54.075335157012894,
    "eff_orientation_path_length": 1551.3315431485764,
    "physical_success": true,
    "time": 0.43104004859924316,
    "num_steps": 51,
    "trajectory_w": [
        [
            -4.607362747192383,
            -5.77279806137085,
            -1.9200279712677002,
            0.0,
            0.0,
            0.0,
            0.0,
            0.0,
            0.0,
            0.0
        ],
        [
            -5.2386274337768555,
            -7.47622537612915,
            -1.9151830673217773,
            -0.03769397735595703,
            0.9359292984008789,
            -0.09385418891906738,
            0.319979190826416,
            0.04846453666687012,
            0.018999814987182617,
            -0.009876489639282227
        ],
        [
            -4.972651481628418,
            -6.671446800231934,
            -1.922741174697876,
            -0.02433013916015625,
            0.5117757320404053,
            -0.07940888404846191,
            0.12672638893127441,
            0.03902840614318848,
            -0.0045719146728515625,
            0.02966475486755371
        ],
        [
            -4.790100574493408,
            -6.313716888427734,
            -1.9522745609283447,
            -0.03168320655822754,
            0.27252936363220215,
            -0.0374143123626709,
            0.10844278335571289,
            -0.010061264038085938,
            -0.03480124473571777,
            0.0353548526763916
        ],
        [
            -4.7714152336120605,
            -6.263819217681885,
            -1.9602396488189697,
            -0.03150439262390137,
            0.24507403373718262,
            -0.03832650184631348,
            0.09664559364318848,
            -0.01153707504272461,
            -0.03288125991821289,
            0.03581738471984863
        ],
        [
            -4.818669319152832,
            -6.2241435050964355,
            -1.9092340469360352,
            -0.022333383560180664,
            0.2705059051513672,
            -0.06464457511901855,
            0.04616999626159668,
            0.020783662796020508,
            -0.01656365394592285,
            0.022977590560913086
        ],
        [
            -5.218556880950928,
            -7.410723686218262,
            -1.9156556129455566,
            -0.03724932670593262,
            0.9016754627227783,
            -0.09142756462097168,
            0.30614185333251953,
            0.04861927032470703,
            0.016299009323120117,
            -0.0067539215087890625
        ],
        [
            -4.9238481521606445,
            -6.693517208099365,
            -1.9120359420776367,
            -0.042375802993774414,
            0.4806363582611084,
            -0.07175135612487793,
            0.18883228302001953,
            0.03614974021911621,
            -0.01906895637512207,
            0.006591320037841797
        ],
        [
            -5.1291022300720215,
            -7.187169075012207,
            -1.9170024394989014,
            -0.03939461708068848,
            0.7759521007537842,
            -0.08881735801696777,
            0.26552724838256836,
            0.05368924140930176,
            0.006913900375366211,
            -0.004045724868774414
        ],
        [
            -4.729891777038574,
            -6.027987480163574,
            -1.9167745113372803,
            -0.01690196990966797,
            0.15877294540405273,
            -0.038280487060546875,
            0.02337193489074707,
            0.0035233497619628906,
            -0.02386760711669922,
            0.024881601333618164
        ],
        [
            -4.820285797119141,
            -6.219793319702148,
            -1.9076728820800781,
            -0.01954507827758789,
            0.26758289337158203,
            -0.06379175186157227,
            0.045124053955078125,
            0.019635677337646484,
            -0.01816868782043457,
            0.025675058364868164
        ],
        [
            -4.720234394073486,
            -6.09831428527832,
            -1.9505417346954346,
            -0.03074789047241211,
            0.16208958625793457,
            -0.044255971908569336,
            0.06592917442321777,
            -0.010498285293579102,
            -0.027306556701660156,
            0.04313993453979492
        ],
        [
            -5.2596235275268555,
            -7.535856246948242,
            -1.9152004718780518,
            -0.0375828742980957,
            0.9672346115112305,
            -0.09519648551940918,
            0.3313267230987549,
            0.04808378219604492,
            0.021108627319335938,
            -0.012251853942871094
        ],
        [
            -5.243791580200195,
            -7.487560749053955,
            -1.9153785705566406,
            -0.03774523735046387,
            0.9422554969787598,
            -0.09368133544921875,
            0.32168102264404297,
            0.04869818687438965,
            0.019223928451538086,
            -0.010141849517822266
        ],
        [
            -4.718139171600342,
            -6.079852104187012,
            -1.9509694576263428,
            -0.02909994125366211,
            0.15182781219482422,
            -0.04276394844055176,
            0.06056332588195801,
            -0.009272575378417969,
            -0.027652263641357422,
            0.043143510818481445
        ],
        [
            -5.14373779296875,
            -7.143492221832275,
            -1.9186961650848389,
            -0.03225374221801758,
            0.7642312049865723,
            -0.08103251457214355,
            0.24117136001586914,
            0.04452657699584961,
            0.0063211917877197266,
            0.012401103973388672
        ],
        [
            -4.781742572784424,
            -6.136054039001465,
            -1.9235196113586426,
            -0.014433145523071289,
            0.21501970291137695,
            -0.04037785530090332,
            0.03408932685852051,
            0.0039768218994140625,
            -0.02571392059326172,
            0.025900840759277344
        ],
        [
            -4.998440265655518,
            -6.833495140075684,
            -1.9134509563446045,
            -0.03798556327819824,
            0.5679471492767334,
            -0.06780028343200684,
            0.21141839027404785,
            0.03423333168029785,
            -0.01793217658996582,
            0.017829179763793945
        ],
        [
            -4.721391677856445,
            -6.051382541656494,
            -1.938840627670288,
            -0.0244748592376709,
            0.1480095386505127,
            -0.039969682693481445,
            0.04429125785827637,
            -0.003692150115966797,
            -0.025904417037963867,
            0.03752255439758301
        ],
        [
            -4.713383674621582,
            -6.0654520988464355,
            -1.9486782550811768,
            -0.029181480407714844,
            0.14549493789672852,
            -0.04297828674316406,
            0.058397769927978516,
            -0.008992671966552734,
            -0.02720808982849121,
            0.04276275634765625
        ],
        [
            -4.741054534912109,
            -6.188811779022217,
            -1.9542076587677002,
            -0.03192925453186035,
            0.20810270309448242,
            -0.043089866638183594,
            0.08472418785095215,
            -0.01365041732788086,
            -0.02936553955078125,
            0.04239487648010254
        ],
        [
            -5.241279602050781,
            -7.478335380554199,
            -1.9151806831359863,
            -0.037561655044555664,
            0.9375691413879395,
            -0.09341168403625488,
            0.3198533058166504,
