{
    "collision_depths": [],
    "collision": false,
    "joint_limit_violation": false,
    "self_collision": false,
    "physical_violations": false,
    "config_smoothness": -5.321279310803658,
    "eff_smoothness": -5.489174230466547,
    "eff_position_path_length": 34.84692847385506,
    "eff_orientation_path_length": 1354.3390558158305,
    "physical_success": true,
    "time": 0.5489885807037354,
    "num_steps": 51,
    "trajectory_w": [
        [
            -4.595057964324951,
            -2.7386505603790283,
            0.6976061463356018,
            0.0,
            0.0,
            0.0,
            0.0,
            0.0,
            0.0,
            0.0
        ],
        [
            -4.342636585235596,
            -2.5627481937408447,
            0.68914395570755,
            -0.034330129623413086,
            0.23125672340393066,
            0.002554178237915039,
            0.04374051094055176,
            0.03434109687805176,
            0.006883859634399414,
            0.010626554489135742
        ],
        [
            -3.820748805999756,
            -2.0323383808135986,
            0.6784642338752747,
            -0.05913376808166504,
            0.8165268898010254,
            0.0003197193145751953,
            0.31609416007995605,
            0.03395438194274902,
            0.06217241287231445,
            0.02483963966369629
        ],
        [
            -3.671884536743164,
            -1.9124608039855957,
            0.6814852356910706,
            -0.06062150001525879,
            0.9646785259246826,
            0.003576517105102539,
            0.371598482131958,
            0.030332565307617188,
            0.07605814933776855,
            0.01015472412109375
        ],
        [
            -4.347594261169434,
            -2.4898569583892822,
            0.6516197323799133,
            -0.042299747467041016,
            0.23542404174804688,
            0.03250312805175781,
            0.10490965843200684,
            -0.0004608631134033203,
            -0.0005736351013183594,
            0.03609204292297363
        ],
        [
            -4.3616156578063965,
            -2.580153465270996,
            0.6886294484138489,
            -0.03402352333068848,
            0.21534061431884766,
            0.0052337646484375,
            0.03952336311340332,
            0.03223299980163574,
            0.005057573318481445,
            0.010547637939453125
        ],
        [
            -3.876549243927002,
            -2.109471082687378,
            0.6787939667701721,
            -0.0581362247467041,
            0.7307858467102051,
            0.00707554817199707,
            0.2764730453491211,
            0.030698299407958984,
            0.0524439811706543,
            0.012572526931762695
        ],
        [
            -4.0003342628479,
            -2.2259180545806885,
            0.676009476184845,
            -0.06183290481567383,
            0.5892925262451172,
            -0.0014748573303222656,
            0.21815848350524902,
            0.02530050277709961,
            0.041394948959350586,
            0.004718303680419922
        ],
        [
            -4.370293617248535,
            -2.5821638107299805,
            0.689113199710846,
            -0.035193681716918945,
            0.21525907516479492,
            0.0037581920623779297,
            0.04286646842956543,
            0.0288999080657959,
            0.006371974945068359,
            0.01227116584777832
        ],
        [
            -4.360300064086914,
            -2.5764060020446777,
            0.6885941624641418,
            -0.03444314002990723,
            0.21944117546081543,
            0.0044574737548828125,
            0.04202151298522949,
            0.03191351890563965,
            0.006062030792236328,
            0.010427713394165039
        ],
        [
            -4.195382118225098,
            -2.4282357692718506,
            0.6835470795631409,
            -0.049764156341552734,
            0.3784952163696289,
            -0.013431787490844727,
            0.10321402549743652,
            0.03249526023864746,
            0.025580644607543945,
            0.010940790176391602
        ],
        [
            -3.829691171646118,
            -2.067254066467285,
            0.6785193085670471,
            -0.05797314643859863,
            0.7856230735778809,
            0.005139350891113281,
            0.2961266040802002,
            0.0327761173248291,
            0.05933237075805664,
            0.01212620735168457
        ],
        [
            -4.257081508636475,
            -2.4465057849884033,
            0.6951673626899719,
            -0.03558683395385742,
            0.343125581741333,
            -0.017894506454467773,
            0.08408570289611816,
            0.03369927406311035,
            0.02272319793701172,
            0.026865720748901367
        ],
        [
            -4.353926181793213,
            -2.5394136905670166,
            0.6547124981880188,
            -0.03606081008911133,
            0.2063770294189453,
            0.0356905460357666,
            0.06386947631835938,
            0.019342422485351562,
            -0.002344846725463867,
            0.012767314910888672
        ],
        [
            -4.317855358123779,
            -2.5464518070220947,
            0.6853585839271545,
            -0.03684878349304199,
            0.24765300750732422,
            0.004465579986572266,
            0.05019831657409668,
            0.036000967025756836,
            0.008193254470825195,
            0.007668018341064453
        ],
        [
            -4.398902893066406,
            -2.5415213108062744,
            0.657677948474884,
            -0.040724754333496094,
            0.1868135929107666,
            0.023556232452392578,
            0.08441019058227539,
            -0.0009942054748535156,
            -0.0024225711822509766,
            0.04128003120422363
        ],
        [
            -4.369341850280762,
            -2.5062265396118164,
            0.6559754014015198,
            -0.043070316314697266,
            0.22254371643066406,
            0.027374982833862305,
            0.10198736190795898,
            -0.003210306167602539,
            0.0004515647888183594,
            0.04080557823181152
        ],
        [
            -4.3760576248168945,
            -2.5785698890686035,
            0.6927717328071594,
            -0.034310102462768555,
            0.2176527976989746,
            -0.0008971691131591797,
            0.04404401779174805,
            0.028310775756835938,
            0.007809638977050781,
            0.015789270401000977
        ],
        [
            -4.258023262023926,
            -2.413816213607788,
            0.6554461121559143,
            -0.04912996292114258,
            0.3296699523925781,
            0.0343782901763916,
            0.14916753768920898,
            0.0017156600952148438,
            0.0065000057220458984,
            0.030551433563232422
        ],
        [
            -4.408685207366943,
            -2.557448148727417,
            0.6860955357551575,
            -0.04014325141906738,
            0.20986104011535645,
            -0.005475521087646484,
            0.06861042976379395,
            0.011266946792602539,
            0.009167909622192383,
            0.039247989654541016
        ],
        [
            -4.362642765045166,
            -2.4932024478912354,
            0.6592662930488586,
            -0.0426630973815918,
            0.23679447174072266,
            0.026653289794921875,
            0.10877037048339844,
            -0.003818988800048828,
            0.002074003219604492,
            0.04302406311035156
        ],
        [
            -4.085396766662598,
            -2.2313990592956543,
            0.6809790730476379,
            -0.03997039794921875,
            0.536400318145752,
            0.019177675247192383,
            0.22108888626098633,
            0.029413461685180664,
