{
    "collision_depths": [],
    "collision": false,
    "joint_limit_violation": false,
    "self_collision": false,
    "physical_violations": false,
    "config_smoothness": -6.042062788000249,
    "eff_smoothness": -6.206948650262396,
    "eff_position_path_length": 33.96987277379305,
    "eff_orientation_path_length": 1095.6790876062025,
    "physical_success": true,
    "time": 0.33538079261779785,
    "num_steps": 51,
    "trajectory_w": [
        [
            -3.2619571685791016,
            -2.212993860244751,
            -0.3434448838233948,
            0.0,
            0.0,
            0.0,
            0.0,
            0.0,
            0.0,
            0.0
        ],
        [
            -2.6807899475097656,
            -2.390880823135376,
            -0.3999674916267395,
            0.0073108673095703125,
            0.32584047317504883,
            -0.10292482376098633,
            0.09652543067932129,
            0.004095315933227539,
            -0.01117086410522461,
            -0.07164120674133301
        ],
        [
            -2.6849796772003174,
            -2.3795220851898193,
            -0.38239914178848267,
            -0.014635801315307617,
            0.3045065402984619,
            -0.09149885177612305,
            0.13768959045410156,
            -0.035784244537353516,
            -0.024677038192749023,
            -0.04542136192321777
        ],
        [
            -2.7994534969329834,
            -2.386852979660034,
            -0.38825446367263794,
            -0.03523373603820801,
            0.24687886238098145,
            -0.06790876388549805,
            0.10713815689086914,
            -0.048014163970947266,
            -0.028622150421142578,
            -0.03158926963806152
        ],
        [
            -2.134413719177246,
            -2.6037492752075195,
            -0.4090157151222229,
            -0.016040325164794922,
            0.6618251800537109,
            -0.15844488143920898,
            0.23239493370056152,
            -0.044425249099731445,
            0.00662541389465332,
            -0.14578914642333984
        ],
        [
            -2.9460039138793945,
            -2.405073642730713,
            -0.3528497815132141,
            -0.02295064926147461,
            0.20389676094055176,
            -0.05591249465942383,
            0.03973793983459473,
            -0.013505697250366211,
            -0.02462458610534668,
            -0.03584432601928711
        ],
        [
            -2.8933141231536865,
            -2.424337148666382,
            -0.3712995648384094,
            -0.01874375343322754,
            0.2341923713684082,
            -0.058606624603271484,
            0.04014277458190918,
            -0.015757083892822266,
            -0.02251458168029785,
            -0.04734611511230469
        ],
        [
            -2.7609591484069824,
            -2.4214670658111572,
            -0.3690260052680969,
            0.0004925727844238281,
            0.2996673583984375,
            -0.0915839672088623,
            0.06867694854736328,
            0.0006129741668701172,
            -0.01382589340209961,
            -0.06890225410461426
        ],
        [
            -2.664220094680786,
            -2.473883867263794,
            -0.3596246838569641,
            -0.04570317268371582,
            0.3474090099334717,
            -0.08494091033935547,
            0.13395023345947266,
            -0.05733609199523926,
            -0.027164459228515625,
            -0.06034135818481445
        ],
        [
            -2.897258758544922,
            -2.325550079345703,
            -0.38384824991226196,
            -0.012572288513183594,
            0.18207120895385742,
            -0.06531238555908203,
            0.08304810523986816,
            -0.020010709762573242,
            -0.0249936580657959,
            -0.02037501335144043
        ],
        [
            -2.1680169105529785,
            -2.5879483222961426,
            -0.3846314549446106,
            -0.021433115005493164,
            0.6343271732330322,
            -0.15006566047668457,
            0.2432994842529297,
            -0.05679893493652344,
            -0.0008418560028076172,
            -0.12880921363830566
        ],
        [
            -1.9871476888656616,
            -2.6400985717773438,
            -0.4078710675239563,
            -0.020856142044067383,
            0.7459251880645752,
            -0.17626380920410156,
            0.2793276309967041,
            -0.054464101791381836,
            0.012680768966674805,
            -0.16237688064575195
        ],
        [
            -2.74027419090271,
            -2.4495058059692383,
            -0.39153534173965454,
            -0.013208866119384766,
            0.3180217742919922,
            -0.07924485206604004,
            0.06694650650024414,
            -0.017877817153930664,
            -0.015021562576293945,
            -0.07232356071472168
        ],
        [
            -2.849531888961792,
            -2.3359873294830322,
            -0.38221317529678345,
            -0.01603078842163086,
            0.20884370803833008,
            -0.07022905349731445,
            0.09814190864562988,
            -0.029433727264404297,
            -0.025908946990966797,
            -0.02303600311279297
        ],
        [
            -2.7426393032073975,
            -2.455742597579956,
            -0.3622933030128479,
            -0.05072593688964844,
            0.30582094192504883,
            -0.07369184494018555,
            0.1134486198425293,
            -0.05413317680358887,
            -0.029086828231811523,
            -0.05100584030151367
        ],
        [
            -2.9618213176727295,
            -2.3792660236358643,
            -0.3502956032752991,
            -0.013833284378051758,
            0.19384002685546875,
            -0.05647420883178711,
            0.038886308670043945,
            -0.00887441635131836,
            -0.02221989631652832,
            -0.036322593688964844
        ],
        [
            -2.9456119537353516,
            -2.348986864089966,
            -0.3657732605934143,
            0.0026068687438964844,
            0.1985914707183838,
            -0.05601644515991211,
            0.0415036678314209,
            -0.008710384368896484,
            -0.020107507705688477,
            -0.03878331184387207
        ],
        [
            -2.4753260612487793,
            -2.5085113048553467,
            -0.393729031085968,
            -0.010894298553466797,
            0.4636061191558838,
            -0.12491559982299805,
            0.13366198539733887,
            -0.010491371154785156,
            -0.004023551940917969,
            -0.10965800285339355
        ],
        [
            -1.9021337032318115,
            -2.6972689628601074,
            -0.3980403542518616,
            -0.019747018814086914,
            0.7998929023742676,
            -0.1708357334136963,
            0.2908191680908203,
            -0.07887697219848633,
            0.016088247299194336,
            -0.173126220703125
        ],
        [
            -2.7006797790527344,
            -2.372946262359619,
            -0.4035218358039856,
            0.00037670135498046875,
            0.3078746795654297,
            -0.10069417953491211,
            0.1025383472442627,
            0.0032477378845214844,
            -0.013432741165161133,
            -0.06626081466674805
        ],
        [
            -2.5235953330993652,
            -2.54349684715271,
            -0.3680344223976135,
            -0.04205322265625,
            0.43940091133117676,
            -0.09250783920288086,
            0.1534268856048584,
            -0.0644984245300293,
            -0.021406888961791992,
            -0.08702707290649414
        ],
        [
            -2.557368755340576,
            -2.496401071548462,
            -0.4072938561439514,
            -0.01919865608215332,
            0.4244070053100586,
            -0.10104560852050781,
