{
    "collision_depths": [],
    "collision": false,
    "joint_limit_violation": false,
    "self_collision": false,
    "physical_violations": false,
    "config_smoothness": -5.208081423298841,
    "eff_smoothness": -5.258135410321085,
    "eff_position_path_length": 34.03613836438243,
    "eff_orientation_path_length": 1495.8948509488444,
    "physical_success": true,
    "time": 0.2799053192138672,
    "num_steps": 51,
    "trajectory_w": [
        [
            -9.879532814025879,
            -7.552350997924805,
            -1.219681739807129,
            0.0,
            0.0,
            0.0,
            0.0,
            0.0,
            0.0,
            0.0
        ],
        [
            -9.761934280395508,
            -7.83126974105835,
            -1.264193058013916,
            -0.04502153396606445,
            0.24046540260314941,
            0.01136469841003418,
            0.12717819213867188,
            -0.019385099411010742,
            0.03921365737915039,
            0.015355110168457031
        ],
        [
            -9.49863052368164,
            -8.572042465209961,
            -1.248671293258667,
            -0.06435894966125488,
            0.9094164371490479,
            -0.03902173042297363,
            0.3976304531097412,
            -0.027640104293823242,
            0.17459726333618164,
            -0.042798757553100586
        ],
        [
            -9.767977714538574,
            -7.842824459075928,
            -1.262524127960205,
            -0.04227089881896973,
            0.2401270866394043,
            0.010672807693481445,
            0.11425518989562988,
            -0.015666484832763672,
            0.037714242935180664,
            0.012588262557983398
        ],
        [
            -9.605476379394531,
            -8.382716178894043,
            -1.2423152923583984,
            -0.05103754997253418,
            0.7235124111175537,
            -0.03268742561340332,
            0.2922072410583496,
            -0.015247583389282227,
            0.14430785179138184,
            -0.030503511428833008
        ],
        [
            -9.673307418823242,
            -7.977397441864014,
            -1.2466871738433838,
            -0.04028916358947754,
            0.3867042064666748,
            -0.024585962295532227,
            0.19565510749816895,
            -0.007487058639526367,
            0.06952118873596191,
            0.014909505844116211
        ],
        [
            -9.80097770690918,
            -7.848949432373047,
            -1.2231407165527344,
            -0.03745913505554199,
            0.24908161163330078,
            -0.02973031997680664,
            0.09331130981445312,
            0.011305570602416992,
            0.04617619514465332,
            -0.0031418800354003906
        ],
        [
            -9.652456283569336,
            -8.308500289916992,
            -1.2526473999023438,
            -0.05896568298339844,
            0.6551682949066162,
            -0.008842945098876953,
            0.2701554298400879,
            -0.015416622161865234,
            0.12355566024780273,
            -0.036905765533447266
        ],
        [
            -9.657415390014648,
            -8.228534698486328,
            -1.2354843616485596,
            -0.03998446464538574,
            0.5855627059936523,
            -0.037950992584228516,
            0.22147846221923828,
            -0.010524511337280273,
            0.11827874183654785,
            -0.011652946472167969
        ],
        [
            -9.758316040039062,
            -7.850028991699219,
            -1.2683048248291016,
            -0.047461509704589844,
            0.2661764621734619,
            0.02059006690979004,
            0.13763856887817383,
            -0.023161649703979492,
            0.04304170608520508,
            0.01157069206237793
        ],
        [
            -9.54015827178955,
            -8.396965026855469,
            -1.2508227825164795,
            -0.06491470336914062,
            0.771355152130127,
            -0.03630423545837402,
            0.3581717014312744,
            -0.01823902130126953,
            0.14571881294250488,
            -0.0219271183013916
        ],
        [
            -9.72655200958252,
            -7.922638416290283,
            -1.2655353546142578,
            -0.0522458553314209,
            0.33243727684020996,
            0.013633489608764648,
            0.17676901817321777,
            -0.0179595947265625,
            0.05631852149963379,
            0.0048749446868896484
        ],
        [
            -9.49346923828125,
            -8.584017753601074,
            -1.2488887310028076,
            -0.06464600563049316,
            0.9190421104431152,
            -0.039621591567993164,
            0.40174055099487305,
            -0.0281064510345459,
            0.17649197578430176,
            -0.043565988540649414
        ],
        [
            -9.825957298278809,
            -7.893281936645508,
            -1.2464113235473633,
            -0.04658055305480957,
            0.3071441650390625,
            0.014055967330932617,
            0.09872746467590332,
            -0.008671045303344727,
            0.0505223274230957,
            -0.011017322540283203
        ],
        [
            -9.561681747436523,
            -8.3390474319458,
            -1.25101637840271,
            -0.06441378593444824,
            0.7194080352783203,
            -0.03072500228881836,
            0.3423118591308594,
            -0.015079021453857422,
            0.13344693183898926,
            -0.017469167709350586
        ],
        [
            -9.626567840576172,
            -8.207275390625,
            -1.2548937797546387,
            -0.06476783752441406,
            0.594085693359375,
            -0.010483503341674805,
            0.29645800590515137,
            -0.010658502578735352,
            0.10528302192687988,
            -0.015673398971557617
        ],
        [
            -9.702738761901855,
            -8.054031372070312,
            -1.2644412517547607,
            -0.06398320198059082,
            0.45415449142456055,
            0.011883974075317383,
            0.2317342758178711,
            -0.013194561004638672,
            0.07874560356140137,
            -0.01588296890258789
        ],
        [
            -9.60976505279541,
            -8.376237869262695,
            -1.242326021194458,
            -0.050902366638183594,
            0.7167458534240723,
            -0.03159070014953613,
            0.2885427474975586,
            -0.01513814926147461,
            0.14273762702941895,
            -0.03057694435119629
        ],
        [
            -9.740425109863281,
            -7.887089252471924,
            -1.2670490741729736,
            -0.04988527297973633,
            0.2984275817871094,
            0.016098499298095703,
            0.1579909324645996,
            -0.02044677734375,
            0.04983162879943848,
            0.008821249008178711
        ],
        [
            -9.666370391845703,
            -8.183317184448242,
            -1.233119010925293,
            -0.03619527816772461,
            0.5452289581298828,
            -0.04105353355407715,
            0.2041478157043457,
            -0.008477210998535156,
            0.10976195335388184,
            -0.005578279495239258
        ],
        [
            -9.490724563598633,
            -8.591619491577148,
            -1.2488069534301758,
            -0.06507539749145508,
            0.9257197380065918,
            -0.03955698013305664,
            0.40436768531799316,
            -0.02881312370300293,
            0.17763090133666992,
            -0.04427075386047363
        ],
        [
            -9.832074165344238,
            -7.841557025909424,
            -1.2296626567840576,
            -0.03708314895629883,
            0.25194358825683594,
            -0.00577545166015625,
            0.07581472396850586,
            0.002560853958129883,
