{
    "collision_depths": [],
    "collision": false,
    "joint_limit_violation": false,
    "self_collision": false,
    "physical_violations": false,
    "config_smoothness": -6.277832421530254,
    "eff_smoothness": -6.425486012537109,
    "eff_position_path_length": 40.530012533480885,
    "eff_orientation_path_length": 1560.0080925331572,
    "physical_success": true,
    "time": 0.8016808032989502,
    "num_steps": 51,
    "trajectory_w": [
        [
            -9.68128490447998,
            -7.379428386688232,
            -0.6940581798553467,
            0.0,
            0.0,
            0.0,
            0.0,
            0.0,
            0.0,
            0.0
        ],
        [
            -9.127213478088379,
            -7.759143352508545,
            -0.7309200763702393,
            0.020914316177368164,
            0.49728870391845703,
            -0.10488367080688477,
            0.1319866180419922,
            -0.05026531219482422,
            0.043892621994018555,
            -0.0921182632446289
        ],
        [
            -9.049272537231445,
            -7.781187534332275,
            -0.7377924919128418,
            0.016916751861572266,
            0.5418543815612793,
            -0.12242770195007324,
            0.17013335227966309,
            -0.05485796928405762,
            0.051224708557128906,
            -0.09656429290771484
        ],
        [
            -8.764910697937012,
            -7.992730617523193,
            -0.7639057636260986,
            0.024065732955932617,
            0.787200927734375,
            -0.15282607078552246,
            0.2795095443725586,
            -0.1194906234741211,
            0.06238102912902832,
            -0.18860316276550293
        ],
        [
            -9.483654022216797,
            -7.504369258880615,
            -0.7366006374359131,
            -0.019623517990112305,
            0.18256306648254395,
            -0.04063105583190918,
            0.07400155067443848,
            -0.04536890983581543,
            0.013415098190307617,
            -0.011645793914794922
        ],
        [
            -9.482373237609863,
            -7.499699592590332,
            -0.7388858795166016,
            -0.02086162567138672,
            0.1814727783203125,
            -0.040033578872680664,
            0.07726383209228516,
            -0.04737067222595215,
            0.013634681701660156,
            -0.01157689094543457
        ],
        [
            -8.483738899230957,
            -8.193689346313477,
            -0.7813940048217773,
            0.04021453857421875,
            1.0292744636535645,
            -0.19191384315490723,
            0.3702421188354492,
            -0.1771695613861084,
            0.08342194557189941,
            -0.264326810836792
        ],
        [
            -9.4839448928833,
            -7.50689697265625,
            -0.7341568470001221,
            -0.01790452003479004,
            0.18561530113220215,
            -0.04104757308959961,
            0.07094812393188477,
            -0.0431368350982666,
            0.01398468017578125,
            -0.013421773910522461
        ],
        [
            -9.201618194580078,
            -7.713274955749512,
            -0.7233026027679443,
            0.009781837463378906,
            0.4423036575317383,
            -0.10135221481323242,
            0.11729788780212402,
            -0.04267311096191406,
            0.03966259956359863,
            -0.07005429267883301
        ],
        [
            -8.663779258728027,
            -8.070446014404297,
            -0.7703902721405029,
            0.03047776222229004,
            0.8769850730895996,
            -0.1641547679901123,
            0.3112823963165283,
            -0.14202642440795898,
            0.06890082359313965,
            -0.21927809715270996
        ],
        [
            -9.50790786743164,
            -7.522743225097656,
            -0.7122766971588135,
            -0.0013930797576904297,
            0.20132994651794434,
            -0.035735368728637695,
            0.035227298736572266,
            -0.028804540634155273,
            0.013180971145629883,
            -0.033060312271118164
        ],
        [
            -9.484955787658691,
            -7.5059685707092285,
            -0.7351851463317871,
            -0.018885135650634766,
            0.18414020538330078,
            -0.040816307067871094,
            0.07156610488891602,
            -0.04458308219909668,
            0.013582229614257812,
            -0.012149810791015625
        ],
        [
            -8.688735008239746,
            -8.04858112335205,
            -0.7689874172210693,
            0.027799606323242188,
            0.8536932468414307,
            -0.162186861038208,
            0.30431556701660156,
            -0.13646841049194336,
            0.06718063354492188,
            -0.20976543426513672
        ],
        [
            -9.148767471313477,
            -7.709427833557129,
            -0.7545063495635986,
            -0.01610088348388672,
            0.44558072090148926,
            -0.0871126651763916,
            0.18955278396606445,
            -0.0912790298461914,
            0.029531478881835938,
            -0.09706425666809082
        ],
        [
            -9.167719841003418,
            -7.699565410614014,
            -0.7546639442443848,
            -0.01781439781188965,
            0.4326362609863281,
            -0.0821373462677002,
            0.18436503410339355,
            -0.09073376655578613,
            0.02837967872619629,
            -0.09563589096069336
        ],
        [
            -8.416818618774414,
            -8.240279197692871,
            -0.7852840423583984,
            0.04447221755981445,
            1.0855860710144043,
            -0.2018740177154541,
            0.3915586471557617,
            -0.19017648696899414,
            0.08894228935241699,
            -0.2818729877471924
        ],
        [
            -9.394837379455566,
            -7.622005939483643,
            -0.7319142818450928,
            -0.006610393524169922,
            0.3006279468536377,
            -0.036805152893066406,
            0.0731964111328125,
            -0.05831432342529297,
            0.016183853149414062,
            -0.060021400451660156
        ],
        [
            -9.500114440917969,
            -7.516252040863037,
            -0.7168960571289062,
            -0.00435185432434082,
            0.19896697998046875,
            -0.035422325134277344,
            0.04446744918823242,
            -0.03139781951904297,
            0.014373540878295898,
            -0.031027555465698242
        ],
        [
            -9.50924015045166,
            -7.519174575805664,
            -0.7134008407592773,
            -0.001971006393432617,
            0.19851398468017578,
            -0.03461003303527832,
            0.03650617599487305,
            -0.02935481071472168,
            0.01313638687133789,
            -0.03236579895019531
        ],
        [
            -8.857677459716797,
            -7.942886829376221,
            -0.7613909244537354,
            0.014083623886108398,
            0.7151155471801758,
            -0.12932038307189941,
            0.2548716068267822,
            -0.12492609024047852,
            0.04866456985473633,
            -0.17769265174865723
        ],
        [
            -9.508027076721191,
            -7.518696308135986,
            -0.7136797904968262,
            -0.002153158187866211,
            0.19882559776306152,
            -0.03478574752807617,
            0.037207841873168945,
            -0.02918720245361328,
            0.013341426849365234,
            -0.032782554626464844
        ],
        [
            -9.400447845458984,
            -7.5971999168396,
            -0.7123124599456787,
            0.007983684539794922,
            0.28508496284484863,
            -0.06448101997375488,
            0.05448579788208008,
            -0.029815673828125,
