{
    "collision_depths": [],
    "collision": false,
    "joint_limit_violation": false,
    "self_collision": false,
    "physical_violations": false,
    "config_smoothness": -6.227468500562619,
    "eff_smoothness": -6.423298401357904,
    "eff_position_path_length": 30.461325514527058,
    "eff_orientation_path_length": 1323.422212628849,
    "physical_success": true,
    "time": 0.3171052932739258,
    "num_steps": 51,
    "trajectory_w": [
        [
            -7.2373199462890625,
            -7.853639602661133,
            2.0869100093841553,
            0.0,
            0.0,
            0.0,
            0.0,
            0.0,
            0.0,
            0.0
        ],
        [
            -7.6702680587768555,
            -6.879675388336182,
            2.0987324714660645,
            -0.08971476554870605,
            0.7036817073822021,
            0.035027265548706055,
            0.3412971496582031,
            0.09156632423400879,
            0.2586688995361328,
            0.1673109531402588
        ],
        [
            -7.428930759429932,
            -7.261910915374756,
            2.0931894779205322,
            -0.05739760398864746,
            0.39794445037841797,
            0.0073490142822265625,
            0.14968562126159668,
            0.05381488800048828,
            0.14486241340637207,
            0.0986785888671875
        ],
        [
            -7.343209743499756,
            -7.445168495178223,
            2.1013450622558594,
            -0.0407412052154541,
            0.27800941467285156,
            0.0006403923034667969,
            0.09088468551635742,
            0.04293203353881836,
            0.09655332565307617,
            0.07356142997741699
        ],
        [
            -7.458805084228516,
            -7.216936111450195,
            2.094658136367798,
            -0.05817461013793945,
            0.43871545791625977,
            0.00792074203491211,
            0.171614408493042,
            0.058527231216430664,
            0.16162371635437012,
            0.1079108715057373
        ],
        [
            -7.451928615570068,
            -7.404788017272949,
            2.0879933834075928,
            -0.043723106384277344,
            0.3300952911376953,
            0.04906630516052246,
            0.1754610538482666,
            0.035570383071899414,
            0.11090779304504395,
            0.1082010269165039
        ],
        [
            -7.298830509185791,
            -7.478809356689453,
            2.0722122192382812,
            -0.0473933219909668,
            0.24334430694580078,
            0.03419995307922363,
            0.06964993476867676,
            0.02394866943359375,
            0.07745718955993652,
            0.06099557876586914
        ],
        [
            -7.386441230773926,
            -7.487560749053955,
            2.0667855739593506,
            -0.04827547073364258,
            0.21412110328674316,
            0.05030536651611328,
            0.10918068885803223,
            0.026462316513061523,
            0.06424880027770996,
            0.07986688613891602
        ],
        [
            -7.353493690490723,
            -7.571129322052002,
            2.1064882278442383,
            -0.027919769287109375,
            0.21135735511779785,
            0.014399528503417969,
            0.10113406181335449,
            0.025232315063476562,
            0.0690302848815918,
            0.07129669189453125
        ],
        [
            -7.758049488067627,
            -6.723623752593994,
            2.1037380695343018,
            -0.1007688045501709,
            0.8130862712860107,
            0.039371490478515625,
            0.3972938060760498,
            0.10385370254516602,
            0.3013017177581787,
            0.18862462043762207
        ],
        [
            -7.4913835525512695,
            -7.275994300842285,
            2.07183837890625,
            -0.05878901481628418,
            0.4014267921447754,
            0.06146407127380371,
            0.20580530166625977,
            0.04342293739318848,
            0.13414573669433594,
            0.11301684379577637
        ],
        [
            -7.5456390380859375,
            -7.172260761260986,
            2.0915367603302,
            -0.0689542293548584,
            0.4808211326599121,
            0.04790854454040527,
            0.2578926086425781,
            0.06560325622558594,
            0.16690373420715332,
            0.13499712944030762
        ],
        [
            -7.3269758224487305,
            -7.437431812286377,
            2.0841293334960938,
            -0.04861187934875488,
            0.24748468399047852,
            0.013877630233764648,
            0.07325553894042969,
            0.045261383056640625,
            0.08076882362365723,
            0.062425851821899414
        ],
        [
            -7.36334753036499,
            -7.550858020782471,
            2.0800974369049072,
            -0.03517961502075195,
            0.21976470947265625,
            0.04842638969421387,
            0.1117856502532959,
            0.008947372436523438,
            0.07029867172241211,
            0.08031272888183594
        ],
        [
            -7.38264799118042,
            -7.531011581420898,
            2.102017879486084,
            -0.029149532318115234,
            0.25243091583251953,
            0.02477407455444336,
            0.12207722663879395,
            0.01989126205444336,
            0.08443927764892578,
            0.08462357521057129
        ],
        [
            -7.695804595947266,
            -6.830295085906982,
            2.1011483669281006,
            -0.09265875816345215,
            0.7387373447418213,
            0.03643202781677246,
            0.3587944507598877,
            0.0952749252319336,
            0.2720808982849121,
            0.1742537021636963
        ],
        [
            -7.326351165771484,
            -7.462899208068848,
            2.0718839168548584,
            -0.05074667930603027,
            0.21927118301391602,
            0.0269472599029541,
            0.06936931610107422,
            0.04467344284057617,
            0.06854772567749023,
            0.056975603103637695
        ],
        [
            -7.4160332679748535,
            -7.281174659729004,
            2.0928211212158203,
            -0.05741548538208008,
            0.3778655529022217,
            0.0064771175384521484,
            0.13994574546813965,
            0.053392648696899414,
            0.13637614250183105,
            0.09377646446228027
        ],
        [
            -7.403178691864014,
            -7.44113302230835,
            2.062082290649414,
            -0.041451454162597656,
            0.29010725021362305,
            0.06649518013000488,
            0.14277195930480957,
            0.014496326446533203,
            0.09361100196838379,
            0.08917498588562012
        ],
        [
            -7.330875396728516,
            -7.408275604248047,
            2.0656518936157227,
            -0.05609488487243652,
            0.2691028118133545,
            0.03618001937866211,
            0.08244085311889648,
            0.03253674507141113,
            0.08787846565246582,
            0.06591558456420898
        ],
        [
            -7.307929039001465,
            -7.5322980880737305,
            2.0786666870117188,
            -0.033986806869506836,
            0.2482438087463379,
            0.03760242462158203,
            0.0870201587677002,
            0.008581876754760742,
            0.08096194267272949,
            0.06714200973510742
        ],
        [
            -7.443192958831787,
            -7.4091691970825195,
            2.0805346965789795,
            -0.05194735527038574,
            0.28290390968322754,
            0.04845547676086426,
            0.15677547454833984,
            0.04219484329223633,
            0.09104180335998535,
            0.09812188148498535
        ],
        [
