{
    "collision_depths": [],
    "collision": false,
    "joint_limit_violation": false,
    "self_collision": false,
    "physical_violations": false,
    "config_smoothness": -4.447884159777909,
    "eff_smoothness": -4.621681794085253,
    "eff_position_path_length": 32.866097115977475,
    "eff_orientation_path_length": 1366.997286298406,
    "physical_success": true,
    "time": 0.8051040172576904,
    "num_steps": 51,
    "trajectory_w": [
        [
            -1.5938687324523926,
            -3.032651662826538,
            1.2186402082443237,
            0.0,
            0.0,
            0.0,
            0.0,
            0.0,
            0.0,
            0.0
        ],
        [
            -1.378524899482727,
            -2.7313098907470703,
            1.213014006614685,
            -0.04081892967224121,
            0.22759747505187988,
            -0.017345428466796875,
            0.07841324806213379,
            0.10535335540771484,
            0.03657174110412598,
            0.06577730178833008
        ],
        [
            -1.1195077896118164,
            -1.9953612089157104,
            1.2249566316604614,
            -0.08572793006896973,
            0.7633056640625,
            0.009991884231567383,
            0.371126651763916,
            0.22397327423095703,
            0.1792302131652832,
            0.22271108627319336
        ],
        [
            -1.2099685668945312,
            -2.2669897079467773,
            1.2008534669876099,
            -0.0700387954711914,
            0.561805009841919,
            0.007247447967529297,
            0.24895977973937988,
            0.17548203468322754,
            0.12721872329711914,
            0.15987920761108398
        ],
        [
            -1.3469585180282593,
            -2.470444917678833,
            1.2314246892929077,
            -0.047276973724365234,
            0.4029693603515625,
            -0.006609201431274414,
            0.23424315452575684,
            0.14888262748718262,
            0.07830142974853516,
            0.146071195602417
        ],
        [
            -1.3637640476226807,
            -2.7110443115234375,
            1.204342007637024,
            -0.034124135971069336,
            0.26511454582214355,
            0.011252403259277344,
            0.08418154716491699,
            0.08744215965270996,
            0.0422976016998291,
            0.08231782913208008
        ],
        [
            -1.1220051050186157,
            -2.0077271461486816,
            1.2254315614700317,
            -0.08507895469665527,
            0.7553873062133789,
            0.010654449462890625,
            0.3671419620513916,
            0.2214062213897705,
            0.17671513557434082,
            0.22144460678100586
        ],
        [
            -1.380426287651062,
            -2.7510743141174316,
            1.2068301439285278,
            -0.03327012062072754,
            0.22535467147827148,
            0.0016939640045166016,
            0.0680394172668457,
            0.08711886405944824,
            0.03217315673828125,
            0.06731271743774414
        ],
        [
            -1.1092097759246826,
            -1.9688140153884888,
            1.2258023023605347,
            -0.08777141571044922,
            0.7814197540283203,
            0.011237859725952148,
            0.3794362545013428,
            0.2277219295501709,
            0.18407845497131348,
            0.22707629203796387
        ],
        [
            -1.4180727005004883,
            -2.6921145915985107,
            1.1945034265518188,
            -0.047055721282958984,
            0.19728827476501465,
            0.008792638778686523,
            0.12107443809509277,
            0.09159278869628906,
            0.02329111099243164,
            0.08583188056945801
        ],
        [
            -1.1393153667449951,
            -2.040480613708496,
            1.2214497327804565,
            -0.08386468887329102,
            0.7312831878662109,
            0.006842136383056641,
            0.3561389446258545,
            0.21883416175842285,
            0.17121219635009766,
            0.2143261432647705
        ],
        [
            -1.4094035625457764,
            -2.67350435256958,
            1.187144160270691,
            -0.047611236572265625,
            0.2203974723815918,
            0.028911828994750977,
            0.13174962997436523,
            0.08075571060180664,
            0.02520442008972168,
            0.09609508514404297
        ],
        [
            -1.1948219537734985,
            -2.245851516723633,
            1.2072252035140991,
            -0.06888103485107422,
            0.5803122520446777,
            0.012521743774414062,
            0.26220226287841797,
            0.1765730381011963,
            0.12917613983154297,
            0.1695880889892578
        ],
        [
            -1.3737685680389404,
            -2.692138671875,
            1.2267040014266968,
            -0.04500770568847656,
            0.26706504821777344,
            -0.028119564056396484,
            0.10250210762023926,
            0.11437749862670898,
            0.04911494255065918,
            0.08050227165222168
        ],
        [
            -1.448156476020813,
            -2.733569383621216,
            1.1979361772537231,
            -0.03805351257324219,
            0.20412492752075195,
            0.027546405792236328,
            0.11817336082458496,
            0.06416201591491699,
            0.02328348159790039,
            0.09387016296386719
        ],
        [
            -1.1455775499343872,
            -2.0685853958129883,
            1.2228163480758667,
            -0.08144187927246094,
            0.7123634815216064,
            0.008433818817138672,
            0.3468754291534424,
            0.21245598793029785,
            0.1651310920715332,
            0.21114706993103027
        ],
        [
            -1.2837388515472412,
            -2.3474721908569336,
            1.2296515703201294,
            -0.06264138221740723,
            0.5007095336914062,
            -0.009002685546875,
            0.2751181125640869,
            0.17626595497131348,
            0.10770702362060547,
            0.16618824005126953
        ],
        [
            -1.1501293182373047,
            -2.0762856006622314,
            1.2219792604446411,
            -0.08097434043884277,
            0.7066738605499268,
            0.007502079010009766,
            0.34439921379089355,
            0.21210837364196777,
            0.16395044326782227,
            0.20935320854187012
        ],
        [
            -1.21353280544281,
            -2.285536766052246,
            1.20279061794281,
            -0.07333874702453613,
            0.5470411777496338,
            0.007360935211181641,
            0.24835658073425293,
            0.1729593276977539,
            0.1222531795501709,
            0.1560039520263672
        ],
        [
            -1.4582732915878296,
            -2.7504093647003174,
            1.224746823310852,
            -0.025188684463500977,
            0.2320079803466797,
            -0.003395557403564453,
            0.10990548133850098,
            0.07531857490539551,
            0.03608250617980957,
            0.08652234077453613
        ],
        [
            -1.3876875638961792,
            -2.744719982147217,
            1.2146159410476685,
            -0.034694671630859375,
            0.22771382331848145,
            -0.01397848129272461,
            0.07425212860107422,
            0.09790372848510742,
            0.036004066467285156,
            0.06624388694763184
        ],
        [
            -1.2122246026992798,
            -2.288017988204956,
            1.1994365453720093,
            -0.07226705551147461,
            0.5437736511230469,
            0.013559818267822266,
            0.2424166202545166,
            0.16737723350524902,
            0.11989712715148926,
            0.1556551456451416
