{
    "collision_depths": [],
    "collision": false,
    "joint_limit_violation": false,
    "self_collision": false,
    "physical_violations": false,
    "config_smoothness": -5.939416640696156,
    "eff_smoothness": -6.005243072837803,
    "eff_position_path_length": 55.62552045794148,
    "eff_orientation_path_length": 1511.7182733905674,
    "physical_success": true,
    "time": 0.4435856342315674,
    "num_steps": 51,
    "trajectory_w": [
        [
            -5.179242134094238,
            -2.32051682472229,
            0.3510833978652954,
            0.0,
            0.0,
            0.0,
            0.0,
            0.0,
            0.0,
            0.0
        ],
        [
            -4.824178218841553,
            -2.1867048740386963,
            0.33607161045074463,
            -0.015287637710571289,
            0.17121529579162598,
            0.08434152603149414,
            0.03141427040100098,
            -0.03478837013244629,
            0.025477170944213867,
            0.02261829376220703
        ],
        [
            -3.6147830486297607,
            -1.7493736743927002,
            0.38693559169769287,
            -0.03177499771118164,
            0.7612473964691162,
            0.23348164558410645,
            0.1833486557006836,
            -0.05657243728637695,
            0.1502821445465088,
            -0.08159065246582031
        ],
        [
            -3.56680965423584,
            -1.7312333583831787,
            0.38832128047943115,
            -0.03214716911315918,
            0.7844212055206299,
            0.23920989036560059,
            0.19069266319274902,
            -0.059026479721069336,
            0.15567350387573242,
            -0.08560585975646973
        ],
        [
            -3.4656147956848145,
            -1.6933259963989258,
            0.3911806344985962,
            -0.03295016288757324,
            0.833221435546875,
            0.2507331371307373,
            0.20651888847351074,
            -0.06455659866333008,
            0.16683650016784668,
            -0.09488987922668457
        ],
        [
            -3.851656436920166,
            -1.8378551006317139,
            0.38026225566864014,
            -0.029469966888427734,
            0.6465795040130615,
            0.20482993125915527,
            0.14757561683654785,
            -0.04580068588256836,
            0.12438249588012695,
            -0.0617978572845459
        ],
        [
            -3.739230155944824,
            -1.796003818511963,
            0.38365423679351807,
            -0.030482053756713867,
            0.7008373737335205,
            0.21857833862304688,
            0.1643671989440918,
            -0.05033588409423828,
            0.1367027759552002,
            -0.07102084159851074
        ],
        [
            -4.836429119110107,
            -2.234792470932007,
            0.3738294839859009,
            -0.013138055801391602,
            0.17530083656311035,
            0.057314157485961914,
            0.017211198806762695,
            -0.012238025665283203,
            0.033776283264160156,
            -0.023639917373657227
        ],
        [
            -3.548267364501953,
            -1.7242013216018677,
            0.3887897729873657,
            -0.032182931900024414,
            0.7935676574707031,
            0.2411971092224121,
            0.19357514381408691,
            -0.06004691123962402,
            0.1578044891357422,
            -0.08696556091308594
        ],
        [
            -3.405487060546875,
            -1.670378565788269,
            0.3930550813674927,
            -0.03332853317260742,
            0.8621256351470947,
            0.2574727535247803,
            0.21562933921813965,
            -0.06788229942321777,
            0.1733710765838623,
            -0.10046124458312988
        ],
        [
            -4.733570575714111,
            -2.1659042835235596,
            0.33036720752716064,
            -0.021170616149902344,
            0.20112204551696777,
            0.08306002616882324,
            0.039151668548583984,
            -0.02432107925415039,
            0.03907299041748047,
            -0.02309274673461914
        ],
        [
            -4.76161527633667,
            -2.216891288757324,
            0.3764737844467163,
            -0.016299962997436523,
            0.20461463928222656,
            0.06161165237426758,
            0.01714181900024414,
            -0.007683277130126953,
            0.040771484375,
            -0.02927255630493164
        ],
        [
            -4.81918478012085,
            -2.1746695041656494,
            0.33245623111724854,
            -0.015749692916870117,
            0.17699432373046875,
            0.08925771713256836,
            0.04084014892578125,
            -0.04237723350524902,
            0.027444839477539062,
            0.024269580841064453
        ],
        [
            -3.8800244331359863,
            -1.8481166362762451,
            0.37959468364715576,
            -0.029238224029541016,
            0.6324465274810791,
            0.2013256549835205,
            0.14368295669555664,
            -0.044808387756347656,
            0.12100934982299805,
            -0.06020927429199219
        ],
        [
            -4.82139778137207,
            -2.1909751892089844,
            0.34225451946258545,
            -0.01436758041381836,
            0.17650437355041504,
            0.08217024803161621,
            0.02914881706237793,
            -0.034194231033325195,
            0.02716374397277832,
            0.02040576934814453
        ],
        [
            -3.2899622917175293,
            -1.6269375085830688,
            0.3965514898300171,
            -0.03401446342468262,
            0.9168834686279297,
            0.2701230049133301,
            0.23297810554504395,
            -0.07445311546325684,
            0.1857774257659912,
            -0.11135196685791016
        ],
        [
            -4.377679824829102,
            -2.0014662742614746,
            0.3934112787246704,
            -0.015015840530395508,
            0.4126725196838379,
            0.14581513404846191,
            0.07718896865844727,
            -0.013666629791259766,
            0.07554936408996582,
            -0.02679133415222168
        ],
        [
            -3.618093490600586,
            -1.750800371170044,
            0.38682329654693604,
            -0.031615257263183594,
            0.7595670223236084,
            0.23285460472106934,
            0.1826190948486328,
            -0.0563359260559082,
            0.15003681182861328,
            -0.0811772346496582
        ],
        [
            -4.820708274841309,
            -2.2373034954071045,
            0.37619149684906006,
            -0.011953592300415039,
            0.17864179611206055,
            0.05753326416015625,
            0.010554790496826172,
            -0.008411169052124023,
            0.03297257423400879,
            -0.024669647216796875
        ],
        [
            -4.176560401916504,
            -1.9732075929641724,
            0.3777052164077759,
            -0.02827596664428711,
            0.49686455726623535,
            0.14908194541931152,
            0.0845041275024414,
            -0.022478580474853516,
            0.09493446350097656,
            -0.04048895835876465
        ],
        [
            -3.2247254848480225,
            -1.602313756942749,
            0.3985172510147095,
            -0.03421616554260254,
            0.9473063945770264,
            0.2771263122558594,
            0.2426619529724121,
            -0.07793593406677246,
            0.19276952743530273,
            -0.11755180358886719
        ],
        [
            -4.817246437072754,
            -2.233788013458252,
            0.37541663646698,
            -0.012624979019165039,
            0.1817307472229004,
            0.05826139450073242,
            0.013377666473388672,
            -0.009727716445922852,
