{
    "collision_depths": [],
    "collision": false,
    "joint_limit_violation": false,
    "self_collision": false,
    "physical_violations": false,
    "config_smoothness": -5.859253655151981,
    "eff_smoothness": -6.261028352748741,
    "eff_position_path_length": 18.239281456798107,
    "eff_orientation_path_length": 622.7672537753516,
    "physical_success": true,
    "time": 0.32001304626464844,
    "num_steps": 51,
    "trajectory_w": [
        [
            -1.9891294240951538,
            -1.79660165309906,
            -0.6926959753036499,
            0.0,
            0.0,
            0.0,
            0.0,
            0.0,
            0.0,
            0.0
        ],
        [
            -1.5095175504684448,
            -2.2551400661468506,
            -0.7539881467819214,
            -0.03917860984802246,
            0.4336354732513428,
            -0.11788010597229004,
            0.1269359588623047,
            -0.017709016799926758,
            -0.03220319747924805,
            -0.07933712005615234
        ],
        [
            -1.5461523532867432,
            -2.2466397285461426,
            -0.7460578680038452,
            -0.040335893630981445,
            0.4082362651824951,
            -0.10821032524108887,
            0.11371493339538574,
            -0.017318248748779297,
            -0.03481793403625488,
            -0.07657575607299805
        ],
        [
            -1.7181004285812378,
            -2.0326876640319824,
            -0.7154775857925415,
            -0.013351202011108398,
            0.256009578704834,
            -0.07512474060058594,
            0.06320500373840332,
            -0.011095762252807617,
            -0.034627676010131836,
            -0.0375514030456543
        ],
        [
            -1.6877474784851074,
            -2.0481340885162354,
            -0.7553576231002808,
            -0.009683370590209961,
            0.23926305770874023,
            -0.07214999198913574,
            0.05845379829406738,
            0.0015230178833007812,
            -0.039690256118774414,
            -0.036450862884521484
        ],
        [
            -1.3324609994888306,
            -2.387604236602783,
            -0.7437335252761841,
            -0.03824043273925781,
            0.5808463096618652,
            -0.12172508239746094,
            0.1965022087097168,
            -0.06512141227722168,
            -0.0318148136138916,
            -0.08178424835205078
        ],
        [
            -1.376455307006836,
            -2.3016176223754883,
            -0.7143725156784058,
            -0.03034234046936035,
            0.5104286670684814,
            -0.10774445533752441,
            0.1901566982269287,
            -0.05811309814453125,
            -0.0402216911315918,
            -0.06325340270996094
        ],
        [
            -1.7324483394622803,
            -2.116299629211426,
            -0.7276614904403687,
            -0.0301055908203125,
            0.2581629753112793,
            -0.06543993949890137,
            0.04350543022155762,
            -0.005047321319580078,
            -0.03929424285888672,
            -0.04852581024169922
        ],
        [
            -1.601815104484558,
            -2.064673662185669,
            -0.7331708669662476,
            -0.017993450164794922,
            0.288313627243042,
            -0.08095932006835938,
            0.10764884948730469,
            -0.034766197204589844,
            -0.04558396339416504,
            -0.02036595344543457
        ],
        [
            -1.5097956657409668,
            -2.1218605041503906,
            -0.7202988862991333,
            -0.020999670028686523,
            0.3645493984222412,
            -0.10404253005981445,
            0.14613842964172363,
            -0.030337810516357422,
            -0.04442739486694336,
            -0.03837466239929199
        ],
        [
            -1.6585296392440796,
            -2.137885093688965,
            -0.7299567461013794,
            -0.024056196212768555,
            0.31284165382385254,
            -0.09057235717773438,
            0.06725049018859863,
            -0.0002574920654296875,
            -0.03584766387939453,
            -0.06150078773498535
        ],
        [
            -1.5402858257293701,
            -2.265227794647217,
            -0.7468856573104858,
            -0.04270458221435547,
            0.41681694984436035,
            -0.10511040687561035,
            0.11694979667663574,
            -0.024262666702270508,
            -0.03564190864562988,
            -0.07608962059020996
        ],
        [
            -1.6422926187515259,
            -2.0488154888153076,
            -0.7305752038955688,
            -0.022918701171875,
            0.2515287399291992,
            -0.07316255569458008,
            0.09978556632995605,
            -0.036277055740356445,
            -0.0471341609954834,
            -0.012481689453125
        ],
        [
            -1.6773537397384644,
            -2.080488681793213,
            -0.7653425931930542,
            -0.018533706665039062,
            0.2445511817932129,
            -0.06360101699829102,
            0.06148838996887207,
            -0.005540370941162109,
            -0.043973445892333984,
            -0.03692984580993652
        ],
        [
            -1.630521535873413,
            -2.193054676055908,
            -0.7365802526473999,
            -0.03446054458618164,
            0.342273473739624,
            -0.0904088020324707,
            0.07899332046508789,
            -0.010710716247558594,
            -0.037520647048950195,
            -0.06528472900390625
        ],
        [
            -1.304756760597229,
            -2.3877501487731934,
            -0.7263270616531372,
            -0.03667759895324707,
            0.5908942222595215,
            -0.12212252616882324,
            0.21439433097839355,
            -0.06486153602600098,
            -0.03299903869628906,
            -0.0802609920501709
        ],
        [
            -1.665484070777893,
            -2.0463554859161377,
            -0.7322984933853149,
            -0.026407480239868164,
            0.23217439651489258,
            -0.06877470016479492,
            0.09316897392272949,
            -0.03622126579284668,
            -0.04747653007507324,
            -0.008028268814086914
        ],
        [
            -1.509952425956726,
            -2.1296043395996094,
            -0.71583092212677,
            -0.018558740615844727,
            0.3741745948791504,
            -0.119476318359375,
            0.14211273193359375,
            -0.01178431510925293,
            -0.03878307342529297,
            -0.04880356788635254
        ],
        [
            -1.6186808347702026,
            -2.0848124027252197,
            -0.7359393835067749,
            -0.029217958450317383,
            0.27397632598876953,
            -0.07128500938415527,
            0.10740828514099121,
            -0.0457763671875,
            -0.04931330680847168,
            -0.013599157333374023
        ],
        [
            -1.3337037563323975,
            -2.3137032985687256,
            -0.7782450914382935,
            -0.03617429733276367,
            0.5630719661712646,
            -0.15059161186218262,
            0.19808030128479004,
            -0.03325819969177246,
            -0.023999691009521484,
            -0.08189153671264648
        ],
        [
            -1.7368990182876587,
            -2.1121506690979004,
            -0.7144161462783813,
            -0.04365825653076172,
            0.25120019912719727,
            -0.05552244186401367,
            0.058606624603271484,
            -0.023390531539916992,
            -0.0441439151763916,
            -0.03413724899291992
        ],
        [
            -1.4939148426055908,
            -2.1915369033813477,
            -0.7283467054367065,
            -0.0267791748046875,
            0.4004216194152832,
            -0.08397674560546875,
