{
    "collision_depths": [
        0.016854759391093398,
        0.0031589198300601843,
        0.016645567242908263,
        0.017129131578287483
    ],
    "collision": true,
    "joint_limit_violation": false,
    "self_collision": false,
    "physical_violations": true,
    "config_smoothness": -6.457258910703318,
    "eff_smoothness": -6.482866678981935,
    "eff_position_path_length": 45.623763767173145,
    "eff_orientation_path_length": 1855.5160665349913,
    "physical_success": false,
    "time": 0.3854804039001465,
    "num_steps": 51,
    "trajectory_w": [
        [
            -5.688052654266357,
            -4.428616523742676,
            -0.1696576625108719,
            0.0,
            0.0,
            0.0,
            0.0,
            0.0,
            0.0,
            0.0
        ],
        [
            -5.374690055847168,
            -4.63036584854126,
            -0.1574222594499588,
            -0.01912713050842285,
            0.20636606216430664,
            0.03825974464416504,
            0.05701255798339844,
            0.05097603797912598,
            0.05783700942993164,
            0.11898612976074219
        ],
        [
            -5.287727355957031,
            -4.664207458496094,
            -0.15393109619617462,
            -0.022681713104248047,
            0.25563788414001465,
            0.04634666442871094,
            0.07542204856872559,
            0.06775140762329102,
            0.07964634895324707,
            0.14762496948242188
        ],
        [
            -4.487842559814453,
            -4.9445576667785645,
            -0.11542864143848419,
            -0.06005072593688965,
            0.6989152431488037,
            0.12561750411987305,
            0.22871041297912598,
            0.23119521141052246,
            0.2585716247558594,
            0.4280266761779785
        ],
        [
            -5.302099227905273,
            -4.658596038818359,
            -0.15463323891162872,
            -0.02198004722595215,
            0.24812936782836914,
            0.04511618614196777,
            0.07281088829040527,
            0.06447815895080566,
            0.07619953155517578,
            0.14342379570007324
        ],
        [
            -5.369422435760498,
            -4.6321845054626465,
            -0.15722103416919708,
            -0.019022703170776367,
            0.20954060554504395,
            0.03877973556518555,
            0.05838274955749512,
            0.0519413948059082,
            0.05914187431335449,
            0.12094473838806152
        ],
        [
            -4.0156402587890625,
            -5.042220115661621,
            -0.09415788948535919,
            -0.0853424072265625,
            0.9347965717315674,
            0.16461944580078125,
            0.3070511817932129,
            0.29230761528015137,
            0.34517455101013184,
            0.5665707588195801
        ],
        [
            -5.292986869812012,
            -4.6625847816467285,
            -0.15420623123645782,
            -0.022532939910888672,
            0.25330328941345215,
            0.0460360050201416,
            0.07478809356689453,
            0.06622529029846191,
            0.07855486869812012,
            0.14644575119018555
        ],
        [
            -5.32995080947876,
            -4.647435665130615,
            -0.15598101913928986,
            -0.02095818519592285,
            0.23154973983764648,
            0.04256582260131836,
            0.0664520263671875,
            0.05933380126953125,
            0.06893014907836914,
            0.13339567184448242
        ],
        [
            -5.37605619430542,
            -4.630038738250732,
            -0.1575438529253006,
            -0.01893138885498047,
            0.20575237274169922,
            0.03830909729003906,
            0.057037353515625,
            0.05056333541870117,
            0.057504892349243164,
            0.11873698234558105
        ],
        [
            -4.434680938720703,
            -4.9588518142700195,
            -0.11305351555347443,
            -0.06334924697875977,
            0.7270879745483398,
            0.13046884536743164,
            0.23824548721313477,
            0.2393662929534912,
            0.2692282199859619,
            0.44547605514526367
        ],
        [
            -5.232543468475342,
            -4.686032772064209,
            -0.15197868645191193,
            -0.02481532096862793,
            0.2876698970794678,
            0.05191612243652344,
            0.08760714530944824,
            0.07817530632019043,
            0.0937654972076416,
            0.1679215431213379
        ],
        [
            -4.047976493835449,
            -5.037550449371338,
            -0.09556861221790314,
            -0.08391833305358887,
            0.9198510646820068,
            0.16225862503051758,
            0.30228757858276367,
            0.28879857063293457,
            0.33984827995300293,
            0.5584571361541748
        ],
        [
            -4.524720191955566,
            -4.934855937957764,
            -0.1167869120836258,
            -0.05790376663208008,
            0.6792097091674805,
            0.12208843231201172,
            0.22221779823303223,
            0.22501420974731445,
            0.251079797744751,
            0.4158897399902344
        ],
        [
            -4.089310646057129,
            -5.030925273895264,
            -0.09717698395252228,
            -0.08201718330383301,
            0.9005544185638428,
            0.1591951847076416,
            0.2959592342376709,
            0.28441476821899414,
            0.33306002616882324,
            0.5474505424499512
        ],
        [
            -4.778491497039795,
            -4.857303142547607,
            -0.12917537987232208,
            -0.04405331611633301,
            0.541630744934082,
            0.09666728973388672,
            0.1749897003173828,
            0.17789053916931152,
            0.19832968711853027,
            0.3290524482727051
        ],
        [
            -4.111786842346191,
            -5.027539253234863,
            -0.09824438393115997,
            -0.08082032203674316,
            0.889733076095581,
            0.1575634479522705,
            0.29261326789855957,
            0.2818183898925781,
            0.32900214195251465,
            0.5414292812347412
        ],
        [
            -4.399948596954346,
            -4.967520713806152,
            -0.1111266165971756,
            -0.06513643264770508,
            0.7450392246246338,
            0.13380980491638184,
            0.24457073211669922,
            0.2445542812347412,
            0.2760593891143799,
            0.4564476013183594
        ],
        [
            -4.352301597595215,
            -4.978923797607422,
            -0.10887856781482697,
            -0.06794428825378418,
            0.7699770927429199,
            0.13804292678833008,
            0.2528526782989502,
            0.2514317035675049,
            0.2853248119354248,
            0.4716508388519287
        ],
        [
            -5.321365833282471,
            -4.651051998138428,
            -0.15551920235157013,
            -0.02107095718383789,
            0.23659229278564453,
            0.04346895217895508,
            0.06857085227966309,
            0.06099677085876465,
            0.07115888595581055,
            0.13647103309631348
        ],
        [
            -4.402573108673096,
            -4.966715335845947,
            -0.11114044487476349,
            -0.06512451171875,
            0.7438733577728271,
            0.13347840309143066,
            0.24399805068969727,
            0.24439239501953125,
            0.27571749687194824,
            0.4556751251220703
        ],
        [
            -4.478133678436279,
            -4.947629451751709,
            -0.11445970833301544,
            -0.06078600883483887,
            0.7038130760192871,
            0.12635374069213867,
