{
    "collision_depths": [],
    "collision": false,
    "joint_limit_violation": false,
    "self_collision": false,
    "physical_violations": false,
    "config_smoothness": -6.004998372651126,
    "eff_smoothness": -6.208655255943634,
    "eff_position_path_length": 30.956055813503514,
    "eff_orientation_path_length": 1194.0821305905142,
    "physical_success": true,
    "time": 0.402026891708374,
    "num_steps": 51,
    "trajectory_w": [
        [
            -0.9792141318321228,
            -1.0871769189834595,
            -1.2138845920562744,
            0.0,
            0.0,
            0.0,
            0.0,
            0.0,
            0.0,
            0.0
        ],
        [
            -0.8628559112548828,
            -1.6289478540420532,
            -1.2531931400299072,
            -0.050905704498291016,
            0.3695526123046875,
            -0.0003032684326171875,
            0.10222268104553223,
            0.025424957275390625,
            0.04344940185546875,
            -0.046019554138183594
        ],
        [
            -0.8470053672790527,
            -1.417683720588684,
            -1.263948917388916,
            -0.04666709899902344,
            0.22835469245910645,
            0.03260350227355957,
            0.10234260559082031,
            -0.003528594970703125,
            0.01607489585876465,
            0.005539417266845703
        ],
        [
            -0.6043291091918945,
            -2.0536651611328125,
            -1.2613379955291748,
            -0.07259607315063477,
            0.7280902862548828,
            -0.01338958740234375,
            0.29787421226501465,
            0.04357314109802246,
            0.10976076126098633,
            -0.06881952285766602
        ],
        [
            -0.5997268557548523,
            -2.0628957748413086,
            -1.2620093822479248,
            -0.0735325813293457,
            0.7348341941833496,
            -0.013572216033935547,
            0.30192041397094727,
            0.0440831184387207,
            0.1107332706451416,
            -0.06995105743408203
        ],
        [
            -0.6481384038925171,
            -1.9507880210876465,
            -1.263481616973877,
            -0.06841421127319336,
            0.651618480682373,
            -0.008805513381958008,
            0.26303887367248535,
            0.03639411926269531,
            0.09546780586242676,
            -0.05308890342712402
        ],
        [
            -0.9293084740638733,
            -1.3915849924087524,
            -1.2266180515289307,
            -0.03673100471496582,
            0.21586012840270996,
            -0.00574183464050293,
            0.056288957595825195,
            0.03336000442504883,
            0.018787860870361328,
            -0.03372502326965332
        ],
        [
            -0.9302359223365784,
            -1.4131277799606323,
            -1.2309188842773438,
            -0.03751945495605469,
            0.2220621109008789,
            0.002650022506713867,
            0.05608797073364258,
            0.029412269592285156,
            0.016655683517456055,
            -0.034268856048583984
        ],
        [
            -0.8784845471382141,
            -1.5193392038345337,
            -1.2400853633880615,
            -0.04110240936279297,
            0.2951083183288574,
            -0.01840496063232422,
            0.07634592056274414,
            0.04045462608337402,
            0.0347905158996582,
            -0.04164528846740723
        ],
        [
            -0.7656335234642029,
            -1.5090283155441284,
            -1.2472553253173828,
            -0.044887542724609375,
            0.3250432014465332,
            -0.0005509853363037109,
            0.14833378791809082,
            0.028659582138061523,
            0.0380861759185791,
            -0.011440038681030273
        ],
        [
            -0.6935068368911743,
            -1.7242672443389893,
            -1.249549150466919,
            -0.04879331588745117,
            0.4728097915649414,
            -0.004388093948364258,
            0.21344733238220215,
            0.04475283622741699,
            0.05923271179199219,
            -0.029161930084228516
        ],
        [
            -0.9248341917991638,
            -1.415632724761963,
            -1.230292797088623,
            -0.03709530830383301,
            0.22370433807373047,
            -0.004973411560058594,
            0.05705833435058594,
            0.03657388687133789,
            0.019070148468017578,
            -0.037689924240112305
        ],
        [
            -0.8640870451927185,
            -1.379942536354065,
            -1.2649474143981934,
            -0.04445934295654297,
            0.19419407844543457,
            0.027991771697998047,
            0.08690190315246582,
            -0.00176239013671875,
            0.011168956756591797,
            0.010079383850097656
        ],
        [
            -0.8718027472496033,
            -1.3654738664627075,
            -1.263169288635254,
            -0.04411125183105469,
            0.18364214897155762,
            0.024576663970947266,
            0.08196473121643066,
            -0.0005350112915039062,
            0.010246992111206055,
            0.011638879776000977
        ],
        [
            -0.8379119038581848,
            -1.683607816696167,
            -1.2470362186431885,
            -0.058947086334228516,
            0.4156334400177002,
            -0.002936124801635742,
            0.13349676132202148,
            0.032468557357788086,
            0.04836773872375488,
            -0.06246209144592285
        ],
        [
            -0.8230568766593933,
            -1.7325248718261719,
            -1.259732961654663,
            -0.06149864196777344,
            0.4575841426849365,
            0.006908893585205078,
            0.14276981353759766,
            0.020619869232177734,
            0.05768156051635742,
            -0.056321144104003906
        ],
        [
            -0.7131941914558411,
            -1.9499788284301758,
            -1.25537109375,
            -0.06327486038208008,
            0.6289644241333008,
            0.0009942054748535156,
            0.22627878189086914,
            0.03287529945373535,
            0.08803200721740723,
            -0.07801318168640137
        ],
        [
            -0.9184079170227051,
            -1.4177652597427368,
            -1.224926233291626,
            -0.038754940032958984,
            0.23942065238952637,
            -0.015184879302978516,
            0.06264424324035645,
            0.032666683197021484,
            0.02428603172302246,
            -0.03262639045715332
        ],
        [
            -0.8871288299560547,
            -1.524935007095337,
            -1.2422304153442383,
            -0.0420842170715332,
            0.2911529541015625,
            -0.009976387023925781,
            0.07521820068359375,
            0.038358211517333984,
            0.03129100799560547,
            -0.04395580291748047
        ],
        [
            -0.6023463010787964,
            -2.0670785903930664,
            -1.2617101669311523,
            -0.07296323776245117,
            0.7371821403503418,
            -0.01298666000366211,
            0.3005833625793457,
            0.04363751411437988,
            0.11116957664489746,
            -0.07129549980163574
        ],
        [
            -0.6946077942848206,
            -1.7006134986877441,
            -1.2436776161193848,
            -0.048268795013427734,
            0.45879697799682617,
            -0.015793800354003906,
            0.20590925216674805,
            0.0549015998840332,
            0.06026291847229004,
            -0.03201651573181152
        ],
        [
            -0.5743456482887268,
            -2.179351329803467,
            -1.259920597076416,
            -0.07328510284423828,
            0.8145067691802979,
            -0.008890390396118164,
            0.3253440856933594,
