{
    "collision_depths": [],
    "collision": false,
    "joint_limit_violation": false,
    "self_collision": false,
    "physical_violations": false,
    "config_smoothness": -5.916326587303373,
    "eff_smoothness": -6.760092605076661,
    "eff_position_path_length": 7.67849105442733,
    "eff_orientation_path_length": 256.15265910280476,
    "physical_success": true,
    "time": 0.41529178619384766,
    "num_steps": 51,
    "trajectory_w": [
        [
            -7.837887763977051,
            -10.26634693145752,
            -0.16698205471038818,
            0.0,
            0.0,
            0.0,
            0.0,
            0.0,
            0.0,
            0.0
        ],
        [
            -7.422563552856445,
            -10.263893127441406,
            -0.1960211992263794,
            -0.027502775192260742,
            0.2871072292327881,
            -0.021296977996826172,
            0.09779143333435059,
            -0.030925989151000977,
            -0.004200935363769531,
            0.018687963485717773
        ],
        [
            -7.416133403778076,
            -10.254010200500488,
            -0.19498074054718018,
            -0.02572917938232422,
            0.2926294803619385,
            -0.025919437408447266,
            0.10038256645202637,
            -0.02540874481201172,
            -0.003322601318359375,
            0.017462491989135742
        ],
        [
            -7.369439601898193,
            -10.365489959716797,
            -0.2280353307723999,
            -0.027035951614379883,
            0.31305885314941406,
            -0.025346994400024414,
            0.0771641731262207,
            -0.003561735153198242,
            -0.0007693767547607422,
            -0.017122983932495117
        ],
        [
            -7.409772872924805,
            -10.29947280883789,
            -0.1916438341140747,
            -0.021634817123413086,
            0.33933424949645996,
            -0.07238149642944336,
            0.08469867706298828,
            0.008380413055419922,
            0.014328479766845703,
            -0.007736921310424805
        ],
        [
            -7.218522071838379,
            -10.313368797302246,
            -0.23258984088897705,
            -0.026508808135986328,
            0.4274179935455322,
            -0.0526735782623291,
            0.1328134536743164,
            0.0068264007568359375,
            0.01786351203918457,
            -0.018559932708740234
        ],
        [
            -7.4225850105285645,
            -10.268301010131836,
            -0.18997013568878174,
            -0.029332399368286133,
            0.30506134033203125,
            -0.023061275482177734,
            0.09829854965209961,
            -0.03735637664794922,
            0.0005638599395751953,
            0.01884770393371582
        ],
        [
            -7.3874735832214355,
            -10.274352073669434,
            -0.19827711582183838,
            -0.028529882431030273,
            0.30834388732910156,
            -0.018413066864013672,
            0.10569262504577637,
            -0.0348353385925293,
            -0.0030972957611083984,
            0.01704716682434082
        ],
        [
            -7.394495487213135,
            -10.378998756408691,
            -0.20710551738739014,
            -0.027231454849243164,
            0.3632321357727051,
            -0.05431175231933594,
            0.0773463249206543,
            -0.017779827117919922,
            0.018398046493530273,
            -0.010745048522949219
        ],
        [
            -7.39040470123291,
            -10.329713821411133,
            -0.21576225757598877,
            -0.03450322151184082,
            0.2848978042602539,
            -0.00610041618347168,
            0.08552193641662598,
            -0.0361173152923584,
            -0.00738072395324707,
            0.009446859359741211
        ],
        [
            -7.419124126434326,
            -10.264814376831055,
            -0.1969820261001587,
            -0.027331829071044922,
            0.2868952751159668,
            -0.02102375030517578,
            0.09819555282592773,
            -0.030248641967773438,
            -0.004646778106689453,
            0.018554210662841797
        ],
        [
            -7.301816940307617,
            -10.360389709472656,
            -0.22649157047271729,
            -0.025531530380249023,
            0.38840198516845703,
            -0.05430889129638672,
            0.09533238410949707,
            0.002206563949584961,
            0.01821303367614746,
            -0.024018526077270508
        ],
        [
            -7.4220709800720215,
            -10.266335487365723,
            -0.19756710529327393,
            -0.027393579483032227,
            0.28182148933410645,
            -0.022064924240112305,
            0.09729695320129395,
            -0.029332399368286133,
            -0.005240201950073242,
            0.01911306381225586
        ],
        [
            -7.410674571990967,
            -10.275969505310059,
            -0.1920222043991089,
            -0.03052210807800293,
            0.30939531326293945,
            -0.021183013916015625,
            0.10103821754455566,
            -0.03942704200744629,
            0.0002110004425048828,
            0.019084453582763672
        ],
        [
            -7.39180850982666,
            -10.387672424316406,
            -0.22415363788604736,
            -0.026331663131713867,
            0.3042566776275635,
            -0.025434494018554688,
            0.06777429580688477,
            -0.008028268814086914,
            -3.814697265625e-06,
            -0.012929677963256836
        ],
        [
            -7.322027206420898,
            -10.340225219726562,
            -0.2113879919052124,
            -0.021510601043701172,
            0.4027063846588135,
            -0.07608175277709961,
            0.09930062294006348,
            -0.0012438297271728516,
            0.02573847770690918,
            -0.01389455795288086
        ],
        [
            -7.424816131591797,
            -10.26645278930664,
            -0.1894763708114624,
            -0.029390573501586914,
            0.30538225173950195,
            -0.022989749908447266,
            0.09771537780761719,
            -0.03703498840332031,
            0.0007665157318115234,
            0.018396854400634766
        ],
        [
            -7.394720554351807,
            -10.297050476074219,
            -0.20233166217803955,
            -0.03171896934509277,
            0.2881481647491455,
            -0.01598978042602539,
            0.09813117980957031,
            -0.03443002700805664,
            -0.0067555904388427734,
            0.016685009002685547
        ],
        [
            -7.427266597747803,
            -10.26635456085205,
            -0.18345820903778076,
            -0.028502702713012695,
            0.3179030418395996,
            -0.03442645072937012,
            0.09676051139831543,
            -0.03489279747009277,
            0.0052797794342041016,
            0.018800735473632812
        ],
        [
            -7.433112621307373,
            -10.376550674438477,
            -0.20988214015960693,
            -0.024541139602661133,
            0.30423879623413086,
            -0.043604373931884766,
            0.053635597229003906,
            0.003638029098510742,
            0.005875349044799805,
            -0.019579172134399414
        ],
        [
            -7.454047203063965,
            -10.331266403198242,
            -0.20262348651885986,
            -0.02062225341796875,
            0.3155252933502197,
            -0.05778074264526367,
            0.06012248992919922,
            0.006289482116699219,
            0.011687517166137695,
            -0.016460657119750977
        ],
        [
            -6.993099689483643,
            -10.323568344116211,
            -0.23425710201263428,
            -0.02984023094177246,
            0.6159267425537109,
