{
    "collision_depths": [],
    "collision": false,
    "joint_limit_violation": false,
    "self_collision": false,
    "physical_violations": false,
    "config_smoothness": -5.645973367857474,
    "eff_smoothness": -6.180117342978483,
    "eff_position_path_length": 13.233520117472503,
    "eff_orientation_path_length": 448.749807306465,
    "physical_success": true,
    "time": 0.33299970626831055,
    "num_steps": 51,
    "trajectory_w": [
        [
            -5.663010120391846,
            -6.161464691162109,
            -1.5690838098526,
            0.0,
            0.0,
            0.0,
            0.0,
            0.0,
            0.0,
            0.0
        ],
        [
            -5.636292457580566,
            -6.5867390632629395,
            -1.5972758531570435,
            -0.005318641662597656,
            0.2589240074157715,
            -0.050034523010253906,
            0.09850549697875977,
            -0.0900416374206543,
            -0.04204583168029785,
            -0.041693687438964844
        ],
        [
            -5.711638927459717,
            -6.785480976104736,
            -1.5913881063461304,
            0.0041656494140625,
            0.4351358413696289,
            -0.11139798164367676,
            0.13300275802612305,
            -0.11702275276184082,
            -0.0205843448638916,
            -0.09984326362609863
        ],
        [
            -5.636565208435059,
            -6.626966953277588,
            -1.5943042039871216,
            -0.005878448486328125,
            0.29491138458251953,
            -0.05242037773132324,
            0.1101377010345459,
            -0.10324668884277344,
            -0.04145646095275879,
            -0.05000877380371094
        ],
        [
            -5.740030765533447,
            -6.601902961730957,
            -1.5929614305496216,
            -0.0077402591705322266,
            0.2950258255004883,
            -0.06988406181335449,
            0.05932450294494629,
            -0.061856746673583984,
            -0.030013322830200195,
            -0.08817720413208008
        ],
        [
            -5.614894866943359,
            -6.557535171508789,
            -1.5903092622756958,
            0.007910728454589844,
            0.24356842041015625,
            -0.060717105865478516,
            0.08849525451660156,
            -0.06686925888061523,
            -0.038382768630981445,
            -0.04224753379821777
        ],
        [
            -5.616303443908691,
            -6.686192989349365,
            -1.5903347730636597,
            0.008314132690429688,
            0.34351611137390137,
            -0.07181763648986816,
            0.12591814994812012,
            -0.10422992706298828,
            -0.03693985939025879,
            -0.05825090408325195
        ],
        [
            -5.655551910400391,
            -6.865702152252197,
            -1.62291419506073,
            0.0012700557708740234,
            0.4538145065307617,
            -0.0976412296295166,
            0.15625834465026855,
            -0.08449006080627441,
            -0.028437376022338867,
            -0.12386250495910645
        ],
        [
            -5.634120941162109,
            -6.630712509155273,
            -1.5942684412002563,
            -0.004469633102416992,
            0.2979884147644043,
            -0.05427241325378418,
            0.11166930198669434,
            -0.10320162773132324,
            -0.041080474853515625,
            -0.050267934799194336
        ],
        [
            -5.75255012512207,
            -6.740933895111084,
            -1.5994278192520142,
            -0.024480342864990234,
            0.40169835090637207,
            -0.06807422637939453,
            0.11976861953735352,
            -0.12055015563964844,
            -0.029642820358276367,
            -0.10843372344970703
        ],
        [
            -5.749711990356445,
            -6.538263320922852,
            -1.587436556816101,
            -0.010315418243408203,
            0.2594950199127197,
            -0.05856680870056152,
            0.04322218894958496,
            -0.05843925476074219,
            -0.030447006225585938,
            -0.07519221305847168
        ],
        [
            -5.752099990844727,
            -6.539053440093994,
            -1.5879181623458862,
            -0.011565923690795898,
            0.2593843936920166,
            -0.057314157485961914,
            0.04322481155395508,
            -0.05918741226196289,
            -0.03061056137084961,
            -0.0751047134399414
        ],
        [
            -5.742976188659668,
            -6.50484561920166,
            -1.5934220552444458,
            -0.01107478141784668,
            0.253403902053833,
            -0.04935336112976074,
            0.040429115295410156,
            -0.06572794914245605,
            -0.028380393981933594,
            -0.0708000659942627
        ],
        [
            -5.694609642028809,
            -6.671903133392334,
            -1.6144720315933228,
            -0.017693758010864258,
            0.30641913414001465,
            -0.039792776107788086,
            0.09133005142211914,
            -0.08008241653442383,
            -0.044173240661621094,
            -0.09337186813354492
        ],
        [
            -5.722072124481201,
            -6.590281963348389,
            -1.6025830507278442,
            -0.0015954971313476562,
            0.3025054931640625,
            -0.07966136932373047,
            0.06582808494567871,
            -0.06673908233642578,
            -0.02608633041381836,
            -0.08563804626464844
        ],
        [
            -5.73757266998291,
            -6.6228861808776855,
            -1.5946780443191528,
            -0.007948160171508789,
            0.30573010444641113,
            -0.0718994140625,
            0.06521368026733398,
            -0.06292009353637695,
            -0.030254602432250977,
            -0.0924232006072998
        ],
        [
            -5.64109468460083,
            -6.560131549835205,
            -1.5971184968948364,
            -0.005647420883178711,
            0.23474931716918945,
            -0.05047035217285156,
            0.09042882919311523,
            -0.0802297592163086,
            -0.04169297218322754,
            -0.03530621528625488
        ],
        [
            -5.673734664916992,
            -6.714056015014648,
            -1.5996192693710327,
            -0.02083277702331543,
            0.33592677116394043,
            -0.03761577606201172,
            0.10823464393615723,
            -0.10231423377990723,
            -0.04712367057800293,
            -0.09318232536315918
        ],
        [
            -5.636650085449219,
            -6.557621479034424,
            -1.596462368965149,
            -0.0024454593658447266,
            0.2305152416229248,
            -0.05197453498840332,
            0.0888833999633789,
            -0.0746912956237793,
            -0.041890859603881836,
            -0.035253047943115234
        ],
        [
            -5.629804611206055,
            -6.8934006690979,
            -1.611263394355774,
            -0.006713151931762695,
            0.472806453704834,
            -0.07428336143493652,
            0.17717671394348145,
            -0.11844706535339355,
            -0.03696775436401367,
            -0.12087225914001465
        ],
        [
            -5.746941089630127,
            -6.537872314453125,
            -1.5855728387832642,
            -0.01964735984802246,
            0.24069881439208984,
            -0.05123090744018555,
            0.04925823211669922,
            -0.053324222564697266,
            -0.034240007400512695,
            -0.07138943672180176
        ],
        [
            -5.750092029571533,
            -6.545663833618164,
            -1.587999939918518,
            -0.01071023941040039,
            0.263150691986084,
            -0.05963492393493652,
            0.04491758346557617,
