{
    "collision_depths": [],
    "collision": false,
    "joint_limit_violation": false,
    "self_collision": false,
    "physical_violations": false,
    "config_smoothness": -5.342144867117054,
    "eff_smoothness": -5.703319477912757,
    "eff_position_path_length": 12.818852134262722,
    "eff_orientation_path_length": 457.12172353391014,
    "physical_success": true,
    "time": 0.29076600074768066,
    "num_steps": 51,
    "trajectory_w": [
        [
            -11.603302001953125,
            -7.138992786407471,
            -2.0943827629089355,
            0.0,
            0.0,
            0.0,
            0.0,
            0.0,
            0.0,
            0.0
        ],
        [
            -11.758500099182129,
            -7.447725772857666,
            -2.1247425079345703,
            -0.052608489990234375,
            0.28812456130981445,
            -0.0856931209564209,
            0.08243727684020996,
            -0.0526890754699707,
            -0.06433439254760742,
            -0.0011165142059326172
        ],
        [
            -11.80529499053955,
            -7.436344623565674,
            -2.1357951164245605,
            -0.028319120407104492,
            0.30318737030029297,
            -0.11134004592895508,
            0.04108881950378418,
            -0.0013484954833984375,
            -0.057289838790893555,
            -0.03737497329711914
        ],
        [
            -11.756807327270508,
            -7.443479061126709,
            -2.1454672813415527,
            -0.04460763931274414,
            0.25333094596862793,
            -0.07051825523376465,
            0.07253623008728027,
            -0.04756641387939453,
            -0.06621503829956055,
            0.004605293273925781
        ],
        [
            -11.879874229431152,
            -7.622682094573975,
            -2.129261016845703,
            -0.05520749092102051,
            0.44516968727111816,
            -0.10881471633911133,
            0.12688016891479492,
            -0.06512022018432617,
            -0.07631492614746094,
            -0.0301055908203125
        ],
        [
            -11.74120807647705,
            -7.4391984939575195,
            -2.135288953781128,
            -0.046163320541381836,
            0.25455141067504883,
            -0.0816199779510498,
            0.08059382438659668,
            -0.04324197769165039,
            -0.06430816650390625,
            0.0031604766845703125
        ],
        [
            -11.819350242614746,
            -7.411078453063965,
            -2.141665458679199,
            -0.029630422592163086,
            0.26967644691467285,
            -0.0920405387878418,
            0.03385210037231445,
            -0.0010879039764404297,
            -0.05948615074157715,
            -0.03384828567504883
        ],
        [
            -11.850409507751465,
            -7.511296272277832,
            -2.15391206741333,
            -0.030033588409423828,
            0.344956636428833,
            -0.11577391624450684,
            0.06256771087646484,
            -0.00461888313293457,
            -0.06517887115478516,
            -0.043768882751464844
        ],
        [
            -11.868391990661621,
            -7.513796806335449,
            -2.1608498096466064,
            -0.03144407272338867,
            0.34094929695129395,
            -0.09834861755371094,
            0.06435585021972656,
            -0.018764257431030273,
            -0.06953668594360352,
            -0.03706049919128418
        ],
        [
            -11.838898658752441,
            -7.656954765319824,
            -2.1604745388031006,
            -0.04193568229675293,
            0.47751498222351074,
            -0.1737668514251709,
            0.13168549537658691,
            -0.016443252563476562,
            -0.0628969669342041,
            -0.04502248764038086
        ],
        [
            -11.87155532836914,
            -7.733492374420166,
            -2.160832643508911,
            -0.04903674125671387,
            0.5478489398956299,
            -0.1874077320098877,
            0.16602468490600586,
            -0.028144359588623047,
            -0.0641181468963623,
            -0.04801344871520996
        ],
        [
            -11.907487869262695,
            -7.665107250213623,
            -2.133540391921997,
            -0.05401468276977539,
            0.48485445976257324,
            -0.11586642265319824,
            0.13740324974060059,
            -0.06828880310058594,
            -0.07647490501403809,
            -0.036020755767822266
        ],
        [
            -11.940150260925293,
            -7.695066452026367,
            -2.1421337127685547,
            -0.05058121681213379,
            0.5139193534851074,
            -0.12132668495178223,
            0.13962674140930176,
            -0.06681632995605469,
            -0.0759730339050293,
            -0.043343305587768555
        ],
        [
            -11.832877159118652,
            -7.4278717041015625,
            -2.1539573669433594,
            -0.030623674392700195,
            0.2686879634857178,
            -0.07387185096740723,
            0.03921842575073242,
            -0.01707744598388672,
            -0.06457328796386719,
            -0.02381443977355957
        ],
        [
            -11.87753677368164,
            -7.578409194946289,
            -2.1345534324645996,
            -0.053133487701416016,
            0.4048500061035156,
            -0.09798431396484375,
            0.10786843299865723,
            -0.05826997756958008,
            -0.07571935653686523,
            -0.027922630310058594
        ],
        [
            -11.825839042663574,
            -7.4407639503479,
            -2.1503982543945312,
            -0.02898883819580078,
            0.27924466133117676,
            -0.0911412239074707,
            0.04350090026855469,
            -0.002881288528442383,
            -0.06326532363891602,
            -0.03459763526916504
        ],
        [
            -11.823126792907715,
            -7.548903942108154,
            -2.1612398624420166,
            -0.030320167541503906,
            0.37863826751708984,
            -0.1397998332977295,
            0.07826566696166992,
            -0.003416299819946289,
            -0.06131386756896973,
            -0.04357552528381348
        ],
        [
            -11.851632118225098,
            -7.6767683029174805,
            -2.163503885269165,
            -0.043227434158325195,
            0.4968831539154053,
            -0.178955078125,
            0.13913607597351074,
            -0.018410205841064453,
            -0.06259465217590332,
            -0.047394514083862305
        ],
        [
            -11.774369239807129,
            -7.390989303588867,
            -2.119143486022949,
            -0.03294205665588379,
            0.2786087989807129,
            -0.10856342315673828,
            0.04046916961669922,
            -0.0042514801025390625,
            -0.053014516830444336,
            -0.032623291015625
        ],
        [
            -11.757031440734863,
            -7.471009254455566,
            -2.127305746078491,
            -0.051825523376464844,
            0.30266284942626953,
            -0.09095144271850586,
            0.09016752243041992,
            -0.05302143096923828,
            -0.0661158561706543,
            -0.0029611587524414062
        ],
        [
            -11.911709785461426,
            -7.686371326446533,
            -2.1700544357299805,
            -0.04033374786376953,
            0.5044596195220947,
            -0.15682601928710938,
            0.1268155574798584,
            -0.02856922149658203,
            -0.06719207763671875,
            -0.05599069595336914
        ],
        [
            -11.838842391967773,
            -7.469613552093506,
            -2.155319929122925,
            -0.029150009155273438,
            0.30174756050109863,
            -0.09498310089111328,
