{
    "collision_depths": [],
    "collision": false,
    "joint_limit_violation": false,
    "self_collision": false,
    "physical_violations": false,
    "config_smoothness": -6.032603105343552,
    "eff_smoothness": -6.090277914194491,
    "eff_position_path_length": 33.340361643936035,
    "eff_orientation_path_length": 1408.3655951658716,
    "physical_success": true,
    "time": 0.7736854553222656,
    "num_steps": 51,
    "trajectory_w": [
        [
            -5.431852340698242,
            -6.795423984527588,
            -1.7414226531982422,
            0.0,
            0.0,
            0.0,
            0.0,
            0.0,
            0.0,
            0.0
        ],
        [
            -5.513822078704834,
            -7.064702987670898,
            -1.7539656162261963,
            -0.018860816955566406,
            0.20673060417175293,
            0.01809549331665039,
            0.0616145133972168,
            0.029369115829467773,
            0.03592658042907715,
            -0.01548624038696289
        ],
        [
            -5.554800510406494,
            -7.941976070404053,
            -1.7521302700042725,
            -0.015047788619995117,
            0.8711023330688477,
            0.01786351203918457,
            0.41358375549316406,
            0.039037227630615234,
            0.19076776504516602,
            -0.04056859016418457
        ],
        [
            -5.50554084777832,
            -7.012230396270752,
            -1.751840353012085,
            -0.018953323364257812,
            0.1792154312133789,
            0.02167654037475586,
            0.04955720901489258,
            0.024475574493408203,
            0.02790355682373047,
            -0.011045217514038086
        ],
        [
            -5.457399368286133,
            -7.193984508514404,
            -1.773557186126709,
            -0.022733688354492188,
            0.28983592987060547,
            0.052376747131347656,
            0.1615290641784668,
            0.01083064079284668,
            0.05124020576477051,
            0.013075590133666992
        ],
        [
            -5.448268890380859,
            -7.063458442687988,
            -1.7672605514526367,
            -0.01985478401184082,
            0.18718504905700684,
            0.03968620300292969,
            0.10808038711547852,
            0.00430607795715332,
            0.030319690704345703,
            0.02562117576599121
        ],
        [
            -5.51746129989624,
            -7.149289608001709,
            -1.7363450527191162,
            -0.012870311737060547,
            0.2696723937988281,
            -0.004053592681884766,
            0.08415746688842773,
            0.032166481018066406,
            0.05327796936035156,
            -0.004096269607543945
        ],
        [
            -5.508106708526611,
            -7.037079811096191,
            -1.7473626136779785,
            -0.016793489456176758,
            0.19263982772827148,
            0.013890504837036133,
            0.05398869514465332,
            0.029709339141845703,
            0.03254246711730957,
            -0.01132345199584961
        ],
        [
            -5.494758129119873,
            -7.568448066711426,
            -1.7592623233795166,
            -0.02078843116760254,
            0.5818686485290527,
            0.03483128547668457,
            0.30469298362731934,
            0.03736686706542969,
            0.11777448654174805,
            -0.0049610137939453125
        ],
        [
            -5.55263614654541,
            -7.651144981384277,
            -1.7495362758636475,
            -0.012272834777832031,
            0.6468727588653564,
            0.0070590972900390625,
            0.27625370025634766,
            0.04091596603393555,
            0.14703845977783203,
            -0.025648832321166992
        ],
        [
            -5.550365924835205,
            -7.6812262535095215,
            -1.7497334480285645,
            -0.012032270431518555,
            0.6709346771240234,
            0.007696390151977539,
            0.29333996772766113,
            0.04332399368286133,
            0.15238022804260254,
            -0.02698373794555664
        ],
        [
            -5.54277229309082,
            -7.8655686378479,
            -1.7530031204223633,
            -0.016669034957885742,
            0.8145415782928467,
            0.018204689025878906,
            0.38971900939941406,
            0.04019427299499512,
            0.1779928207397461,
            -0.032172203063964844
        ],
        [
            -5.489875316619873,
            -7.484188556671143,
            -1.7649879455566406,
            -0.023235797882080078,
            0.5155153274536133,
            0.04107856750488281,
            0.27388954162597656,
            0.033028602600097656,
            0.10146212577819824,
            -0.0063629150390625
        ],
        [
            -5.447983741760254,
            -7.04767370223999,
            -1.760854721069336,
            -0.019842147827148438,
            0.1794142723083496,
            0.03429698944091797,
            0.10293173789978027,
            0.004018545150756836,
            0.02904820442199707,
            0.029776334762573242
        ],
        [
            -5.4661149978637695,
            -7.205796241760254,
            -1.7766284942626953,
            -0.022474050521850586,
            0.25512123107910156,
            0.03709268569946289,
            0.14375519752502441,
            0.021755456924438477,
            0.04522085189819336,
            0.010074615478515625
        ],
        [
            -5.5519022941589355,
            -7.6432881355285645,
            -1.7487993240356445,
            -0.012169122695922852,
            0.6408488750457764,
            0.006426095962524414,
            0.2735302448272705,
            0.03853893280029297,
            0.14506030082702637,
            -0.025323152542114258
        ],
        [
            -5.483307361602783,
            -7.396766185760498,
            -1.7725470066070557,
            -0.023252248764038086,
            0.4510493278503418,
            0.0489046573638916,
            0.2382035255432129,
            0.027114391326904297,
            0.08622121810913086,
            -0.006880283355712891
        ],
        [
            -5.5484232902526855,
            -7.890219688415527,
            -1.7524688243865967,
            -0.015721559524536133,
            0.8329565525054932,
            0.01809549331665039,
            0.39643383026123047,
            0.03975796699523926,
            0.18236041069030762,
            -0.0352475643157959
        ],
        [
            -5.492696762084961,
            -7.56869649887085,
            -1.7587029933929443,
            -0.02003335952758789,
            0.5824027061462402,
            0.034117937088012695,
            0.3043835163116455,
            0.0398259162902832,
            0.11834287643432617,
            -0.0033295154571533203
        ],
        [
            -5.542803764343262,
            -7.860494136810303,
            -1.7525475025177002,
            -0.016095399856567383,
            0.8108077049255371,
            0.017688751220703125,
            0.38756847381591797,
            0.04014706611633301,
            0.1775054931640625,
            -0.03140401840209961
        ],
        [
            -5.515371799468994,
            -7.1561689376831055,
            -1.7328860759735107,
            -0.010882377624511719,
            0.2993009090423584,
            -0.0008509159088134766,
            0.0940556526184082,
            0.025263547897338867,
            0.059839487075805664,
            0.0007989406585693359
        ],
        [
            -5.54972505569458,
            -7.8386030197143555,
            -1.7525358200073242,
            -0.014851570129394531,
            0.7924768924713135,
            0.018882274627685547,
            0.3732757568359375,
            0.04042243957519531,
