{
    "collision_depths": [],
    "collision": false,
    "joint_limit_violation": false,
    "self_collision": false,
    "physical_violations": false,
    "config_smoothness": -9.866937182909227,
    "eff_smoothness": -10.087877360232797,
    "eff_position_path_length": 22.03256559763877,
    "eff_orientation_path_length": 901.6249526104486,
    "physical_success": true,
    "time": 0.3532524108886719,
    "num_steps": 51,
    "trajectory_w": [
        [
            -5.441834449768066,
            -6.987953186035156,
            2.608064889907837,
            0.0,
            0.0,
            0.0,
            0.0,
            0.0,
            0.0,
            0.0
        ],
        [
            -6.4145097732543945,
            -6.523093223571777,
            2.557825803756714,
            -0.019535064697265625,
            0.8043479919433594,
            0.01360011100769043,
            0.3335869312286377,
            0.11870670318603516,
            0.14301776885986328,
            0.0608973503112793
        ],
        [
            -5.7100725173950195,
            -6.800201416015625,
            2.5890369415283203,
            -0.019034624099731445,
            0.2380359172821045,
            0.005982637405395508,
            0.057734012603759766,
            0.06902194023132324,
            0.022327661514282227,
            0.008600473403930664
        ],
        [
            -5.79334831237793,
            -6.814173221588135,
            2.555194854736328,
            -0.03408622741699219,
            0.2748429775238037,
            0.04357433319091797,
            0.13104581832885742,
            0.025053024291992188,
            0.02096724510192871,
            0.04177260398864746
        ],
        [
            -6.001894474029541,
            -6.729740619659424,
            2.5631988048553467,
            -0.031031370162963867,
            0.44698476791381836,
            0.02450275421142578,
            0.20902228355407715,
            0.057367801666259766,
            0.055316925048828125,
            0.058388710021972656
        ],
        [
            -5.835646152496338,
            -6.746282577514648,
            2.592228412628174,
            -0.01754474639892578,
            0.3267815113067627,
            -0.005015850067138672,
            0.09377098083496094,
            0.07828855514526367,
            0.040126800537109375,
            0.020693063735961914
        ],
        [
            -5.760176658630371,
            -6.830078601837158,
            2.5586321353912354,
            -0.034655094146728516,
            0.24428510665893555,
            0.036802053451538086,
            0.1182551383972168,
            0.020885467529296875,
            0.016126155853271484,
            0.04317140579223633
        ],
        [
            -5.752399921417236,
            -6.834512710571289,
            2.5586135387420654,
            -0.03362894058227539,
            0.23372602462768555,
            0.03611588478088379,
            0.11368489265441895,
            0.02062249183654785,
            0.01419973373413086,
            0.0426335334777832
        ],
        [
            -6.4563212394714355,
            -6.486602306365967,
            2.562145948410034,
            -0.021154403686523438,
            0.8391666412353516,
            0.026829957962036133,
            0.3475151062011719,
            0.1101980209350586,
            0.147369384765625,
            0.06030154228210449
        ],
        [
            -6.253586292266846,
            -6.603849411010742,
            2.5589678287506104,
            -0.027920007705688477,
            0.6682422161102295,
            0.016846179962158203,
            0.2799537181854248,
            0.09609580039978027,
            0.10947632789611816,
            0.05872821807861328
        ],
        [
            -5.7320027351379395,
            -6.840523719787598,
            2.561323881149292,
            -0.035024166107177734,
            0.21980738639831543,
            0.032294511795043945,
            0.1068716049194336,
            0.018640756607055664,
            0.012344598770141602,
            0.042937278747558594
        ],
        [
            -6.1802754402160645,
            -6.587558746337891,
            2.5678019523620605,
            -0.03179144859313965,
            0.6021616458892822,
            0.040778160095214844,
            0.24987244606018066,
            0.08222723007202148,
            0.09134364128112793,
            0.043976545333862305
        ],
        [
            -6.085511207580566,
            -6.629228591918945,
            2.5632872581481934,
            -0.03831934928894043,
            0.5230419635772705,
            0.043554067611694336,
            0.22048377990722656,
            0.0763556957244873,
            0.07438445091247559,
            0.035187482833862305
        ],
        [
            -5.7858476638793945,
            -6.802479267120361,
            2.5471508502960205,
            -0.034763336181640625,
            0.27684736251831055,
            0.05944395065307617,
            0.11833930015563965,
            0.028834104537963867,
            0.02184319496154785,
            0.029967308044433594
        ],
        [
            -5.728834629058838,
            -6.791123867034912,
            2.594836711883545,
            -0.017464637756347656,
            0.2445507049560547,
            -0.003052949905395508,
            0.06265902519226074,
            0.07115030288696289,
            0.023084640502929688,
            0.011794328689575195
        ],
        [
            -5.746504783630371,
            -6.825024127960205,
            2.5540990829467773,
            -0.03583717346191406,
            0.24512958526611328,
            0.048134565353393555,
            0.11049365997314453,
            0.020735979080200195,
            0.016181230545043945,
            0.03628230094909668
        ],
        [
            -5.724109172821045,
            -6.840301036834717,
            2.558332681655884,
            -0.03589153289794922,
            0.21904325485229492,
            0.037975311279296875,
            0.10294890403747559,
            0.016749858856201172,
            0.011940479278564453,
            0.04026651382446289
        ],
        [
            -6.327549457550049,
            -6.530292510986328,
            2.568666458129883,
            -0.0267636775970459,
            0.7303433418273926,
            0.038015127182006836,
            0.30248260498046875,
            0.08928918838500977,
            0.12015008926391602,
            0.05517578125
        ],
        [
            -6.143945217132568,
            -6.603793621063232,
            2.567254066467285,
            -0.03336739540100098,
            0.5712029933929443,
            0.041875600814819336,
            0.23909902572631836,
            0.07846188545227051,
            0.08419013023376465,
            0.042083024978637695
        ],
        [
            -6.12006139755249,
            -6.615519046783447,
            2.5676779747009277,
            -0.031792640686035156,
            0.5482771396636963,
            0.04180479049682617,
            0.22752833366394043,
            0.07924318313598633,
            0.07930207252502441,
            0.039620161056518555
        ],
        [
            -6.016347885131836,
            -6.748978614807129,
            2.572589635848999,
            -0.016283035278320312,
            0.45946288108825684,
            0.0017137527465820312,
            0.19809198379516602,
            0.06167721748352051,
            0.0610964298248291,
            0.06644988059997559
        ],
        [
            -5.73451566696167,
            -6.836719512939453,
            2.558358907699585,
            -0.03544926643371582,
            0.22714662551879883,
            0.03809309005737305,
            0.10750174522399902,
            0.017535924911499023,
            0.013160228729248047,
            0.041011810302734375
