{
    "collision_depths": [],
    "collision": false,
    "joint_limit_violation": false,
    "self_collision": false,
    "physical_violations": false,
    "config_smoothness": -6.815958243601272,
    "eff_smoothness": -7.204827168106315,
    "eff_position_path_length": 14.818090519556012,
    "eff_orientation_path_length": 583.9856739378654,
    "physical_success": true,
    "time": 0.426832914352417,
    "num_steps": 51,
    "trajectory_w": [
        [
            -9.03117561340332,
            -9.211282730102539,
            -0.3458874225616455,
            0.0,
            0.0,
            0.0,
            0.0,
            0.0,
            0.0,
            0.0
        ],
        [
            -8.453519821166992,
            -9.346609115600586,
            -0.4209718704223633,
            -0.02631354331970215,
            0.4415881633758545,
            -0.05368208885192871,
            0.18193864822387695,
            -0.024019718170166016,
            0.040053606033325195,
            -0.10088968276977539
        ],
        [
            -8.3766508102417,
            -9.450435638427734,
            -0.4207746982574463,
            -0.016725778579711914,
            0.48586249351501465,
            -0.011838674545288086,
            0.17701148986816406,
            -0.0260465145111084,
            0.03764677047729492,
            -0.12931466102600098
        ],
        [
            -8.518893241882324,
            -9.37327766418457,
            -0.40729451179504395,
            -0.021149873733520508,
            0.3904287815093994,
            -0.04751229286193848,
            0.13532757759094238,
            0.0024900436401367188,
            0.03315997123718262,
            -0.10792708396911621
        ],
        [
            -8.393927574157715,
            -9.420485496520996,
            -0.4313771724700928,
            -0.020365238189697266,
            0.4793386459350586,
            0.005741596221923828,
            0.18593406677246094,
            -0.06069040298461914,
            0.03191518783569336,
            -0.11209940910339355
        ],
        [
            -8.211976051330566,
            -9.463546752929688,
            -0.4385085105895996,
            -0.016803264617919922,
            0.6198954582214355,
            -0.02886676788330078,
            0.24463200569152832,
            -0.05108356475830078,
            0.061103105545043945,
            -0.1500542163848877
        ],
        [
            -8.593721389770508,
            -9.36723804473877,
            -0.4316678047180176,
            -0.026469707489013672,
            0.3169596195220947,
            0.03173542022705078,
            0.11585211753845215,
            -0.05170869827270508,
            0.005732536315917969,
            -0.07108807563781738
        ],
        [
            -8.549749374389648,
            -9.398065567016602,
            -0.4030587673187256,
            -0.01920914649963379,
            0.3651695251464844,
            -0.029392004013061523,
            0.11397409439086914,
            0.007793903350830078,
            0.02548813819885254,
            -0.10870480537414551
        ],
        [
            -8.374139785766602,
            -9.39578914642334,
            -0.4352688789367676,
            -0.021831989288330078,
            0.500638484954834,
            -0.013477087020874023,
            0.2022998332977295,
            -0.06390070915222168,
            0.03876829147338867,
            -0.10788893699645996
        ],
        [
            -8.381331443786621,
            -9.36604118347168,
            -0.43319249153137207,
            -0.024111032485961914,
            0.4933650493621826,
            -0.05087900161743164,
            0.20545649528503418,
            -0.030759096145629883,
            0.046996355056762695,
            -0.11174511909484863
        ],
        [
            -8.303717613220215,
            -9.422847747802734,
            -0.4406123161315918,
            -0.01927971839904785,
            0.5568320751190186,
            -0.01956319808959961,
            0.22024774551391602,
            -0.06220197677612305,
            0.04896187782287598,
            -0.1259455680847168
        ],
        [
            -8.625448226928711,
            -9.358128547668457,
            -0.39223742485046387,
            -0.02263331413269043,
            0.3145153522491455,
            -0.04494428634643555,
            0.10107564926147461,
            0.012448549270629883,
            0.021181583404541016,
            -0.09306883811950684
        ],
        [
            -8.467514038085938,
            -9.34035587310791,
            -0.4220099449157715,
            -0.027739286422729492,
            0.4328575134277344,
            -0.049463510513305664,
            0.18074822425842285,
            -0.030078649520874023,
            0.037506103515625,
            -0.09481215476989746
        ],
        [
            -8.277902603149414,
            -9.454668998718262,
            -0.42758750915527344,
            -0.016408920288085938,
            0.5617408752441406,
            -0.02353191375732422,
            0.21852779388427734,
            -0.037688493728637695,
            0.050794124603271484,
            -0.14116477966308594
        ],
        [
            -8.312600135803223,
            -9.459038734436035,
            -0.4258546829223633,
            -0.01614212989807129,
            0.5373549461364746,
            -0.011527061462402344,
            0.2028350830078125,
            -0.042746782302856445,
            0.044854164123535156,
            -0.1354517936706543
        ],
        [
            -8.527196884155273,
            -9.349821090698242,
            -0.42470526695251465,
            -0.02933955192565918,
            0.3728799819946289,
            -0.00011205673217773438,
            0.15879130363464355,
            -0.05997467041015625,
            0.017925024032592773,
            -0.07253122329711914
        ],
        [
            -8.486403465270996,
            -9.330633163452148,
            -0.4154937267303467,
            -0.026895999908447266,
            0.4141221046447754,
            -0.04904603958129883,
            0.174882173538208,
            -0.027808427810668945,
            0.03408312797546387,
            -0.08935046195983887
        ],
        [
            -8.512373924255371,
            -9.424080848693848,
            -0.42652177810668945,
            -0.019626617431640625,
            0.38663196563720703,
            0.014943838119506836,
            0.1279582977294922,
            -0.03197789192199707,
            0.018979549407958984,
            -0.10245418548583984
        ],
        [
            -8.198287010192871,
            -9.457048416137695,
            -0.4399838447570801,
            -0.016518115997314453,
            0.628568172454834,
            -0.033402204513549805,
            0.2532191276550293,
            -0.05018162727355957,
            0.0629270076751709,
            -0.14963364601135254
        ],
        [
            -8.401440620422363,
            -9.420145988464355,
            -0.4189798831939697,
            -0.019086122512817383,
            0.47130656242370605,
            -0.03655719757080078,
            0.1710958480834961,
            -0.00798177719116211,
            0.04238724708557129,
            -0.12903881072998047
        ],
        [
            -8.370304107666016,
            -9.45198917388916,
            -0.42105937004089355,
            -0.0169217586517334,
            0.49118876457214355,
            -0.013181686401367188,
            0.17939090728759766,
            -0.025747060775756836,
            0.03879809379577637,
            -0.1307051181793213
        ],
        [
            -8.526466369628906,
            -9.373772621154785,
            -0.4243640899658203,
            -0.027896642684936523,
            0.37177133560180664,
            0.012964248657226562,
            0.15108537673950195,
