{
    "collision_depths": [],
    "collision": false,
    "joint_limit_violation": false,
    "self_collision": false,
    "physical_violations": false,
    "config_smoothness": -9.229847456109919,
    "eff_smoothness": -9.922771055897618,
    "eff_position_path_length": 17.121352795377785,
    "eff_orientation_path_length": 637.9218272979562,
    "physical_success": true,
    "time": 0.28720855712890625,
    "num_steps": 51,
    "trajectory_w": [
        [
            -10.675108909606934,
            -9.360486030578613,
            2.9622254371643066,
            0.0,
            0.0,
            0.0,
            0.0,
            0.0,
            0.0,
            0.0
        ],
        [
            -11.561116218566895,
            -9.238997459411621,
            2.888695478439331,
            -0.04032611846923828,
            0.666999340057373,
            -0.12589001655578613,
            0.2776980400085449,
            -0.01904606819152832,
            0.03048110008239746,
            -0.13611340522766113
        ],
        [
            -11.078314781188965,
            -9.223624229431152,
            2.9254465103149414,
            -0.024985790252685547,
            0.3094170093536377,
            -0.05729413032531738,
            0.07935857772827148,
            0.01433420181274414,
            -0.006754398345947266,
            -0.08045315742492676
        ],
        [
            -11.027176856994629,
            -9.310164451599121,
            2.9429268836975098,
            -0.036029815673828125,
            0.24847865104675293,
            -0.06043529510498047,
            0.12391138076782227,
            -0.014022588729858398,
            -0.013565778732299805,
            -0.03329157829284668
        ],
        [
            -10.995285034179688,
            -9.270801544189453,
            2.9560611248016357,
            -0.03707456588745117,
            0.23363494873046875,
            -0.053557634353637695,
            0.09774613380432129,
            -0.005504131317138672,
            -0.014993906021118164,
            -0.04059171676635742
        ],
        [
            -11.043956756591797,
            -9.272760391235352,
            2.9263100624084473,
            -0.027190446853637695,
            0.2869138717651367,
            -0.07442283630371094,
            0.09237885475158691,
            0.03174328804016113,
            -0.0051801204681396484,
            -0.0839226245880127
        ],
        [
            -11.075579643249512,
            -9.312230110168457,
            2.9277493953704834,
            -0.035613298416137695,
            0.2761664390563965,
            -0.05169820785522461,
            0.13576221466064453,
            -0.024849653244018555,
            -0.015080928802490234,
            -0.034496307373046875
        ],
        [
            -10.97412109375,
            -9.263755798339844,
            2.934274673461914,
            -0.019283294677734375,
            0.2433032989501953,
            -0.053098440170288086,
            0.057355403900146484,
            0.02041149139404297,
            -0.00921940803527832,
            -0.06531190872192383
        ],
        [
            -11.369025230407715,
            -9.189748764038086,
            2.903595447540283,
            -0.0348811149597168,
            0.5168838500976562,
            -0.08281373977661133,
            0.1830298900604248,
            -0.010122299194335938,
            0.010540962219238281,
            -0.12428689002990723
        ],
        [
            -11.009217262268066,
            -9.326412200927734,
            2.9229044914245605,
            -0.031932830810546875,
            0.2184140682220459,
            -0.04250311851501465,
            0.10775089263916016,
            -0.01945328712463379,
            -0.01744365692138672,
            -0.023818016052246094
        ],
        [
            -11.000748634338379,
            -9.326103210449219,
            2.9247708320617676,
            -0.03252553939819336,
            0.213639497756958,
            -0.04313826560974121,
            0.10647845268249512,
            -0.018340349197387695,
            -0.017262935638427734,
            -0.023266315460205078
        ],
        [
            -11.398045539855957,
            -9.281926155090332,
            2.9179463386535645,
            -0.028635740280151367,
            0.5346829891204834,
            -0.10500192642211914,
            0.23490142822265625,
            -0.022628307342529297,
            0.012417316436767578,
            -0.08787703514099121
        ],
        [
            -11.494378089904785,
            -9.235541343688965,
            2.9242660999298096,
            -0.021699905395507812,
            0.6019868850708008,
            -0.1129755973815918,
            0.2535891532897949,
            -0.019730567932128906,
            0.020565509796142578,
            -0.10850238800048828
        ],
        [
            -11.212947845458984,
            -9.325493812561035,
            2.9079859256744385,
            -0.027115345001220703,
            0.38991332054138184,
            -0.08345317840576172,
            0.16067767143249512,
            -0.0070896148681640625,
            0.0006158351898193359,
            -0.064453125
        ],
        [
            -11.004631042480469,
            -9.320096015930176,
            2.9230260848999023,
            -0.0340123176574707,
            0.21435976028442383,
            -0.0410771369934082,
            0.10677528381347656,
            -0.020142316818237305,
            -0.018109798431396484,
            -0.02276301383972168
        ],
        [
            -11.13090705871582,
            -9.207443237304688,
            2.922023296356201,
            -0.03438305854797363,
            0.33588171005249023,
            -0.028890371322631836,
            0.11275625228881836,
            -0.029558658599853516,
            -0.014296770095825195,
            -0.06314539909362793
        ],
        [
            -11.21174144744873,
            -9.320682525634766,
            2.92042875289917,
            -0.0279085636138916,
            0.3843863010406494,
            -0.07180428504943848,
            0.17166590690612793,
            -0.023448467254638672,
            -0.0049669742584228516,
            -0.05520749092102051
        ],
        [
            -11.173832893371582,
            -9.306139945983887,
            2.922248125076294,
            -0.031502723693847656,
            0.3518397808074951,
            -0.0603330135345459,
            0.16287684440612793,
            -0.030481338500976562,
            -0.009966850280761719,
            -0.047007083892822266
        ],
        [
            -11.059627532958984,
            -9.250980377197266,
            2.9595282077789307,
            -0.03258514404296875,
            0.3080129623413086,
            -0.08543777465820312,
            0.11058497428894043,
            0.001863241195678711,
            -0.0038809776306152344,
            -0.059279680252075195
        ],
        [
            -11.003764152526855,
            -9.324323654174805,
            2.9234657287597656,
            -0.03297781944274902,
            0.21470022201538086,
            -0.04133939743041992,
            0.1067507266998291,
            -0.020018339157104492,
            -0.017835378646850586,
            -0.023160934448242188
        ],
        [
            -11.010496139526367,
            -9.242666244506836,
            2.9029979705810547,
            -0.025280237197875977,
            0.24244403839111328,
            -0.01230311393737793,
            0.05887031555175781,
            -0.00942540168762207,
            -0.018990755081176758,
            -0.05312943458557129
        ],
        [
            -11.120484352111816,
            -9.336163520812988,
            2.917588233947754,
            -0.027274131774902344,
            0.30709075927734375,
            -0.05427289009094238,
            0.13786959648132324,
