{
    "collision_depths": [],
    "collision": false,
    "joint_limit_violation": false,
    "self_collision": false,
    "physical_violations": false,
    "config_smoothness": -4.573536458581464,
    "eff_smoothness": -4.753317678427824,
    "eff_position_path_length": 34.61036983958281,
    "eff_orientation_path_length": 1176.8199279168996,
    "physical_success": true,
    "time": 0.4412391185760498,
    "num_steps": 51,
    "trajectory_w": [
        [
            -6.854631423950195,
            -6.160376071929932,
            -1.215753197669983,
            0.0,
            0.0,
            0.0,
            0.0,
            0.0,
            0.0,
            0.0
        ],
        [
            -6.824746131896973,
            -6.475027084350586,
            -1.2526971101760864,
            -0.024500370025634766,
            0.19740867614746094,
            -0.02713298797607422,
            0.01506662368774414,
            0.017809391021728516,
            -0.025897502899169922,
            0.025163888931274414
        ],
        [
            -6.494534969329834,
            -7.128116130828857,
            -1.2480708360671997,
            -0.029761791229248047,
            0.7330012321472168,
            -0.09299302101135254,
            0.23590540885925293,
            0.027683258056640625,
            0.0033326148986816406,
            -0.023276090621948242
        ],
        [
            -6.7253899574279785,
            -6.447721004486084,
            -1.2580782175064087,
            -0.028548002243041992,
            0.18608808517456055,
            -0.043344974517822266,
            0.0682823657989502,
            0.008925914764404297,
            -0.027725696563720703,
            0.048982858657836914
        ],
        [
            -6.560718536376953,
            -6.9731125831604,
            -1.2669280767440796,
            -0.02919292449951172,
            0.6220059394836426,
            -0.09678149223327637,
            0.17039251327514648,
            0.04048800468444824,
            0.003956794738769531,
            -0.02498626708984375
        ],
        [
            -6.753021240234375,
            -6.413559436798096,
            -1.2383381128311157,
            -0.03041672706604004,
            0.17310190200805664,
            -0.04996895790100098,
            0.05661153793334961,
            0.01305532455444336,
            -0.025093793869018555,
            0.05030035972595215
        ],
        [
            -6.588009834289551,
            -6.936064720153809,
            -1.2640644311904907,
            -0.026329755783081055,
            0.608250617980957,
            -0.09195542335510254,
            0.17037296295166016,
            0.024008512496948242,
            0.0006415843963623047,
            0.01733994483947754
        ],
        [
            -6.500030040740967,
            -7.058642387390137,
            -1.2651461362838745,
            -0.02915811538696289,
            0.7020363807678223,
            -0.10323548316955566,
            0.21968960762023926,
            0.03622150421142578,
            0.005342006683349609,
            -0.00823664665222168
        ],
        [
            -6.581491470336914,
            -6.911109447479248,
            -1.2675787210464478,
            -0.036136627197265625,
            0.5644676685333252,
            -0.08403587341308594,
            0.1599130630493164,
            0.0373845100402832,
            -0.003634214401245117,
            -0.03228020668029785
        ],
        [
            -6.751190185546875,
            -6.371216773986816,
            -1.2337502241134644,
            -0.02742147445678711,
            0.20572280883789062,
            -0.028689146041870117,
            0.04473733901977539,
            0.009013652801513672,
            -0.015059471130371094,
            0.0023756027221679688
        ],
        [
            -6.708165645599365,
            -6.706884384155273,
            -1.2524904012680054,
            -0.06137371063232422,
            0.361605167388916,
            -0.06147003173828125,
            0.12644386291503906,
            0.02003622055053711,
            -0.02508401870727539,
            0.004822254180908203
        ],
        [
            -6.58189058303833,
            -6.728394508361816,
            -1.2298132181167603,
            -0.022545576095581055,
            0.4339425563812256,
            -0.05336642265319824,
            0.1604142189025879,
            0.013387441635131836,
            -0.02744150161743164,
            0.021685123443603516
        ],
        [
            -6.528747081756592,
            -6.997670650482178,
            -1.2385567426681519,
            -0.030521869659423828,
            0.6321241855621338,
            -0.07731914520263672,
            0.21863913536071777,
            0.01641082763671875,
            -0.01121830940246582,
            0.01171422004699707
        ],
        [
            -6.78835391998291,
            -6.446767330169678,
            -1.2731901407241821,
            -0.026628494262695312,
            0.1702585220336914,
            -0.014477014541625977,
            0.0305633544921875,
            0.007192373275756836,
            -0.029943227767944336,
            0.030245304107666016
        ],
        [
            -6.7682929039001465,
            -6.448134899139404,
            -1.271128535270691,
            -0.026145458221435547,
            0.16843223571777344,
            -0.022391319274902344,
            0.03981494903564453,
            0.008229732513427734,
            -0.030506134033203125,
            0.037487030029296875
        ],
        [
            -6.824607849121094,
            -6.4591288566589355,
            -1.2559581995010376,
            -0.03186798095703125,
            0.19260096549987793,
            -0.01621270179748535,
            0.0224301815032959,
            0.008991241455078125,
            -0.025412321090698242,
            0.02268362045288086
        ],
        [
            -6.737967491149902,
            -6.4201979637146,
            -1.2306917905807495,
            -0.02571415901184082,
            0.1921830177307129,
            -0.05932903289794922,
            0.05494499206542969,
            0.021404504776000977,
            -0.0228731632232666,
            0.04295182228088379
        ],
        [
            -6.740747928619385,
            -6.453392028808594,
            -1.2334195375442505,
            -0.040168046951293945,
            0.20925641059875488,
            -0.04223227500915527,
            0.0781106948852539,
            -0.0011591911315917969,
            -0.027116060256958008,
            0.047934770584106445
        ],
        [
            -6.736026287078857,
            -6.379424095153809,
            -1.2274593114852905,
            -0.02705979347229004,
            0.17762970924377441,
            -0.04760575294494629,
            0.05569195747375488,
            0.012674331665039062,
            -0.021712303161621094,
            0.031252145767211914
        ],
        [
            -6.790128707885742,
            -6.414660453796387,
            -1.2117489576339722,
            -0.025296926498413086,
            0.19423627853393555,
            -0.05524325370788574,
            0.02897191047668457,
            0.025959014892578125,
            -0.020227670669555664,
            0.022092819213867188
        ],
        [
            -6.741825580596924,
            -6.403417110443115,
            -1.248024821281433,
            -0.029665708541870117,
            0.16879510879516602,
            -0.04096245765686035,
            0.057506561279296875,
            0.006308555603027344,
            -0.02573108673095703,
            0.048395633697509766
        ],
        [
            -6.489701747894287,
            -7.117791652679443,
            -1.2591506242752075,
            -0.03034687042236328,
            0.7349364757537842,
            -0.10103917121887207,
            0.23236989974975586,
