{
    "collision_depths": [
        0.013049409049219779,
        0.006238762618202228
    ],
    "collision": true,
    "joint_limit_violation": false,
    "self_collision": false,
    "physical_violations": true,
    "config_smoothness": -6.205295837455562,
    "eff_smoothness": -6.325287149898556,
    "eff_position_path_length": 38.35516376218602,
    "eff_orientation_path_length": 1352.1757640972053,
    "physical_success": false,
    "time": 0.3237016201019287,
    "num_steps": 51,
    "trajectory_w": [
        [
            -5.936138153076172,
            -2.5994129180908203,
            0.35141050815582275,
            0.0,
            0.0,
            0.0,
            0.0,
            0.0,
            0.0,
            0.0
        ],
        [
            -5.617169380187988,
            -2.4628183841705322,
            0.30947625637054443,
            -0.029035329818725586,
            0.19646024703979492,
            0.013376712799072266,
            0.08994889259338379,
            -0.019672393798828125,
            0.01511526107788086,
            0.025344371795654297
        ],
        [
            -5.159385681152344,
            -2.261122703552246,
            0.32966578006744385,
            -0.022639989852905273,
            0.518949031829834,
            0.014019012451171875,
            0.20621681213378906,
            0.02744579315185547,
            0.04828667640686035,
            -0.005516767501831055
        ],
        [
            -5.656904220581055,
            -2.5285744667053223,
            0.3293849229812622,
            -0.02017807960510254,
            0.1925523281097412,
            0.011726140975952148,
            0.030539751052856445,
            0.002594470977783203,
            0.01511073112487793,
            -0.011109352111816406
        ],
        [
            -5.648704528808594,
            -2.53000545501709,
            0.3391324281692505,
            -0.019577980041503906,
            0.1904759407043457,
            0.0010571479797363281,
            0.030751705169677734,
            0.01427769660949707,
            0.015926837921142578,
            -0.016448020935058594
        ],
        [
            -4.7159929275512695,
            -2.111830234527588,
            0.3165544271469116,
            -0.03488802909851074,
            0.8426337242126465,
            0.0007328987121582031,
            0.3014523983001709,
            0.035063982009887695,
            0.10338711738586426,
            -0.03858160972595215
        ],
        [
            -5.574933052062988,
            -2.4526355266571045,
            0.2956153154373169,
            -0.026705265045166016,
            0.22778940200805664,
            0.0312349796295166,
            0.09316730499267578,
            -0.023548364639282227,
            0.015261411666870117,
            0.013896942138671875
        ],
        [
            -5.597167015075684,
            -2.501917839050293,
            0.3503528833389282,
            -0.026667118072509766,
            0.21181368827819824,
            -0.02121901512145996,
            0.05192232131958008,
            0.02515411376953125,
            0.022896528244018555,
            -0.012432575225830078
        ],
        [
            -5.573553562164307,
            -2.4414217472076416,
            0.30645453929901123,
            -0.027637004852294922,
            0.23197221755981445,
            0.023830652236938477,
            0.10234761238098145,
            -0.021830320358276367,
            0.017414569854736328,
            0.019388914108276367
        ],
        [
            -5.6479034423828125,
            -2.4814271926879883,
            0.3082984685897827,
            -0.029395341873168945,
            0.16888189315795898,
            0.009856939315795898,
            0.07950711250305176,
            -0.016230106353759766,
            0.012111663818359375,
            0.025582313537597656
        ],
        [
            -4.705824851989746,
            -2.107664108276367,
            0.316550612449646,
            -0.03492903709411621,
            0.8497920036315918,
            0.0007531642913818359,
            0.30409836769104004,
            0.03485989570617676,
            0.10445189476013184,
            -0.03898310661315918
        ],
        [
            -4.606857776641846,
            -2.0666556358337402,
            0.31584012508392334,
            -0.03383207321166992,
            0.9175004959106445,
            0.001804351806640625,
            0.32923340797424316,
            0.03290295600891113,
            0.11386609077453613,
            -0.04571962356567383
        ],
        [
            -5.475655555725098,
            -2.3889451026916504,
            0.31970441341400146,
            -0.026990890502929688,
            0.3062441349029541,
            0.03005242347717285,
            0.13520216941833496,
            -0.009300947189331055,
            0.023851633071899414,
            0.0063152313232421875
        ],
        [
            -5.221555233001709,
            -2.2840163707733154,
            0.3282879590988159,
            -0.02493429183959961,
            0.4733455181121826,
            0.020103931427001953,
            0.19425535202026367,
            0.024243831634521484,
            0.041047096252441406,
            -0.008623838424682617
        ],
        [
            -4.8733086585998535,
            -2.1694817543029785,
            0.31855714321136475,
            -0.03388667106628418,
            0.7333071231842041,
            -0.000637054443359375,
            0.2642097473144531,
            0.03483390808105469,
            0.08703947067260742,
            -0.0233304500579834
        ],
        [
            -5.627687931060791,
            -2.470909357070923,
            0.30656898021698,
            -0.02848219871520996,
            0.18895483016967773,
            0.015345335006713867,
            0.08430886268615723,
            -0.02203965187072754,
            0.01374673843383789,
            0.025735855102539062
        ],
        [
            -5.648582458496094,
            -2.4831464290618896,
            0.31405389308929443,
            -0.028878450393676758,
            0.1642601490020752,
            0.002645254135131836,
            0.08003497123718262,
            -0.008833169937133789,
            0.012880802154541016,
            0.02418375015258789
        ],
        [
            -5.647043704986572,
            -2.4824090003967285,
            0.3069993257522583,
            -0.029165029525756836,
            0.17014026641845703,
            0.011195182800292969,
            0.07843732833862305,
            -0.01835918426513672,
            0.011806964874267578,
            0.026308774948120117
        ],
        [
            -4.60019063949585,
            -2.063708543777466,
            0.31603801250457764,
            -0.033689260482788086,
            0.9221246242523193,
            0.0015931129455566406,
            0.3309173583984375,
            0.03285360336303711,
            0.11478590965270996,
            -0.04608559608459473
        ],
        [
            -5.524161338806152,
            -2.482651710510254,
            0.3410550355911255,
            -0.02475595474243164,
            0.26128673553466797,
            -0.021439313888549805,
            0.05014300346374512,
            0.025592327117919922,
            0.028555631637573242,
            -0.01602315902709961
        ],
        [
            -4.832054138183594,
            -2.158423662185669,
            0.3174554109573364,
            -0.03518104553222656,
            0.7614741325378418,
            -0.0004341602325439453,
            0.27175045013427734,
            0.03623175621032715,
            0.09171533584594727,
            -0.030185222625732422
        ],
        [
            -4.629939556121826,
            -2.076341152191162,
            0.3158363103866577,
            -0.034363746643066406,
            0.9015648365020752,
