{
    "collision_depths": [],
    "collision": false,
    "joint_limit_violation": false,
    "self_collision": false,
    "physical_violations": false,
    "config_smoothness": -7.048546390334222,
    "eff_smoothness": -7.67526761207127,
    "eff_position_path_length": 19.453663098596675,
    "eff_orientation_path_length": 778.9177190410114,
    "physical_success": true,
    "time": 0.40262889862060547,
    "num_steps": 51,
    "trajectory_w": [
        [
            -10.135552406311035,
            -8.724167823791504,
            1.0458424091339111,
            0.0,
            0.0,
            0.0,
            0.0,
            0.0,
            0.0,
            0.0
        ],
        [
            -9.795804977416992,
            -8.226357460021973,
            1.0353844165802002,
            -0.03209090232849121,
            0.3643043041229248,
            0.012520551681518555,
            0.1249229907989502,
            0.03606867790222168,
            0.05602145195007324,
            0.03361916542053223
        ],
        [
            -9.894651412963867,
            -8.363152503967285,
            0.9877650737762451,
            -0.02848076820373535,
            0.2441108226776123,
            0.0815122127532959,
            0.10832810401916504,
            -0.013974428176879883,
            0.01591634750366211,
            0.04903864860534668
        ],
        [
            -9.726877212524414,
            -8.023999214172363,
            0.9927220344543457,
            -0.034188032150268555,
            0.5054168701171875,
            0.07520222663879395,
            0.2210521697998047,
            0.006685972213745117,
            0.07083487510681152,
            0.06262540817260742
        ],
        [
            -9.782180786132812,
            -8.12133502960205,
            0.9911966323852539,
            -0.031156301498413086,
            0.42072486877441406,
            0.0825204849243164,
            0.19079923629760742,
            0.0006346702575683594,
            0.050223588943481445,
            0.06029033660888672
        ],
        [
            -9.626952171325684,
            -7.887214660644531,
            1.0126421451568604,
            -0.03885078430175781,
            0.6222870349884033,
            0.062398433685302734,
            0.2699294090270996,
            0.033953189849853516,
            0.10560035705566406,
            0.05286765098571777
        ],
        [
            -9.79973030090332,
            -8.300151824951172,
            1.0025367736816406,
            -0.05190229415893555,
            0.3170790672302246,
            0.06490850448608398,
            0.10766077041625977,
            0.023207902908325195,
            0.043958187103271484,
            0.012842178344726562
        ],
        [
            -9.709285736083984,
            -8.05559253692627,
            1.0241222381591797,
            -0.04436063766479492,
            0.4785449504852295,
            0.0531773567199707,
            0.21518278121948242,
            0.04082918167114258,
            0.07497024536132812,
            0.04095721244812012
        ],
        [
            -9.728278160095215,
            -8.079277038574219,
            0.9913923740386963,
            -0.0419459342956543,
            0.46182990074157715,
            0.08514976501464844,
            0.202117919921875,
            0.006671905517578125,
            0.06204080581665039,
            0.049736738204956055
        ],
        [
            -9.774020195007324,
            -8.18006706237793,
            1.0335087776184082,
            -0.03496694564819336,
            0.39689111709594727,
            0.018613815307617188,
            0.14714264869689941,
            0.04064750671386719,
            0.06328058242797852,
            0.03481459617614746
        ],
        [
            -9.604302406311035,
            -7.819668769836426,
            1.004286289215088,
            -0.03821086883544922,
            0.6769142150878906,
            0.06561446189880371,
            0.29340291023254395,
            0.030930519104003906,
            0.11716604232788086,
            0.05834531784057617
        ],
        [
            -9.874516487121582,
            -8.408246040344238,
            1.0370054244995117,
            -0.0336909294128418,
            0.23432183265686035,
            0.01677680015563965,
            0.06394815444946289,
            0.03766751289367676,
            0.026283979415893555,
            0.013610601425170898
        ],
        [
            -9.850008010864258,
            -8.232175827026367,
            1.022770881652832,
            -0.013040781021118164,
            0.3538482189178467,
            0.019593000411987305,
            0.1316521167755127,
            0.007346391677856445,
            0.045556068420410156,
            0.05583977699279785
        ],
        [
            -9.922661781311035,
            -8.396194458007812,
            0.9994878768920898,
            -0.025537729263305664,
            0.21215057373046875,
            0.06324386596679688,
            0.09833240509033203,
            -0.014884233474731445,
            0.010715723037719727,
            0.05623960494995117
        ],
        [
            -9.862765312194824,
            -8.368400573730469,
            0.9916527271270752,
            -0.034533023834228516,
            0.23179960250854492,
            0.06696176528930664,
            0.09315967559814453,
            0.018165111541748047,
            0.019922256469726562,
            0.028464794158935547
        ],
        [
            -9.86460018157959,
            -8.412803649902344,
            0.9900627136230469,
            -0.03972816467285156,
            0.2274177074432373,
            0.07052421569824219,
            0.07246208190917969,
            0.013202190399169922,
            0.02122211456298828,
            0.01744532585144043
        ],
        [
            -9.70033073425293,
            -8.091995239257812,
            1.013216495513916,
            -0.04928731918334961,
            0.46215367317199707,
            0.05321025848388672,
            0.1864912509918213,
            0.03657054901123047,
            0.07604122161865234,
            0.029381513595581055
        ],
        [
            -9.785775184631348,
            -8.123565673828125,
            0.9874069690704346,
            -0.027446985244750977,
            0.42249202728271484,
            0.07823824882507324,
            0.18296408653259277,
            -0.002599477767944336,
            0.051274776458740234,
            0.06060171127319336
        ],
        [
            -9.77497673034668,
            -8.168702125549316,
            1.0317351818084717,
            -0.030565261840820312,
            0.40869998931884766,
            0.015337228775024414,
            0.14684247970581055,
            0.03532052040100098,
            0.06657266616821289,
            0.03916788101196289
        ],
        [
            -9.733970642089844,
            -8.067463874816895,
            0.9871687889099121,
            -0.03624153137207031,
            0.47206616401672363,
            0.08048224449157715,
            0.20097804069519043,
            0.0035657882690429688,
            0.06370949745178223,
            0.054454803466796875
        ],
        [
            -9.78045654296875,
            -8.161271095275879,
            1.032099962234497,
            -0.029560565948486328,
            0.4125378131866455,
            0.014396905899047852,
            0.1520702838897705,
            0.035794734954833984,
            0.06697964668273926,
            0.041490793228149414
        ],
        [
            -9.720845222473145,
            -7.998897075653076,
            0.9926941394805908,
            -0.030070781707763672,
            0.5339145660400391,
            0.06230330467224121,
            0.2242739200592041,
            0.011063575744628906,
            0.08137106895446777,
            0.06394147872924805
