{
    "collision_depths": [],
    "collision": false,
    "joint_limit_violation": false,
    "self_collision": false,
    "physical_violations": false,
    "config_smoothness": -6.752960858657135,
    "eff_smoothness": -7.497003262248162,
    "eff_position_path_length": 13.247254115187673,
    "eff_orientation_path_length": 492.6754930772648,
    "physical_success": true,
    "time": 0.43349742889404297,
    "num_steps": 51,
    "trajectory_w": [
        [
            -11.47326374053955,
            -7.952311992645264,
            -2.2694101333618164,
            0.0,
            0.0,
            0.0,
            0.0,
            0.0,
            0.0,
            0.0
        ],
        [
            -11.933172225952148,
            -8.47348690032959,
            -2.3116729259490967,
            -0.04208683967590332,
            0.505831241607666,
            -0.009780645370483398,
            0.2173151969909668,
            0.015533685684204102,
            0.032669782638549805,
            -0.016466617584228516
        ],
        [
            -11.712133407592773,
            -8.172357559204102,
            -2.2987358570098877,
            -0.017628192901611328,
            0.2780494689941406,
            -0.03135967254638672,
            0.08742475509643555,
            0.04326820373535156,
            0.00490117073059082,
            -0.022209882736206055
        ],
        [
            -11.76374626159668,
            -8.21915054321289,
            -2.3326170444488525,
            -0.02609872817993164,
            0.2675588130950928,
            -0.0250856876373291,
            0.0813894271850586,
            0.05725884437561035,
            0.0017385482788085938,
            -0.03329133987426758
        ],
        [
            -11.825446128845215,
            -8.245787620544434,
            -2.3343684673309326,
            -0.033180952072143555,
            0.31691503524780273,
            -0.001313924789428711,
            0.09780406951904297,
            0.036727190017700195,
            0.0070574283599853516,
            -0.027103662490844727
        ],
        [
            -11.71745491027832,
            -8.3191556930542,
            -2.3155834674835205,
            -0.01783013343811035,
            0.3238084316253662,
            -0.05190134048461914,
            0.13706254959106445,
            0.0531466007232666,
            0.009318828582763672,
            -0.014915704727172852
        ],
        [
            -11.806476593017578,
            -8.308659553527832,
            -2.338020086288452,
            -0.026534080505371094,
            0.3478240966796875,
            -0.04274272918701172,
            0.12077665328979492,
            0.0647280216217041,
            0.01632213592529297,
            -0.038352251052856445
        ],
        [
            -11.771636009216309,
            -8.203401565551758,
            -2.332390069961548,
            -0.028746843338012695,
            0.2617979049682617,
            -0.011218547821044922,
            0.07446479797363281,
            0.04711270332336426,
            -2.5272369384765625e-05,
            -0.02873516082763672
        ],
        [
            -11.876479148864746,
            -8.34666919708252,
            -2.321401357650757,
            -0.0459597110748291,
            0.4014136791229248,
            0.006383180618286133,
            0.16139483451843262,
            0.014580726623535156,
            0.014639616012573242,
            -0.017060041427612305
        ],
        [
            -11.690690994262695,
            -8.276637077331543,
            -2.3131024837493896,
            -0.01684880256652832,
            0.28434181213378906,
            -0.048580169677734375,
            0.11824870109558105,
            0.050986528396606445,
            0.003123044967651367,
            -0.014585733413696289
        ],
        [
            -11.756227493286133,
            -8.224820137023926,
            -2.326524496078491,
            -0.04731607437133789,
            0.26142215728759766,
            0.02133798599243164,
            0.10137581825256348,
            0.005169391632080078,
            -0.008057832717895508,
            -0.0025527477264404297
        ],
        [
            -11.893084526062012,
            -8.460886001586914,
            -2.3534045219421387,
            -0.03130006790161133,
            0.47865939140319824,
            -0.04786372184753418,
            0.19280004501342773,
            0.058666229248046875,
            0.037815093994140625,
            -0.036879777908325195
        ],
        [
            -11.709221839904785,
            -8.21213436126709,
            -2.320084571838379,
            -0.015343666076660156,
            0.265228271484375,
            -0.04837775230407715,
            0.08595037460327148,
            0.06293034553527832,
            0.004850864410400391,
            -0.030735015869140625
        ],
        [
            -11.761597633361816,
            -8.329573631286621,
            -2.3100554943084717,
            -0.028875350952148438,
            0.34796738624572754,
            -0.0009107589721679688,
            0.14788007736206055,
            0.0022978782653808594,
            0.003797769546508789,
            0.003036022186279297
        ],
        [
            -11.699712753295898,
            -8.250469207763672,
            -2.3150017261505127,
            -0.036107778549194336,
            0.25188398361206055,
            0.0003180503845214844,
            0.11803412437438965,
            0.0030815601348876953,
            -0.009905576705932617,
            0.008338451385498047
        ],
        [
            -11.873220443725586,
            -8.352973937988281,
            -2.3187577724456787,
            -0.0461583137512207,
            0.4035468101501465,
            0.007417440414428711,
            0.1645500659942627,
            0.012115716934204102,
            0.01441812515258789,
            -0.015516042709350586
        ],
        [
            -11.900687217712402,
            -8.494888305664062,
            -2.338613748550415,
            -0.026977062225341797,
            0.5143082141876221,
            -0.049660444259643555,
            0.21532607078552246,
            0.05156898498535156,
            0.042266130447387695,
            -0.026151180267333984
        ],
        [
            -11.678010940551758,
            -8.235124588012695,
            -2.3042712211608887,
            -0.0325930118560791,
            0.2513010501861572,
            -0.010609865188598633,
            0.11759185791015625,
            0.009374380111694336,
            -0.007871866226196289,
            0.007592439651489258
        ],
        [
            -11.935186386108398,
            -8.417487144470215,
            -2.3331222534179688,
            -0.04739713668823242,
            0.46410465240478516,
            -0.007699012756347656,
            0.18702197074890137,
            0.02692437171936035,
            0.02814960479736328,
            -0.028508901596069336
        ],
        [
            -11.89783763885498,
            -8.416288375854492,
            -2.3491158485412598,
            -0.042426109313964844,
            0.4414026737213135,
            -0.03474068641662598,
            0.17922663688659668,
            0.05410289764404297,
            0.028351783752441406,
            -0.03999161720275879
        ],
        [
            -11.786213874816895,
            -8.365523338317871,
            -2.3117239475250244,
            -0.028186798095703125,
            0.3804314136505127,
            -0.005040407180786133,
            0.16238164901733398,
            0.0055887699127197266,
            0.009317636489868164,
            0.0010366439819335938
        ],
        [
            -11.714005470275879,
            -8.260499000549316,
            -2.3141207695007324,
            -0.038694143295288086,
            0.2656230926513672,
            0.0005846023559570312,
