{
    "collision_depths": [
        0.03900423008011653,
        0.05764404451971634,
        0.0031731237006459964,
        0.02211013132720561,
        0.03116963773604099,
        0.01215119234310435,
        0.06573731164932185,
        0.08427706842031386
    ],
    "collision": true,
    "joint_limit_violation": false,
    "self_collision": false,
    "physical_violations": true,
    "config_smoothness": -6.339109967674086,
    "eff_smoothness": -6.510461057815285,
    "eff_position_path_length": 30.296186638615776,
    "eff_orientation_path_length": 1201.9278229383683,
    "physical_success": false,
    "time": 0.35604023933410645,
    "num_steps": 51,
    "trajectory_w": [
        [
            -4.876337051391602,
            -6.796593189239502,
            -1.7407312393188477,
            0.0,
            0.0,
            0.0,
            0.0,
            0.0,
            0.0,
            0.0
        ],
        [
            -4.923191547393799,
            -7.157049655914307,
            -1.7874443531036377,
            -0.017348766326904297,
            0.20513105392456055,
            0.015624523162841797,
            0.08198332786560059,
            0.023842573165893555,
            0.015439033508300781,
            -0.014064550399780273
        ],
        [
            -4.9069414138793945,
            -7.141661643981934,
            -1.7788300514221191,
            -0.01548314094543457,
            0.18727374076843262,
            0.009327411651611328,
            0.08546137809753418,
            0.019040584564208984,
            0.014772891998291016,
            0.002665281295776367
        ],
        [
            -4.9652581214904785,
            -7.3461689949035645,
            -1.7811360359191895,
            -0.036095380783081055,
            0.34264612197875977,
            -0.003752470016479492,
            0.14551901817321777,
            0.03802227973937988,
            0.041315317153930664,
            -0.04606318473815918
        ],
        [
            -4.895632743835449,
            -7.138842582702637,
            -1.7650141716003418,
            -0.012893915176391602,
            0.19092273712158203,
            -0.0026426315307617188,
            0.09371161460876465,
            0.01567530632019043,
            0.01949286460876465,
            0.01815485954284668
        ],
        [
            -4.966919422149658,
            -7.1131157875061035,
            -1.727414608001709,
            -0.019797086715698242,
            0.24361491203308105,
            -0.027074813842773438,
            0.06479001045227051,
            0.030445575714111328,
            0.030056476593017578,
            -0.007282733917236328
        ],
        [
            -4.966300010681152,
            -7.081237316131592,
            -1.7286911010742188,
            -0.021326541900634766,
            0.22347331047058105,
            -0.02109837532043457,
            0.058157920837402344,
            0.028626680374145508,
            0.02447223663330078,
            -0.008932828903198242
        ],
        [
            -5.034528732299805,
            -7.864348411560059,
            -1.7510056495666504,
            -0.020482540130615234,
            0.7442138195037842,
            -0.04872441291809082,
            0.31377434730529785,
            0.0582122802734375,
            0.1415269374847412,
            -0.0370631217956543
        ],
        [
            -4.896633148193359,
            -7.142065048217773,
            -1.7674987316131592,
            -0.013169288635253906,
            0.19132423400878906,
            -0.0009696483612060547,
            0.09322905540466309,
            0.015891551971435547,
            0.019038915634155273,
            0.016117334365844727
        ],
        [
            -5.0070390701293945,
            -7.356119155883789,
            -1.7546873092651367,
            -0.028816938400268555,
            0.39853835105895996,
            -0.0340275764465332,
            0.1230611801147461,
            0.033138275146484375,
            0.06800556182861328,
            -0.021977663040161133
        ],
        [
            -4.9697442054748535,
            -7.169713973999023,
            -1.7274672985076904,
            -0.016861915588378906,
            0.2777853012084961,
            -0.033151865005493164,
            0.07441210746765137,
            0.03360605239868164,
            0.03901219367980957,
            -0.004614114761352539
        ],
        [
            -4.97231388092041,
            -7.071404933929443,
            -1.7431278228759766,
            -0.021973371505737305,
            0.20861053466796875,
            -0.0071604251861572266,
            0.048295021057128906,
            0.032146453857421875,
            0.018058061599731445,
            -0.023685216903686523
        ],
        [
            -4.974395275115967,
            -7.1059722900390625,
            -1.7345435619354248,
            -0.02165079116821289,
            0.2384035587310791,
            -0.018744230270385742,
            0.05916547775268555,
            0.033322811126708984,
            0.026554584503173828,
            -0.017119169235229492
        ],
        [
            -5.055127143859863,
            -8.02791976928711,
            -1.748969554901123,
            -0.02013397216796875,
            0.8584041595458984,
            -0.05313873291015625,
            0.3680253028869629,
            0.05936098098754883,
            0.16699838638305664,
            -0.0443117618560791
        ],
        [
            -4.9834699630737305,
            -7.129199981689453,
            -1.7423484325408936,
            -0.024969100952148438,
            0.24747395515441895,
            -0.014180421829223633,
            0.06230306625366211,
            0.03595757484436035,
            0.026768207550048828,
            -0.027025938034057617
        ],
        [
            -5.05019474029541,
            -7.992444038391113,
            -1.7486670017242432,
            -0.01981830596923828,
            0.8337297439575195,
            -0.05244088172912598,
            0.35686659812927246,
            0.05898451805114746,
            0.16170334815979004,
            -0.04227948188781738
        ],
        [
            -5.050623893737793,
            -8.001447677612305,
            -1.7489588260650635,
            -0.019941091537475586,
            0.8403551578521729,
            -0.05313396453857422,
            0.36019206047058105,
            0.05927538871765137,
            0.16326117515563965,
            -0.04227948188781738
        ],
        [
            -4.963366508483887,
            -7.068835735321045,
            -1.7307300567626953,
            -0.021040916442871094,
            0.21665358543395996,
            -0.01756429672241211,
            0.055031538009643555,
            0.027844905853271484,
            0.022715330123901367,
            -0.010441064834594727
        ],
        [
            -4.912594318389893,
            -7.345656394958496,
            -1.7552857398986816,
            -0.008923053741455078,
            0.33550262451171875,
            -0.0002894401550292969,
            0.16602778434753418,
            0.03214573860168457,
            0.040283203125,
            0.001276254653930664
        ],
        [
            -4.972930431365967,
            -7.1351704597473145,
            -1.7669272422790527,
            -0.022872447967529297,
            0.22820091247558594,
            0.0003974437713623047,
            0.059747934341430664,
            0.034583091735839844,
            0.02216958999633789,
            -0.03678464889526367
        ],
        [
            -5.058135986328125,
            -8.0545072555542,
            -1.749206781387329,
            -0.020050764083862305,
            0.8766181468963623,
            -0.05398416519165039,
            0.3764936923980713,
            0.0599367618560791,
            0.17120814323425293,
            -0.046193599700927734
        ],
        [
