{
    "collision_depths": [],
    "collision": false,
    "joint_limit_violation": false,
    "self_collision": false,
    "physical_violations": false,
    "config_smoothness": -5.412240552469445,
    "eff_smoothness": -5.590159223006119,
    "eff_position_path_length": 25.975250567586176,
    "eff_orientation_path_length": 1186.2032835493344,
    "physical_success": true,
    "time": 0.592388391494751,
    "num_steps": 51,
    "trajectory_w": [
        [
            -6.513479709625244,
            -7.161707878112793,
            2.435100555419922,
            0.0,
            0.0,
            0.0,
            0.0,
            0.0,
            0.0,
            0.0
        ],
        [
            -6.704000949859619,
            -6.910022258758545,
            2.4344780445098877,
            -0.057180166244506836,
            0.24016571044921875,
            0.03460812568664551,
            0.11411309242248535,
            -0.02179884910583496,
            0.09295201301574707,
            0.04846787452697754
        ],
        [
            -6.785876750946045,
            -6.8236799240112305,
            2.409053325653076,
            -0.05386948585510254,
            0.31853222846984863,
            0.06067919731140137,
            0.13882875442504883,
            -0.0253908634185791,
            0.11690163612365723,
            0.04921245574951172
        ],
        [
            -6.8526997566223145,
            -6.6905999183654785,
            2.4403083324432373,
            -0.0699615478515625,
            0.3840203285217285,
            -0.0006372928619384766,
            0.14032602310180664,
            0.004705190658569336,
            0.15282535552978516,
            0.05055594444274902
        ],
        [
            -6.779457092285156,
            -6.75894021987915,
            2.412790536880493,
            -0.07389521598815918,
            0.3354499340057373,
            0.04451322555541992,
            0.12304258346557617,
            -0.017978668212890625,
            0.12274742126464844,
            0.03719973564147949
        ],
        [
            -6.686015605926514,
            -6.9437150955200195,
            2.4036333560943604,
            -0.04760575294494629,
            0.18059396743774414,
            0.061028242111206055,
            0.08621096611022949,
            -0.021909236907958984,
            0.06083869934082031,
            0.04132843017578125
        ],
        [
            -6.715475559234619,
            -6.897937297821045,
            2.412571430206299,
            -0.04279756546020508,
            0.19394755363464355,
            0.04426121711730957,
            0.06694507598876953,
            0.00652766227722168,
            0.06349945068359375,
            0.028029680252075195
        ],
        [
            -7.0726399421691895,
            -6.576104164123535,
            2.4249837398529053,
            -0.09382414817810059,
            0.5411655902862549,
            0.04876375198364258,
            0.27788209915161133,
            0.022262096405029297,
            0.2086479663848877,
            0.0760197639465332
        ],
        [
            -7.354918003082275,
            -6.285771369934082,
            2.442462682723999,
            -0.12472105026245117,
            0.8213775157928467,
            0.026594161987304688,
            0.3994755744934082,
            0.03209066390991211,
            0.33157968521118164,
            0.10289812088012695
        ],
        [
            -6.84700345993042,
            -6.737164497375488,
            2.456660270690918,
            -0.06300640106201172,
            0.347517728805542,
            -0.01166534423828125,
            0.12569904327392578,
            0.022185325622558594,
            0.13832640647888184,
            0.050478219985961914
        ],
        [
            -7.34486198425293,
            -6.295354843139648,
            2.4417076110839844,
            -0.12397265434265137,
            0.8132078647613525,
            0.02633380889892578,
            0.3957207202911377,
            0.03198552131652832,
            0.3281712532043457,
            0.10218429565429688
        ],
        [
            -7.119513511657715,
            -6.526885986328125,
            2.442903518676758,
            -0.09700250625610352,
            0.5976150035858154,
            0.025360107421875,
            0.30034780502319336,
            0.029448509216308594,
            0.23824620246887207,
            0.08870315551757812
        ],
        [
            -7.336123943328857,
            -6.30015754699707,
            2.4426794052124023,
            -0.1228635311126709,
            0.8071706295013428,
            0.02661585807800293,
            0.3919522762298584,
            0.0314633846282959,
            0.3253607749938965,
            0.10168051719665527
        ],
        [
            -7.25339412689209,
            -6.370805740356445,
            2.4410908222198486,
            -0.11406874656677246,
            0.7392215728759766,
            0.024561643600463867,
            0.3565807342529297,
            0.02880120277404785,
            0.297776460647583,
            0.09372305870056152
        ],
        [
            -6.740865707397461,
            -6.874868392944336,
            2.426900863647461,
            -0.05311393737792969,
            0.28093671798706055,
            0.045073509216308594,
            0.12498164176940918,
            -0.02655649185180664,
            0.10607576370239258,
            0.05201292037963867
        ],
        [
            -6.776505470275879,
            -6.853118896484375,
            2.4387025833129883,
            -0.04923558235168457,
            0.23000788688659668,
            0.01833820343017578,
            0.08976221084594727,
            0.03719758987426758,
            0.08637523651123047,
            0.03336071968078613
        ],
        [
            -6.890812397003174,
            -6.707099437713623,
            2.398733377456665,
            -0.07658958435058594,
            0.3982114791870117,
            0.0685269832611084,
            0.19081974029541016,
            -0.004426240921020508,
            0.14891672134399414,
            0.046782732009887695
        ],
        [
            -6.768608570098877,
            -6.788319110870361,
            2.4455106258392334,
            -0.057912349700927734,
            0.2741851806640625,
            -0.00039839744567871094,
            0.08651375770568848,
            0.02142333984375,
            0.10306310653686523,
            0.03302145004272461
        ],
        [
            -7.226642608642578,
            -6.403897285461426,
            2.43747878074646,
            -0.11221075057983398,
            0.7123587131500244,
            0.025207042694091797,
            0.34534192085266113,
            0.027642011642456055,
            0.2871251106262207,
            0.09090638160705566
        ],
        [
            -7.260140419006348,
            -6.369534492492676,
            2.440002202987671,
            -0.11510682106018066,
            0.7429585456848145,
            0.025252342224121094,
            0.35983824729919434,
            0.028850078582763672,
            0.2993431091308594,
            0.09447121620178223
        ],
        [
            -7.044758319854736,
            -6.539504528045654,
            2.4522006511688232,
            -0.08255743980407715,
            0.5559079647064209,
            0.0020780563354492188,
            0.23866820335388184,
            0.025181055068969727,
            0.22745227813720703,
            0.07300257682800293
        ],
        [
            -7.178925037384033,
            -6.460500240325928,
            2.431941509246826,
            -0.10753059387207031,
            0.6636950969696045,
            0.029772520065307617,
            0.3251776695251465,
            0.024167776107788086,
            0.26578545570373535,
            0.08692240715026855
        ],
        [
