{
    "collision_depths": [],
    "collision": false,
    "joint_limit_violation": false,
    "self_collision": false,
    "physical_violations": false,
    "config_smoothness": -5.697786035832888,
    "eff_smoothness": -5.775362680750801,
    "eff_position_path_length": 35.30232811524897,
    "eff_orientation_path_length": 1433.6078370505718,
    "physical_success": true,
    "time": 0.8791811466217041,
    "num_steps": 51,
    "trajectory_w": [
        [
            -3.5891942977905273,
            -5.035084247589111,
            0.17808234691619873,
            0.0,
            0.0,
            0.0,
            0.0,
            0.0,
            0.0,
            0.0
        ],
        [
            -2.5152482986450195,
            -4.752866268157959,
            0.17599260807037354,
            0.01021575927734375,
            0.7572062015533447,
            -0.1580195426940918,
            0.3289668560028076,
            -0.16188621520996094,
            0.14501523971557617,
            -0.16910696029663086
        ],
        [
            -3.159287691116333,
            -4.9403886795043945,
            0.17343294620513916,
            0.00010347366333007812,
            0.27851009368896484,
            -0.052138566970825195,
            0.10789012908935547,
            -0.03931403160095215,
            0.058028459548950195,
            -0.044090986251831055
        ],
        [
            -3.515061855316162,
            -5.019108772277832,
            0.17895424365997314,
            0.0030753612518310547,
            0.045528411865234375,
            -0.00998067855834961,
            0.01815962791442871,
            -0.007489681243896484,
            0.006594419479370117,
            -0.009267091751098633
        ],
        [
            -3.362084150314331,
            -4.979013919830322,
            0.18945229053497314,
            0.013758182525634766,
            0.14967656135559082,
            -0.03294944763183594,
            0.0654897689819336,
            -0.02514052391052246,
            0.023738861083984375,
            -0.03721165657043457
        ],
        [
            -2.9213361740112305,
            -4.856573104858398,
            0.17895448207855225,
            0.005945682525634766,
            0.4690101146697998,
            -0.10867905616760254,
            0.21836280822753906,
            -0.10075855255126953,
            0.09192252159118652,
            -0.11972689628601074
        ],
        [
            -3.0885424613952637,
            -4.895953178405762,
            0.1844412088394165,
            0.007203578948974609,
            0.35314130783081055,
            -0.08521437644958496,
            0.17266345024108887,
            -0.07554841041564941,
            0.0675208568572998,
            -0.10169219970703125
        ],
        [
            -2.9050607681274414,
            -4.845266819000244,
            0.17590487003326416,
            0.00473785400390625,
            0.48445868492126465,
            -0.11157512664794922,
            0.22185373306274414,
            -0.10556721687316895,
            0.0936884880065918,
            -0.12914800643920898
        ],
        [
            -3.209277629852295,
            -4.918938636779785,
            0.18716156482696533,
            0.007571697235107422,
            0.27379798889160156,
            -0.0695033073425293,
            0.13562774658203125,
            -0.061254024505615234,
            0.04903435707092285,
            -0.09094858169555664
        ],
        [
            -2.8912975788116455,
            -4.842857837677002,
            0.17617428302764893,
            0.004855155944824219,
            0.4940006732940674,
            -0.1133732795715332,
            0.22569060325622559,
            -0.10752749443054199,
            0.0956268310546875,
            -0.12990117073059082
        ],
        [
            -2.88782000541687,
            -4.861528396606445,
            0.18063461780548096,
            0.006411075592041016,
            0.4627673625946045,
            -0.08783936500549316,
            0.19317936897277832,
            -0.0776975154876709,
            0.0938720703125,
            -0.0855708122253418
        ],
        [
            -2.964002847671509,
            -4.8776774406433105,
            0.1770561933517456,
            0.00530552864074707,
            0.4122040271759033,
            -0.07790327072143555,
            0.16382503509521484,
            -0.06852865219116211,
            0.08256340026855469,
            -0.07981276512145996
        ],
        [
            -2.498688220977783,
            -4.751878261566162,
            0.17602837085723877,
            0.010567426681518555,
            0.7662551403045654,
            -0.15925979614257812,
            0.3332192897796631,
            -0.16123342514038086,
            0.14793634414672852,
            -0.16508221626281738
        ],
        [
            -3.136662721633911,
            -4.933070659637451,
            0.17428886890411377,
            0.0015916824340820312,
            0.29347848892211914,
            -0.05504488945007324,
            0.11388826370239258,
            -0.04257035255432129,
            0.06080985069274902,
            -0.048232316970825195
        ],
        [
            -2.57966947555542,
            -4.765882968902588,
            0.17495381832122803,
            0.00897359848022461,
            0.7127244472503662,
            -0.14954280853271484,
            0.3094618320465088,
            -0.1526508331298828,
            0.1360776424407959,
            -0.16422367095947266
        ],
        [
            -3.0329551696777344,
            -4.880885601043701,
            0.18171274662017822,
            0.006667375564575195,
            0.39269304275512695,
            -0.09358453750610352,
            0.18776845932006836,
            -0.08455944061279297,
            0.07567667961120605,
            -0.10989570617675781
        ],
        [
            -2.7694361209869385,
            -4.80643892288208,
            0.17242538928985596,
            0.0045244693756103516,
            0.582988977432251,
            -0.1276407241821289,
            0.25920557975769043,
            -0.1268303394317627,
            0.11106991767883301,
            -0.1517040729522705
        ],
        [
            -3.4302890300750732,
            -4.99629020690918,
            0.18039119243621826,
            0.0026764869689941406,
            0.1064152717590332,
            -0.024235963821411133,
            0.048545122146606445,
            -0.01731729507446289,
            0.01850128173828125,
            -0.023045778274536133
        ],
        [
            -3.2225253582000732,
            -4.9579620361328125,
            0.17062175273895264,
            -0.008871793746948242,
            0.2391340732574463,
            -0.046161651611328125,
            0.09581661224365234,
            -0.031868934631347656,
            0.05163145065307617,
            -0.035888671875
        ],
        [
            -3.4463353157043457,
            -4.9987897872924805,
            0.17417871952056885,
            -0.0036656856536865234,
            0.09711170196533203,
            -0.022646427154541016,
            0.042214393615722656,
            -0.014326810836791992,
            0.019189834594726562,
            -0.01881861686706543
        ],
        [
            -2.9860246181488037,
            -4.872523784637451,
            0.180853009223938,
            0.005872011184692383,
            0.42371439933776855,
            -0.09967637062072754,
            0.20180225372314453,
            -0.09035778045654297,
            0.08285379409790039,
            -0.11266565322875977
        ],
        [
            -2.503272533416748,
            -4.7509565353393555,
            0.17558443546295166,
            0.010405302047729492,
            0.7646942138671875,
            -0.15970826148986816,
            0.33225417137145996,
            -0.16262507438659668,
