{
    "collision_depths": [
        0.02246856839988904,
        0.03246858329365066
    ],
    "collision": true,
    "joint_limit_violation": false,
    "self_collision": false,
    "physical_violations": true,
    "config_smoothness": -7.338022677526651,
    "eff_smoothness": -7.414049060200973,
    "eff_position_path_length": 30.734507409452373,
    "eff_orientation_path_length": 1127.9340247237103,
    "physical_success": false,
    "time": 0.6073966026306152,
    "num_steps": 51,
    "trajectory_w": [
        [
            -11.326449394226074,
            -6.482901096343994,
            -2.265101671218872,
            0.0,
            0.0,
            0.0,
            0.0,
            0.0,
            0.0,
            0.0
        ],
        [
            -11.83261775970459,
            -7.434909820556641,
            -2.313135862350464,
            0.04631638526916504,
            0.5170755386352539,
            -0.0767970085144043,
            0.2730891704559326,
            -0.07057499885559082,
            0.21378111839294434,
            -0.16738414764404297
        ],
        [
            -11.767821311950684,
            -7.314151763916016,
            -2.304203748703003,
            0.037581443786621094,
            0.4482128620147705,
            -0.06470322608947754,
            0.23782968521118164,
            -0.053513526916503906,
            0.1869029998779297,
            -0.14847517013549805
        ],
        [
            -11.528450012207031,
            -6.963526725769043,
            -2.299211025238037,
            0.028632640838623047,
            0.23187470436096191,
            -0.05995678901672363,
            0.1333320140838623,
            -0.043295860290527344,
            0.09800887107849121,
            -0.11478281021118164
        ],
        [
            -11.581167221069336,
            -7.046914100646973,
            -2.3073816299438477,
            0.03329038619995117,
            0.2805614471435547,
            -0.06677675247192383,
            0.1538534164428711,
            -0.05173659324645996,
            0.11931347846984863,
            -0.12242746353149414
        ],
        [
            -11.625913619995117,
            -7.016973972320557,
            -2.291463851928711,
            0.016519784927368164,
            0.29178762435913086,
            -0.03689169883728027,
            0.14992809295654297,
            -0.02864551544189453,
            0.12205910682678223,
            -0.09631156921386719
        ],
        [
            -11.608415603637695,
            -7.092939376831055,
            -2.3115386962890625,
            0.03560805320739746,
            0.3076341152191162,
            -0.07189512252807617,
            0.16576719284057617,
            -0.056691646575927734,
            0.13036894798278809,
            -0.13028860092163086
        ],
        [
            -11.446497917175293,
            -6.683107852935791,
            -2.2780282497406006,
            0.0014755725860595703,
            0.11202144622802734,
            -0.011921882629394531,
            0.05910611152648926,
            -0.00945734977722168,
            0.047811269760131836,
            -0.034731149673461914
        ],
        [
            -11.565804481506348,
            -7.023522853851318,
            -2.30501651763916,
            0.03208804130554199,
            0.2665684223175049,
            -0.06517243385314941,
            0.1483595371246338,
            -0.04918241500854492,
            0.11344361305236816,
            -0.12055134773254395
        ],
        [
            -11.923426628112793,
            -7.622058868408203,
            -2.3401670455932617,
            0.05913543701171875,
            0.6301884651184082,
            -0.11160993576049805,
            0.32502126693725586,
            -0.11174178123474121,
            0.24770069122314453,
            -0.22101879119873047
        ],
        [
            -11.371663093566895,
            -6.562463760375977,
            -2.2700085639953613,
            0.004880666732788086,
            0.042153358459472656,
            -0.00452733039855957,
            0.021122217178344727,
            -0.004960060119628906,
            0.0151214599609375,
            -0.01536703109741211
        ],
        [
            -11.606985092163086,
            -6.976445198059082,
            -2.289983034133911,
            0.0145416259765625,
            0.2704043388366699,
            -0.03382706642150879,
            0.13840079307556152,
            -0.02543497085571289,
            0.11379647254943848,
            -0.08761096000671387
        ],
        [
            -11.585626602172852,
            -7.057351112365723,
            -2.30820894241333,
            0.03383636474609375,
            0.28609204292297363,
            -0.06994080543518066,
            0.157487154006958,
            -0.05228996276855469,
            0.12186026573181152,
            -0.12695813179016113
        ],
        [
            -11.547393798828125,
            -6.846724510192871,
            -2.286611318588257,
            0.007619619369506836,
            0.2039957046508789,
            -0.02475261688232422,
            0.10402846336364746,
            -0.014266729354858398,
            0.08829331398010254,
            -0.05814194679260254
        ],
        [
            -11.784452438354492,
            -7.349148750305176,
            -2.305828094482422,
            0.0408475399017334,
            0.4669961929321289,
            -0.0693655014038086,
            0.24811530113220215,
            -0.05710005760192871,
            0.19431495666503906,
            -0.15555715560913086
        ],
        [
            -11.838622093200684,
            -7.445799827575684,
            -2.314124345779419,
            0.04723763465881348,
            0.5233657360076904,
            -0.07820653915405273,
            0.2760891914367676,
            -0.07250261306762695,
            0.21609854698181152,
            -0.16932010650634766
        ],
        [
            -11.588571548461914,
            -7.060910224914551,
            -2.3085105419158936,
            0.03405284881591797,
            0.28871631622314453,
            -0.06942152976989746,
            0.15813732147216797,
            -0.05298757553100586,
            0.12274169921875,
            -0.12650012969970703
        ],
        [
            -11.696444511413574,
            -7.244788646697998,
            -2.3271913528442383,
            0.04059767723083496,
            0.39783334732055664,
            -0.07969999313354492,
            0.20533275604248047,
            -0.07602572441101074,
            0.16444683074951172,
            -0.15151143074035645
        ],
        [
            -11.73030948638916,
            -7.299398422241211,
            -2.3312108516693115,
            0.042397260665893555,
            0.43238067626953125,
            -0.08367037773132324,
            0.22198891639709473,
            -0.08216452598571777,
            0.17686700820922852,
            -0.16177082061767578
        ],
        [
            -11.853657722473145,
            -7.471902847290039,
            -2.31652569770813,
            0.04870247840881348,
            0.5389251708984375,
            -0.0810081958770752,
            0.2839086055755615,
            -0.07688283920288086,
            0.22179913520812988,
            -0.17371797561645508
        ],
        [
            -11.375617980957031,
            -6.569005012512207,
            -2.2713963985443115,
            0.005457639694213867,
            0.04620623588562012,
            -0.005753517150878906,
            0.023050546646118164,
            -0.005574941635131836,
            0.016899585723876953,
            -0.0167999267578125
        ],
        [
            -11.83818531036377,
            -7.490462779998779,
            -2.3391711711883545,
            0.053308725357055664,
            0.5479168891906738,
            -0.10280394554138184,
