{
    "collision_depths": [],
    "collision": false,
    "joint_limit_violation": false,
    "self_collision": false,
    "physical_violations": false,
    "config_smoothness": -4.37945519658167,
    "eff_smoothness": -4.433091468719866,
    "eff_position_path_length": 41.739649257864585,
    "eff_orientation_path_length": 1711.4374757632813,
    "physical_success": true,
    "time": 0.8430171012878418,
    "num_steps": 51,
    "trajectory_w": [
        [
            -9.474478721618652,
            -9.336901664733887,
            0.17461851239204407,
            0.0,
            0.0,
            0.0,
            0.0,
            0.0,
            0.0,
            0.0
        ],
        [
            -8.749610900878906,
            -9.030749320983887,
            0.1361100971698761,
            0.04326033592224121,
            0.31008362770080566,
            -0.04269838333129883,
            0.2118675708770752,
            -0.05666661262512207,
            0.2148904800415039,
            -0.24778366088867188
        ],
        [
            -8.718324661254883,
            -8.979447364807129,
            0.12494567036628723,
            0.05722236633300781,
            0.32846689224243164,
            -0.06094861030578613,
            0.22290492057800293,
            -0.08835458755493164,
            0.23488378524780273,
            -0.3073134422302246
        ],
        [
            -8.633678436279297,
            -8.975171089172363,
            0.12937405705451965,
            0.054028987884521484,
            0.36081862449645996,
            -0.05170392990112305,
            0.24574875831604004,
            -0.07060742378234863,
            0.251511812210083,
            -0.29346561431884766
        ],
        [
            -9.391341209411621,
            -9.30266284942627,
            0.16887763142585754,
            0.008064985275268555,
            0.03526568412780762,
            -0.0038938522338867188,
            0.024855375289916992,
            -0.010172367095947266,
            0.019794464111328125,
            -0.028330326080322266
        ],
        [
            -8.856689453125,
            -9.079549789428711,
            0.14139965176582336,
            0.034224748611450195,
            0.26282215118408203,
            -0.03646516799926758,
            0.1813347339630127,
            -0.044693708419799805,
            0.18232059478759766,
            -0.2053987979888916
        ],
        [
            -8.397712707519531,
            -8.846111297607422,
            0.10748222470283508,
            0.08088231086730957,
            0.47141027450561523,
            -0.08031916618347168,
            0.31287598609924316,
            -0.12100648880004883,
            0.3277430534362793,
            -0.4149959087371826
        ],
        [
            -8.166841506958008,
            -8.773672103881836,
            0.10108044743537903,
            0.09653282165527344,
            0.575875997543335,
            -0.09713578224182129,
            0.37790751457214355,
            -0.14960360527038574,
            0.3930015563964844,
            -0.48842644691467285
        ],
        [
            -8.91137981414795,
            -9.104397773742676,
            0.14376690983772278,
            0.02990245819091797,
            0.23899483680725098,
            -0.03345012664794922,
            0.1660017967224121,
            -0.03882646560668945,
            0.16606736183166504,
            -0.18330669403076172
        ],
        [
            -8.468501091003418,
            -8.898885726928711,
            0.11924675107002258,
            0.0696718692779541,
            0.4347047805786133,
            -0.06617975234985352,
            0.29336094856262207,
            -0.09337520599365234,
            0.3037679195404053,
            -0.35977673530578613
        ],
        [
            -8.530157089233398,
            -8.926980972290039,
            0.12309697270393372,
            0.06391716003417969,
            0.4069201946258545,
            -0.060608625411987305,
            0.27576136589050293,
            -0.08393335342407227,
            0.2841780185699463,
            -0.33454370498657227
        ],
        [
            -9.391616821289062,
            -9.30306625366211,
            0.1688413918018341,
            0.008068323135375977,
            0.03502321243286133,
            -0.0037446022033691406,
            0.024814605712890625,
            -0.010139226913452148,
            0.019616127014160156,
            -0.028056621551513672
        ],
        [
            -8.330832481384277,
            -8.83741283416748,
            0.11001446843147278,
            0.08263993263244629,
            0.49869346618652344,
            -0.08045506477355957,
            0.3325493335723877,
            -0.11844968795776367,
            0.34651994705200195,
            -0.4187657833099365
        ],
        [
            -9.151947021484375,
            -9.159039497375488,
            0.15566495060920715,
            0.029546022415161133,
            0.14000320434570312,
            -0.029995203018188477,
            0.10592508316040039,
            -0.04692697525024414,
            0.10240006446838379,
            -0.1561734676361084
        ],
        [
            -8.208793640136719,
            -8.787664413452148,
            0.10279133915901184,
            0.09331250190734863,
            0.5566139221191406,
            -0.09325718879699707,
            0.36636996269226074,
            -0.1424267292022705,
            0.38166022300720215,
            -0.4721999168395996
        ],
        [
            -9.384639739990234,
            -9.299698829650879,
            0.16824176907539368,
            0.008249759674072266,
            0.038184165954589844,
            -0.004491567611694336,
            0.02693772315979004,
            -0.011206865310668945,
            0.021994352340698242,
            -0.03098011016845703
        ],
        [
            -8.386526107788086,
            -8.842511177062988,
            0.10714581608772278,
            0.08145761489868164,
            0.47644925117492676,
            -0.0810394287109375,
            0.31609010696411133,
            -0.12208962440490723,
            0.3310418128967285,
            -0.4182116985321045
        ],
        [
            -8.75097942352295,
            -8.992842674255371,
            0.12712910771369934,
            0.05523180961608887,
            0.3142266273498535,
            -0.05895233154296875,
            0.21433186531066895,
            -0.08535599708557129,
            0.2253568172454834,
            -0.29673242568969727
        ],
        [
            -9.393516540527344,
            -9.30366325378418,
            0.1689029037952423,
            0.0079803466796875,
            0.03420662879943848,
            -0.003743410110473633,
            0.024153470993041992,
            -0.009920358657836914,
            0.01899266242980957,
            -0.027413606643676758
        ],
        [
            -8.851604461669922,
            -9.032712936401367,
            0.1335788071155548,
            0.04900836944580078,
            0.2705831527709961,
            -0.0523531436920166,
            0.18772053718566895,
            -0.07585597038269043,
            0.19587373733520508,
            -0.26294994354248047
        ],
        [
            -8.644540786743164,
            -8.980016708374023,
            0.1299629509449005,
            0.053169965744018555,
            0.35613465309143066,
            -0.05095410346984863,
            0.24265384674072266,
            -0.06948614120483398,
            0.2481546401977539,
            -0.289747953414917
        ],
        [
            -8.194230079650879,
            -8.78266429901123,
            0.10206058621406555,
            0.09449028968811035,
            0.5635330677032471,
            -0.0945897102355957,
            0.3704416751861572,
            -0.14519572257995605,
            0.38565826416015625,
