{
    "collision_depths": [],
    "collision": false,
    "joint_limit_violation": false,
    "self_collision": false,
    "physical_violations": false,
    "config_smoothness": -5.620652433083793,
    "eff_smoothness": -5.756306739545443,
    "eff_position_path_length": 34.022998323783256,
    "eff_orientation_path_length": 912.6305013604327,
    "physical_success": true,
    "time": 1.0207719802856445,
    "num_steps": 51,
    "trajectory_w": [
        [
            -4.4051666259765625,
            -5.590465545654297,
            -1.9179235696792603,
            0.0,
            0.0,
            0.0,
            0.0,
            0.0,
            0.0,
            0.0
        ],
        [
            -4.57285737991333,
            -6.155534744262695,
            -1.9140609502792358,
            -0.008155107498168945,
            0.25035905838012695,
            -0.02341938018798828,
            0.09130716323852539,
            -0.014801025390625,
            0.025833845138549805,
            -0.0057523250579833984
        ],
        [
            -4.453335762023926,
            -5.764537811279297,
            -1.9167600870132446,
            -0.0006918907165527344,
            0.0763390064239502,
            -0.008200883865356445,
            0.02924489974975586,
            -0.011344671249389648,
            0.006376743316650391,
            -0.0068340301513671875
        ],
        [
            -4.624316692352295,
            -6.4136247634887695,
            -1.9111171960830688,
            0.00807952880859375,
            0.35361766815185547,
            -0.027104854583740234,
            0.12259364128112793,
            -0.03434443473815918,
            0.03332662582397461,
            -0.01949930191040039
        ],
        [
            -4.646736145019531,
            -6.44149112701416,
            -1.9060598611831665,
            -0.007980108261108398,
            0.3602762222290039,
            -0.04799246788024902,
            0.16137194633483887,
            -0.05294060707092285,
            0.035973310470581055,
            -0.04980659484863281
        ],
        [
            -4.628702163696289,
            -6.4310173988342285,
            -1.9104558229446411,
            0.008892297744750977,
            0.3608720302581787,
            -0.027629852294921875,
            0.125687837600708,
            -0.035698890686035156,
            0.03399848937988281,
            -0.02011728286743164
        ],
        [
            -4.431814670562744,
            -5.677470684051514,
            -1.915737509727478,
            0.003656625747680664,
            0.037284135818481445,
            -0.001935720443725586,
            0.012637138366699219,
            -0.0035123825073242188,
            0.0019261837005615234,
            -0.002872943878173828
        ],
        [
            -4.6237640380859375,
            -6.480074882507324,
            -1.9215413331985474,
            0.004907131195068359,
            0.38230133056640625,
            -0.030694007873535156,
            0.13022208213806152,
            -0.04471015930175781,
            0.03658175468444824,
            -0.029081344604492188
        ],
        [
            -4.6224188804626465,
            -6.383739948272705,
            -1.9080754518508911,
            -0.008492469787597656,
            0.3334541320800781,
            -0.04589080810546875,
            0.15172815322875977,
            -0.052095651626586914,
            0.03270387649536133,
            -0.05232954025268555
        ],
        [
            -4.571399211883545,
            -6.281223773956299,
            -1.9126983880996704,
            -0.003981113433837891,
            0.2848176956176758,
            -0.03881692886352539,
            0.12824201583862305,
            -0.05242657661437988,
            0.025841712951660156,
            -0.05485272407531738
        ],
        [
            -4.589735984802246,
            -6.327138423919678,
            -1.9130676984786987,
            -0.00574803352355957,
            0.30640602111816406,
            -0.04161787033081055,
            0.1379716396331787,
            -0.054285526275634766,
            0.02903604507446289,
            -0.055646419525146484
        ],
        [
            -4.774880409240723,
            -6.969696521759033,
            -1.9206146001815796,
            -0.00470423698425293,
            0.5980520248413086,
            -0.06371712684631348,
            0.2318410873413086,
            -0.0908658504486084,
            0.05784153938293457,
            -0.07375717163085938
        ],
        [
            -4.791390419006348,
            -6.967217922210693,
            -1.9068220853805542,
            0.015042543411254883,
            0.6060149669647217,
            -0.05421853065490723,
            0.23245620727539062,
            -0.07419729232788086,
            0.062311649322509766,
            -0.037311553955078125
        ],
        [
            -4.441161155700684,
            -5.708617687225342,
            -1.9171866178512573,
            0.0018758773803710938,
            0.05227518081665039,
            -0.0039064884185791016,
            0.018187761306762695,
            -0.006380796432495117,
            0.003905773162841797,
            -0.003754138946533203
        ],
        [
            -4.636412620544434,
            -6.478913307189941,
            -1.9123860597610474,
            0.010076761245727539,
            0.38014984130859375,
            -0.028939247131347656,
            0.13224363327026367,
            -0.04037737846374512,
            0.035680294036865234,
            -0.023998737335205078
        ],
        [
            -4.431107044219971,
            -5.677191257476807,
            -1.91631019115448,
            0.0028467178344726562,
            0.03726387023925781,
            -0.002298593521118164,
            0.01289224624633789,
            -0.003753185272216797,
            0.002285003662109375,
            -0.0028009414672851562
        ],
        [
            -4.569371223449707,
            -6.138532638549805,
            -1.9143222570419312,
            -0.009141206741333008,
            0.24354934692382812,
            -0.022961854934692383,
            0.08950066566467285,
            -0.014169931411743164,
            0.025545120239257812,
            -0.005237579345703125
        ],
        [
            -4.849968910217285,
            -7.189908981323242,
            -1.9157320261001587,
            0.0035948753356933594,
            0.7038094997406006,
            -0.07123327255249023,
            0.26793456077575684,
            -0.10123682022094727,
            0.07027602195739746,
            -0.06969594955444336
        ],
        [
            -4.538906574249268,
            -6.09942626953125,
            -1.9081953763961792,
            -0.003025531768798828,
            0.21582961082458496,
            -0.02514171600341797,
            0.08794355392456055,
            -0.026401519775390625,
            0.01983785629272461,
            -0.0286867618560791
        ],
        [
            -4.588184833526611,
            -6.323465824127197,
            -1.912488341331482,
            -0.004032611846923828,
            0.30437374114990234,
            -0.04087376594543457,
            0.13684511184692383,
            -0.05439591407775879,
            0.0282745361328125,
            -0.05494809150695801
        ],
        [
            -4.865847587585449,
            -7.22608757019043,
            -1.9152156114578247,
            0.007729768753051758,
            0.7240865230560303,
            -0.07138228416442871,
            0.27591824531555176,
            -0.10082721710205078,
            0.07354068756103516,
            -0.0617222785949707
        ],
        [
            -4.833029747009277,
            -7.146734714508057,
            -1.9174898862838745,
            0.00047516822814941406,
            0.6819355487823486,
            -0.07050800323486328,
