{
    "collision_depths": [],
    "collision": false,
    "joint_limit_violation": false,
    "self_collision": false,
    "physical_violations": false,
    "config_smoothness": -7.367752878757004,
    "eff_smoothness": -7.5706552775108715,
    "eff_position_path_length": 24.657688947299174,
    "eff_orientation_path_length": 1106.202222361462,
    "physical_success": true,
    "time": 0.9719583988189697,
    "num_steps": 51,
    "trajectory_w": [
        [
            -11.539751052856445,
            -7.401907920837402,
            -2.443962335586548,
            0.0,
            0.0,
            0.0,
            0.0,
            0.0,
            0.0,
            0.0
        ],
        [
            -12.040751457214355,
            -7.803005218505859,
            -2.417341947555542,
            -0.0021071434020996094,
            0.46854686737060547,
            -0.10555458068847656,
            0.22569513320922852,
            -0.08840680122375488,
            0.13944220542907715,
            -0.09715843200683594
        ],
        [
            -11.957045555114746,
            -7.727680683135986,
            -2.4244258403778076,
            -0.0026171207427978516,
            0.3862593173980713,
            -0.08438563346862793,
            0.1803581714630127,
            -0.07109737396240234,
            0.11689257621765137,
            -0.08072280883789062
        ],
        [
            -12.232093811035156,
            -7.985556602478027,
            -2.4193429946899414,
            -0.008446931838989258,
            0.6727213859558105,
            -0.16081905364990234,
            0.3279860019683838,
            -0.1444413661956787,
            0.20057106018066406,
            -0.12492227554321289
        ],
        [
            -12.120861053466797,
            -7.93011474609375,
            -2.452746868133545,
            -0.004757881164550781,
            0.5771484375,
            -0.16340970993041992,
            0.28747129440307617,
            -0.12016963958740234,
            0.17563199996948242,
            -0.1206059455871582
        ],
        [
            -11.948171615600586,
            -7.7181196212768555,
            -2.4302172660827637,
            -0.007207393646240234,
            0.376007080078125,
            -0.08388209342956543,
            0.17418360710144043,
            -0.06720232963562012,
            0.11485886573791504,
            -0.08181929588317871
        ],
        [
            -12.081912994384766,
            -7.891162872314453,
            -2.4484033584594727,
            -0.003038644790649414,
            0.5389010906219482,
            -0.15581679344177246,
            0.27027034759521484,
            -0.11673092842102051,
            0.16366982460021973,
            -0.11295509338378906
        ],
        [
            -12.167682647705078,
            -7.9622931480407715,
            -2.44354510307312,
            -0.0058307647705078125,
            0.6214504241943359,
            -0.1681065559387207,
            0.3063955307006836,
            -0.13174891471862793,
            0.18668174743652344,
            -0.1269698143005371
        ],
        [
            -12.16637897491455,
            -7.969545364379883,
            -2.451127052307129,
            -0.005757808685302734,
            0.6217525005340576,
            -0.17169499397277832,
            0.30683445930480957,
            -0.129530668258667,
            0.1881401538848877,
            -0.12760066986083984
        ],
        [
            -11.65505599975586,
            -7.4923577308654785,
            -2.454458713531494,
            -0.018091201782226562,
            0.12154865264892578,
            -0.03806185722351074,
            0.06653904914855957,
            -0.021724939346313477,
            0.03995251655578613,
            -0.028553247451782227
        ],
        [
            -11.93844223022461,
            -7.734378814697266,
            -2.4499387741088867,
            -0.00672149658203125,
            0.39374256134033203,
            -0.1103973388671875,
            0.18803048133850098,
            -0.08186769485473633,
            0.12227606773376465,
            -0.08348727226257324
        ],
        [
            -12.011161804199219,
            -7.820276737213135,
            -2.4370782375335693,
            0.0009710788726806641,
            0.46025991439819336,
            -0.13919997215270996,
            0.2388455867767334,
            -0.1029672622680664,
            0.14030838012695312,
            -0.09922194480895996
        ],
        [
            -12.12809944152832,
            -7.8774614334106445,
            -2.4149227142333984,
            -0.0046961307525634766,
            0.561774492263794,
            -0.1275177001953125,
            0.2701416015625,
            -0.11483287811279297,
            0.16685938835144043,
            -0.10578727722167969
        ],
        [
            -12.104564666748047,
            -7.917824745178223,
            -2.4519877433776855,
            -0.004048347473144531,
            0.560164213180542,
            -0.1601865291595459,
            0.2815227508544922,
            -0.11574935913085938,
            0.17097926139831543,
            -0.1192774772644043
        ],
        [
            -11.859880447387695,
            -7.673632621765137,
            -2.42268705368042,
            0.003419637680053711,
            0.29831433296203613,
            -0.08988165855407715,
            0.16541719436645508,
            -0.061988115310668945,
            0.08871221542358398,
            -0.07374238967895508
        ],
        [
            -11.956450462341309,
            -7.727316379547119,
            -2.4234819412231445,
            -0.002768278121948242,
            0.38333702087402344,
            -0.08422493934631348,
            0.18021202087402344,
            -0.0697176456451416,
            0.11577177047729492,
            -0.08169054985046387
        ],
        [
            -12.188698768615723,
            -7.937719345092773,
            -2.4135501384735107,
            -0.0064508914947509766,
            0.6258792877197266,
            -0.14454126358032227,
            0.3042137622833252,
            -0.13268232345581055,
            0.18588733673095703,
            -0.1159963607788086
        ],
        [
            -12.090557098388672,
            -7.9015278816223145,
            -2.451569080352783,
            -0.004025936126708984,
            0.5480875968933105,
            -0.1579453945159912,
            0.2739248275756836,
            -0.11672163009643555,
            0.16682171821594238,
            -0.11482000350952148
        ],
        [
            -11.82200813293457,
            -7.642319202423096,
            -2.4208290576934814,
            0.011619091033935547,
            0.2551276683807373,
            -0.07370853424072266,
            0.1387779712677002,
            -0.052316904067993164,
            0.07379579544067383,
            -0.06155252456665039
        ],
        [
            -11.600480079650879,
            -7.4274115562438965,
            -2.4376683235168457,
            0.010293722152709961,
            0.03131103515625,
            -0.0010972023010253906,
            0.01233673095703125,
            -0.000507354736328125,
            0.006686687469482422,
            -0.0049591064453125
        ],
        [
            -12.106059074401855,
            -7.911453723907471,
            -2.449460744857788,
            -0.0041468143463134766,
            0.562213659286499,
            -0.15890717506408691,
            0.2792236804962158,
            -0.1198568344116211,
            0.1703801155090332,
            -0.11639285087585449
        ],
        [
            -11.624617576599121,
            -7.470003128051758,
            -2.43940806388855,
            0.0013580322265625,
            0.08835577964782715,
            -0.029480457305908203,
            0.04956459999084473,
            -0.019275426864624023,
