{
    "collision_depths": [],
    "collision": false,
    "joint_limit_violation": false,
    "self_collision": false,
    "physical_violations": false,
    "config_smoothness": -6.953401387633719,
    "eff_smoothness": -6.998544674463598,
    "eff_position_path_length": 29.910657657867926,
    "eff_orientation_path_length": 1705.4144231361047,
    "physical_success": true,
    "time": 0.8986976146697998,
    "num_steps": 51,
    "trajectory_w": [
        [
            -10.715400695800781,
            -1.916989803314209,
            -2.439924955368042,
            0.0,
            0.0,
            0.0,
            0.0,
            0.0,
            0.0,
            0.0
        ],
        [
            -11.251996994018555,
            -2.814453363418579,
            -2.5122177600860596,
            -0.029871463775634766,
            0.3773844242095947,
            -0.006186246871948242,
            0.2706563472747803,
            0.21747207641601562,
            0.5526840686798096,
            0.6616232395172119
        ],
        [
            -10.961315155029297,
            -2.3277628421783447,
            -2.4793765544891357,
            -0.008953571319580078,
            0.15872931480407715,
            0.0024864673614501953,
            0.12567830085754395,
            0.11122941970825195,
            0.2379155158996582,
            0.289447546005249
        ],
        [
            -11.314322471618652,
            -2.890944719314575,
            -2.516725778579712,
            -0.03431129455566406,
            0.409987211227417,
            -0.007957696914672852,
            0.2911820411682129,
            0.23461222648620605,
            0.5987050533294678,
            0.7200827598571777
        ],
        [
            -11.152206420898438,
            -2.678725481033325,
            -2.504331350326538,
            -0.024193525314331055,
            0.31697702407836914,
            -0.005745410919189453,
            0.22988653182983398,
            0.1825089454650879,
            0.4673166275024414,
            0.5532956123352051
        ],
        [
            -10.91231632232666,
            -2.3040363788604736,
            -2.4672257900238037,
            -0.010676860809326172,
            0.15070199966430664,
            -0.014139652252197266,
            0.11597681045532227,
            0.07495713233947754,
            0.23617005348205566,
            0.25920605659484863
        ],
        [
            -11.231569290161133,
            -2.788846969604492,
            -2.5107197761535645,
            -0.028641223907470703,
            0.36606764793395996,
            -0.00593876838684082,
            0.26331520080566406,
            0.21138787269592285,
            0.5366408824920654,
            0.6409761905670166
        ],
        [
            -10.803221702575684,
            -2.094923496246338,
            -2.4590275287628174,
            -0.002354145050048828,
            0.06486225128173828,
            -0.00973200798034668,
            0.05273151397705078,
            0.04470562934875488,
            0.10034322738647461,
            0.10972785949707031
        ],
        [
            -11.099300384521484,
            -2.5949501991271973,
            -2.4984993934631348,
            -0.021063566207885742,
            0.27949047088623047,
            -0.005552768707275391,
            0.20409083366394043,
            0.1611638069152832,
            0.4139225482940674,
            0.48822641372680664
        ],
        [
            -11.313567161560059,
            -2.8895297050476074,
            -2.5165634155273438,
            -0.03417086601257324,
            0.4096078872680664,
            -0.007937192916870117,
            0.29085302352905273,
            0.23440289497375488,
            0.5980803966522217,
            0.7193751335144043
        ],
        [
            -10.960247039794922,
            -2.323643445968628,
            -2.478532075881958,
            -0.008295774459838867,
            0.15708231925964355,
            0.0037305355072021484,
            0.12476682662963867,
            0.11068177223205566,
            0.235978364944458,
            0.28663039207458496
        ],
        [
            -11.32404899597168,
            -2.9012441635131836,
            -2.517301559448242,
            -0.03491783142089844,
            0.4143056869506836,
            -0.008180379867553711,
            0.29378747940063477,
            0.23713111877441406,
            0.6045980453491211,
            0.728412389755249
        ],
        [
            -11.265593528747559,
            -2.832536458969116,
            -2.513425588607788,
            -0.031068801879882812,
            0.3851799964904785,
            -0.0068738460540771484,
            0.2758173942565918,
            0.22195053100585938,
            0.5636465549468994,
            0.6754593849182129
        ],
        [
            -11.320332527160645,
            -2.896648406982422,
            -2.516890287399292,
            -0.034746646881103516,
            0.41272544860839844,
            -0.007939815521240234,
            0.29261326789855957,
            0.23618817329406738,
            0.6022932529449463,
            0.7253587245941162
        ],
        [
            -10.80460262298584,
            -2.091620683670044,
            -2.4558441638946533,
            -0.0034105777740478516,
            0.0645599365234375,
            -0.007668495178222656,
            0.052979469299316406,
            0.041832923889160156,
            0.09921789169311523,
            0.10836315155029297
        ],
        [
            -11.11605453491211,
            -2.621645450592041,
            -2.500869035720825,
            -0.022517681121826172,
            0.29202961921691895,
            -0.005961418151855469,
            0.2119736671447754,
            0.16760468482971191,
            0.43166017532348633,
            0.5095081329345703
        ],
        [
            -11.079944610595703,
            -2.5595040321350098,
            -2.4976208209991455,
            -0.021625041961669922,
            0.2665517330169678,
            -0.006935596466064453,
            0.19262456893920898,
            0.15059375762939453,
            0.39454078674316406,
            0.46408772468566895
        ],
        [
            -10.993436813354492,
            -2.411715030670166,
            -2.4844610691070557,
            -0.015770912170410156,
            0.20244383811950684,
            -0.008775949478149414,
            0.14681267738342285,
            0.10898447036743164,
            0.3043191432952881,
            0.35137295722961426
        ],
        [
            -10.911343574523926,
            -2.296928882598877,
            -2.465822219848633,
            -0.009618759155273438,
            0.1477193832397461,
            -0.011586189270019531,
            0.11404943466186523,
            0.07452583312988281,
            0.2332932949066162,
            0.2544083595275879
        ],
        [
            -11.327909469604492,
            -2.905606746673584,
            -2.5176758766174316,
            -0.0354456901550293,
            0.4161396026611328,
            -0.00812983512878418,
            0.2948777675628662,
            0.23818731307983398,
            0.6072728633880615,
            0.7316250801086426
        ],
        [
            -11.091164588928223,
            -2.584451913833618,
            -2.4964394569396973,
            -0.01850128173828125,
            0.2714118957519531,
            -0.0039637088775634766,
            0.20055365562438965,
            0.15932726860046387,
            0.40331006050109863,
            0.47643280029296875
        ],
        [
            -11.247982025146484,
            -2.809513568878174,
            -2.5121288299560547,
            -0.029681682586669922,
            0.3752591609954834,
            -0.0062139034271240234,
            0.2691159248352051,
            0.2163538932800293,
            0.5495181083679199,
