{
    "collision_depths": [
        0.010685904668549915
    ],
    "collision": true,
    "joint_limit_violation": false,
    "self_collision": false,
    "physical_violations": true,
    "config_smoothness": -5.902598725305077,
    "eff_smoothness": -5.98520844718205,
    "eff_position_path_length": 37.49789806395154,
    "eff_orientation_path_length": 1373.284671558822,
    "physical_success": false,
    "time": 0.7727005481719971,
    "num_steps": 51,
    "trajectory_w": [
        [
            -7.948707580566406,
            -9.5711030960083,
            0.17510025203227997,
            0.0,
            0.0,
            0.0,
            0.0,
            0.0,
            0.0,
            0.0
        ],
        [
            -6.858109951019287,
            -9.036039352416992,
            0.09561102092266083,
            0.06383919715881348,
            0.45125818252563477,
            0.015291452407836914,
            0.2686922550201416,
            -0.008244037628173828,
            0.34014272689819336,
            -0.28021883964538574
        ],
        [
            -7.251709938049316,
            -9.198588371276855,
            0.11553160846233368,
            0.04566597938537598,
            0.285158634185791,
            0.010335206985473633,
            0.17132878303527832,
            -0.011202812194824219,
            0.21531987190246582,
            -0.19761228561401367
        ],
        [
            -6.577642440795898,
            -8.93163013458252,
            0.08096091449260712,
            0.0820167064666748,
            0.5750806331634521,
            0.013677358627319336,
            0.334719181060791,
            -0.023433208465576172,
            0.4170684814453125,
            -0.349653959274292
        ],
        [
            -7.539465427398682,
            -9.398025512695312,
            0.15065710246562958,
            0.01090860366821289,
            0.1660022735595703,
            0.01785135269165039,
            0.10628819465637207,
            0.007961273193359375,
            0.1323869228363037,
            -0.08422613143920898
        ],
        [
            -7.618746757507324,
            -9.352191925048828,
            0.14409415423870087,
            0.02362847328186035,
            0.13512849807739258,
            0.0030994415283203125,
            0.09470248222351074,
            -0.001744985580444336,
            0.10203242301940918,
            -0.11560797691345215
        ],
        [
            -7.358892917633057,
            -9.294807434082031,
            0.13893096148967743,
            0.02091217041015625,
            0.2414696216583252,
            0.015737533569335938,
            0.15425324440002441,
            0.009183645248413086,
            0.19334030151367188,
            -0.14893317222595215
        ],
        [
            -6.7116618156433105,
            -8.984699249267578,
            0.0909365862607956,
            0.07210564613342285,
            0.513352632522583,
            0.019844770431518555,
            0.3039987087249756,
            -0.012900352478027344,
            0.3817555904388428,
            -0.3074207305908203
        ],
        [
            -7.433140754699707,
            -9.340842247009277,
            0.1446196287870407,
            0.01571512222290039,
            0.20882773399353027,
            0.019168853759765625,
            0.1341695785522461,
            0.008999824523925781,
            0.1681807041168213,
            -0.11526918411254883
        ],
        [
            -7.070511817932129,
            -9.110331535339355,
            0.10018698871135712,
            0.05655694007873535,
            0.3635714054107666,
            0.0055446624755859375,
            0.21432232856750488,
            -0.01234579086303711,
            0.27408480644226074,
            -0.24751925468444824
        ],
        [
            -7.59037446975708,
            -9.423745155334473,
            0.15271370112895966,
            0.008558273315429688,
            0.14585113525390625,
            0.016538143157958984,
            0.09284639358520508,
            0.006545305252075195,
            0.11573290824890137,
            -0.07221722602844238
        ],
        [
            -7.873541831970215,
            -9.53304386138916,
            0.16807834804058075,
            0.004938364028930664,
            0.03092217445373535,
            0.005167484283447266,
            0.019936561584472656,
            -0.000701904296875,
            0.01828289031982422,
            -0.017621755599975586
        ],
        [
            -6.808295249938965,
            -9.022034645080566,
            0.09599201381206512,
            0.06540775299072266,
            0.4709055423736572,
            0.02010321617126465,
            0.2814464569091797,
            -0.007805585861206055,
            0.35466527938842773,
            -0.284759521484375
        ],
        [
            -7.056041717529297,
            -9.142457962036133,
            0.11268536746501923,
            0.044437408447265625,
            0.36091136932373047,
            0.028620243072509766,
            0.2210252285003662,
            0.0006740093231201172,
            0.2776298522949219,
            -0.21539688110351562
        ],
        [
            -7.11577033996582,
            -9.17150592803955,
            0.12067024409770966,
            0.04068708419799805,
            0.34043025970458984,
            0.020928621292114258,
            0.2123122215270996,
            0.007210731506347656,
            0.2655789852142334,
            -0.21034669876098633
        ],
        [
            -6.967489242553711,
            -9.067733764648438,
            0.0940963476896286,
            0.06220221519470215,
            0.40956926345825195,
            0.003935337066650391,
            0.23937630653381348,
            -0.013161182403564453,
            0.30651164054870605,
            -0.27327990531921387
        ],
        [
            -7.456334114074707,
            -9.353546142578125,
            0.14638011157512665,
            0.014721393585205078,
            0.1993999481201172,
            0.018977880477905273,
            0.12824130058288574,
            0.008993864059448242,
            0.16068696975708008,
            -0.10796689987182617
        ],
        [
            -6.574404716491699,
            -8.93089771270752,
            0.0810343474149704,
            0.08219575881958008,
            0.5762684345245361,
            0.013866186141967773,
            0.3356318473815918,
            -0.023706912994384766,
            0.41805219650268555,
            -0.3499412536621094
        ],
        [
            -7.273708820343018,
            -9.255903244018555,
            0.13303105533123016,
            0.025664329528808594,
            0.27393126487731934,
            0.021495580673217773,
            0.1737682819366455,
            0.008184194564819336,
            0.21663236618041992,
            -0.1655595302581787
        ],
        [
            -7.244904518127441,
            -9.19057559967041,
            0.11425845324993134,
            0.04762077331542969,
            0.2909708023071289,
            0.004548788070678711,
            0.17500710487365723,
            -0.01064920425415039,
            0.22010302543640137,
            -0.2081892490386963
        ],
        [
            -7.256187438964844,
            -9.197056770324707,
            0.11550037562847137,
            0.04682612419128418,
            0.285128116607666,
            0.007083892822265625,
            0.1717219352722168,
            -0.010740518569946289,
            0.21531987190246582,
            -0.20204496383666992
        ],
        [
            -7.062857151031494,
            -9.144960403442383,
            0.1166037768125534,
            0.04481840133666992,
            0.3612182140350342,
            0.02260589599609375,
            0.2244706153869629,
            0.0059452056884765625,
