{
    "collision_depths": [
        0.03642330364334569,
        0.03422537169721467,
        0.03623332040103145,
        0.03271790614359517,
        0.02252672543701783,
        0.08760729389678198,
        0.053336983719924506,
        0.03183633734526621,
        0.0017426156890005592,
        0.02273244384117575,
        0.024974915687327494,
        0.07626180504414193,
        0.009105919480620669,
        0.0324418586866307,
        0.034482882384871114,
        0.02999405691722429,
        0.022859704213368772,
        0.027371461754024096,
        0.06973975827613088,
        0.029108361537270623,
        0.023331807035399898,
        0.01940151979842311,
        0.03336693868060665,
        0.044609817557046856,
        0.035551878930398365,
        0.03809298517499742,
        0.030215854945435317,
        0.012127064553835255,
        0.010073217496877269,
        0.0660147112190713,
        0.059642609332507396,
        0.01785715875608478,
        0.046371971503462756,
        0.01502214839945386,
        0.09636179807910027,
        0.07640358196015128,
        0.017042128320229593,
        0.05734235779631894,
        0.09428940125853442,
        0.04907902138987316,
        0.04960732306924535,
        0.02870849832063421,
        0.04041016398593298,
        0.05035800162292872,
        0.0371458794867344,
        0.0984405368427585,
        0.05740722722473669,
        0.05730575195691146,
        0.05049692264897673,
        0.043389428576006375,
        0.38476492111579647,
        0.12572633160241586,
        0.17221839830757887,
        0.18714769737659076,
        0.188505950959363,
        0.06609615536081612,
        0.04288655268966411,
        0.1852771805720214,
        0.14736517831681317,
        0.01594697610068016,
        0.01769885295681617
    ],
    "collision": true,
    "joint_limit_violation": true,
    "self_collision": true,
    "physical_violations": true,
    "config_smoothness": -3.473548475057779,
    "eff_smoothness": -4.612207918214783,
    "eff_position_path_length": 670.9897540654164,
    "eff_orientation_path_length": 6158.69093784618,
    "physical_success": false,
    "time": 0.18378329277038574,
    "num_steps": 51,
    "trajectory_w": [
        [
            -11.539751052856445,
            -7.401907920837402,
            -2.443962335586548,
            0.0,
            0.0,
            0.0,
            0.0,
            0.0,
            0.0,
            0.0
        ],
        [
            -6.506085395812988,
            -8.189972877502441,
            0.31511783599853516,
            -5.320166110992432,
            0.07467079162597656,
            2.7116100788116455,
            1.0173299312591553,
            2.087548017501831,
            1.4508299827575684,
            -5.159062385559082
        ],
        [
            -13.872589111328125,
            -8.010045051574707,
            0.6724791526794434,
            -2.25659441947937,
            -1.7524991035461426,
            3.1140291690826416,
            -1.231833815574646,
            4.167943000793457,
            1.2769935131072998,
            5.312692642211914
        ],
        [
            -26.587120056152344,
            -14.083148002624512,
            0.6016883850097656,
            4.203533172607422,
            0.8815486431121826,
            8.545682907104492,
            1.1837995052337646,
            4.386219024658203,
            -0.4758113622665405,
            4.094408988952637
        ],
        [
            -17.844852447509766,
            3.7511959075927734,
            0.9132986068725586,
            5.733867645263672,
            3.923027276992798,
            -3.7037205696105957,
            2.5678417682647705,
            1.2179429531097412,
            1.5118143558502197,
            3.004159688949585
        ],
        [
            -20.954002380371094,
            -5.9867730140686035,
            4.758057594299316,
            -9.116854667663574,
            -0.0867774486541748,
            -3.4514505863189697,
            -2.1964008808135986,
            3.6981775760650635,
            -1.463488221168518,
            -0.5550789833068848
        ],
        [
            5.5595622062683105,
            -4.933147430419922,
            -4.1037163734436035,
            -3.546851634979248,
            2.786073923110962,
            -1.1699869632720947,
            1.194953203201294,
            4.424253463745117,
            3.625070810317993,
            1.0982577800750732
        ],
        [
            0.03141409531235695,
            -5.853372097015381,
            5.575273513793945,
            2.780799150466919,
            3.7336533069610596,
            0.6550602912902832,
            1.9351212978363037,
            5.7970123291015625,
            4.384186744689941,
            0.9217326641082764
        ],
        [
            -16.300338745117188,
            -9.382529258728027,
            5.150510787963867,
            2.182393789291382,
            2.0638115406036377,
            3.6227848529815674,
            4.711463928222656,
            1.9263055324554443,
            1.7751941680908203,
            5.646243095397949
        ],
        [
            3.2895865440368652,
            8.758231163024902,
            5.263879776000977,
            0.35620570182800293,
            -1.6709973812103271,
            1.559601068496704,
            2.5000951290130615,
            9.494115829467773,
            -4.887835502624512,
            6.690985679626465
        ],
        [
            -9.380043983459473,
            -9.608673095703125,
            1.8066766262054443,
            -2.583652973175049,
            -0.46071434020996094,
            0.12420105934143066,
            1.4087083339691162,
            3.254988431930542,
            -1.1071902513504028,
            1.860442876815796
        ],
        [
            -17.040727615356445,
            2.035968065261841,
            -6.398031234741211,
            1.9484245777130127,
            3.571976900100708,
            2.2790048122406006,
            -3.34030818939209,
            -1.7189202308654785,
            0.8688685894012451,
            -2.5429344177246094
        ],
        [
            -6.823081016540527,
            -7.260633945465088,
            -3.4363865852355957,
            -9.0311279296875,
            3.334134340286255,
            5.453183174133301,
            -1.1649119853973389,
            -0.5141642093658447,
            -5.318020820617676,
            -1.0793631076812744
        ],
        [
            -12.860833168029785,
            -8.287806510925293,
            3.7322776317596436,
            0.6893892288208008,
            1.79726243019104,
            -4.459002494812012,
            -3.595797538757324,
            3.198216676712036,
            -1.9628806114196777,
            0.02871990203857422
        ],
        [
            -11.68460750579834,
            -0.6554915308952332,
            -4.709954261779785,
            -4.22921895980835,
            -3.0368828773498535,
            6.636460304260254,
            0.980701208114624,
            1.7827603816986084,
            2.4776084423065186,
            -0.8089568614959717
        ],
        [
            -4.28518009185791,
            -11.39726448059082,
            -1.8691167831420898,
            -9.796500205993652,
            2.6247007846832275,
            1.0383574962615967,
            -7.116191864013672,
            4.54860782623291,
            -5.452303409576416,
            -4.630040168762207
        ],
        [
            -16.43808364868164,
            -2.659907341003418,
            -8.318461418151855,
            -0.16797637939453125,
            2.37300181388855,
            -2.135814666748047,
            2.193242311477661,
            0.8223302364349365,
            2.407228708267212,
            -0.5118594169616699
        ],
        [
            -16.46194076538086,
            -13.433436393737793,
