{
    "collision_depths": [
        0.004997951358490677,
        0.0038794236936390727,
        0.029248645849159115,
        0.004205621792154789,
        0.07047226393153566,
        0.04353235836030698,
        0.02399046368316714,
        0.12534487493426472,
        0.29009107323513317,
        0.057079842262989566,
        0.3000910731149111,
        0.05765922848579076,
        0.24646190141284713,
        0.24727771237317225,
        0.2107708483172526,
        0.12632468595510815,
        0.21592457334076343,
        0.21516734637406,
        0.007035500825471529,
        0.2107711978500941,
        0.10093448375164359,
        0.020275309184832814,
        0.03027530906461003,
        0.02036234821241875,
        0.03036234809219597,
        0.03506698696157714,
        0.045066986841354365,
        0.0066431958330041676,
        0.030418832052177512,
        0.04041883193194139,
        0.0012011709280731356,
        0.010183885375799699,
        0.09380354855651808,
        0.03497717012911014,
        0.05620852418039153,
        0.026085370731382354,
        0.03593260626290403,
        0.013662833493880198,
        0.07282235165137473,
        0.007034091893053477,
        0.06505928917620853,
        0.010513406724286451,
        0.020513406604063526,
        0.0854827027482706,
        0.08212057261090752,
        0.18262134416137435,
        0.010046737413320517,
        0.04224149654406132,
        0.0030458159932911107,
        0.033669435050916574,
        0.0852899341525168,
        0.19074658901213876,
        0.09155008301615651
    ],
    "collision": true,
    "joint_limit_violation": true,
    "self_collision": true,
    "physical_violations": true,
    "config_smoothness": -3.7043730877737784,
    "eff_smoothness": -4.832664709016791,
    "eff_position_path_length": 638.3911774071096,
    "eff_orientation_path_length": 6478.616958866143,
    "physical_success": false,
    "time": 0.45016026496887207,
    "num_steps": 51,
    "trajectory_w": [
        [
            -10.715400695800781,
            -1.916989803314209,
            -2.439924955368042,
            0.0,
            0.0,
            0.0,
            0.0,
            0.0,
            0.0,
            0.0
        ],
        [
            -16.251914978027344,
            -1.185250997543335,
            -0.6993775367736816,
            1.62465500831604,
            5.337414741516113,
            -3.151931047439575,
            -0.3669600486755371,
            0.460951566696167,
            0.7392435073852539,
            -2.4185097217559814
        ],
        [
            -4.594618320465088,
            -14.725061416625977,
            -3.87503719329834,
            -4.799180507659912,
            0.9717307090759277,
            -1.6014220714569092,
            -0.8253170251846313,
            -0.1336359977722168,
            -2.8906288146972656,
            -2.331958532333374
        ],
        [
            -9.037552833557129,
            -9.766411781311035,
            -6.508127212524414,
            -12.52539348602295,
            4.491206169128418,
            -2.537163257598877,
            0.9380910396575928,
            3.2310540676116943,
            2.588970422744751,
            -1.2524526119232178
        ],
        [
            -2.7717957496643066,
            -1.9787431955337524,
            -2.2174506187438965,
            -1.2022103071212769,
            3.2235991954803467,
            -2.7243974208831787,
            -4.193840980529785,
            6.590057373046875,
            0.7743594646453857,
            4.130891799926758
        ],
        [
            -20.550302505493164,
            16.585437774658203,
            2.940605401992798,
            1.2977726459503174,
            -0.09644770622253418,
            6.15290641784668,
            -2.150010108947754,
            5.935193061828613,
            -4.230068206787109,
            0.790895938873291
        ],
        [
            -7.675660610198975,
            0.5252899527549744,
            -0.876868724822998,
            -7.039703369140625,
            1.8368923664093018,
            12.156664848327637,
            -6.6233673095703125,
            -0.6603879928588867,
            1.4931585788726807,
            5.740139007568359
        ],
        [
            -16.829505920410156,
            -0.2724689245223999,
            -1.1174273490905762,
            -3.231713056564331,
            -1.0486546754837036,
            -3.3801634311676025,
            -0.5850685834884644,
            1.5041530132293701,
            -1.5843902826309204,
            1.5368192195892334
        ],
        [
            -11.494339942932129,
            7.9477667808532715,
            -2.6289217472076416,
            3.2483932971954346,
            -0.6363720893859863,
            -4.944933891296387,
            -6.532083511352539,
            -0.358595609664917,
            3.8956897258758545,
            2.2406303882598877
        ],
        [
            -20.886005401611328,
            -2.198171377182007,
            -1.732602596282959,
            -4.125578880310059,
            3.4225871562957764,
            -5.872568130493164,
            4.512724876403809,
            2.0783441066741943,
            1.8476231098175049,
            2.507380247116089
        ],
        [
            -15.474662780761719,
            -1.7932339906692505,
            -5.373824119567871,
            3.104759454727173,
            -2.341278076171875,
            4.463661193847656,
            0.08929061889648438,
            1.544654130935669,
            1.7306714057922363,
            -6.413959503173828
        ],
        [
            -18.258563995361328,
            -5.879753112792969,
            5.789823532104492,
            -4.0759501457214355,
            3.1819803714752197,
            2.133906126022339,
            -2.4584293365478516,
            8.796384811401367,
            4.904417991638184,
            1.385655164718628
        ],
        [
            -17.777576446533203,
            -10.684249877929688,
            -0.5479850769042969,
            1.6417806148529053,
            -1.3265461921691895,
            -0.23652243614196777,
            -8.094560623168945,
            1.1458218097686768,
            3.8050858974456787,
            2.977947473526001
        ],
        [
            -15.821067810058594,
            1.8930696249008179,
            1.8432819843292236,
            -2.0452051162719727,
            0.9071304798126221,
            3.370770215988159,
            0.04965090751647949,
            2.2318999767303467,
            6.1066694259643555,
            3.5300748348236084
        ],
        [
            -22.64278221130371,
            -1.7027243375778198,
            -2.4403603076934814,
            0.09917807579040527,
            2.6621592044830322,
            1.830228567123413,
            0.29965782165527344,
            1.5728676319122314,
            -4.409723281860352,
            -3.0305395126342773
        ],
        [
            -0.8152231574058533,
            0.08456065505743027,
            -4.814225196838379,
            -2.890275716781616,
            -0.8409533500671387,
            6.856633186340332,
            1.8328745365142822,
            3.8133742809295654,
            -1.6424517631530762,
            4.700331687927246
        ],
        [
            -21.178672790527344,
            9.772615432739258,
            -5.875494003295898,
            -7.661724090576172,
            2.7108399868011475,
            5.467868804931641,
            0.39449238777160645,
            10.683646202087402,
            -1.3616678714752197,
            2.0976946353912354
        ],
        [
            -0.8586190938949585,
            -0.874850869178772,
            -1.6702516078948975,
            1.7662956714630127,
            1.7356889247894287,
            -3.830127239227295,
            -6.442683219909668,
            -0.5690195560455322,
