{
    "collision_depths": [
        0.07864945220219056,
        0.029248562563301012,
        0.023670018822502834,
        0.015123826201329366,
        0.08185130291858067,
        0.2538733357363852,
        0.1020080891450725,
        0.07520957464464852,
        0.11118923016952229,
        0.27976052473661767,
        0.1983327124646255,
        0.07723805704626827,
        0.05716761227490158,
        0.00987488535017125,
        0.05107556994426424,
        0.0014544705050847698,
        0.32112886702554844,
        0.009214231194317088,
        0.004857383252875868,
        0.15258220708923187,
        0.15108782095281692,
        0.16097553081658347,
        0.29164208656260143,
        0.022042813326365915,
        0.012969529950033027,
        0.015189177557794144,
        0.025263722217490875,
        0.02475420019317366,
        0.01615149664637357,
        0.020536367419294568,
        0.034375926020266866,
        0.02627247858903185,
        5.906619970629823e-05,
        0.02741582695890679
    ],
    "collision": true,
    "joint_limit_violation": true,
    "self_collision": true,
    "physical_violations": true,
    "config_smoothness": -3.8829948039946283,
    "eff_smoothness": -4.634757607918723,
    "eff_position_path_length": 692.4501207967329,
    "eff_orientation_path_length": 6646.5368679019,
    "physical_success": false,
    "time": 0.20273470878601074,
    "num_steps": 51,
    "trajectory_w": [
        [
            -11.603302001953125,
            -7.138992786407471,
            -2.0943827629089355,
            0.0,
            0.0,
            0.0,
            0.0,
            0.0,
            0.0,
            0.0
        ],
        [
            -3.5535740852355957,
            -10.881264686584473,
            1.0961167812347412,
            -1.1977169513702393,
            -0.2794536352157593,
            2.419245481491089,
            -2.602274179458618,
            1.9423730373382568,
            0.3016667366027832,
            0.22062921524047852
        ],
        [
            -11.360280990600586,
            -1.1390697956085205,
            1.0931942462921143,
            -3.354679822921753,
            -3.924859046936035,
            1.7059462070465088,
            3.1294596195220947,
            5.70261287689209,
            -2.478485107421875,
            7.957505226135254
        ],
        [
            -21.265905380249023,
            5.1378326416015625,
            0.4311974048614502,
            6.052700042724609,
            -0.48012256622314453,
            1.7777149677276611,
            0.0562896728515625,
            3.6276090145111084,
            2.3886992931365967,
            3.859506368637085
        ],
        [
            -0.0008727278909645975,
            -20.738285064697266,
            -3.7715256214141846,
            -0.7743220329284668,
            -2.899087429046631,
            -5.269011497497559,
            3.6521708965301514,
            1.1943180561065674,
            -3.8370070457458496,
            -3.1931912899017334
        ],
        [
            -7.893594741821289,
            -3.352065324783325,
            -7.345944881439209,
            -4.809658527374268,
            -0.5057389736175537,
            -0.6080245971679688,
            -1.5077650547027588,
            2.068507432937622,
            0.0721132755279541,
            -2.295609474182129
        ],
        [
            -9.140913009643555,
            -8.93451976776123,
            -2.850862741470337,
            -3.845485210418701,
            -5.553905487060547,
            5.223629951477051,
            -5.7351508140563965,
            7.5605621337890625,
            -1.430930256843567,
            4.604702949523926
        ],
        [
            -20.608366012573242,
            -3.5313005447387695,
            -3.748483180999756,
            5.819452285766602,
            1.341202974319458,
            -0.8384168148040771,
            1.600689172744751,
            -1.5941779613494873,
            -2.272613286972046,
            3.6385276317596436
        ],
        [
            3.25207257270813,
            -9.752350807189941,
            5.1187262535095215,
            -0.18811964988708496,
            1.2804148197174072,
            6.591577529907227,
            -7.194258689880371,
            4.070069313049316,
            0.4665255546569824,
            0.0022125244140625
        ],
        [
            -12.700145721435547,
            -4.826166152954102,
            -0.8034956455230713,
            -0.37451887130737305,
            2.653041124343872,
            -3.078486204147339,
            -0.7048261165618896,
            1.601607084274292,
            -3.4392576217651367,
            2.1732208728790283
        ],
        [
            -26.528961181640625,
            -19.27350425720215,
            -0.793773889541626,
            -9.424860954284668,
            1.7170512676239014,
            -1.0065314769744873,
            1.230943202972412,
            -3.086510419845581,
            -3.2303123474121094,
            2.0052998065948486
        ],
        [
            -20.884410858154297,
            4.608736038208008,
            -7.108701229095459,
            -1.1310229301452637,
            3.100538492202759,
            1.3354699611663818,
            0.6744823455810547,
            8.731768608093262,
            -2.2860684394836426,
            -1.6942942142486572
        ],
        [
            -16.478227615356445,
            -13.517114639282227,
            -1.5118918418884277,
            -1.540407419204712,
            5.206921577453613,
            -0.7528276443481445,
            -2.389580249786377,
            -1.2496318817138672,
            0.863192081451416,
            -2.612058162689209
        ],
        [
            -24.108684539794922,
            -1.9421998262405396,
            -1.4205989837646484,
            3.55187726020813,
            -2.8033785820007324,
            -2.43532395362854,
            -0.7809231281280518,
            -2.8627190589904785,
            -0.7453771829605103,
            -0.7461645603179932
        ],
        [
            -11.353252410888672,
            -1.9461150169372559,
            0.45903515815734863,
            -2.692382335662842,
            2.469444990158081,
            0.6270709037780762,
            -5.577816009521484,
            -1.9975993633270264,
            -2.2019171714782715,
            -6.110541343688965
        ],
        [
            -4.709424018859863,
            -3.4723029136657715,
            -1.9378492832183838,
            3.208775758743286,
            -0.8745660781860352,
            -2.554067611694336,
            -7.618973731994629,
            0.9604136943817139,
            -3.362230062484741,
            -5.167204856872559
        ],
        [
            -6.174839019775391,
            -18.419776916503906,
            -2.9553582668304443,
            -6.077572822570801,
            -0.3092430830001831,
            3.8129398822784424,
            -0.49075770378112793,
            3.1168835163116455,
            0.1376965045928955,
            4.76276969909668
        ],
        [
            -3.0579588413238525,
            -3.3815295696258545,
            -0.38867926597595215,
            -7.419342041015625,
            2.388566255569458,
            1.5737392902374268,
            2.6284244060516357,
            8.291495323181152,
            -0.7570974826812744,
            -1.9194972515106201
        ],
        [
            -4.384085655212402,
            -1.6377090215682983,
            -0.2710583209991455,
            3.1827824115753174,
            -4.179805278778076,
            6.214194297790527,
            1.1950709819793701,
            -0.4218478202819824,
            -4.942092418670654,
            4.220335006713867
        ],
        [
            -10.820695877075195,
            2.2276313304901123,
            1.0770070552825928,
            -0.5339000225067139,
