{
    "goal-reach": {
        "collision_depths": [
            [],
            [],
            [],
            [],
            [],
            [],
            [],
            [],
            [
                0.010685904668549915
            ],
            [],
            [],
            [],
            [
                0.02246856839988904,
                0.03246858329365066
            ],
            [],
            [],
            []
        ],
        "collision": [
            false,
            false,
            false,
            false,
            false,
            false,
            false,
            false,
            true,
            false,
            false,
            false,
            true,
            false,
            false,
            false
        ],
        "joint_limit_violation": [
            false,
            false,
            false,
            false,
            false,
            false,
            false,
            false,
            false,
            false,
            false,
            false,
            false,
            false,
            false,
            false
        ],
        "self_collision": [
            false,
            false,
            false,
            false,
            false,
            false,
            false,
            false,
            false,
            false,
            false,
            false,
            false,
            false,
            false,
            false
        ],
        "physical_violations": [
            false,
            false,
            false,
            false,
            false,
            false,
            false,
            false,
            true,
            false,
            false,
            false,
            true,
            false,
            false,
            false
        ],
        "config_smoothness": [
            -5.721644437051968,
            -5.697786035832888,
            -7.367752878757004,
            -6.953401387633719,
            -5.8573297953291075,
            -4.332333058801331,
            -4.923160189489325,
            -7.098938845172351,
            -5.902598725305077,
            -6.120215929131843,
            -5.566865794791509,
            -4.931010830864139,
            -7.338022677526651,
            -4.37945519658167,
            -5.620652433083793,
            -5.513604200194729
        ],
        "eff_smoothness": [
            -5.741816675727445,
            -5.775362680750801,
            -7.5706552775108715,
            -6.998544674463598,
            -5.890960485295506,
            -4.39954948059615,
            -5.044994688227927,
            -7.177294412216862,
            -5.98520844718205,
            -6.199657851153874,
            -5.573569520889113,
            -5.037738200206357,
            -7.414049060200973,
            -4.433091468719866,
            -5.756306739545443,
            -5.577294717730105
        ],
        "eff_position_path_length": [
            33.916482048209055,
            35.30232811524897,
            24.657688947299174,
            29.910657657867926,
            29.13256524817207,
            29.54890614261547,
            24.8578227351928,
            27.523850379907064,
            37.49789806395154,
            22.98406078298662,
            28.71495458370639,
            29.088214363679658,
            30.734507409452373,
            41.739649257864585,
            34.022998323783256,
            36.05596196552668
        ],
        "eff_orientation_path_length": [
            1148.2099479281608,
            1433.6078370505718,
            1106.202222361462,
            1705.4144231361047,
            1176.1479882109936,
            1231.7277529770085,
            995.8721265987107,
            656.1171818061719,
            1373.284671558822,
            1075.6519029209412,
            1079.669541609899,
            1162.8245124145649,
            1127.9340247237103,
            1711.4374757632813,
            912.6305013604327,
            1227.6801895682108
        ],
        "physical_success": [
            true,
            true,
            true,
            true,
            true,
            true,
            true,
            true,
            false,
            true,
            true,
            true,
            false,
            true,
            true,
            true
        ],
        "time": [
            2.7365353107452393,
            0.8791811466217041,
            0.9719583988189697,
            0.8986976146697998,
            0.9323570728302002,
            0.8369603157043457,
            0.6058492660522461,
            0.6984658241271973,
            0.7727005481719971,
            1.053558111190796,
            1.0829582214355469,
            0.8571064472198486,
            0.6073966026306152,
            0.8430171012878418,
            1.0207719802856445,
            0.6770827770233154
        ],
        "num_steps": [
            51,
            51,
            51,
            51,
            51,
            51,
            51,
            51,
            51,
            51,
            51,
            51,
            51,
            51,
            51,
            51
        ]
    }
}