{
    "collision_depths": [
        0.017788448005287144,
        0.06569525250009822,
        0.002107274411848021,
        0.04918644530319056,
        0.05106026608165195,
        0.050272744032873545,
        0.0021347503703937026,
        0.04039625909592828,
        0.014755423151644782,
        0.052520440204831625,
        0.01578362507082304,
        0.0616062584538795,
        0.012118538087175218,
        0.12738306347618122,
        0.04732483606956171,
        0.05732483594934043,
        0.07357084845608748,
        0.07374191466854861,
        0.00667210234539334,
        0.03247827182836536,
        0.02247727170814251,
        0.051410737532643754,
        0.055302349746078235,
        0.0092506743421575,
        0.01925067422193665,
        0.017985326731362914,
        0.0762480215798188,
        0.243298161747685,
        0.1605416772248532,
        0.03663178312728277,
        0.205055641209128,
        0.1849660068723672,
        0.03667544735153933,
        0.10708571559922594,
        0.05623050069105527,
        0.05486671797151059,
        0.000278918298859279,
        0.000207807375360564,
        0.05161124737522525,
        0.04884760599343033,
        0.027829799410599317,
        0.00017117823195711236,
        0.045295115476230295,
        0.07512568269004034,
        0.050390200978440026,
        0.07411132302104054
    ],
    "collision": true,
    "joint_limit_violation": true,
    "self_collision": true,
    "physical_violations": true,
    "config_smoothness": -3.3810267097673754,
    "eff_smoothness": -3.8189930483902645,
    "eff_position_path_length": 702.1144746658616,
    "eff_orientation_path_length": 6512.29885363561,
    "physical_success": false,
    "time": 0.9924981594085693,
    "num_steps": 51,
    "trajectory_w": [
        [
            -10.763200759887695,
            -8.962141990661621,
            -2.790836811065674,
            0.0,
            0.0,
            0.0,
            0.0,
            0.0,
            0.0,
            0.0
        ],
        [
            -21.455984115600586,
            -17.148008346557617,
            -3.1683380603790283,
            -0.11627650260925293,
            -0.45602965354919434,
            -0.0895991325378418,
            -0.03474879264831543,
            -1.6771824359893799,
            0.017822980880737305,
            0.7884969711303711
        ],
        [
            -16.473522186279297,
            -14.410345077514648,
            -1.0526692867279053,
            -1.3627783060073853,
            4.101672172546387,
            2.0605556964874268,
            4.867959976196289,
            5.202899932861328,
            -0.7629306316375732,
            2.6062123775482178
        ],
        [
            -7.415301322937012,
            -11.402161598205566,
            0.9951732158660889,
            -3.8313066959381104,
            2.6924517154693604,
            3.7296040058135986,
            2.7973272800445557,
            5.993842124938965,
            -4.97528076171875,
            3.892650842666626
        ],
        [
            -8.226078987121582,
            -14.415266036987305,
            -3.055649757385254,
            -6.547061920166016,
            2.7265379428863525,
            -3.723755359649658,
            1.9957969188690186,
            4.550360679626465,
            -2.3311591148376465,
            0.8706562519073486
        ],
        [
            -11.873456001281738,
            -11.59260082244873,
            -3.769442319869995,
            -2.07822322845459,
            2.125091314315796,
            7.3166913986206055,
            4.195606231689453,
            5.24661922454834,
            -1.5777324438095093,
            -1.6699036359786987
        ],
        [
            -24.262462615966797,
            -17.269134521484375,
            -6.872529983520508,
            3.3921139240264893,
            4.7131547927856445,
            2.728381872177124,
            0.8267302513122559,
            2.3083431720733643,
            -1.3206448554992676,
            3.533756971359253
        ],
        [
            -13.084705352783203,
            -17.243694305419922,
            4.921865940093994,
            -11.348311424255371,
            3.943091630935669,
            3.2950737476348877,
            -3.653646945953369,
            6.276615142822266,
            -5.518904685974121,
            -0.14493632316589355
        ],
        [
            0.49939456582069397,
            -6.407231330871582,
            -8.437907218933105,
            -9.21209716796875,
            1.1243360042572021,
            -7.854974746704102,
            3.904489278793335,
            0.16375017166137695,
            -2.727402448654175,
            -0.9157419204711914
        ],
        [
            -3.4781055450439453,
            -6.187222480773926,
            -0.34378600120544434,
            -3.7098300457000732,
            5.581244468688965,
            3.337068796157837,
            -2.055701494216919,
            5.412702560424805,
            -3.0249810218811035,
            -6.336652755737305
        ],
        [
            -15.420378684997559,
            2.043070077896118,
            -1.7100703716278076,
            -6.334056377410889,
            5.598695755004883,
            -9.536943435668945,
            5.432509422302246,
            0.5613493919372559,
            -3.1876258850097656,
            0.9520089626312256
        ],
        [
            -12.974701881408691,
            1.9247756004333496,
            3.4984726905822754,
            -11.763561248779297,
            3.7133519649505615,
            -2.9268007278442383,
            1.6567323207855225,
            -2.0395126342773438,
            0.9076340198516846,
            5.525413513183594
        ],
        [
            -21.49323272705078,
            2.152207851409912,
            2.556339740753174,
            -5.964480400085449,
            0.9711534976959229,
            -6.990448951721191,
            2.35490345954895,
            5.115176200866699,
            4.304696083068848,
            2.135732889175415
        ],
        [
            -18.549699783325195,
            -15.095388412475586,
            -0.4513356685638428,
            -3.3043134212493896,
            -0.8459545373916626,
            -1.4882844686508179,
            5.745070457458496,
            -0.022587060928344727,
            -4.925482273101807,
            3.3189399242401123
        ],
        [
            -7.144194602966309,
            2.737334966659546,
            -1.1298596858978271,
            3.708747148513794,
            3.25842547416687,
            -4.503146171569824,
            4.588683128356934,
            7.431282043457031,
            -3.687255859375,
            3.443506956100464
        ],
        [
            -19.54660415649414,
            -16.20509910583496,
            4.342987537384033,
            0.08297514915466309,
            -0.7837271690368652,
            10.035053253173828,
            6.471723556518555,
            -1.6198844909667969,
            -4.483643531799316,
            5.397171974182129
        ],
        [
            -23.243316650390625,
            -8.85240650177002,
            -3.796456813812256,
            -3.7478251457214355,
            0.16944456100463867,
            -0.9802870750427246,
            2.1145527362823486,
            2.337123155593872,
            -2.1039514541625977,
            -1.8538669347763062
        ],
        [
            -27.302865982055664,
            -8.006847381591797,
            0.6593782901763916,
            -6.490999221801758,
            1.0295648574829102,
            -1.8988087177276611,
            4.423375129699707,
            -1.5095911026000977,
            -6.913370132446289,
            6.8933305740356445
        ],
        [
            -13.83169937133789,
            -12.078845024108887,
            2.80930757522583,
            -3.399885654449463,
