{
    "collision_depths": [
        0.009918667143627649,
        0.011465548653075237,
        0.0072855397179505,
        0.006254326440075279,
        0.006251862494758423,
        0.007996302207559569,
        0.006944507623142205,
        0.026043528877633216,
        0.017491406602686273,
        0.015981579127763677,
        0.0009374019097648876,
        0.007072602535277002,
        0.04795755743590813,
        0.06237769326045841,
        0.019454830168528107,
        0.005661231734952052,
        0.005584992648748371,
        0.008216618375156606,
        0.005661030850777084,
        0.2901231484958548,
        0.12278666707509775,
        0.30522900437629075,
        0.33979658792569606,
        0.340156741374227,
        0.005928982129053527,
        0.3857763903794329,
        0.010203298233856822,
        0.016988879383031934,
        0.14771217082144886,
        0.0060743513438977215,
        0.04483169786587633,
        0.03993814999814983,
        0.05021319444318028,
        0.0124565611084219,
        0.08545521690830823,
        0.05376677286822054,
        0.09033363435845565,
        0.1576651124013676,
        0.1484362387987453,
        0.1949754913026255,
        0.09373007912663488,
        0.09004786846781715,
        0.03575312752851981,
        0.0010808695160776875,
        0.01004565702110587,
        0.0010852108216613163,
        0.005617298038758185,
        0.05464462380783183,
        0.015023129480160905,
        0.049122836784727945,
        0.04636652666220735,
        0.0289567877537866,
        0.0005780563146895208,
        0.09391015622006221,
        0.0773390945007254,
        0.063164794576616,
        0.02698305624609433,
        0.11393991393245327,
        0.04920403381949934,
        0.007887385487075578,
        0.045403302730726965,
        0.03465151679174122,
        0.1574212378212395,
        0.047119108421570716,
        0.320491053194096,
        0.31048987033020226,
        0.12963720673172469,
        0.13110177445319826,
        0.21182421541119761,
        0.04380692674118046,
        0.07311972846629938,
        0.08417634917691744,
        0.028500378150258812,
        0.2900185115800955
    ],
    "collision": true,
    "joint_limit_violation": true,
    "self_collision": true,
    "physical_violations": true,
    "config_smoothness": -3.4507607676253302,
    "eff_smoothness": -4.330884088092579,
    "eff_position_path_length": 682.8603409520115,
    "eff_orientation_path_length": 6037.462832019208,
    "physical_success": false,
    "time": 0.6984550952911377,
    "num_steps": 51,
    "trajectory_w": [
        [
            -11.539751052856445,
            -7.401907920837402,
            -2.443962335586548,
            0.0,
            0.0,
            0.0,
            0.0,
            0.0,
            0.0,
            0.0
        ],
        [
            -4.459229946136475,
            -8.179046630859375,
            -0.05685281753540039,
            -6.311141014099121,
            0.38022708892822266,
            3.1098482608795166,
            0.7804977893829346,
            2.823537588119507,
            1.2330734729766846,
            -5.4949822425842285
        ],
        [
            -13.373509407043457,
            -9.270659446716309,
            0.553246021270752,
            -2.704695224761963,
            -1.1442010402679443,
            3.495955228805542,
            -1.2338968515396118,
            4.889802932739258,
            1.0701689720153809,
            5.033044815063477
        ],
        [
            -27.514619827270508,
            -12.977663040161133,
            0.26473379135131836,
            2.7581894397735596,
            1.3391051292419434,
            9.99575138092041,
            0.8895924091339111,
            5.103896141052246,
            -0.75970458984375,
            3.241483449935913
        ],
        [
            -19.12317657470703,
            4.502401351928711,
            0.26372480392456055,
            4.787994384765625,
            4.744916915893555,
            -2.5743513107299805,
            2.07682728767395,
            1.8215935230255127,
            0.8517074584960938,
            3.1855762004852295
        ],
        [
            -21.140247344970703,
            -6.464305400848389,
            4.5080766677856445,
            -10.193934440612793,
            0.4700279235839844,
            -3.769655227661133,
            -1.9065876007080078,
            4.596471786499023,
            -2.0556254386901855,
            -0.4250047206878662
        ],
        [
            6.478525638580322,
            -5.31117582321167,
            -3.346968173980713,
            -4.003945827484131,
            3.0193941593170166,
            -1.0569121837615967,
            0.7644526958465576,
            5.30239200592041,
            3.097552537918091,
            1.0270555019378662
        ],
        [
            -0.16807593405246735,
            -5.527943134307861,
            6.125195503234863,
            1.5910098552703857,
            4.145364761352539,
            0.7572150230407715,
            0.9631876945495605,
            6.629053115844727,
            3.966442823410034,
            0.7202587127685547
        ],
        [
            -17.82460594177246,
            -9.713807106018066,
            4.798971176147461,
            1.5527184009552002,
            2.6788523197174072,
            4.059538841247559,
            4.234950065612793,
            1.9813940525054932,
            1.5320518016815186,
            5.499926567077637
        ],
        [
            3.0188562870025635,
            8.655152320861816,
            5.119009971618652,
            -0.7717504501342773,
            -1.154523253440857,
            1.3032524585723877,
            1.8929178714752197,
            10.068022727966309,
            -5.231518745422363,
            6.2262067794799805
        ],
        [
            -8.802693367004395,
            -11.15071964263916,
            1.1445960998535156,
            -3.3046603202819824,
            -0.03385329246520996,
            0.41011929512023926,
            1.1580674648284912,
            3.9956109523773193,
            -1.2817434072494507,
            1.2331550121307373
        ],
        [
            -17.419036865234375,
            4.011828899383545,
            -6.70391845703125,
            0.868328332901001,
            4.430803298950195,
            2.9750711917877197,
            -3.650362968444824,
            -0.3529059886932373,
            0.11673974990844727,
            -2.534640073776245
        ],
        [
            -4.741722106933594,
            -6.934903621673584,
            -3.520833730697632,
            -10.681723594665527,
            3.2570078372955322,
            5.832271575927734,
            -1.4746626615524292,
            0.965745210647583,
            -5.770925045013428,
            -1.4210654497146606
        ],
        [
            -13.252382278442383,
            -8.675522804260254,
            3.24198317527771,
            0.11104917526245117,
            2.308649778366089,
            -3.9886133670806885,
            -4.190530300140381,
            3.700246572494507,
            -2.303245782852173,
            -0.641761302947998
        ],
        [
            -9.620245933532715,
            -1.188246250152588,
            -4.548037528991699,
            -4.709819316864014,
            -2.470886707305908,
            6.979500770568848,
            1.1429729461669922,
            2.788343667984009,
            2.0714404582977295,
            -1.0881984233856201
        ],
        [
            -1.261042833328247,
            -9.00910472869873,
            -1.6237578392028809,
            -10.739127159118652,
            2.9767582416534424,
            1.6194603443145752,
            -7.685636520385742,
            6.755651473999023,
            -5.73726749420166,
            -4.47698974609375
        ],
        [
            -15.736553192138672,
