{
    "collision_depths": [
        0.021384574842163585,
        0.26761521409796407,
        0.06296721430055258,
        0.03880810909696048,
        0.07609198918700887,
        0.15037879874840124,
        0.0786240955618826,
        0.01833533303027885,
        0.1782056656108494,
        0.2060832711234249,
        0.14338188363607704,
        0.026879830215657072,
        0.026362185211336542,
        0.012428665805563172,
        0.10628757658787859,
        0.05318944527577787,
        0.005867516819690399,
        0.013452306030930047,
        0.009157660088814272,
        0.16501448080095707,
        0.1681240481918392,
        0.13900457592115575,
        0.14482482571331087,
        0.09435360149424744,
        0.08138091867773505,
        0.00096740564484136,
        0.0250401352107563,
        0.04634884334683385,
        0.09955610433158357,
        0.09839309827703803,
        0.07411094486081603,
        0.08139444137164306,
        0.02450315708546233,
        0.015510352753602213,
        0.02271272421507406
    ],
    "collision": true,
    "joint_limit_violation": true,
    "self_collision": true,
    "physical_violations": true,
    "config_smoothness": -3.741663007060443,
    "eff_smoothness": -4.9142669666095955,
    "eff_position_path_length": 648.7745294408385,
    "eff_orientation_path_length": 6094.1359985910685,
    "physical_success": false,
    "time": 0.3580455780029297,
    "num_steps": 51,
    "trajectory_w": [
        [
            -10.715400695800781,
            -1.916989803314209,
            -2.439924955368042,
            0.0,
            0.0,
            0.0,
            0.0,
            0.0,
            0.0,
            0.0
        ],
        [
            -14.135299682617188,
            -0.10647724568843842,
            -0.2860441207885742,
            0.6525485515594482,
            5.950682640075684,
            -1.8392369747161865,
            -0.9961594343185425,
            0.7730307579040527,
            0.39882826805114746,
            -1.2584645748138428
        ],
        [
            -1.9353142976760864,
            -13.174552917480469,
            -3.88771915435791,
            -5.428597450256348,
            0.9577205181121826,
            -0.36875247955322266,
            -1.171951174736023,
            0.58561110496521,
            -3.1264238357543945,
            -1.0908401012420654
        ],
        [
            -5.721661567687988,
            -7.83217191696167,
            -5.900226593017578,
            -13.215059280395508,
            5.100611686706543,
            -1.731308937072754,
            0.8243095874786377,
            3.8255345821380615,
            2.6170084476470947,
            0.41089868545532227
        ],
        [
            -0.2534395456314087,
            -0.6753416061401367,
            -1.5515961647033691,
            -1.325341820716858,
            3.795245409011841,
            -1.4822537899017334,
            -4.723104476928711,
            7.017060279846191,
            0.7580070495605469,
            5.319606781005859
        ],
        [
            -19.376737594604492,
            19.258699417114258,
            2.792344331741333,
            -0.047538042068481445,
            0.4977118968963623,
            6.584939002990723,
            -2.039849042892456,
            6.618432998657227,
            -4.956933975219727,
            1.2889978885650635
        ],
        [
            -6.653278350830078,
            2.8172924518585205,
            0.5416927337646484,
            -7.951836585998535,
            1.9180710315704346,
            12.702879905700684,
            -6.716665267944336,
            0.8515188694000244,
            1.2202112674713135,
            6.98785400390625
        ],
        [
            -15.357817649841309,
            0.9796178340911865,
            -0.9516072273254395,
            -3.6521215438842773,
            -0.570885181427002,
            -2.9230620861053467,
            -0.8659863471984863,
            1.3498790264129639,
            -1.5401356220245361,
            2.6636035442352295
        ],
        [
            -9.83170223236084,
            9.748547554016113,
            -1.1968445777893066,
            3.5315864086151123,
            0.24610543251037598,
            -3.8828296661376953,
            -6.881076812744141,
            0.16840505599975586,
            3.8662197589874268,
            3.458346128463745
        ],
        [
            -19.74738883972168,
            -1.7782247066497803,
            -0.9563775062561035,
            -5.156017780303955,
            3.8594930171966553,
            -5.010249614715576,
            4.144054412841797,
            1.9730455875396729,
            1.8471965789794922,
            4.184532165527344
        ],
        [
            -13.131794929504395,
            -0.32688507437705994,
            -4.8738579750061035,
            2.901506185531616,
            -2.335686206817627,
            5.414645195007324,
            0.196380615234375,
            1.767458200454712,
            1.6287353038787842,
            -5.566713333129883
        ],
        [
            -16.638349533081055,
            -4.401439666748047,
            7.387200355529785,
            -4.213702201843262,
            3.3618361949920654,
            2.890972852706909,
            -3.1939775943756104,
            8.943086624145508,
            4.699972152709961,
            2.4306719303131104
        ],
        [
            -15.5841646194458,
            -8.368494033813477,
            0.6715965270996094,
            1.772536039352417,
            -1.085351824760437,
            0.73415207862854,
            -8.432378768920898,
            1.3571183681488037,
            3.8673818111419678,
            4.0464887619018555
        ],
        [
            -15.440735816955566,
            2.759078025817871,
            3.8172857761383057,
            -2.370903491973877,
            1.3189291954040527,
            4.172636032104492,
            -0.20424985885620117,
            1.9312832355499268,
            6.085709571838379,
            4.784304618835449
        ],
        [
            -20.959552764892578,
            0.09774404019117355,
            -2.8583695888519287,
            -1.038017749786377,
            3.03254771232605,
            2.7369611263275146,
            0.215576171875,
            2.1450154781341553,
            -4.710178375244141,
            -2.194789171218872
        ],
        [
            1.3504078388214111,
            0.9210805892944336,
            -4.1294755935668945,
            -3.3244004249572754,
            -0.8068766593933105,
            7.637571334838867,
            1.9336369037628174,
            4.278759002685547,
            -1.9097933769226074,
            5.327605247497559
        ],
        [
            -18.975061416625977,
            12.63306713104248,
            -5.090104103088379,
            -8.936680793762207,
            2.9602630138397217,
            5.833584785461426,
            0.7040979862213135,
            11.665801048278809,
            -1.6035442352294922,
            3.6043179035186768
        ],
        [
            0.740796685218811,
            0.2917555272579193,
            -0.4432096481323242,
            1.7301461696624756,
            2.449622392654419,
            -2.3470818996429443,
            -6.9937334060668945,
            0.41118550300598145,
            1.6149513721466064,
            2.8235023021698
        ],
        [
            -16.046504974365234,
            5.857609272003174,
            3.7763235569000244,
            3.796992063522339,
            2.3932297229766846,
            -1.3793706893920898,
            -8.009986877441406,
            2.313133955001831,
            -1.9412065744400024,
            -0.45296406745910645
        ],
        [
            -21.38650131225586,
            -11.87903118133545,
            -1.0969352722167969,
            3.921088457107544,
