{
    "collision_depths": [
        0.12145923082668877,
        0.1871165965443597,
        0.13645600023052354,
        0.2133053672628716,
        0.11841955826779299,
        0.24885593967240152,
        0.26044402648646237,
        0.2061892347165407,
        0.04568726525634671,
        0.09131019573544086,
        0.10130930075382305,
        0.02999139747894641,
        0.051052707509014424,
        0.06052045434660913,
        0.04415896934826746,
        0.05138151659687696,
        0.10401884492967409,
        0.10229191243159294,
        0.07929352560152071,
        0.029310114145150314,
        0.005037024845718581,
        0.00033926637105819867,
        0.007752835671637145,
        0.031155117599870226,
        0.026978826031427837,
        0.03194064612161146,
        0.006324664973191116,
        0.02531171949876838,
        0.2305489785230587,
        0.22731348748757582,
        0.06071413027285815,
        0.21536496878319888,
        0.22434253448449473,
        0.38523396278740324,
        0.38013375386724624
    ],
    "collision": true,
    "joint_limit_violation": true,
    "self_collision": true,
    "physical_violations": true,
    "config_smoothness": -3.8137605572704354,
    "eff_smoothness": -4.532354620200897,
    "eff_position_path_length": 784.4444346633851,
    "eff_orientation_path_length": 6674.874137485433,
    "physical_success": false,
    "time": 0.29939866065979004,
    "num_steps": 51,
    "trajectory_w": [
        [
            -7.361571311950684,
            -7.427155494689941,
            -0.6923149824142456,
            0.0,
            0.0,
            0.0,
            0.0,
            0.0,
            0.0,
            0.0
        ],
        [
            -18.22426414489746,
            -7.192560195922852,
            1.5838507413864136,
            -3.8300719261169434,
            0.5258746147155762,
            -1.3661690950393677,
            7.343230247497559,
            2.413417100906372,
            0.7602980136871338,
            -5.463163375854492
        ],
        [
            -0.15825755894184113,
            0.37175557017326355,
            4.545553207397461,
            -0.19683265686035156,
            -0.5103689432144165,
            2.236548662185669,
            2.8410532474517822,
            4.734035491943359,
            -2.971029281616211,
            5.483742713928223
        ],
        [
            -4.081378936767578,
            6.329504489898682,
            4.155047416687012,
            -4.505275726318359,
            -0.7824176549911499,
            -6.66481876373291,
            -2.0031332969665527,
            1.1585495471954346,
            4.684587478637695,
            -0.9064035415649414
        ],
        [
            -8.715643882751465,
            -7.315737247467041,
            -0.7894505262374878,
            6.393898010253906,
            -1.8724671602249146,
            8.851302146911621,
            1.9453809261322021,
            2.2634289264678955,
            -0.8286576271057129,
            2.224961519241333
        ],
        [
            -4.753658294677734,
            9.644594192504883,
            3.670848846435547,
            -2.5736799240112305,
            -3.325106143951416,
            -0.9394321441650391,
            -1.1038860082626343,
            7.927407264709473,
            -3.6506223678588867,
            -3.3272078037261963
        ],
        [
            -6.021097660064697,
            -15.21894359588623,
            2.418452739715576,
            -2.449611186981201,
            2.4031012058258057,
            3.2100632190704346,
            -0.22890877723693848,
            6.329531669616699,
            -1.1224544048309326,
            3.8919460773468018
        ],
        [
            11.625014305114746,
            -20.405763626098633,
            -1.9471478462219238,
            0.3313746452331543,
            1.5550241470336914,
            3.8788068294525146,
            -4.37116813659668,
            2.37851881980896,
            0.7350306510925293,
            5.026872634887695
        ],
        [
            -24.13466453552246,
            -26.178876876831055,
            -0.33354055881500244,
            -4.900906562805176,
            1.47725248336792,
            3.488840341567993,
            -1.1550182104110718,
            2.534602403640747,
            -3.174795150756836,
            4.265166282653809
        ],
        [
            1.498643159866333,
            -10.128045082092285,
            2.9630470275878906,
            6.01014518737793,
            -3.53476619720459,
            0.5847249031066895,
            -6.346038818359375,
            -0.6899383068084717,
            -4.094269752502441,
            11.030071258544922
        ],
        [
            -10.499664306640625,
            10.218565940856934,
            -1.3413933515548706,
            -4.844504356384277,
            2.969322919845581,
            11.335192680358887,
            0.8375744819641113,
            6.130342483520508,
            -5.288666725158691,
            6.814299583435059
        ],
        [
            -4.840676784515381,
            -0.7101461887359619,
            -0.26073896884918213,
            -2.965144634246826,
            2.861131429672241,
            10.488668441772461,
            2.7129366397857666,
            2.368776559829712,
            -0.44226503372192383,
            0.2120361328125
        ],
        [
            1.707797884941101,
            -0.40148264169692993,
            -1.624480128288269,
            -1.0384693145751953,
            -1.5479248762130737,
            -2.4876558780670166,
            -0.25162577629089355,
            1.9863436222076416,
            -4.581534385681152,
            3.177001714706421
        ],
        [
            -17.382104873657227,
            3.180314064025879,
            7.188222885131836,
            -9.631521224975586,
            3.04323410987854,
            0.9822537899017334,
            0.275313138961792,
            -0.9412798881530762,
            1.4533376693725586,
            -2.8594563007354736
        ],
        [
            -8.172142028808594,
            -4.654560565948486,
            2.440830707550049,
            -0.27417993545532227,
            1.8028175830841064,
            2.6654765605926514,
            -6.563997745513916,
            -2.3424148559570312,
            -5.290246963500977,
            -1.2321611642837524
        ],
        [
            -8.581277847290039,
            -10.70603084564209,
            -7.190366744995117,
            2.2168009281158447,
            -5.747076034545898,
            2.4484198093414307,
            0.02754974365234375,
            8.463403701782227,
            -5.564804553985596,
            12.484687805175781
        ],
        [
            -8.599464416503906,
            2.264326810836792,
            1.3055061101913452,
            7.324770927429199,
            -7.218128204345703,
            3.4525272846221924,
            -1.6825270652770996,
            1.3196117877960205,
            -0.6003293991088867,
            -7.4958391189575195
        ],
        [
            -4.958255767822266,
            -8.011480331420898,
            -2.353902816772461,
            -0.44535017013549805,
            -0.40914273262023926,
            3.7032229900360107,
            -4.786782264709473,
            -0.12206673622131348,
            0.06803369522094727,
            -0.7324440479278564
        ],
        [
            -25.223617553710938,
            -13.907182693481445,
            3.4106740951538086,
            -8.187385559082031,
            5.890249252319336,
            -1.2205952405929565,
            -3.9865496158599854,
            5.144839286804199,
            -1.9729399681091309,
            0.6927952766418457
        ],
        [
            -18.63280487060547,
            -5.437366962432861,
            -5.6081929206848145,
            -2.911520004272461,
