{
    "collision_depths": [
        0.20687132087009114,
        0.21446585384323308,
        0.17017734275208646,
        0.11983820671749566,
        0.08118930418332798,
        0.14594314867131128,
        0.1397233308789024,
        0.1409610944692648,
        0.1951123510338595,
        0.12218066034040571,
        0.08346959148357994,
        0.13876760028907278,
        0.1447737012264023,
        0.10745772112730569,
        0.04069507120809967,
        0.12295918950922818,
        0.12177291944466104,
        0.12343541705803171,
        0.05049441427940096,
        0.12649115943117842,
        0.013147462529841336,
        0.051022294631501264,
        0.002216164538810334,
        0.04951033331997691,
        0.007731977939782562,
        0.0965970841141312,
        0.04382359939290661,
        0.053035434606503395,
        0.033335365449112385,
        0.011267956666069629,
        0.07385337410650807,
        0.04273601455275397,
        0.012318317459802828,
        0.016962780865898086,
        0.015837512579051062,
        0.031951812420432,
        0.005727058714579359,
        0.02901780258347813,
        0.056080402401414924,
        0.010256997320203742,
        0.013341399362668312,
        0.007590019929487751,
        0.05749034287487159,
        0.0033403474396980627,
        0.02022663190805655,
        0.00601550070165607,
        0.04721399411119797,
        0.027862415844737577,
        0.1116337789158768,
        0.04919966378824889,
        0.09769216664924024,
        0.11591100477719073,
        0.002692185306108366,
        0.03658641860306755,
        0.01907409321833371,
        0.06162068542993002,
        0.00800461644810408,
        0.029578780601593205,
        0.09667335353774457,
        0.12957823081377992,
        0.13170153228221682,
        0.14118600192243874,
        0.007491586960624677,
        0.0012687854550384322,
        0.05374835172341175,
        0.00254748869270382,
        0.0037302126519805985,
        0.03569647211001175,
        0.0022348682420579675,
        0.0328794465037253,
        0.009967110844616066,
        0.017826296037812446
    ],
    "collision": true,
    "joint_limit_violation": true,
    "self_collision": true,
    "physical_violations": true,
    "config_smoothness": -3.8175050525207204,
    "eff_smoothness": -4.68407862093608,
    "eff_position_path_length": 664.0186153741927,
    "eff_orientation_path_length": 6440.719659386621,
    "physical_success": false,
    "time": 0.29874491691589355,
    "num_steps": 51,
    "trajectory_w": [
        [
            -6.513479709625244,
            -7.161707878112793,
            2.435100555419922,
            0.0,
            0.0,
            0.0,
            0.0,
            0.0,
            0.0,
            0.0
        ],
        [
            -5.544374465942383,
            -3.538698673248291,
            5.141017913818359,
            -2.3804502487182617,
            -1.5654138326644897,
            -0.7381823062896729,
            3.216566801071167,
            -5.20955753326416,
            -1.2227606773376465,
            5.245183944702148
        ],
        [
            -9.915111541748047,
            -5.11589241027832,
            -3.8752593994140625,
            1.5574476718902588,
            -1.6752817630767822,
            2.6568615436553955,
            0.5520107746124268,
            2.1964309215545654,
            -1.14680814743042,
            3.3359100818634033
        ],
        [
            -7.619297504425049,
            -0.7778223752975464,
            -2.286285400390625,
            -6.728296756744385,
            -0.388751745223999,
            -0.8205504417419434,
            1.9527051448822021,
            1.4330871105194092,
            -1.825768232345581,
            0.1865689754486084
        ],
        [
            6.026289463043213,
            -2.24529767036438,
            3.732347249984741,
            -1.955841064453125,
            -0.042371273040771484,
            -5.966437339782715,
            5.197271347045898,
            -0.14896035194396973,
            2.255999803543091,
            1.4919764995574951
        ],
        [
            10.966097831726074,
            1.4298229217529297,
            3.49263072013855,
            -13.830012321472168,
            -4.900672912597656,
            -2.4526724815368652,
            -2.02772855758667,
            7.1696929931640625,
            -4.7271952629089355,
            4.6792707443237305
        ],
        [
            7.306454181671143,
            10.972635269165039,
            2.857537031173706,
            -1.191872000694275,
            -2.0547714233398438,
            -1.9312678575515747,
            -3.010700225830078,
            0.20009827613830566,
            -5.73247766494751,
            2.2493350505828857
        ],
        [
            -0.4255760610103607,
            -10.15664005279541,
            2.368478298187256,
            3.889943838119507,
            0.9183368682861328,
            8.19954776763916,
            -2.1882803440093994,
            6.082906723022461,
            4.443973541259766,
            2.262120485305786
        ],
        [
            -11.854682922363281,
            -4.78183650970459,
            4.191949844360352,
            -9.604347229003906,
            3.81831955909729,
            -1.908324956893921,
            9.716835021972656,
            -1.2315188646316528,
            -4.7495574951171875,
            -6.2034807205200195
        ],
        [
            -6.58992862701416,
            -5.485994338989258,
            3.9453818798065186,
            -1.7850278615951538,
            2.598189115524292,
            1.1185362339019775,
            -7.528108596801758,
            1.742626428604126,
            -0.6512769460678101,
            -0.3708326816558838
        ],
        [
            -11.626097679138184,
            -6.684638500213623,
            3.21100115776062,
            -1.0793404579162598,
            8.653637886047363,
            -3.785426616668701,
            -0.6211502552032471,
            -7.788324356079102,
            -0.5685446262359619,
            3.3861958980560303
        ],
        [
            -3.454052209854126,
            -8.65377140045166,
            4.758876800537109,
            -1.2977200746536255,
            4.286816596984863,
            1.5071332454681396,
            -10.200069427490234,
            18.231000900268555,
            -0.6905262470245361,
            -2.110133647918701
        ],
        [
            -6.084718704223633,
            -2.153329849243164,
            7.412847518920898,
            0.3952634334564209,
            5.566531181335449,
            3.5390636920928955,
            0.47528719902038574,
            -3.1106855869293213,
            -1.2503201961517334,
            -3.785283088684082
        ],
        [
            -11.267608642578125,
            -5.054482460021973,
            1.8642516136169434,
            0.3854055404663086,
            2.939878225326538,
            1.2047626972198486,
            0.5968437194824219,
            -4.8385796546936035,
            -0.3265577554702759,
            7.863041877746582
        ],
        [
            0.19933345913887024,
            -10.99112606048584,
            8.388236999511719,
            -1.1963833570480347,
            0.6027264595031738,
            3.6287858486175537,
            -5.185103893280029,
            3.706120252609253,
            -0.4796332120895386,
            0.84926438331604
        ],
        [
            9.745651245117188,
            -3.825003147125244,
            13.466959953308105,
            0.4988119602203369,
            -2.378347396850586,
            -4.866619110107422,
            -4.580164909362793,
            3.534708261489868,
            5.1902971267700195,
            -0.24689435958862305
        ],
        [
            -6.227473735809326,
            -15.489062309265137,
            0.667291522026062,
